patient_index,candidate,score,rank
0,disease|MONDO|4979,1.54967615,1
0,disease|MONDO|5109,1.50980277,2
0,disease|MONDO|5002,1.49456719,3
0,disease|MONDO|9688,1.48706758,4
0,effect/phenotype|HPO|1681,1.38092748,5
0,disease|MONDO|7915,1.27490136,6
0,disease|MONDO|100053,1.26162130,7
0,disease|MONDO|4781,1.18294095,8
0,disease|MONDO|5383,1.14444768,9
0,disease|MONDO|2280,1.12799618,10
0,disease|MONDO|6932,1.11367305,11
0,disease|MONDO|5315,1.09959743,12
0,disease|MONDO|7186,0.88181236,13
0,disease|MONDO|3781,0.37127777,14
0,disease|MONDO|5249,0.25001601,15
0,disease|MONDO|5812,0.17259605,16
0,disease|MONDO|5737,0.12578793,17
0,disease|MONDO|19338,0.00246590,18
0,disease|MONDO|1444,-0.02123417,19
0,disease|MONDO|18076,-0.11362920,20
1,disease|MONDO|5249,1.01450662,1
1,disease|MONDO|5002,0.93851382,2
1,disease|MONDO|6932,0.93409240,3
1,disease|MONDO|4979,0.88047654,4
1,disease|MONDO|4822,0.84444702,5
1,disease|MONDO|4781,0.84363101,6
1,disease|MONDO|100053,0.82422649,7
1,disease|MONDO|3781,0.79271629,8
1,effect/phenotype|HPO|1681,0.72990094,9
1,disease|MONDO|2280,0.69946593,10
1,disease|MONDO|7915,0.69435775,11
1,disease|MONDO|29000,0.67375481,12
1,disease|MONDO|5722,0.63440612,13
1,disease|MONDO|5279,0.61623195,14
1,disease|MONDO|4981,0.56562627,15
1,disease|MONDO|5961,0.55309791,16
1,disease|MONDO|9688,0.28535838,17
1,disease|MONDO|4867,0.21701118,18
1,disease|MONDO|7186,0.16638677,19
1,disease|MONDO|18076,0.01097777,20
1,disease|MONDO|5737,-0.13965023,21
1,disease|MONDO|1444,-0.16545004,22
1,disease|MONDO|19338,-0.17729998,23
2,disease|MONDO|2280,2.10630924,1
2,effect/phenotype|HPO|1681,2.07815167,2
2,disease|MONDO|4781,2.07276583,3
2,disease|MONDO|7915,1.50840890,4
2,disease|MONDO|4981,1.20320120,5
2,disease|MONDO|7186,1.16092622,6
2,disease|MONDO|5002,1.15493181,7
2,disease|MONDO|19338,1.14684448,8
2,disease|MONDO|43537,1.10672310,9
2,disease|MONDO|4979,1.10368270,10
2,disease|MONDO|9688,1.05356055,11
2,disease|MONDO|5383,0.96879244,12
2,disease|MONDO|4496,0.68098125,13
2,disease|MONDO|5109,0.63310379,14
2,disease|MONDO|18076,0.59519935,15
2,disease|MONDO|4822,0.57467060,16
2,disease|MONDO|100053,0.57259555,17
2,disease|MONDO|5904,0.54644701,18
2,disease|MONDO|5315,0.53524035,19
2,disease|MONDO|6932,0.41641455,20
2,disease|MONDO|3781,0.37783957,21
3,effect/phenotype|HPO|1681,1.04002750,1
3,disease|MONDO|4781,1.03801589,2
3,disease|MONDO|2280,0.93998007,3
3,disease|MONDO|5002,0.91205740,4
3,disease|MONDO|5904,0.78173805,5
3,disease|MONDO|43537,0.41191317,6
3,disease|MONDO|4979,0.33858448,7
3,disease|MONDO|5249,0.30778595,8
3,disease|MONDO|100053,0.26219275,9
3,disease|MONDO|3781,0.21120066,10
3,disease|MONDO|7915,0.18158792,11
3,disease|MONDO|29000,0.14803862,12
3,disease|MONDO|18076,0.08230297,13
3,disease|MONDO|1444,-0.00093503,14
3,disease|MONDO|19338,-0.03934107,15
3,disease|MONDO|5737,-0.04021083,16
3,disease|MONDO|9688,-0.19128218,17
4,disease|MONDO|7915,2.34466940,1
4,disease|MONDO|2280,2.32848457,2
4,disease|MONDO|4979,2.29067042,3
4,disease|MONDO|5002,2.18648249,4
4,disease|MONDO|5279,2.18032694,5
4,disease|MONDO|5383,2.15928155,6
4,effect/phenotype|HPO|1681,2.14164552,7
4,disease|MONDO|4781,2.12330448,8
4,disease|MONDO|9688,1.69035169,9
4,disease|MONDO|5315,0.58788393,10
4,disease|MONDO|1444,0.26817420,11
4,disease|MONDO|19338,0.26084435,12
4,disease|MONDO|18076,0.18300927,13
4,disease|MONDO|5737,-0.10178430,14
5,disease|MONDO|2280,1.07171612,1
5,effect/phenotype|HPO|1681,1.02103897,2
5,disease|MONDO|7915,0.54368108,3
5,disease|MONDO|5279,0.51042639,4
5,disease|MONDO|4979,0.47525190,5
5,disease|MONDO|1444,0.46757405,6
5,disease|MONDO|3781,0.41757135,7
5,disease|MONDO|19338,0.38065697,8
5,disease|MONDO|4781,0.35219446,9
5,disease|MONDO|4981,0.32474576,10
5,disease|MONDO|5002,0.28680001,11
5,disease|MONDO|29000,0.26246548,12
5,disease|MONDO|100053,0.24872289,13
5,disease|MONDO|19562,0.22109063,14
5,disease|MONDO|5737,0.18579818,15
5,disease|MONDO|9688,0.16685443,16
5,disease|MONDO|5904,0.13576157,17
5,disease|MONDO|18076,-0.02053858,18
6,disease|MONDO|2280,0.85722998,1
6,disease|MONDO|7915,0.80914379,2
6,disease|MONDO|6932,0.79569166,3
6,disease|MONDO|4981,0.73816905,4
6,disease|MONDO|4979,0.70722219,5
6,disease|MONDO|5109,0.70589656,6
6,disease|MONDO|4781,0.69177753,7
6,disease|MONDO|9688,0.60075702,8
6,disease|MONDO|5383,0.55637141,9
6,effect/phenotype|HPO|1681,0.55461102,10
6,disease|MONDO|5249,0.52353269,11
6,disease|MONDO|5002,0.48202032,12
6,disease|MONDO|2465,0.42424084,13
6,disease|MONDO|100053,0.42280161,14
6,disease|MONDO|19562,0.32833577,15
6,disease|MONDO|3781,0.24695753,16
6,disease|MONDO|19338,0.19615427,17
6,disease|MONDO|5279,0.17704660,18
6,disease|MONDO|7186,0.16741174,19
6,disease|MONDO|4822,0.08035587,20
6,disease|MONDO|29000,0.06145541,21
6,disease|MONDO|5315,0.00042729,22
6,disease|MONDO|1444,-0.06392080,23
7,disease|MONDO|5249,1.84159255,1
7,disease|MONDO|4781,1.83600204,2
7,effect/phenotype|HPO|1681,1.83412646,3
7,disease|MONDO|9688,1.81794764,4
7,disease|MONDO|19338,1.81755705,5
7,disease|MONDO|4979,1.78963473,6
7,disease|MONDO|5002,1.66824711,7
7,disease|MONDO|2280,1.64150282,8
7,disease|MONDO|7186,1.62896187,9
7,disease|MONDO|4981,1.47185992,10
7,disease|MONDO|5737,1.02570705,11
7,disease|MONDO|7915,0.99310020,12
7,disease|MONDO|19562,0.97655287,13
7,disease|MONDO|5279,0.94269398,14
7,disease|MONDO|5109,0.88837694,15
7,disease|MONDO|100053,0.79169130,16
7,disease|MONDO|5904,0.74545581,17
7,disease|MONDO|8259,0.63658661,18
7,disease|MONDO|6932,0.62560911,19
7,disease|MONDO|5812,0.50319788,20
7,disease|MONDO|1444,0.03919290,21
8,disease|MONDO|5249,0.96767937,1
8,disease|MONDO|6932,0.96747185,2
8,disease|MONDO|7915,0.92660992,3
8,disease|MONDO|5002,0.91527592,4
8,disease|MONDO|4981,0.88289946,5
8,disease|MONDO|4979,0.85765190,6
8,disease|MONDO|100053,0.83289308,7
8,disease|MONDO|3781,0.81535475,8
8,disease|MONDO|4822,0.76356196,9
8,disease|MONDO|29000,0.73578806,10
8,disease|MONDO|4781,0.73195596,11
8,disease|MONDO|2280,0.71997050,12
8,disease|MONDO|5722,0.66248186,13
8,effect/phenotype|HPO|1681,0.65028096,14
8,disease|MONDO|5961,0.57535362,15
8,disease|MONDO|9688,0.33255763,16
8,disease|MONDO|5737,0.21232857,17
8,disease|MONDO|7186,0.15069925,18
8,disease|MONDO|5279,0.03033607,19
8,disease|MONDO|18076,-0.00652797,20
8,disease|MONDO|1444,-0.14296827,21
8,disease|MONDO|19338,-0.20859236,22
9,disease|MONDO|4979,1.51660497,1
9,disease|MONDO|4781,1.45860265,2
9,disease|MONDO|5109,1.45581058,3
9,disease|MONDO|5002,1.45334022,4
9,disease|MONDO|9688,1.44664368,5
9,disease|MONDO|5315,1.39523468,6
9,disease|MONDO|2280,1.37169120,7
9,effect/phenotype|HPO|1681,1.34784290,8
9,disease|MONDO|7915,1.21317492,9
9,disease|MONDO|7186,1.18769473,10
9,disease|MONDO|100053,1.18635239,11
9,disease|MONDO|5383,1.04921789,12
9,disease|MONDO|6932,1.02221464,13
9,disease|MONDO|3781,0.34655503,14
9,disease|MONDO|5961,0.28166733,15
9,disease|MONDO|5249,0.21144743,16
9,disease|MONDO|5812,0.14495218,17
9,disease|MONDO|5737,0.12197860,18
9,disease|MONDO|19338,-0.02677392,19
9,disease|MONDO|1444,-0.03687022,20
9,disease|MONDO|18076,-0.14011072,21
10,disease|MONDO|6932,1.06821444,1
10,disease|MONDO|29000,1.02201786,2
10,disease|MONDO|100053,0.97739966,3
10,disease|MONDO|4979,0.94502479,4
10,disease|MONDO|2280,0.94492432,5
10,disease|MONDO|3781,0.89666122,6
10,effect/phenotype|HPO|1681,0.89160530,7
10,disease|MONDO|4981,0.87938736,8
10,disease|MONDO|5002,0.87292079,9
10,disease|MONDO|5279,0.86075275,10
10,disease|MONDO|5249,0.83658241,11
10,disease|MONDO|4781,0.83539099,12
10,disease|MONDO|7915,0.83104564,13
10,disease|MONDO|7186,0.81471707,14
10,disease|MONDO|5722,0.79263937,15
10,disease|MONDO|5961,0.74335656,16
10,disease|MONDO|4822,0.72620250,17
10,disease|MONDO|4496,0.70697557,18
10,disease|MONDO|5383,0.65808126,19
10,disease|MONDO|4777,0.61716959,20
10,disease|MONDO|18076,0.59668583,21
10,disease|MONDO|9688,0.59641549,22
10,disease|MONDO|19338,0.57551179,23
10,disease|MONDO|5904,0.56620378,24
10,disease|MONDO|5070,0.23925255,25
10,disease|MONDO|1444,-0.21168350,26
10,disease|MONDO|5737,-0.36278042,27
11,disease|MONDO|5249,1.03610587,1
11,disease|MONDO|6932,0.99359429,2
11,disease|MONDO|7915,0.96180604,3
11,disease|MONDO|5002,0.94744020,4
11,disease|MONDO|4981,0.91591632,5
11,disease|MONDO|4979,0.91120939,6
11,disease|MONDO|100053,0.87082021,7
11,disease|MONDO|3781,0.83554131,8
11,disease|MONDO|2280,0.76737063,9
11,disease|MONDO|4822,0.76317953,10
11,disease|MONDO|4781,0.75115456,11
11,disease|MONDO|5722,0.68132985,12
11,effect/phenotype|HPO|1681,0.68101725,13
11,disease|MONDO|5961,0.60487228,14
11,disease|MONDO|9688,0.36383942,15
11,disease|MONDO|4867,0.21652696,16
11,disease|MONDO|7186,0.17994855,17
11,disease|MONDO|5279,0.04370067,18
11,disease|MONDO|18076,-0.00254148,19
11,disease|MONDO|5737,-0.14772633,20
11,disease|MONDO|1444,-0.15521416,21
11,disease|MONDO|19338,-0.18895811,22
12,disease|MONDO|7915,2.33508438,1
12,disease|MONDO|2280,2.32061538,2
12,disease|MONDO|4979,2.27845159,3
12,disease|MONDO|5002,2.17587146,4
12,disease|MONDO|5279,2.17330457,5
12,disease|MONDO|5383,2.14829910,6
12,effect/phenotype|HPO|1681,2.13366818,7
12,disease|MONDO|4781,2.11292115,8
12,disease|MONDO|9688,1.68511087,9
12,disease|MONDO|5904,0.50585960,10
12,disease|MONDO|19562,0.27808000,11
12,disease|MONDO|1444,0.26630720,12
12,disease|MONDO|19338,0.25854048,13
12,disease|MONDO|18076,0.17755824,14
12,disease|MONDO|5737,-0.10094479,15
13,disease|MONDO|2280,3.16398406,1
13,disease|MONDO|4981,2.79662359,2
13,disease|MONDO|4781,2.74184099,3
13,disease|MONDO|4979,2.69375491,4
13,effect/phenotype|HPO|1681,2.68243396,5
13,disease|MONDO|5249,2.24149388,6
13,disease|MONDO|19338,2.20063332,7
13,disease|MONDO|5002,2.19736111,8
13,disease|MONDO|21040,2.15105397,9
13,disease|MONDO|7186,2.11761668,10
13,disease|MONDO|7915,2.10915110,11
13,disease|MONDO|5383,2.08225235,12
13,disease|MONDO|4496,2.03745362,13
13,disease|MONDO|19562,1.96244153,14
13,disease|MONDO|4822,1.87895629,15
13,disease|MONDO|5279,1.48618567,16
13,disease|MONDO|9688,0.87489980,17
13,disease|MONDO|5904,0.81993201,18
13,disease|MONDO|18076,0.80567262,19
13,disease|MONDO|1444,0.26924849,20
13,disease|MONDO|5737,-0.06201625,21
15,disease|MONDO|7915,2.31794488,1
15,disease|MONDO|2280,2.30095154,2
15,disease|MONDO|4979,2.25870317,3
15,disease|MONDO|19338,2.19054684,4
15,disease|MONDO|5002,2.15500207,5
15,disease|MONDO|5279,2.14490132,6
15,disease|MONDO|5383,2.12713823,7
15,disease|MONDO|4781,2.08940466,8
15,effect/phenotype|HPO|1681,2.07900353,9
15,disease|MONDO|7186,2.04298288,10
15,disease|MONDO|9688,1.66804764,11
15,disease|MONDO|5249,0.67341554,12
15,disease|MONDO|29000,0.65048590,13
15,disease|MONDO|5109,0.52052572,14
15,disease|MONDO|5904,0.49780177,15
15,disease|MONDO|5737,0.28749136,16
15,disease|MONDO|19562,0.26908754,17
15,disease|MONDO|1444,0.26055974,18
15,disease|MONDO|18076,0.17778295,19
16,disease|MONDO|7915,1.15174080,1
16,disease|MONDO|5279,1.11564667,2
16,disease|MONDO|2280,1.08480303,3
16,disease|MONDO|4979,1.08180870,4
16,effect/phenotype|HPO|1681,1.02954211,5
16,disease|MONDO|4781,0.96181938,6
16,disease|MONDO|1444,0.48257044,7
16,disease|MONDO|3781,0.41210873,8
16,disease|MONDO|19338,0.38844971,9
16,disease|MONDO|4981,0.32551439,10
16,disease|MONDO|5002,0.28864641,11
16,disease|MONDO|29000,0.25836788,12
16,disease|MONDO|100053,0.24794040,13
16,disease|MONDO|19562,0.22768675,14
16,disease|MONDO|5737,0.19334179,15
16,disease|MONDO|5383,0.16665069,16
16,disease|MONDO|9688,0.16621381,17
16,disease|MONDO|5904,0.14454786,18
16,disease|MONDO|18076,-0.01302682,19
17,disease|MONDO|19338,1.44870257,1
17,effect/phenotype|HPO|1681,1.33595905,2
17,disease|MONDO|2280,1.08183961,3
17,disease|MONDO|7915,1.06681000,4
17,disease|MONDO|4781,0.86872829,5
17,disease|MONDO|9688,0.45068054,6
17,disease|MONDO|4981,0.37121511,7
17,disease|MONDO|4979,0.35443120,8
17,disease|MONDO|7186,0.32306306,9
17,disease|MONDO|6932,0.23973640,10
17,disease|MONDO|5002,0.19350340,11
17,disease|MONDO|5737,0.06149973,12
17,disease|MONDO|1444,0.03666489,13
17,disease|MONDO|18076,0.03560966,14
17,disease|MONDO|19562,0.00394706,15
18,disease|MONDO|4979,1.46898355,1
18,disease|MONDO|7915,1.42388809,2
18,disease|MONDO|4781,1.36719427,3
18,disease|MONDO|5737,1.33286662,4
18,effect/phenotype|HPO|1681,1.31328505,5
18,disease|MONDO|2280,1.30929251,6
18,disease|MONDO|5279,1.26478484,7
18,disease|MONDO|100053,1.18022096,8
18,disease|MONDO|4981,1.14056617,9
18,disease|MONDO|9688,1.01826441,10
18,disease|MONDO|19338,0.83660913,11
18,disease|MONDO|5002,0.63556740,12
18,disease|MONDO|19562,0.57580709,13
18,disease|MONDO|5812,0.31568888,14
18,disease|MONDO|1444,0.11452498,15
18,disease|MONDO|18076,-0.00532488,16
19,disease|MONDO|5383,1.95350665,1
19,disease|MONDO|4781,1.92787300,2
19,disease|MONDO|2280,1.90708350,3
19,disease|MONDO|19338,1.87217850,4
19,effect/phenotype|HPO|1681,1.81096802,5
19,disease|MONDO|19562,1.52512524,6
19,disease|MONDO|7915,1.45562980,7
19,disease|MONDO|4981,1.45282796,8
19,disease|MONDO|6932,1.41071346,9
19,disease|MONDO|9688,0.61002544,10
19,disease|MONDO|5961,0.44039628,11
19,disease|MONDO|29000,0.43955258,12
19,disease|MONDO|5109,0.41537693,13
19,disease|MONDO|3781,0.40316287,14
19,disease|MONDO|5249,0.35174514,15
19,disease|MONDO|5812,0.14160766,16
19,disease|MONDO|5737,0.05401932,17
19,disease|MONDO|1444,-0.02927430,18
20,disease|MONDO|4781,2.26257914,1
20,disease|MONDO|2280,2.14544672,2
20,disease|MONDO|7915,2.09414008,3
20,effect/phenotype|HPO|1681,2.05422065,4
20,disease|MONDO|4496,2.00896716,5
20,disease|MONDO|4979,1.97532986,6
20,disease|MONDO|5279,1.59838563,7
20,disease|MONDO|19338,1.22402608,8
20,disease|MONDO|5109,1.14189923,9
20,disease|MONDO|9688,1.12696484,10
20,disease|MONDO|4981,1.09108156,11
20,disease|MONDO|7186,1.03969789,12
20,disease|MONDO|100053,1.03074408,13
20,disease|MONDO|5737,1.01564275,14
20,disease|MONDO|19562,0.95945023,15
20,disease|MONDO|5315,0.93945169,16
20,disease|MONDO|5077,0.83700866,17
20,disease|MONDO|3781,0.69202192,18
20,disease|MONDO|6932,0.68766794,19
20,disease|MONDO|5812,0.67097974,20
20,disease|MONDO|4867,0.53150129,21
20,disease|MONDO|5002,0.38295829,22
20,disease|MONDO|1444,0.13527738,23
21,disease|MONDO|5249,1.85686707,1
21,disease|MONDO|4781,1.84912391,2
21,disease|MONDO|9688,1.83531332,3
21,effect/phenotype|HPO|1681,1.82922253,4
21,disease|MONDO|19338,1.82183197,5
21,disease|MONDO|4979,1.80269147,6
21,disease|MONDO|5002,1.66615322,7
21,disease|MONDO|2280,1.64781891,8
21,disease|MONDO|7186,1.64021029,9
21,disease|MONDO|4981,1.48110723,10
21,disease|MONDO|7915,1.39235219,11
21,disease|MONDO|19562,1.36406025,12
21,disease|MONDO|5737,1.04141336,13
21,disease|MONDO|5279,0.93796696,14
21,disease|MONDO|5109,0.89249930,15
21,disease|MONDO|5383,0.87010679,16
21,disease|MONDO|100053,0.80241095,17
21,disease|MONDO|3781,0.77683058,18
21,disease|MONDO|5904,0.73839383,19
21,disease|MONDO|8259,0.63850266,20
21,disease|MONDO|6932,0.62510057,21
21,disease|MONDO|5812,0.51195464,22
21,disease|MONDO|43537,0.34265518,23
22,disease|MONDO|7915,1.61581366,1
22,disease|MONDO|5279,1.55555440,2
22,effect/phenotype|HPO|1681,1.54406153,3
22,disease|MONDO|4781,1.54137737,4
22,disease|MONDO|19562,1.51719096,5
22,disease|MONDO|4979,1.41106046,6
22,disease|MONDO|5904,1.24606511,7
22,disease|MONDO|7186,1.17130549,8
22,disease|MONDO|4496,1.16823743,9
22,disease|MONDO|19338,1.16463725,10
22,disease|MONDO|18076,1.13109958,11
22,disease|MONDO|5002,1.11528802,12
22,disease|MONDO|5315,1.08507968,13
22,disease|MONDO|3781,0.96809016,14
22,disease|MONDO|4981,0.77212392,15
22,disease|MONDO|2280,0.70276306,16
22,disease|MONDO|5249,0.55045871,17
22,disease|MONDO|5737,0.12631443,18
22,disease|MONDO|1444,0.02278683,19
23,disease|MONDO|5383,1.92711791,1
23,disease|MONDO|4781,1.89096294,2
23,disease|MONDO|2280,1.86946383,3
23,disease|MONDO|19338,1.84270340,4
23,effect/phenotype|HPO|1681,1.78246818,5
23,disease|MONDO|19562,1.49932800,6
23,disease|MONDO|7915,1.43107578,7
23,disease|MONDO|6932,1.37869725,8
23,disease|MONDO|9688,0.60330975,9
23,disease|MONDO|5109,0.39827391,10
23,disease|MONDO|5812,0.11746015,11
23,disease|MONDO|5737,0.04732427,12
23,disease|MONDO|1444,-0.04662789,13
24,disease|MONDO|7915,1.66351597,1
24,disease|MONDO|5279,1.60633297,2
24,disease|MONDO|4781,1.57988052,3
24,effect/phenotype|HPO|1681,1.57546884,4
24,disease|MONDO|19562,1.54729606,5
24,disease|MONDO|4979,1.45649050,6
24,disease|MONDO|2280,1.44401935,7
24,disease|MONDO|5904,1.27425939,8
24,disease|MONDO|4496,1.19533163,9
24,disease|MONDO|19338,1.19012150,10
24,disease|MONDO|7186,1.18736105,11
24,disease|MONDO|18076,1.15059343,12
24,disease|MONDO|5002,1.13599069,13
24,disease|MONDO|5315,1.10076202,14
24,disease|MONDO|5383,1.08083697,15
24,disease|MONDO|3781,0.97547123,16
24,disease|MONDO|6932,0.90687230,17
24,disease|MONDO|4981,0.78867818,18
24,disease|MONDO|5249,0.56361197,19
24,disease|MONDO|5737,0.12436517,20
24,disease|MONDO|1444,0.03203777,21
25,disease|MONDO|5070,1.80906543,1
25,disease|MONDO|2280,1.79603580,2
25,disease|MONDO|4981,1.79535043,3
25,disease|MONDO|4781,1.78799665,4
25,effect/phenotype|HPO|1681,1.72018494,5
25,disease|MONDO|7915,1.64640227,6
25,disease|MONDO|5002,1.61541478,7
25,disease|MONDO|5383,1.56068635,8
25,disease|MONDO|5279,1.32444406,9
25,disease|MONDO|9688,1.26080929,10
25,disease|MONDO|4979,1.16689195,11
25,disease|MONDO|1444,0.85082844,12
25,disease|MONDO|19562,0.50405318,13
25,disease|MONDO|5249,0.46290636,14
25,disease|MONDO|7186,0.38089421,15
25,disease|MONDO|5961,0.34556942,16
25,disease|MONDO|6932,0.20680189,17
25,disease|MONDO|43537,0.19214936,18
25,disease|MONDO|3781,0.12049027,19
26,disease|MONDO|5279,0.66689929,1
26,effect/phenotype|HPO|1681,0.66619947,2
26,disease|MONDO|4781,0.57721736,3
26,disease|MONDO|5753,0.45021740,4
26,disease|MONDO|5961,0.38057753,5
26,disease|MONDO|19338,0.31964723,6
26,disease|MONDO|3781,0.18638721,7
26,disease|MONDO|9688,0.18436757,8
26,disease|MONDO|4981,0.18351751,9
26,disease|MONDO|7915,0.13189348,10
26,disease|MONDO|4979,0.12081584,11
26,disease|MONDO|5737,0.00814588,12
26,disease|MONDO|1444,-0.02107952,13
26,disease|MONDO|2280,-0.07239129,14
26,disease|MONDO|5002,-0.09733610,15
26,disease|MONDO|18076,-0.25354433,16
27,disease|MONDO|4781,2.26257914,1
27,disease|MONDO|2280,2.14544672,2
27,disease|MONDO|7915,2.09414008,3
27,effect/phenotype|HPO|1681,2.05422065,4
27,disease|MONDO|4496,2.00896716,5
27,disease|MONDO|4979,1.97532986,6
27,disease|MONDO|5279,1.59838563,7
27,disease|MONDO|19338,1.22402608,8
27,disease|MONDO|5109,1.14189923,9
27,disease|MONDO|9688,1.12696484,10
27,disease|MONDO|4981,1.09108156,11
27,disease|MONDO|7186,1.03969789,12
27,disease|MONDO|100053,1.03074408,13
27,disease|MONDO|5737,1.01564275,14
27,disease|MONDO|19562,0.95945023,15
27,disease|MONDO|5315,0.93945169,16
27,disease|MONDO|5077,0.83700866,17
27,disease|MONDO|3781,0.69202192,18
27,disease|MONDO|6932,0.68766794,19
27,disease|MONDO|5812,0.67097974,20
27,disease|MONDO|4867,0.53150129,21
27,disease|MONDO|5002,0.38295829,22
27,disease|MONDO|1444,0.13527738,23
28,disease|MONDO|100053,2.42063826,1
28,disease|MONDO|7915,2.41808978,2
28,disease|MONDO|4979,2.41638908,3
28,disease|MONDO|5109,2.38471860,4
28,disease|MONDO|2280,2.34918317,5
28,disease|MONDO|5002,2.31650990,6
28,effect/phenotype|HPO|1681,2.31541035,7
28,disease|MONDO|3781,2.27969058,8
28,disease|MONDO|5279,2.23193321,9
28,disease|MONDO|9688,2.16819655,10
28,disease|MONDO|19562,1.63264160,11
28,disease|MONDO|5249,1.41442472,12
28,disease|MONDO|4981,1.38354737,13
28,disease|MONDO|4496,1.30173957,14
28,disease|MONDO|4781,1.29751062,15
28,disease|MONDO|21040,1.25609766,16
28,disease|MONDO|5961,1.18750629,17
28,disease|MONDO|5077,1.15290102,18
28,disease|MONDO|5315,1.15056258,19
28,disease|MONDO|5904,1.07010794,20
28,disease|MONDO|4822,1.07007065,21
28,disease|MONDO|7186,1.03865126,22
28,disease|MONDO|1444,0.32391375,23
28,disease|MONDO|18076,0.26353934,24
28,disease|MONDO|19338,0.24877000,25
28,disease|MONDO|5737,-0.15028039,26
29,disease|MONDO|5249,2.53668317,1
29,disease|MONDO|4979,2.45012239,2
29,disease|MONDO|4781,2.44938514,3
29,disease|MONDO|9688,2.44071341,4
29,effect/phenotype|HPO|1681,2.42420636,5
29,disease|MONDO|5961,2.37421645,6
29,disease|MONDO|5002,2.36635318,7
29,disease|MONDO|4981,2.33702621,8
29,disease|MONDO|4822,2.32795908,9
29,disease|MONDO|100053,2.31802391,10
29,disease|MONDO|7186,2.21815762,11
29,disease|MONDO|3781,2.16374829,12
29,disease|MONDO|6932,2.02038524,13
29,disease|MONDO|7915,1.93180177,14
29,disease|MONDO|2280,1.88324462,15
29,disease|MONDO|5279,1.81029597,16
29,disease|MONDO|19338,1.48918512,17
29,disease|MONDO|4496,1.35081840,18
29,disease|MONDO|5737,1.28918213,19
29,disease|MONDO|5383,0.71349147,20
29,disease|MONDO|1444,0.71073663,21
29,disease|MONDO|18076,0.66564241,22
29,disease|MONDO|5904,0.56456429,23
29,disease|MONDO|19562,0.56238914,24
29,disease|MONDO|5722,0.50222445,25
30,disease|MONDO|5812,2.49284363,1
30,disease|MONDO|5002,2.45916110,2
30,disease|MONDO|4496,2.45136109,3
30,disease|MONDO|5109,2.42185375,4
30,disease|MONDO|4981,2.41391319,5
30,disease|MONDO|2280,2.40957817,6
30,disease|MONDO|4979,2.39188506,7
30,disease|MONDO|7915,2.37478593,8
30,disease|MONDO|5279,2.35279903,9
30,disease|MONDO|19338,2.35182858,10
30,disease|MONDO|19562,2.33216494,11
30,disease|MONDO|3781,2.32909578,12
30,disease|MONDO|21040,2.31963736,13
30,disease|MONDO|4781,2.31957078,14
30,disease|MONDO|5249,2.31481063,15
30,disease|MONDO|5961,2.30988367,16
30,effect/phenotype|HPO|1681,2.27057675,17
30,disease|MONDO|4822,2.16169700,18
30,disease|MONDO|9688,1.76126333,19
30,disease|MONDO|6932,1.51248848,20
30,disease|MONDO|5737,1.00477149,21
30,disease|MONDO|18076,0.25051478,22
30,disease|MONDO|1444,0.24796817,23
31,disease|MONDO|3781,1.39849998,1
31,disease|MONDO|4979,1.38288593,2
31,disease|MONDO|7915,1.35944828,3
31,disease|MONDO|100053,1.35586914,4
31,disease|MONDO|4781,1.26304572,5
31,disease|MONDO|2280,1.21440057,6
31,disease|MONDO|5279,1.17233932,7
31,disease|MONDO|5961,1.10802695,8
31,disease|MONDO|9688,1.07850522,9
31,effect/phenotype|HPO|1681,1.02985454,10
31,disease|MONDO|5753,0.82252489,11
31,effect/phenotype|HPO|4763,0.56682149,12
31,disease|MONDO|4981,0.34445580,13
31,disease|MONDO|1444,0.16329738,14
31,disease|MONDO|19338,0.05169488,15
31,disease|MONDO|5737,-0.14578006,16
32,disease|MONDO|5249,2.92453539,1
32,disease|MONDO|5002,2.88571489,2
32,disease|MONDO|19338,2.88497719,3
32,disease|MONDO|4781,2.87002856,4
32,disease|MONDO|9688,2.85916534,5
32,disease|MONDO|5279,2.84378770,6
32,disease|MONDO|21040,2.83056903,7
32,disease|MONDO|4979,2.82879031,8
32,effect/phenotype|HPO|1681,2.81552315,9
32,disease|MONDO|7186,2.81329355,10
32,disease|MONDO|7915,2.80467135,11
32,disease|MONDO|5383,2.77382118,12
32,disease|MONDO|4496,2.71634136,13
32,disease|MONDO|19562,2.64945060,14
32,disease|MONDO|43537,2.61974232,15
32,disease|MONDO|2280,2.59442717,16
32,disease|MONDO|4822,2.57651966,17
32,disease|MONDO|3781,2.50818109,18
32,disease|MONDO|6932,2.36633543,19
32,disease|MONDO|4981,1.60483670,20
32,disease|MONDO|5904,0.82085359,21
32,disease|MONDO|18076,0.80795246,22
32,disease|MONDO|1444,0.26805764,23
32,disease|MONDO|5737,-0.05428892,24
33,disease|MONDO|7915,1.11978038,1
33,disease|MONDO|5279,1.08509504,2
33,disease|MONDO|2280,1.06675253,3
33,disease|MONDO|4979,1.05489831,4
33,effect/phenotype|HPO|1681,1.01209747,5
33,disease|MONDO|4781,0.92837736,6
33,disease|MONDO|4981,0.83984508,7
33,disease|MONDO|100053,0.76865136,8
33,disease|MONDO|1444,0.46521974,9
33,disease|MONDO|19338,0.37057377,10
33,disease|MONDO|3781,0.34835517,11
33,disease|MONDO|29000,0.26088080,12
33,disease|MONDO|5070,0.23438852,13
33,disease|MONDO|5002,0.23197503,14
33,disease|MONDO|19562,0.21816003,15
33,disease|MONDO|5737,0.17728620,16
33,disease|MONDO|5383,0.16335569,17
33,disease|MONDO|18076,0.14619249,18
33,disease|MONDO|5904,0.13410495,19
33,disease|MONDO|6932,0.13255171,20
33,disease|MONDO|4496,0.13139711,21
33,disease|MONDO|9688,0.07390323,22
34,disease|MONDO|4979,1.60229731,1
34,disease|MONDO|5109,1.54564075,2
34,disease|MONDO|5002,1.54338581,3
34,disease|MONDO|4781,1.54027492,4
34,disease|MONDO|9688,1.51902915,5
34,disease|MONDO|5315,1.48143143,6
34,disease|MONDO|2280,1.47502039,7
34,effect/phenotype|HPO|1681,1.42814645,8
34,disease|MONDO|7915,1.30714950,9
34,disease|MONDO|100053,1.28018454,10
34,disease|MONDO|7186,1.23926234,11
34,disease|MONDO|5383,1.13700383,12
34,disease|MONDO|6932,1.10104008,13
34,disease|MONDO|3781,0.40289491,14
34,disease|MONDO|5249,0.23451678,15
34,disease|MONDO|4981,0.22633737,16
34,disease|MONDO|5812,0.17940094,17
34,disease|MONDO|5737,0.12784559,18
34,disease|MONDO|19338,0.01178670,19
35,disease|MONDO|1444,2.39288691,1
35,disease|MONDO|19338,2.38345176,2
35,disease|MONDO|4781,2.27825357,3
35,effect/phenotype|HPO|1681,2.27637410,4
35,disease|MONDO|5279,1.80603088,5
35,disease|MONDO|7915,1.35836238,6
35,disease|MONDO|4496,1.33432308,7
35,disease|MONDO|9688,1.31442313,8
35,disease|MONDO|4979,1.29049391,9
35,disease|MONDO|2280,1.27819720,10
35,disease|MONDO|5904,1.25725295,11
35,disease|MONDO|5002,1.18886131,12
35,disease|MONDO|18076,1.17450882,13
35,disease|MONDO|5737,1.11068789,14
35,disease|MONDO|3781,0.89750634,15
36,disease|MONDO|4979,0.99722104,1
36,disease|MONDO|4781,0.89247970,2
36,disease|MONDO|43537,0.88694119,3
36,effect/phenotype|HPO|1681,0.82163173,4
36,disease|MONDO|7915,0.81025591,5
36,disease|MONDO|2280,0.79659586,6
36,disease|MONDO|5279,0.74698751,7
36,disease|MONDO|3781,0.15569956,8
36,disease|MONDO|100053,0.13066326,9
36,disease|MONDO|4981,0.06993704,10
36,disease|MONDO|18076,-0.03578600,11
36,disease|MONDO|1444,-0.05939527,12
36,disease|MONDO|5737,-0.08028772,13
36,disease|MONDO|19338,-0.17698267,14
36,disease|MONDO|9688,-0.18796444,15
37,disease|MONDO|4781,0.76800204,1
37,disease|MONDO|43537,0.74026512,2
37,effect/phenotype|HPO|1681,0.69782805,3
37,disease|MONDO|2280,0.62449354,4
37,disease|MONDO|4979,0.33796259,5
37,disease|MONDO|7915,0.27930338,6
37,disease|MONDO|5279,0.17618386,7
37,disease|MONDO|100053,0.04560833,8
37,disease|MONDO|5002,0.01358403,9
37,disease|MONDO|21040,-0.05078645,10
37,disease|MONDO|9688,-0.22768015,11
38,disease|MONDO|7915,0.94872306,1
38,disease|MONDO|4979,0.91174586,2
38,disease|MONDO|2280,0.78764382,3
38,disease|MONDO|4781,0.77879766,4
38,disease|MONDO|5279,0.77445962,5
38,disease|MONDO|5249,0.74999944,6
38,disease|MONDO|3781,0.62973027,7
38,effect/phenotype|HPO|1681,0.58015358,8
38,disease|MONDO|5002,0.42746876,9
38,disease|MONDO|9688,0.21640021,10
38,disease|MONDO|100053,0.19868869,11
38,disease|MONDO|4496,0.18993095,12
38,disease|MONDO|5904,0.15511735,13
38,disease|MONDO|5383,0.10057954,14
38,disease|MONDO|29000,-0.02598488,15
38,disease|MONDO|1444,-0.14754826,16
39,disease|MONDO|7915,0.95582033,1
39,disease|MONDO|4979,0.92142844,2
39,disease|MONDO|2280,0.79461785,3
39,disease|MONDO|4781,0.78696692,4
39,disease|MONDO|5279,0.78319621,5
39,disease|MONDO|5249,0.75344797,6
39,disease|MONDO|3781,0.63036961,7
39,effect/phenotype|HPO|1681,0.58379686,8
39,disease|MONDO|5002,0.42871011,9
39,disease|MONDO|9688,0.21995896,10
39,disease|MONDO|100053,0.19970234,11
39,disease|MONDO|4496,0.19161377,12
39,disease|MONDO|5383,0.10233539,13
39,disease|MONDO|29000,-0.02433237,14
39,disease|MONDO|1444,-0.14551555,15
40,disease|MONDO|4979,1.54187484,1
40,disease|MONDO|5002,1.47379501,2
40,disease|MONDO|5109,1.47276632,3
40,disease|MONDO|4781,1.46225440,4
40,disease|MONDO|9688,1.45220091,5
40,disease|MONDO|5315,1.40714148,6
40,disease|MONDO|2280,1.39854480,7
40,effect/phenotype|HPO|1681,1.38234702,8
40,disease|MONDO|7915,1.23804800,9
40,disease|MONDO|100053,1.21029635,10
40,disease|MONDO|7186,1.20077789,11
40,disease|MONDO|3781,1.09406084,12
40,disease|MONDO|4496,1.06807216,13
40,disease|MONDO|5383,1.06674911,14
40,disease|MONDO|6932,1.04238465,15
40,disease|MONDO|4981,0.93343142,16
40,disease|MONDO|19338,0.93183748,17
40,disease|MONDO|19562,0.92431441,18
40,disease|MONDO|5904,0.87433133,19
40,disease|MONDO|5961,0.29046208,20
40,disease|MONDO|5249,0.22763426,21
40,disease|MONDO|5812,0.16946629,22
40,disease|MONDO|5737,0.10943806,23
40,disease|MONDO|1444,-0.03538664,24
40,disease|MONDO|18076,-0.13481575,25
41,effect/phenotype|HPO|1681,2.03903128,1
41,disease|MONDO|5315,1.99345142,2
41,disease|MONDO|4781,1.93863623,3
41,disease|MONDO|5249,1.89844880,4
41,disease|MONDO|5002,1.88495195,5
41,disease|MONDO|2280,1.84801540,6
41,disease|MONDO|6932,1.82877487,7
41,disease|MONDO|5109,1.78118806,8
41,disease|MONDO|4979,1.74741650,9
41,disease|MONDO|19338,1.66390258,10
41,disease|MONDO|9688,1.56038854,11
41,disease|MONDO|5383,1.42981223,12
41,disease|MONDO|7186,1.15761510,13
41,disease|MONDO|19562,0.89449950,14
41,disease|MONDO|4496,0.51725924,15
41,disease|MONDO|5904,0.47137371,16
41,disease|MONDO|5077,0.42977067,17
41,disease|MONDO|5961,0.40222666,18
41,disease|MONDO|1444,0.22207960,19
41,disease|MONDO|5737,0.04886357,20
42,disease|MONDO|2280,0.84829704,1
42,disease|MONDO|7915,0.83220119,2
42,disease|MONDO|6932,0.81569211,3
42,disease|MONDO|4981,0.76459946,4
42,effect/phenotype|HPO|1681,0.76400552,5
42,disease|MONDO|4979,0.74069136,6
42,disease|MONDO|4781,0.72670150,7
42,disease|MONDO|9688,0.63026965,8
42,disease|MONDO|5383,0.58604612,9
42,disease|MONDO|5249,0.54392928,10
42,disease|MONDO|5002,0.49741465,11
42,disease|MONDO|2465,0.41856541,12
42,disease|MONDO|100053,0.41362338,13
42,disease|MONDO|19562,0.33352379,14
42,disease|MONDO|3781,0.23193949,15
42,disease|MONDO|19338,0.21561264,16
42,disease|MONDO|5279,0.18825748,17
42,disease|MONDO|5109,0.18044716,18
42,disease|MONDO|7186,0.17636561,19
42,disease|MONDO|5961,0.09638980,20
42,disease|MONDO|4822,0.09547338,21
42,disease|MONDO|29000,0.08232135,22
42,disease|MONDO|5315,0.00356236,23
43,disease|MONDO|6932,1.06631491,1
43,disease|MONDO|100053,1.01132449,2
43,disease|MONDO|5002,1.00737186,3
43,disease|MONDO|29000,0.98497374,4
43,disease|MONDO|2280,0.95039631,5
43,disease|MONDO|4979,0.93004277,6
43,effect/phenotype|HPO|1681,0.90868830,7
43,disease|MONDO|3781,0.90536845,8
43,disease|MONDO|4981,0.86958602,9
43,disease|MONDO|7915,0.85834233,10
43,disease|MONDO|5249,0.85186573,11
43,disease|MONDO|5279,0.84588685,12
43,disease|MONDO|4781,0.81836827,13
43,disease|MONDO|7186,0.80155341,14
43,disease|MONDO|5722,0.79304487,15
43,disease|MONDO|4822,0.76049611,16
43,disease|MONDO|5961,0.71556247,17
43,disease|MONDO|4496,0.70302149,18
43,disease|MONDO|9688,0.69696453,19
43,disease|MONDO|5383,0.63741633,20
43,disease|MONDO|4777,0.59762418,21
43,disease|MONDO|18076,0.59688392,22
43,disease|MONDO|19338,0.58424234,23
43,disease|MONDO|5904,0.55979294,24
43,disease|MONDO|5070,0.23443392,25
43,disease|MONDO|1444,-0.18074438,26
43,disease|MONDO|5737,-0.35110047,27
44,effect/phenotype|HPO|1681,1.04819614,1
44,disease|MONDO|19338,0.99163232,2
44,disease|MONDO|4979,0.90192772,3
44,disease|MONDO|7186,0.88483214,4
44,disease|MONDO|4781,0.87742779,5
44,disease|MONDO|5279,0.84018398,6
44,disease|MONDO|6932,0.82204329,7
44,disease|MONDO|2280,0.80042243,8
44,disease|MONDO|7915,0.79423226,9
44,disease|MONDO|5904,0.77145001,10
44,disease|MONDO|4867,0.69767115,11
44,disease|MONDO|4981,0.64557587,12
44,disease|MONDO|3781,0.45558287,13
44,disease|MONDO|5249,0.41917930,14
44,disease|MONDO|4822,0.28749092,15
44,disease|MONDO|100053,0.16173118,16
44,disease|MONDO|19562,0.13684037,17
44,disease|MONDO|9688,0.12362701,18
44,disease|MONDO|5002,0.00264242,19
44,disease|MONDO|1444,-0.18158256,20
45,disease|MONDO|4781,2.26257914,1
45,disease|MONDO|2280,2.14544672,2
45,disease|MONDO|7915,2.09414008,3
45,effect/phenotype|HPO|1681,2.05422065,4
45,disease|MONDO|4496,2.00896716,5
45,disease|MONDO|4979,1.97532986,6
45,disease|MONDO|5279,1.59838563,7
45,disease|MONDO|19338,1.22402608,8
45,disease|MONDO|5109,1.14189923,9
45,disease|MONDO|9688,1.12696484,10
45,disease|MONDO|4981,1.09108156,11
45,disease|MONDO|7186,1.03969789,12
45,disease|MONDO|100053,1.03074408,13
45,disease|MONDO|5737,1.01564275,14
45,disease|MONDO|19562,0.95945023,15
45,disease|MONDO|5315,0.93945169,16
45,disease|MONDO|5077,0.83700866,17
45,disease|MONDO|3781,0.69202192,18
45,disease|MONDO|6932,0.68766794,19
45,disease|MONDO|5812,0.67097974,20
45,disease|MONDO|4867,0.53150129,21
45,disease|MONDO|5002,0.38295829,22
45,disease|MONDO|1444,0.13527738,23
46,disease|MONDO|2280,2.84750152,1
46,disease|MONDO|5249,2.81118733,2
46,disease|MONDO|4981,2.77706105,3
46,disease|MONDO|18076,2.71065533,4
46,disease|MONDO|4781,2.71042684,5
46,disease|MONDO|4979,2.70733595,6
46,disease|MONDO|5002,2.69855356,7
46,disease|MONDO|5279,2.68923381,8
46,disease|MONDO|19338,2.66606626,9
46,effect/phenotype|HPO|1681,2.61045676,10
46,disease|MONDO|7915,2.59202147,11
46,disease|MONDO|7186,2.52780765,12
46,disease|MONDO|5109,2.50792605,13
46,disease|MONDO|4822,2.43836039,14
46,disease|MONDO|21040,2.05478960,15
46,disease|MONDO|1444,2.04730141,16
46,disease|MONDO|19562,1.94730407,17
46,disease|MONDO|5737,1.64780697,18
46,disease|MONDO|43537,1.53914723,19
46,disease|MONDO|4496,1.41613573,20
46,disease|MONDO|9688,1.40473688,21
46,disease|MONDO|5383,1.26135475,22
46,disease|MONDO|6932,1.14238667,23
46,disease|MONDO|3781,1.09296459,24
47,disease|MONDO|4781,2.01014221,1
47,disease|MONDO|5249,1.97736724,2
47,effect/phenotype|HPO|1681,1.95794815,3
47,disease|MONDO|5383,1.93409926,4
47,disease|MONDO|19338,1.88376471,5
47,disease|MONDO|5961,1.83984894,6
47,disease|MONDO|3781,1.68220742,7
47,disease|MONDO|2280,1.55353795,8
47,disease|MONDO|9688,1.54926805,9
47,disease|MONDO|6932,1.49946386,10
47,disease|MONDO|4979,1.48322508,11
47,disease|MONDO|5002,1.40194317,12
47,disease|MONDO|4981,1.11333898,13
47,disease|MONDO|5737,1.10301931,14
47,disease|MONDO|4496,1.08033307,15
47,disease|MONDO|5109,1.02058382,16
47,disease|MONDO|7915,0.92593097,17
47,disease|MONDO|5315,0.85979926,18
47,disease|MONDO|7186,0.84272087,19
47,disease|MONDO|1444,0.62894207,20
47,disease|MONDO|19562,0.44928171,21
48,disease|MONDO|2280,1.66380111,1
48,effect/phenotype|HPO|1681,1.49109496,2
48,disease|MONDO|7186,1.43169244,3
48,disease|MONDO|3781,1.42186397,4
48,disease|MONDO|5383,1.38579331,5
48,disease|MONDO|4781,1.34428081,6
48,disease|MONDO|6932,1.33963449,7
48,disease|MONDO|4979,1.32433115,8
48,disease|MONDO|5315,1.32237830,9
48,disease|MONDO|4981,1.30985098,10
48,disease|MONDO|5109,1.25501326,11
48,disease|MONDO|9688,1.15825859,12
48,disease|MONDO|5002,0.45078015,13
48,disease|MONDO|4867,0.43807979,14
48,disease|MONDO|19562,0.30432579,15
48,disease|MONDO|5812,0.25239362,16
48,disease|MONDO|100053,0.24412716,17
48,disease|MONDO|7915,0.21644737,18
48,disease|MONDO|19338,0.09891360,19
48,disease|MONDO|1444,0.01474927,20
48,disease|MONDO|18076,-0.13874292,21
49,disease|MONDO|4781,1.08718928,1
49,effect/phenotype|HPO|1681,1.05968843,2
49,disease|MONDO|5002,0.96755557,3
49,disease|MONDO|43537,0.91011741,4
49,disease|MONDO|2280,0.39281498,5
49,disease|MONDO|4979,0.37650573,6
49,disease|MONDO|5249,0.32521415,7
49,disease|MONDO|3781,0.21741073,8
49,disease|MONDO|7915,0.17021830,9
49,disease|MONDO|29000,0.15051275,10
49,disease|MONDO|18076,0.08114038,11
49,disease|MONDO|1444,0.00874555,12
49,disease|MONDO|19338,-0.03395872,13
49,disease|MONDO|5737,-0.03666456,14
50,disease|MONDO|19338,1.63463442,1
50,disease|MONDO|5383,1.62946095,2
50,disease|MONDO|7186,1.58506101,3
50,disease|MONDO|2280,1.55550647,4
50,effect/phenotype|HPO|1681,1.54259460,5
50,disease|MONDO|4979,1.46188950,6
50,disease|MONDO|7915,1.43858290,7
50,disease|MONDO|5249,1.42921571,8
50,disease|MONDO|5279,1.42167988,9
50,disease|MONDO|5002,1.40570175,10
50,disease|MONDO|5109,1.38694775,11
50,disease|MONDO|5904,1.34735513,12
50,disease|MONDO|4781,1.31623620,13
50,disease|MONDO|4822,1.23599446,14
50,disease|MONDO|5753,1.15618847,15
50,disease|MONDO|9688,1.15479815,16
50,disease|MONDO|5077,1.13341327,17
50,disease|MONDO|4981,1.11315772,18
50,disease|MONDO|3781,1.10506648,19
50,disease|MONDO|6031,1.01042537,20
50,disease|MONDO|5961,0.96697062,21
50,disease|MONDO|5737,0.82941347,22
50,disease|MONDO|1444,0.53509725,23
50,disease|MONDO|100053,0.23591460,24
50,disease|MONDO|18076,-0.04671747,25
51,effect/phenotype|HPO|1681,1.08971062,1
51,disease|MONDO|4979,0.97528093,2
51,disease|MONDO|2280,0.92239026,3
51,disease|MONDO|5383,0.86525515,4
51,disease|MONDO|19338,0.81125962,5
51,disease|MONDO|4781,0.58180411,6
51,disease|MONDO|9688,0.56630409,7
51,disease|MONDO|5002,0.47481782,8
51,disease|MONDO|43537,0.45609779,9
51,disease|MONDO|5109,0.41543951,10
51,disease|MONDO|6932,0.36982090,11
51,disease|MONDO|5904,0.36615997,12
51,disease|MONDO|5961,0.36076108,13
51,disease|MONDO|3781,0.35180259,14
51,disease|MONDO|7186,0.32416138,15
51,disease|MONDO|5737,0.29210835,16
51,disease|MONDO|4981,0.21796547,17
51,disease|MONDO|5249,0.20032395,18
51,disease|MONDO|100053,0.10211038,19
51,disease|MONDO|1444,0.05521353,20
51,disease|MONDO|7915,0.04298630,21
51,disease|MONDO|18076,-0.18230829,22
52,disease|MONDO|2646,1.11933969,1
52,disease|MONDO|4981,1.05918318,2
52,disease|MONDO|2280,1.01423535,3
52,effect/phenotype|HPO|1681,0.99694549,4
52,disease|MONDO|4781,0.97207668,5
52,disease|MONDO|4777,0.79841395,6
52,disease|MONDO|7915,0.75468140,7
52,disease|MONDO|5722,0.70456049,8
52,disease|MONDO|4979,0.59245320,9
52,disease|MONDO|5753,0.47899620,10
52,disease|MONDO|6932,0.47772348,11
52,disease|MONDO|3781,0.33935405,12
52,disease|MONDO|5109,0.26695183,13
52,disease|MONDO|9688,0.26347408,14
52,disease|MONDO|5961,0.23088648,15
52,disease|MONDO|19338,0.17528776,16
52,disease|MONDO|29000,0.16598903,17
52,disease|MONDO|1444,0.09464873,18
52,disease|MONDO|5737,0.01481789,19
52,disease|MONDO|18076,-0.19701211,20
53,disease|MONDO|5249,2.90970743,1
53,disease|MONDO|5002,2.87601116,2
53,disease|MONDO|19338,2.86740610,3
53,disease|MONDO|4781,2.85696507,4
53,disease|MONDO|9688,2.84285179,5
53,disease|MONDO|5279,2.84043047,6
53,disease|MONDO|21040,2.81347030,7
53,disease|MONDO|4979,2.81050280,8
53,disease|MONDO|7186,2.80286726,9
53,effect/phenotype|HPO|1681,2.80184507,10
53,disease|MONDO|7915,2.79668388,11
53,disease|MONDO|5383,2.76050209,12
53,disease|MONDO|4496,2.70066702,13
53,disease|MONDO|19562,2.63757560,14
53,disease|MONDO|43537,2.60425824,15
53,disease|MONDO|2280,2.58097017,16
53,disease|MONDO|4822,2.56259396,17
53,disease|MONDO|3781,2.49513447,18
53,disease|MONDO|6932,2.35720574,19
53,disease|MONDO|4981,1.59093195,20
53,disease|MONDO|1444,0.74469754,21
53,disease|MONDO|5737,0.42800128,22
54,disease|MONDO|21040,1.38231818,1
54,disease|MONDO|5249,1.16839242,2
54,disease|MONDO|5109,1.15982977,3
54,effect/phenotype|HPO|1681,1.14839512,4
54,disease|MONDO|2280,1.01677142,5
54,disease|MONDO|19338,1.01112898,6
54,disease|MONDO|4781,0.68015347,7
54,disease|MONDO|4979,0.56255986,8
54,disease|MONDO|1444,0.49941736,9
54,disease|MONDO|7915,0.44227616,10
54,disease|MONDO|5279,0.37943831,11
54,disease|MONDO|9688,0.34313168,12
54,disease|MONDO|5737,0.34207498,13
54,disease|MONDO|100053,0.21931353,14
54,disease|MONDO|4981,0.12567907,15
54,disease|MONDO|29000,0.09549842,16
54,disease|MONDO|5002,-0.00843954,17
54,disease|MONDO|5812,-0.02381425,18
55,disease|MONDO|4981,2.80159011,1
55,disease|MONDO|7915,2.76799127,2
55,disease|MONDO|2280,2.75624523,3
55,disease|MONDO|5249,2.74389121,4
55,disease|MONDO|4979,2.69879365,5
55,disease|MONDO|4496,2.68594176,6
55,disease|MONDO|5812,2.68320921,7
55,disease|MONDO|21040,2.68248993,8
55,disease|MONDO|9688,2.67879689,9
55,disease|MONDO|5002,2.57028715,10
55,disease|MONDO|4781,2.56312926,11
55,disease|MONDO|5383,2.55684471,12
55,disease|MONDO|5279,2.54453227,13
55,effect/phenotype|HPO|1681,2.53265262,14
55,disease|MONDO|7186,2.53079958,15
55,disease|MONDO|19562,2.49028525,16
55,disease|MONDO|4822,2.31018095,17
55,disease|MONDO|4867,1.97602719,18
55,disease|MONDO|1444,1.89480487,19
55,disease|MONDO|18076,1.85353130,20
55,disease|MONDO|5904,1.85254523,21
55,disease|MONDO|3781,1.79137615,22
55,disease|MONDO|5737,1.61892283,23
55,disease|MONDO|100053,1.45158604,24
55,disease|MONDO|5722,1.44773129,25
55,disease|MONDO|5109,1.34024203,26
55,disease|MONDO|43537,1.26578319,27
55,disease|MONDO|19338,1.22169355,28
55,disease|MONDO|6932,1.14182651,29
56,effect/phenotype|HPO|1681,1.15210205,1
56,disease|MONDO|19338,1.10226483,2
56,disease|MONDO|4979,1.03760196,3
56,disease|MONDO|19562,0.98154920,4
56,disease|MONDO|4781,0.96986510,5
56,disease|MONDO|7915,0.95372556,6
56,disease|MONDO|5279,0.94052169,7
56,disease|MONDO|2280,0.91685489,8
56,disease|MONDO|6932,0.88124002,9
56,disease|MONDO|4981,0.79775749,10
56,disease|MONDO|4867,0.78306624,11
56,disease|MONDO|5249,0.55144814,12
56,disease|MONDO|100053,0.25483918,13
56,disease|MONDO|9688,0.23348850,14
56,disease|MONDO|7186,0.22624358,15
56,disease|MONDO|4822,0.12350439,16
56,disease|MONDO|18076,0.03194206,17
56,disease|MONDO|1444,-0.14234358,18
57,disease|MONDO|4781,2.02731183,1
57,disease|MONDO|5249,1.99972731,2
57,effect/phenotype|HPO|1681,1.97835128,3
57,disease|MONDO|5383,1.95016746,4
57,disease|MONDO|19338,1.89052977,5
57,disease|MONDO|5961,1.85697100,6
57,disease|MONDO|3781,1.71398960,7
57,disease|MONDO|2280,1.55954832,8
57,disease|MONDO|9688,1.55292635,9
57,disease|MONDO|6932,1.51200458,10
57,disease|MONDO|4979,1.49247539,11
57,disease|MONDO|5002,1.41517258,12
57,disease|MONDO|4981,1.12376648,13
57,disease|MONDO|5737,1.10701826,14
57,disease|MONDO|4496,1.09850791,15
57,disease|MONDO|100053,1.08697248,16
57,disease|MONDO|5109,1.00461009,17
57,disease|MONDO|7915,0.92779196,18
57,disease|MONDO|1444,0.61928874,19
57,disease|MONDO|19562,0.45136248,20
57,disease|MONDO|7186,0.33613904,21
58,disease|MONDO|4781,2.17788178,1
58,disease|MONDO|19338,2.09451272,2
58,effect/phenotype|HPO|1681,2.08840874,3
58,disease|MONDO|7186,2.08147609,4
58,disease|MONDO|9688,2.02576990,5
58,disease|MONDO|5383,2.01190749,6
58,disease|MONDO|3781,1.98612976,7
58,disease|MONDO|2280,1.98406892,8
58,disease|MONDO|5315,1.95832968,9
58,disease|MONDO|100053,1.93096247,10
58,disease|MONDO|5002,1.92070811,11
58,disease|MONDO|5961,1.91132016,12
58,disease|MONDO|5279,1.61777578,13
58,disease|MONDO|19562,1.55827452,14
58,disease|MONDO|7915,1.22922578,15
58,disease|MONDO|4979,1.16972238,16
58,disease|MONDO|5904,0.91969091,17
58,disease|MONDO|4981,0.66078860,18
58,disease|MONDO|3441,0.64497897,19
58,disease|MONDO|4822,0.57158580,20
58,disease|MONDO|21040,0.56092799,21
58,disease|MONDO|43537,0.45383830,22
59,disease|MONDO|5279,0.65263712,1
59,effect/phenotype|HPO|1681,0.64760500,2
59,disease|MONDO|4781,0.56340829,3
59,disease|MONDO|5753,0.43628244,4
59,disease|MONDO|5961,0.35694492,5
59,disease|MONDO|19338,0.30877291,6
59,disease|MONDO|3781,0.18361337,7
59,disease|MONDO|9688,0.18281504,8
59,disease|MONDO|4981,0.17004580,9
59,disease|MONDO|4979,0.12031295,10
59,disease|MONDO|7915,0.09069032,11
59,disease|MONDO|1444,-0.02700659,12
59,disease|MONDO|5109,-0.05833471,13
59,disease|MONDO|2280,-0.08482689,14
59,disease|MONDO|5002,-0.10789958,15
59,disease|MONDO|18076,-0.25796586,16
60,disease|MONDO|5383,2.34558553,1
60,disease|MONDO|2280,1.93063553,2
60,disease|MONDO|4781,1.91782895,3
60,disease|MONDO|19338,1.90370550,4
60,effect/phenotype|HPO|1681,1.79436734,5
60,disease|MONDO|19562,1.54568988,6
60,disease|MONDO|7915,1.46908216,7
60,disease|MONDO|4981,1.46770196,8
60,disease|MONDO|6932,1.41462454,9
60,disease|MONDO|9688,0.60532026,10
60,disease|MONDO|5109,0.42456830,11
60,disease|MONDO|5249,0.31570168,12
61,disease|MONDO|4781,2.35587278,1
61,disease|MONDO|5737,2.33280265,2
61,disease|MONDO|2280,2.31471206,3
61,disease|MONDO|4981,2.29860190,4
61,disease|MONDO|19338,2.28271823,5
61,disease|MONDO|7915,2.26585358,6
61,disease|MONDO|4979,2.25319116,7
61,effect/phenotype|HPO|1681,2.18641707,8
61,disease|MONDO|100053,2.12632163,9
61,disease|MONDO|5002,2.04486582,10
61,disease|MONDO|3781,1.96369249,11
61,disease|MONDO|6932,1.89139509,12
61,disease|MONDO|9688,1.60815790,13
61,disease|MONDO|7186,1.53624461,14
61,disease|MONDO|5279,1.11780822,15
61,disease|MONDO|1444,0.16155881,16
62,disease|MONDO|4981,1.92210776,1
62,disease|MONDO|2280,1.81592304,2
62,disease|MONDO|5279,1.81209174,3
62,disease|MONDO|4781,1.80296683,4
62,effect/phenotype|HPO|1681,1.76316532,5
62,disease|MONDO|7915,1.68949471,6
62,disease|MONDO|4979,1.65453946,7
62,disease|MONDO|5002,1.63850880,8
62,disease|MONDO|5070,1.49763227,9
62,disease|MONDO|5383,1.24927666,10
62,disease|MONDO|19338,1.00037967,11
62,disease|MONDO|9688,0.94927409,12
62,disease|MONDO|5737,0.83163124,13
62,disease|MONDO|19562,0.54723787,14
62,disease|MONDO|7186,0.54379882,15
62,disease|MONDO|4822,0.52510676,16
62,disease|MONDO|5961,0.46864095,17
62,disease|MONDO|6932,0.30070390,18
62,disease|MONDO|3781,0.24664972,19
62,disease|MONDO|1444,0.23384120,20
62,disease|MONDO|43537,0.19209409,21
63,disease|MONDO|5249,2.50141504,1
63,disease|MONDO|4979,2.39290509,2
63,disease|MONDO|9688,2.39125770,3
63,disease|MONDO|4781,2.38549584,4
63,effect/phenotype|HPO|1681,2.36926302,5
63,disease|MONDO|5961,2.34095602,6
63,disease|MONDO|4981,2.31412011,7
63,disease|MONDO|5002,2.29784027,8
63,disease|MONDO|4822,2.27865903,9
63,disease|MONDO|100053,2.25669084,10
63,disease|MONDO|3781,2.15594374,11
63,disease|MONDO|7186,2.13183977,12
63,disease|MONDO|6932,2.00236484,13
63,disease|MONDO|7915,1.86631513,14
63,disease|MONDO|2280,1.80835849,15
63,disease|MONDO|5279,1.75038411,16
63,disease|MONDO|19338,1.45517582,17
63,disease|MONDO|4496,1.28972341,18
63,disease|MONDO|5737,1.24636832,19
63,disease|MONDO|1444,0.70061791,20
63,disease|MONDO|19562,0.55051127,21
64,disease|MONDO|5812,2.49292910,1
64,disease|MONDO|5002,2.45929900,2
64,disease|MONDO|4496,2.45155019,3
64,disease|MONDO|5109,2.42200810,4
64,disease|MONDO|4981,2.41409141,5
64,disease|MONDO|2280,2.40973595,6
64,disease|MONDO|4979,2.39205799,7
64,disease|MONDO|7915,2.37492812,8
64,disease|MONDO|5279,2.35292512,9
64,disease|MONDO|19338,2.35198256,10
64,disease|MONDO|19562,2.33233327,11
64,disease|MONDO|3781,2.32929559,12
64,disease|MONDO|21040,2.31982219,13
64,disease|MONDO|4781,2.31973642,14
64,disease|MONDO|5249,2.31494236,15
64,disease|MONDO|5961,2.31005985,16
64,effect/phenotype|HPO|1681,2.27073948,17
64,disease|MONDO|4822,2.16185550,18
64,disease|MONDO|9688,1.76133250,19
64,disease|MONDO|6932,1.51255457,20
64,disease|MONDO|5737,1.00477260,21
64,disease|MONDO|5383,0.64857943,22
64,disease|MONDO|18076,0.25051838,23
64,disease|MONDO|1444,0.24801090,24
65,disease|MONDO|2280,0.90492922,1
65,disease|MONDO|7915,0.88639986,2
65,disease|MONDO|4979,0.87299326,3
65,disease|MONDO|6932,0.81885651,4
65,disease|MONDO|5109,0.77276065,5
65,disease|MONDO|4981,0.75768992,6
65,disease|MONDO|5279,0.75742893,7
65,disease|MONDO|4781,0.72422992,8
65,disease|MONDO|9688,0.61798923,9
65,effect/phenotype|HPO|1681,0.59204832,10
65,disease|MONDO|5249,0.57704340,11
65,disease|MONDO|5383,0.57084213,12
65,disease|MONDO|5002,0.51092368,13
65,disease|MONDO|100053,0.45287164,14
65,disease|MONDO|2465,0.42870403,15
65,disease|MONDO|19562,0.32960823,16
65,disease|MONDO|3781,0.28418835,17
65,disease|MONDO|19338,0.20476800,18
65,disease|MONDO|7186,0.18783336,19
65,disease|MONDO|4822,0.08148779,20
65,disease|MONDO|29000,0.07875442,21
65,disease|MONDO|5961,0.07462751,22
65,disease|MONDO|5315,0.03748369,23
65,disease|MONDO|1444,-0.04559830,24
65,effect/phenotype|HPO|25425,-0.11089548,25
66,disease|MONDO|5812,2.49307504,1
66,disease|MONDO|5002,2.45949644,2
66,disease|MONDO|4496,2.45181185,3
66,disease|MONDO|5109,2.42218167,4
66,disease|MONDO|4981,2.41435164,5
66,disease|MONDO|2280,2.40993819,6
66,disease|MONDO|4979,2.39230239,7
66,disease|MONDO|7915,2.37517253,8
66,disease|MONDO|5279,2.35318053,9
66,disease|MONDO|19338,2.35213089,10
66,disease|MONDO|19562,2.33251408,11
66,disease|MONDO|3781,2.32955688,12
66,disease|MONDO|21040,2.32011667,13
66,disease|MONDO|4781,2.31997764,14
66,disease|MONDO|5249,2.31515351,15
66,disease|MONDO|5961,2.31027204,16
66,effect/phenotype|HPO|1681,2.27098590,17
66,disease|MONDO|4822,2.16204962,18
66,disease|MONDO|9688,1.76148945,19
66,disease|MONDO|6932,1.51267596,20
66,disease|MONDO|5737,1.00487739,21
66,disease|MONDO|18076,0.25055081,22
66,disease|MONDO|1444,0.24808548,23
67,effect/phenotype|HPO|1681,0.93655097,1
67,disease|MONDO|5383,0.92207052,2
67,disease|MONDO|4979,0.85641411,3
67,disease|MONDO|7186,0.81659337,4
67,disease|MONDO|4781,0.73741408,5
67,disease|MONDO|2280,0.68257755,6
67,disease|MONDO|4867,0.68044198,7
67,disease|MONDO|5002,0.67207692,8
67,disease|MONDO|3781,0.43882314,9
67,disease|MONDO|5249,0.40101467,10
67,disease|MONDO|19338,0.36263588,11
67,disease|MONDO|7915,0.29719405,12
67,disease|MONDO|4822,0.28656118,13
67,disease|MONDO|4981,0.16281128,14
67,disease|MONDO|100053,0.15624123,15
67,disease|MONDO|19562,0.15239162,16
67,disease|MONDO|9688,0.14382516,17
67,disease|MONDO|18076,-0.06495116,18
67,disease|MONDO|1444,-0.17040007,19
68,disease|MONDO|43537,0.77323823,1
68,disease|MONDO|4781,0.72922679,2
68,effect/phenotype|HPO|1681,0.72719144,3
68,disease|MONDO|2280,0.65019277,4
68,disease|MONDO|4822,0.45259345,5
68,disease|MONDO|4979,0.36193945,6
68,disease|MONDO|7915,0.32422086,7
68,disease|MONDO|5279,0.22287232,8
68,disease|MONDO|5002,0.04369706,9
68,disease|MONDO|18076,-0.03105724,10
68,disease|MONDO|4981,-0.07258551,11
68,disease|MONDO|5737,-0.08009743,12
68,disease|MONDO|4867,-0.11179017,13
68,disease|MONDO|1444,-0.15673357,14
68,disease|MONDO|9688,-0.22299962,15
68,disease|MONDO|19338,-0.28921494,16
69,disease|MONDO|2280,1.17226565,1
69,effect/phenotype|HPO|1681,1.10278790,2
69,disease|MONDO|7915,0.64492421,3
69,disease|MONDO|5279,0.60048608,4
69,disease|MONDO|4979,0.58983216,5
69,disease|MONDO|1444,0.55467669,6
69,disease|MONDO|19338,0.46671506,7
69,disease|MONDO|3781,0.45378721,8
69,disease|MONDO|4781,0.45139518,9
69,disease|MONDO|4981,0.34810980,10
69,disease|MONDO|5002,0.33377573,11
69,disease|MONDO|29000,0.30266625,12
69,disease|MONDO|100053,0.28727696,13
69,disease|MONDO|19562,0.28545360,14
69,disease|MONDO|5383,0.23722482,15
69,disease|MONDO|9688,0.20416927,16
69,disease|MONDO|5737,0.20148775,17
69,disease|MONDO|5904,0.17542699,18
69,disease|MONDO|18076,0.00308962,19
70,disease|MONDO|7915,2.32793662,1
70,disease|MONDO|2280,2.30841699,2
70,disease|MONDO|4979,2.27190736,3
70,disease|MONDO|5279,2.16683884,4
70,disease|MONDO|5002,2.16293791,5
70,disease|MONDO|5383,2.13965234,6
70,effect/phenotype|HPO|1681,2.12491146,7
70,disease|MONDO|4781,2.10389000,8
70,disease|MONDO|9688,1.67937087,9
70,disease|MONDO|5904,0.50365501,10
70,disease|MONDO|1444,0.26590446,11
70,disease|MONDO|19338,0.25449651,12
70,disease|MONDO|18076,0.17508364,13
70,disease|MONDO|5737,-0.09616168,14
71,disease|MONDO|4979,0.99422456,1
71,disease|MONDO|4781,0.90171048,2
71,disease|MONDO|43537,0.87898341,3
71,effect/phenotype|HPO|1681,0.83269903,4
71,disease|MONDO|7915,0.83018875,5
71,disease|MONDO|2280,0.77878087,6
71,disease|MONDO|5279,0.75893080,7
71,disease|MONDO|3781,0.16810867,8
71,disease|MONDO|4981,0.04204482,9
71,disease|MONDO|18076,-0.02920964,10
71,disease|MONDO|1444,-0.06948811,11
71,disease|MONDO|5737,-0.08295339,12
71,disease|MONDO|19338,-0.18835549,13
71,disease|MONDO|9688,-0.20539667,14
72,disease|MONDO|6031,2.00813648,1
72,disease|MONDO|4979,1.98277828,2
72,disease|MONDO|2280,1.97321185,3
72,disease|MONDO|7915,1.96149540,4
72,disease|MONDO|5249,1.88471523,5
72,disease|MONDO|5077,1.87836646,6
72,disease|MONDO|5961,1.86280605,7
72,effect/phenotype|HPO|1681,1.85719935,8
72,disease|MONDO|5109,1.84255293,9
72,disease|MONDO|6932,1.81598890,10
72,disease|MONDO|5279,1.78782076,11
72,disease|MONDO|4781,1.78199834,12
72,disease|MONDO|19562,1.77780779,13
72,disease|MONDO|5904,1.75543834,14
72,disease|MONDO|5737,1.75256949,15
72,disease|MONDO|4981,1.39269021,16
72,disease|MONDO|7186,1.35716815,17
72,disease|MONDO|9688,1.34803317,18
72,disease|MONDO|3781,1.32000709,19
72,disease|MONDO|4822,1.28911752,20
72,disease|MONDO|100053,1.16830158,21
72,disease|MONDO|19338,0.93845721,22
72,disease|MONDO|5002,0.87094074,23
72,disease|MONDO|1444,0.84604052,24
72,disease|MONDO|18076,0.82643213,25
72,disease|MONDO|5315,0.60627490,26
72,disease|MONDO|5383,0.48138611,27
72,disease|MONDO|5812,0.36213628,28
73,disease|MONDO|2280,1.97519553,1
73,effect/phenotype|HPO|1681,1.89708827,2
73,disease|MONDO|5383,1.81370537,3
73,disease|MONDO|5904,1.79980528,4
73,disease|MONDO|5002,1.76887729,5
73,disease|MONDO|4781,1.76254389,6
73,disease|MONDO|19562,1.76171000,7
73,disease|MONDO|4979,1.73965876,8
73,disease|MONDO|5279,1.73577383,9
73,disease|MONDO|19338,1.73237376,10
73,disease|MONDO|7915,1.61954446,11
73,disease|MONDO|5737,1.60255260,12
73,disease|MONDO|5109,1.57304564,13
73,disease|MONDO|4496,1.56037995,14
73,disease|MONDO|1444,1.55132404,15
73,disease|MONDO|9688,1.50846937,16
73,disease|MONDO|5077,1.46003345,17
73,disease|MONDO|5315,1.40264356,18
73,disease|MONDO|4981,1.32816238,19
73,disease|MONDO|3781,1.22525392,20
73,disease|MONDO|6932,0.94137803,21
74,disease|MONDO|2280,1.12064038,1
74,effect/phenotype|HPO|1681,1.05091836,2
74,disease|MONDO|7915,0.58168669,3
74,disease|MONDO|5279,0.55170765,4
74,disease|MONDO|4979,0.52180690,5
74,disease|MONDO|1444,0.50218905,6
74,disease|MONDO|3781,0.41209948,7
74,disease|MONDO|19338,0.40659437,8
74,disease|MONDO|4781,0.39656308,9
74,disease|MONDO|4981,0.32223603,10
74,disease|MONDO|5002,0.30981106,11
74,disease|MONDO|29000,0.26934036,12
74,disease|MONDO|100053,0.25491156,13
74,disease|MONDO|19562,0.24868384,14
74,disease|MONDO|5737,0.19755973,15
74,disease|MONDO|5383,0.19582468,16
74,disease|MONDO|9688,0.17570882,17
74,disease|MONDO|5904,0.16135940,18
74,disease|MONDO|18076,-0.00760646,19
75,disease|MONDO|4781,2.25758767,1
75,disease|MONDO|2280,2.13618642,2
75,disease|MONDO|7915,2.09343360,3
75,effect/phenotype|HPO|1681,2.04991937,4
75,disease|MONDO|4496,2.00041293,5
75,disease|MONDO|4979,1.96144792,6
75,disease|MONDO|5002,1.88662158,7
75,disease|MONDO|5279,1.59336358,8
75,disease|MONDO|19338,1.21872394,9
75,disease|MONDO|5109,1.13832109,10
75,disease|MONDO|9688,1.12795869,11
75,disease|MONDO|4981,1.08276741,12
75,disease|MONDO|7186,1.03658955,13
75,disease|MONDO|5737,1.01990420,14
75,disease|MONDO|5315,0.93469059,15
75,disease|MONDO|5077,0.84215951,16
75,disease|MONDO|6932,0.68786718,17
75,disease|MONDO|5812,0.66421646,18
75,disease|MONDO|1444,0.13669348,19
76,disease|MONDO|2280,2.33279625,1
76,disease|MONDO|5383,2.33106941,2
76,disease|MONDO|5279,2.32284409,3
76,disease|MONDO|9688,2.28815055,4
76,effect/phenotype|HPO|1681,2.25514868,5
76,disease|MONDO|4981,2.25272776,6
76,disease|MONDO|5737,2.24498180,7
76,disease|MONDO|19338,2.24423634,8
76,disease|MONDO|5002,2.22720978,9
76,disease|MONDO|4979,2.19744813,10
76,disease|MONDO|21040,2.16402693,11
76,disease|MONDO|7915,2.15505805,12
76,disease|MONDO|4781,2.15117332,13
76,disease|MONDO|7186,2.14921317,14
76,disease|MONDO|100053,2.07897164,15
76,disease|MONDO|6932,1.83760192,16
76,disease|MONDO|3781,0.91430956,17
76,disease|MONDO|1444,0.18152027,18
77,disease|MONDO|21040,1.22971149,1
77,effect/phenotype|HPO|1681,1.22100943,2
77,disease|MONDO|4781,1.21418802,3
77,disease|MONDO|5904,1.14623707,4
77,disease|MONDO|4496,1.14608600,5
77,disease|MONDO|2280,1.14292411,6
77,disease|MONDO|5279,1.13027664,7
77,disease|MONDO|5109,1.02139731,8
77,disease|MONDO|7915,0.98722768,9
77,disease|MONDO|19562,0.96534665,10
77,disease|MONDO|3441,0.81320632,11
77,disease|MONDO|19338,0.47385259,12
77,disease|MONDO|9688,0.38545502,13
77,disease|MONDO|5737,-0.02053539,14
77,disease|MONDO|1444,-0.04917157,15
78,disease|MONDO|4979,1.00673608,1
78,disease|MONDO|4781,0.91760025,2
78,disease|MONDO|43537,0.88923182,3
78,effect/phenotype|HPO|1681,0.88300600,4
78,disease|MONDO|7915,0.88232599,5
78,disease|MONDO|5279,0.79531240,6
78,disease|MONDO|2280,0.76227690,7
78,disease|MONDO|3781,0.15307694,8
78,disease|MONDO|100053,0.10472844,9
78,disease|MONDO|4981,0.01137564,10
78,disease|MONDO|18076,-0.02994391,11
78,disease|MONDO|5737,-0.09451556,12
78,disease|MONDO|1444,-0.09975164,13
78,disease|MONDO|19338,-0.21682072,14
78,disease|MONDO|9688,-0.24452475,15
79,disease|MONDO|4979,1.08709929,1
79,disease|MONDO|2280,1.07745600,2
79,disease|MONDO|4781,1.04890113,3
79,disease|MONDO|5109,0.99246457,4
79,effect/phenotype|HPO|1681,0.90712745,5
79,disease|MONDO|5002,0.88488655,6
79,disease|MONDO|9688,0.85152441,7
79,disease|MONDO|19562,0.75348915,8
79,disease|MONDO|5383,0.72946112,9
79,disease|MONDO|7915,0.64889666,10
79,disease|MONDO|5737,0.47866705,11
79,disease|MONDO|5077,0.45967260,12
79,disease|MONDO|4867,0.41667858,13
79,disease|MONDO|19338,0.29364485,14
79,disease|MONDO|5249,0.25095387,15
79,disease|MONDO|3781,0.19574964,16
79,disease|MONDO|4981,0.14186755,17
79,disease|MONDO|100053,0.13170558,18
79,disease|MONDO|1444,0.04930326,19
79,disease|MONDO|18076,-0.04393916,20
80,disease|MONDO|5249,1.82593563,1
80,disease|MONDO|4781,1.82205178,2
80,effect/phenotype|HPO|1681,1.81381054,3
80,disease|MONDO|9688,1.80366719,4
80,disease|MONDO|19338,1.80326773,5
80,disease|MONDO|4979,1.78197531,6
80,disease|MONDO|5002,1.64776493,7
80,disease|MONDO|2280,1.62171198,8
80,disease|MONDO|7186,1.60989541,9
80,disease|MONDO|4981,1.45390543,10
80,disease|MONDO|7915,1.37114005,11
80,disease|MONDO|19562,1.34476228,12
80,disease|MONDO|5737,1.02094206,13
80,disease|MONDO|5279,0.92140902,14
80,disease|MONDO|5109,0.87542987,15
80,disease|MONDO|100053,0.78062204,16
80,disease|MONDO|5904,0.72240084,17
80,disease|MONDO|8259,0.63702816,18
80,disease|MONDO|6932,0.61707813,19
80,disease|MONDO|5812,0.49966778,20
80,disease|MONDO|43537,0.33962783,21
81,disease|MONDO|2280,1.35581255,1
81,disease|MONDO|6932,1.35442142,2
81,disease|MONDO|7186,1.34689957,3
81,disease|MONDO|4979,1.31638633,4
81,disease|MONDO|5249,1.29161284,5
81,disease|MONDO|4867,1.27514839,6
81,disease|MONDO|4781,1.26689554,7
81,disease|MONDO|19338,1.25713034,8
81,disease|MONDO|18076,1.22548015,9
81,disease|MONDO|3781,1.20738184,10
81,disease|MONDO|4496,1.20341947,11
81,disease|MONDO|7915,1.18798455,12
81,disease|MONDO|100053,1.17885059,13
81,disease|MONDO|21040,1.14919379,14
81,disease|MONDO|9688,1.14295391,15
81,disease|MONDO|5383,1.14192259,16
81,disease|MONDO|5279,1.12234560,17
81,effect/phenotype|HPO|1681,1.10840169,18
81,disease|MONDO|5904,1.09830154,19
81,disease|MONDO|5002,0.95859581,20
81,disease|MONDO|4822,0.84342290,21
81,disease|MONDO|5315,0.50069347,22
81,disease|MONDO|5109,0.42854656,23
81,disease|MONDO|5961,0.39126183,24
81,disease|MONDO|4981,0.37113327,25
81,disease|MONDO|19562,0.13899511,26
81,disease|MONDO|1444,-0.10981555,27
81,disease|MONDO|5737,-0.26356035,28
82,disease|MONDO|6932,0.84892450,1
82,disease|MONDO|7186,0.67355300,2
82,disease|MONDO|4781,0.65915482,3
82,disease|MONDO|2280,0.65318282,4
82,effect/phenotype|HPO|1681,0.58753500,5
82,disease|MONDO|9688,0.55747947,6
82,disease|MONDO|3781,0.53288736,7
82,disease|MONDO|4979,0.51924767,8
82,disease|MONDO|4822,0.46789734,9
82,disease|MONDO|7915,0.20742708,10
82,disease|MONDO|19562,0.18555835,11
82,disease|MONDO|4981,0.18165049,12
82,disease|MONDO|5109,0.14222119,13
82,disease|MONDO|5002,-0.13567763,14
82,disease|MONDO|5249,-0.16119920,15
82,disease|MONDO|5812,-0.16344299,16
83,effect/phenotype|HPO|1681,2.03903121,1
83,disease|MONDO|5315,1.99345136,2
83,disease|MONDO|4781,1.93863615,3
83,disease|MONDO|5249,1.89844880,4
83,disease|MONDO|5002,1.88495192,5
83,disease|MONDO|2280,1.84801527,6
83,disease|MONDO|4979,1.74741646,7
83,disease|MONDO|19338,1.66390252,8
83,disease|MONDO|9688,1.56038849,9
83,disease|MONDO|5383,1.42981221,10
83,disease|MONDO|6932,1.38023768,11
83,disease|MONDO|19562,0.89449950,12
83,disease|MONDO|5109,0.84746396,13
83,disease|MONDO|4496,0.51725928,14
83,disease|MONDO|5904,0.47137371,15
83,disease|MONDO|5077,0.42977069,16
83,disease|MONDO|5961,0.40222666,17
83,disease|MONDO|7186,0.28088306,18
83,disease|MONDO|5737,0.04886349,19
84,disease|MONDO|5002,1.79099026,1
84,effect/phenotype|HPO|1681,1.74342752,2
84,disease|MONDO|4979,1.74080600,3
84,disease|MONDO|9688,1.70961210,4
84,disease|MONDO|6932,1.69127383,5
84,disease|MONDO|2280,1.69089502,6
84,disease|MONDO|4781,1.68290239,7
84,disease|MONDO|7186,1.67738032,8
84,disease|MONDO|5383,1.61418062,9
84,disease|MONDO|5961,1.28468429,10
84,disease|MONDO|5249,1.26824780,11
84,disease|MONDO|3781,1.07499932,12
84,disease|MONDO|19338,0.93380284,13
84,disease|MONDO|5315,0.56621215,14
84,disease|MONDO|7915,0.51010375,15
84,disease|MONDO|5109,0.43548175,16
84,disease|MONDO|18076,0.39394918,17
84,disease|MONDO|5279,0.36510646,18
84,disease|MONDO|4496,0.34909163,19
84,disease|MONDO|5722,0.34427163,20
84,disease|MONDO|5904,0.28617010,21
84,disease|MONDO|1444,0.16800484,22
85,disease|MONDO|4781,2.34128872,1
85,disease|MONDO|2280,2.32279214,2
85,disease|MONDO|5249,2.29405776,3
85,disease|MONDO|9688,2.25957480,4
85,disease|MONDO|4979,2.25360104,5
85,effect/phenotype|HPO|25425,2.24060136,6
85,disease|MONDO|5002,2.23796481,7
85,disease|MONDO|7186,2.20962967,8
85,effect/phenotype|HPO|1681,2.14962853,9
85,disease|MONDO|3781,2.12023501,10
85,disease|MONDO|5961,2.11098762,11
85,disease|MONDO|6932,1.93563372,12
85,disease|MONDO|19562,1.80859870,13
85,disease|MONDO|5383,1.70757642,14
85,disease|MONDO|4981,1.28825098,15
85,disease|MONDO|7915,1.27959269,16
85,disease|MONDO|4496,1.21382961,17
85,disease|MONDO|21040,1.17748637,18
85,disease|MONDO|5109,1.08257417,19
85,disease|MONDO|4822,0.96246143,20
85,disease|MONDO|5279,0.61988749,21
85,disease|MONDO|19338,0.21707407,22
85,disease|MONDO|1444,0.13339768,23
85,disease|MONDO|5737,-0.00681058,24
86,disease|MONDO|4979,1.49494007,1
86,disease|MONDO|5002,1.42691324,2
86,disease|MONDO|5109,1.42690634,3
86,disease|MONDO|4781,1.42143370,4
86,disease|MONDO|9688,1.40273740,5
86,disease|MONDO|5315,1.37296898,6
86,disease|MONDO|2280,1.34538935,7
86,effect/phenotype|HPO|1681,1.33865581,8
86,disease|MONDO|7915,1.19118679,9
86,disease|MONDO|7186,1.17176199,10
86,disease|MONDO|100053,1.16232236,11
86,disease|MONDO|3781,1.05242845,12
86,disease|MONDO|5383,1.02508506,13
86,disease|MONDO|6932,1.00126150,14
86,disease|MONDO|5961,0.27797762,15
86,disease|MONDO|5249,0.21698122,16
86,disease|MONDO|4981,0.17621126,17
86,disease|MONDO|19338,0.16769896,18
86,disease|MONDO|5812,0.15628324,19
86,disease|MONDO|5737,0.11763622,20
87,disease|MONDO|19338,2.63700965,1
87,disease|MONDO|5279,2.62276235,2
87,disease|MONDO|4781,2.58836001,3
87,effect/phenotype|HPO|1681,2.54535121,4
87,disease|MONDO|7186,2.53432456,5
87,disease|MONDO|7915,2.53251979,6
87,disease|MONDO|4979,2.52534899,7
87,disease|MONDO|2280,2.41557598,8
87,disease|MONDO|5249,2.08323550,9
87,disease|MONDO|5002,2.04343283,10
87,disease|MONDO|21040,1.95175385,11
87,disease|MONDO|4496,1.88250935,12
87,disease|MONDO|19562,1.84394361,13
87,disease|MONDO|4822,1.73801472,14
87,disease|MONDO|4981,0.84751415,15
87,disease|MONDO|9688,0.81878096,16
87,disease|MONDO|5961,0.78626272,17
87,disease|MONDO|5383,0.72982830,18
87,disease|MONDO|3781,0.45082334,19
87,disease|MONDO|6932,0.26238042,20
87,disease|MONDO|1444,0.17694658,21
88,disease|MONDO|4781,2.12647989,1
88,disease|MONDO|4981,2.03109358,2
88,effect/phenotype|HPO|1681,2.02006703,3
88,disease|MONDO|4979,1.98656441,4
88,disease|MONDO|4867,1.98513074,5
88,disease|MONDO|5002,1.53054464,6
88,disease|MONDO|5383,1.51840514,7
88,disease|MONDO|3781,1.47028208,8
88,disease|MONDO|2280,1.46511757,9
88,disease|MONDO|6932,1.27965634,10
88,disease|MONDO|5249,1.24065328,11
88,disease|MONDO|19338,1.23298079,12
88,disease|MONDO|5315,1.06892239,13
88,disease|MONDO|100053,1.06693596,14
88,disease|MONDO|4496,1.05635661,15
88,disease|MONDO|9688,1.04340257,16
88,disease|MONDO|7915,1.03535648,17
88,disease|MONDO|5961,1.03306800,18
88,disease|MONDO|5737,0.94662625,19
88,disease|MONDO|7186,0.42135297,20
88,disease|MONDO|1444,0.13670667,21
89,disease|MONDO|4781,2.23742637,1
89,disease|MONDO|2280,2.09350926,2
89,disease|MONDO|7915,2.08194008,3
89,effect/phenotype|HPO|1681,2.01290399,4
89,disease|MONDO|19338,1.98443092,5
89,disease|MONDO|4496,1.96694331,6
89,disease|MONDO|4979,1.93362551,7
89,disease|MONDO|5002,1.84422698,8
89,disease|MONDO|5279,1.58346015,9
89,disease|MONDO|5109,1.13616879,10
89,disease|MONDO|9688,1.11648864,11
89,disease|MONDO|4981,1.05717415,12
89,disease|MONDO|100053,1.03718109,13
89,disease|MONDO|7186,1.02297986,14
89,disease|MONDO|5737,1.00563918,15
89,disease|MONDO|5315,0.91077758,16
89,disease|MONDO|5077,0.81703684,17
89,disease|MONDO|6932,0.68231018,18
89,disease|MONDO|3781,0.67580172,19
89,disease|MONDO|5812,0.66314596,20
89,disease|MONDO|1444,0.13055211,21
90,disease|MONDO|2280,2.55718443,1
90,disease|MONDO|5109,2.53933066,2
90,disease|MONDO|4781,2.53575349,3
90,effect/phenotype|HPO|1681,2.50498432,4
90,disease|MONDO|9688,2.37682430,5
90,disease|MONDO|2465,2.34245828,6
90,disease|MONDO|6932,2.13175485,7
90,disease|MONDO|4981,2.03304377,8
90,disease|MONDO|5249,1.99318843,9
90,disease|MONDO|5077,1.91190726,10
90,disease|MONDO|5961,1.86070976,11
90,disease|MONDO|18076,1.82658803,12
90,disease|MONDO|19338,1.65635267,13
90,disease|MONDO|5737,1.63188419,14
90,disease|MONDO|1444,1.47958402,15
90,disease|MONDO|4979,1.43329996,16
90,disease|MONDO|4496,1.39132369,17
90,disease|MONDO|7915,1.38309145,18
90,disease|MONDO|5002,1.36023653,19
90,disease|MONDO|100053,1.34660879,20
90,disease|MONDO|5722,1.23319712,21
90,disease|MONDO|4867,1.15738104,22
90,disease|MONDO|5904,1.08775385,23
90,disease|MONDO|3781,1.06892296,24
91,disease|MONDO|4781,2.28229642,1
91,disease|MONDO|2280,2.18252257,2
91,disease|MONDO|7915,2.11970991,3
91,disease|MONDO|4979,1.99739097,4
91,effect/phenotype|HPO|1681,1.74227506,5
91,disease|MONDO|5279,1.61066735,6
91,disease|MONDO|19338,1.24986371,7
91,disease|MONDO|5109,1.14983128,8
91,disease|MONDO|9688,1.14343813,9
91,disease|MONDO|4981,1.10983638,10
91,disease|MONDO|4496,1.08526862,11
91,disease|MONDO|7186,1.05156800,12
91,disease|MONDO|5737,1.03017282,13
91,disease|MONDO|19562,0.97718433,14
91,disease|MONDO|5315,0.95633063,15
91,disease|MONDO|5077,0.84638183,16
91,disease|MONDO|6932,0.69221702,17
91,disease|MONDO|5812,0.67715776,18
91,disease|MONDO|4867,0.53916574,19
91,disease|MONDO|5002,0.39013309,20
91,disease|MONDO|1444,0.14204100,21
91,disease|MONDO|3781,0.13922755,22
92,disease|MONDO|5002,0.96984024,1
92,disease|MONDO|4979,0.43545647,2
92,disease|MONDO|3781,0.43294895,3
92,disease|MONDO|4981,0.30018555,4
92,disease|MONDO|4781,0.28495062,5
92,disease|MONDO|5109,0.20220251,6
92,effect/phenotype|HPO|1681,0.19999364,7
92,disease|MONDO|29000,0.18175109,8
92,disease|MONDO|100053,0.15643957,9
92,disease|MONDO|1444,0.09735629,10
92,disease|MONDO|7915,0.06060144,11
92,disease|MONDO|5737,-0.02632783,12
92,disease|MONDO|19338,-0.05562874,13
92,disease|MONDO|18076,-0.12785931,14
93,disease|MONDO|2280,1.07561830,1
93,effect/phenotype|HPO|1681,1.02258736,2
93,disease|MONDO|7915,0.57030980,3
93,disease|MONDO|5279,0.53726374,4
93,disease|MONDO|4979,0.50938120,5
93,disease|MONDO|1444,0.48350803,6
93,disease|MONDO|3781,0.41703907,7
93,disease|MONDO|19338,0.39550623,8
93,disease|MONDO|4781,0.38347387,9
93,disease|MONDO|4981,0.32060842,10
93,disease|MONDO|5002,0.29942726,11
93,disease|MONDO|29000,0.26299927,12
93,disease|MONDO|100053,0.25126636,13
93,disease|MONDO|19562,0.23622182,14
93,disease|MONDO|5249,0.20540391,15
93,disease|MONDO|5383,0.18106003,16
93,disease|MONDO|5737,0.17641570,17
93,disease|MONDO|9688,0.16388381,18
93,disease|MONDO|5904,0.14490143,19
93,disease|MONDO|18076,-0.01061782,20
94,disease|MONDO|5002,0.42389875,1
94,disease|MONDO|5249,0.31611297,2
94,disease|MONDO|4979,0.28591811,3
94,disease|MONDO|4981,0.26813059,4
94,disease|MONDO|5383,0.20703178,5
94,effect/phenotype|HPO|1681,0.16731592,6
94,disease|MONDO|2280,0.14873482,7
94,disease|MONDO|4781,0.11099131,8
94,disease|MONDO|100053,0.00166535,9
94,disease|MONDO|9688,-0.02602320,10
94,disease|MONDO|5737,-0.07106495,11
94,disease|MONDO|1444,-0.16136295,12
94,disease|MONDO|19338,-0.32647708,13
95,disease|MONDO|7915,1.90496948,1
95,disease|MONDO|4781,1.86040871,2
95,effect/phenotype|HPO|1681,1.84301090,3
95,disease|MONDO|5279,1.81335355,4
95,disease|MONDO|4979,1.80850568,5
95,disease|MONDO|5383,1.78411314,6
95,disease|MONDO|19562,1.73302339,7
95,disease|MONDO|2280,1.72256799,8
95,disease|MONDO|5812,0.64229158,9
95,disease|MONDO|9688,0.56645985,10
95,disease|MONDO|5249,0.52955884,11
95,disease|MONDO|7186,0.52045748,12
95,disease|MONDO|19338,0.17841318,13
95,disease|MONDO|1444,-0.01355012,14
96,disease|MONDO|5002,0.83459246,1
96,disease|MONDO|7915,0.81641411,2
96,disease|MONDO|4979,0.77396145,3
96,disease|MONDO|2280,0.72154333,4
96,disease|MONDO|5249,0.69620109,5
96,disease|MONDO|4781,0.64407918,6
96,disease|MONDO|5279,0.64247398,7
96,disease|MONDO|3781,0.62460117,8
96,effect/phenotype|HPO|1681,0.49995691,9
96,disease|MONDO|9688,0.16405733,10
96,disease|MONDO|100053,0.15611815,11
96,disease|MONDO|5904,0.15123912,12
96,disease|MONDO|1444,-0.13699678,13
97,disease|MONDO|4781,1.19213486,1
97,effect/phenotype|HPO|1681,1.16256316,2
97,disease|MONDO|4496,1.10864321,3
97,disease|MONDO|5904,1.10778514,4
97,disease|MONDO|2280,1.10176008,5
97,disease|MONDO|5109,1.01157109,6
97,disease|MONDO|7915,0.94954473,7
97,disease|MONDO|3441,0.83764428,8
97,disease|MONDO|19338,0.47733904,9
97,disease|MONDO|5961,0.40920734,10
97,disease|MONDO|9688,0.38854520,11
97,disease|MONDO|5753,0.30873443,12
97,disease|MONDO|19562,-0.19246876,13
98,disease|MONDO|4781,2.28307435,1
98,disease|MONDO|2280,2.16213937,2
98,disease|MONDO|7915,2.11725941,3
98,effect/phenotype|HPO|1681,2.07196479,4
98,disease|MONDO|4496,2.01977122,5
98,disease|MONDO|4979,1.98263638,6
98,disease|MONDO|5002,1.90275175,7
98,disease|MONDO|5279,1.60496232,8
98,disease|MONDO|19338,1.23255269,9
98,disease|MONDO|5109,1.14845949,10
98,disease|MONDO|9688,1.14248371,11
98,disease|MONDO|4981,1.09281339,12
98,disease|MONDO|7186,1.04467902,13
98,disease|MONDO|100053,1.04108082,14
98,disease|MONDO|5737,1.02227347,15
98,disease|MONDO|5315,0.94511241,16
98,disease|MONDO|5077,0.85400082,17
98,disease|MONDO|3781,0.69518696,18
98,disease|MONDO|6932,0.68862954,19
98,disease|MONDO|5812,0.67096502,20
98,disease|MONDO|4867,0.53485334,21
98,disease|MONDO|1444,0.13233896,22
99,disease|MONDO|21040,1.36899841,1
99,disease|MONDO|5249,1.15664740,2
99,disease|MONDO|5109,1.14929857,3
99,effect/phenotype|HPO|1681,1.14127732,4
99,disease|MONDO|2280,0.98948111,5
99,disease|MONDO|19338,0.98356019,6
99,disease|MONDO|4781,0.67218013,7
99,disease|MONDO|4979,0.54071779,8
99,disease|MONDO|1444,0.47188604,9
99,disease|MONDO|7915,0.42347471,10
99,disease|MONDO|5279,0.36776558,11
99,disease|MONDO|9688,0.33622355,12
99,disease|MONDO|5737,0.32047304,13
99,disease|MONDO|100053,0.21400739,14
99,disease|MONDO|4981,0.12236424,15
99,disease|MONDO|5002,-0.00701040,16
99,disease|MONDO|5812,-0.01971914,17
100,disease|MONDO|4981,2.26854023,1
100,effect/phenotype|HPO|1681,2.03903109,2
100,disease|MONDO|4781,1.91593987,3
100,disease|MONDO|5249,1.89844868,4
100,disease|MONDO|19338,1.87173367,5
100,disease|MONDO|7915,1.85977340,6
100,disease|MONDO|2280,1.84801524,7
100,disease|MONDO|4496,1.83419622,8
100,disease|MONDO|6932,1.82877477,9
100,disease|MONDO|5002,1.82730910,10
100,disease|MONDO|5904,1.78831072,11
100,disease|MONDO|18076,1.78035164,12
100,disease|MONDO|5383,1.77792469,13
100,disease|MONDO|9688,1.76821967,14
100,disease|MONDO|5961,1.68994802,15
100,disease|MONDO|4979,1.68977364,16
100,disease|MONDO|5279,1.63631955,17
100,disease|MONDO|5315,1.44762164,18
100,disease|MONDO|5109,1.28454215,19
100,disease|MONDO|3781,1.20499473,20
100,disease|MONDO|7186,1.15761498,21
100,disease|MONDO|19562,0.89449941,22
100,disease|MONDO|5077,0.42977083,23
100,disease|MONDO|1444,0.22207963,24
100,disease|MONDO|5737,0.04886353,25
101,disease|MONDO|2280,2.10643408,1
101,effect/phenotype|HPO|1681,2.10106917,2
101,disease|MONDO|4781,2.09236801,3
101,disease|MONDO|9688,2.05328614,4
101,disease|MONDO|7915,2.03443696,5
101,disease|MONDO|4981,1.72445187,6
101,disease|MONDO|7186,1.68313491,7
101,disease|MONDO|5002,1.67483944,8
101,disease|MONDO|43537,1.63269342,9
101,disease|MONDO|4979,1.62963209,10
101,disease|MONDO|5383,1.49478842,11
101,disease|MONDO|19338,1.19596800,12
101,disease|MONDO|18076,1.18402040,13
101,disease|MONDO|1444,1.08795962,14
101,disease|MONDO|5737,0.99614718,15
101,disease|MONDO|5109,0.66488481,16
101,disease|MONDO|5279,0.64692011,17
101,disease|MONDO|4822,0.57468653,18
101,disease|MONDO|100053,0.57262447,19
101,disease|MONDO|5315,0.53529267,20
101,disease|MONDO|3781,0.37785477,21
102,disease|MONDO|4979,1.81901902,1
102,disease|MONDO|5737,1.79914784,2
102,disease|MONDO|18076,1.78893857,3
102,disease|MONDO|1444,1.78067172,4
102,disease|MONDO|19338,1.75079598,5
102,disease|MONDO|9688,1.62239465,6
102,disease|MONDO|4981,1.57939668,7
102,disease|MONDO|7186,1.44167824,8
102,effect/phenotype|HPO|1681,1.37314850,9
102,disease|MONDO|5077,1.34473100,10
102,disease|MONDO|4781,1.32966863,11
102,disease|MONDO|2280,1.32835300,12
102,disease|MONDO|4867,1.32614053,13
102,disease|MONDO|5904,1.27912562,14
102,disease|MONDO|100053,1.27761630,15
102,disease|MONDO|5002,1.26373269,16
102,disease|MONDO|3781,1.22086950,17
102,disease|MONDO|4496,1.21039881,18
102,disease|MONDO|7915,1.21035656,19
102,disease|MONDO|5961,1.13775787,20
102,disease|MONDO|5279,0.65432213,21
102,disease|MONDO|5249,0.37720004,22
102,disease|MONDO|5109,0.31881494,23
102,disease|MONDO|5383,0.31314220,24
102,disease|MONDO|43537,0.19031417,25
102,disease|MONDO|6932,0.16071304,26
103,effect/phenotype|HPO|1681,1.89289241,1
103,disease|MONDO|29000,1.85855678,2
103,disease|MONDO|2280,1.75933905,3
103,disease|MONDO|7186,1.71374436,4
103,disease|MONDO|4781,1.69875018,5
103,disease|MONDO|4979,1.58896272,6
103,disease|MONDO|5002,1.50726743,7
103,disease|MONDO|5904,1.40190194,8
103,disease|MONDO|19338,1.38454957,9
103,disease|MONDO|4496,1.37480451,10
103,disease|MONDO|7915,1.35986020,11
103,disease|MONDO|18076,1.29516890,12
103,disease|MONDO|5249,1.22004431,13
103,disease|MONDO|9688,1.04528809,14
103,disease|MONDO|4981,0.97147221,15
103,disease|MONDO|100053,0.90644557,16
103,disease|MONDO|5077,0.90376628,17
103,disease|MONDO|5961,0.88626151,18
103,disease|MONDO|5753,0.82326111,19
103,disease|MONDO|5383,0.77909564,20
103,disease|MONDO|43537,0.74178977,21
103,disease|MONDO|5315,0.66845049,22
103,disease|MONDO|6932,0.56672102,23
103,disease|MONDO|3781,0.56090011,24
103,disease|MONDO|5279,0.40591174,25
103,disease|MONDO|5109,0.29883782,26
103,disease|MONDO|19562,0.16899130,27
103,disease|MONDO|1444,0.12622672,28
104,disease|MONDO|29000,0.75841854,1
104,disease|MONDO|19338,0.74211480,2
104,disease|MONDO|5383,0.68342567,3
104,disease|MONDO|5279,0.67567097,4
104,effect/phenotype|HPO|1681,0.67230791,5
104,disease|MONDO|4781,0.58338553,6
104,disease|MONDO|7186,0.56713874,7
104,disease|MONDO|4981,0.55656853,8
104,disease|MONDO|9688,0.54798286,9
104,disease|MONDO|2280,0.41707730,10
104,disease|MONDO|5002,0.37579094,11
104,disease|MONDO|7915,0.13257375,12
104,disease|MONDO|4979,0.08342021,13
104,disease|MONDO|5737,0.00904918,14
104,disease|MONDO|1444,-0.02063598,15
104,disease|MONDO|5109,-0.05156854,16
104,disease|MONDO|18076,-0.25108218,17
105,disease|MONDO|4781,2.00912905,1
105,disease|MONDO|5249,1.98177996,2
105,effect/phenotype|HPO|1681,1.97110978,3
105,disease|MONDO|5383,1.93464376,4
105,disease|MONDO|19338,1.88191468,5
105,disease|MONDO|5961,1.85961874,6
105,disease|MONDO|3781,1.68328730,7
105,disease|MONDO|9688,1.55099732,8
105,disease|MONDO|2280,1.55055213,9
105,disease|MONDO|6932,1.49153879,10
105,disease|MONDO|4979,1.47940657,11
105,disease|MONDO|5002,1.39663431,12
105,disease|MONDO|4981,1.09868643,13
105,disease|MONDO|5737,1.09799635,14
105,disease|MONDO|4496,1.09657955,15
105,disease|MONDO|5109,1.00128554,16
105,disease|MONDO|7915,0.91742460,17
105,disease|MONDO|5315,0.86172239,18
105,disease|MONDO|7186,0.84945875,19
105,disease|MONDO|1444,0.29912251,20
106,disease|MONDO|5249,2.89370084,1
106,disease|MONDO|5002,2.86112949,2
106,disease|MONDO|19338,2.84779361,3
106,disease|MONDO|4781,2.84255990,4
106,disease|MONDO|9688,2.84132496,5
106,disease|MONDO|21040,2.81043234,6
106,disease|MONDO|4979,2.80044341,7
106,disease|MONDO|5279,2.79600883,8
106,effect/phenotype|HPO|1681,2.77505976,9
106,disease|MONDO|7186,2.76986653,10
106,disease|MONDO|7915,2.76160276,11
106,disease|MONDO|5383,2.73358849,12
106,disease|MONDO|4496,2.68535276,13
106,disease|MONDO|19562,2.61860800,14
106,disease|MONDO|43537,2.60456404,15
106,disease|MONDO|2280,2.56886554,16
106,disease|MONDO|4822,2.55345949,17
106,disease|MONDO|3781,2.47614729,18
106,disease|MONDO|6932,2.33608570,19
106,disease|MONDO|4981,2.19355142,20
106,disease|MONDO|5904,0.80267411,21
106,disease|MONDO|18076,0.79994023,22
106,disease|MONDO|5737,-0.05499495,23
107,effect/phenotype|HPO|1681,1.71654204,1
107,disease|MONDO|4981,1.67308819,2
107,disease|MONDO|9688,1.62707682,3
107,disease|MONDO|4979,1.56648463,4
107,disease|MONDO|2280,1.53370962,5
107,disease|MONDO|5279,1.52213749,6
107,disease|MONDO|6932,1.50312784,7
107,disease|MONDO|4781,1.48968820,8
107,disease|MONDO|7915,1.29467538,9
107,disease|MONDO|19562,1.28819166,10
107,disease|MONDO|100053,0.71419442,11
107,disease|MONDO|4822,0.31691237,12
107,disease|MONDO|7186,0.22178090,13
107,disease|MONDO|19338,0.17387792,14
107,disease|MONDO|5002,0.14961760,15
107,disease|MONDO|1444,0.03807721,16
108,disease|MONDO|7915,2.65751871,1
108,disease|MONDO|4981,2.65335160,2
108,disease|MONDO|2280,2.60800663,3
108,disease|MONDO|4496,2.60431856,4
108,disease|MONDO|4979,2.60223505,5
108,disease|MONDO|9688,2.59094122,6
108,disease|MONDO|4867,2.52594203,7
108,disease|MONDO|100053,2.50010881,8
108,disease|MONDO|5002,2.48866394,9
108,disease|MONDO|1444,2.44619811,10
108,disease|MONDO|7186,2.42640579,11
108,disease|MONDO|18076,2.40492447,12
108,disease|MONDO|5904,2.40246014,13
108,effect/phenotype|HPO|1681,2.38441405,14
108,disease|MONDO|3781,2.34129113,15
108,disease|MONDO|6932,2.19034938,16
108,disease|MONDO|5737,2.17031607,17
108,disease|MONDO|5249,2.00868207,18
108,disease|MONDO|21040,1.94728085,19
108,disease|MONDO|5722,1.93856928,20
108,disease|MONDO|5109,1.83108011,21
108,disease|MONDO|5383,1.82653956,22
108,disease|MONDO|4781,1.82482454,23
108,disease|MONDO|5279,1.81332311,24
108,disease|MONDO|19338,1.77937809,25
108,disease|MONDO|19562,1.76383170,26
108,disease|MONDO|43537,1.75662123,27
108,disease|MONDO|5812,0.81466949,28
108,disease|MONDO|5315,0.66586609,29
108,disease|MONDO|5961,0.65649253,30
108,disease|MONDO|4822,0.44164127,31
109,disease|MONDO|4981,2.74048817,1
109,disease|MONDO|5279,2.69536853,2
109,disease|MONDO|4781,2.67906278,3
109,disease|MONDO|7915,2.64067698,4
109,effect/phenotype|HPO|1681,2.62271947,5
109,disease|MONDO|4979,2.61464018,6
109,disease|MONDO|5249,2.20044065,7
109,disease|MONDO|5002,2.15785354,8
109,disease|MONDO|9688,2.14284360,9
109,disease|MONDO|19338,2.13963926,10
109,disease|MONDO|21040,2.12070942,11
109,disease|MONDO|7186,2.07143864,12
109,disease|MONDO|5383,2.04351336,13
109,disease|MONDO|4496,1.99511923,14
109,disease|MONDO|43537,1.93323237,15
109,disease|MONDO|19562,1.91696192,16
109,disease|MONDO|4822,1.85474717,17
109,disease|MONDO|2280,1.83567822,18
109,disease|MONDO|3781,1.80104668,19
109,disease|MONDO|6932,1.65781316,20
109,disease|MONDO|5961,0.76298779,21
109,disease|MONDO|1444,0.72685480,22
109,disease|MONDO|5737,0.39999564,23
110,disease|MONDO|4781,0.75199653,1
110,effect/phenotype|HPO|1681,0.72423476,2
110,disease|MONDO|5002,0.67810696,3
110,disease|MONDO|3781,0.30999991,4
110,disease|MONDO|5109,0.13885824,5
110,disease|MONDO|9688,0.04955326,6
110,disease|MONDO|7915,0.04646587,7
110,disease|MONDO|1444,0.03260725,8
110,disease|MONDO|5737,-0.00830581,9
110,disease|MONDO|19338,-0.02158158,10
110,disease|MONDO|18076,-0.26301253,11
111,disease|MONDO|4981,2.80158988,1
111,disease|MONDO|7915,2.76799116,2
111,disease|MONDO|2280,2.75624490,3
111,disease|MONDO|5249,2.74389094,4
111,disease|MONDO|4979,2.69879335,5
111,disease|MONDO|4496,2.68594146,6
111,disease|MONDO|5812,2.68320897,7
111,disease|MONDO|21040,2.68248966,8
111,disease|MONDO|9688,2.68010259,9
111,disease|MONDO|100053,2.58927014,10
111,disease|MONDO|5002,2.57028681,11
111,disease|MONDO|4781,2.56312892,12
111,disease|MONDO|5279,2.54453199,13
111,disease|MONDO|1444,2.54165068,14
111,effect/phenotype|HPO|1681,2.53265230,15
111,disease|MONDO|7186,2.53079928,16
111,disease|MONDO|18076,2.50037709,17
111,disease|MONDO|19562,2.49028495,18
111,disease|MONDO|5904,2.46671273,19
111,disease|MONDO|3781,2.40554378,20
111,disease|MONDO|4822,2.31018070,21
111,disease|MONDO|6932,2.27951072,22
111,disease|MONDO|5737,2.26576871,23
111,disease|MONDO|4867,1.97602710,24
111,disease|MONDO|19338,1.86853942,25
111,disease|MONDO|5383,0.68830501,26
112,disease|MONDO|2280,1.13748550,1
112,effect/phenotype|HPO|1681,1.06955763,2
112,disease|MONDO|7915,0.61080948,3
112,disease|MONDO|5279,0.57416181,4
112,disease|MONDO|4979,0.55165586,5
112,disease|MONDO|1444,0.52327698,6
112,disease|MONDO|3781,0.43910596,7
112,disease|MONDO|19338,0.43472535,8
112,disease|MONDO|4781,0.42431380,9
112,disease|MONDO|4981,0.33284043,10
112,disease|MONDO|5002,0.32350892,11
112,disease|MONDO|29000,0.28558213,12
112,disease|MONDO|100053,0.26723170,13
112,disease|MONDO|19562,0.26448335,14
112,disease|MONDO|5249,0.22707320,15
112,disease|MONDO|5383,0.21211135,16
112,disease|MONDO|5737,0.19797984,17
112,disease|MONDO|9688,0.18835890,18
112,disease|MONDO|5904,0.16798840,19
112,disease|MONDO|18076,-0.00354989,20
113,disease|MONDO|4979,2.03321612,1
113,disease|MONDO|7915,1.91304773,2
113,effect/phenotype|HPO|1681,1.85409509,3
113,disease|MONDO|19338,1.84902366,4
113,disease|MONDO|4781,1.82418595,5
113,disease|MONDO|5279,1.82214122,6
113,disease|MONDO|7186,1.65120279,7
113,disease|MONDO|19562,1.62397185,8
113,disease|MONDO|2280,1.48774689,9
113,disease|MONDO|5383,1.45442344,10
113,disease|MONDO|9688,1.39776289,11
113,disease|MONDO|5002,1.34478657,12
113,disease|MONDO|43537,1.08149087,13
113,disease|MONDO|21040,0.66991472,14
113,disease|MONDO|5109,0.61941051,15
113,disease|MONDO|5249,0.59141693,16
113,disease|MONDO|4496,0.57606688,17
113,disease|MONDO|4981,0.57022104,18
113,disease|MONDO|5812,0.49509940,19
113,disease|MONDO|5315,0.45376812,20
113,disease|MONDO|3781,0.38959493,21
113,disease|MONDO|4822,0.32698557,22
113,disease|MONDO|6932,0.30112702,23
113,disease|MONDO|5737,0.24488481,24
114,disease|MONDO|2280,2.87710941,1
114,disease|MONDO|5249,2.84205994,2
114,disease|MONDO|4981,2.80313185,3
114,disease|MONDO|4781,2.73779556,4
114,disease|MONDO|18076,2.73521107,5
114,disease|MONDO|4979,2.73354322,6
114,disease|MONDO|5002,2.72767228,7
114,disease|MONDO|5279,2.72028601,8
114,disease|MONDO|19338,2.69859147,9
114,disease|MONDO|21040,2.67436814,10
114,effect/phenotype|HPO|1681,2.63236250,11
114,disease|MONDO|7915,2.62137249,12
114,disease|MONDO|7186,2.56082541,13
114,disease|MONDO|4822,2.47111832,14
114,disease|MONDO|1444,2.07061917,15
114,disease|MONDO|5109,1.99848461,16
114,disease|MONDO|19562,1.96351248,17
114,disease|MONDO|5737,1.65832366,18
114,disease|MONDO|43537,1.56313294,19
114,disease|MONDO|4496,1.43506116,20
114,disease|MONDO|9688,1.41301835,21
114,disease|MONDO|5383,1.28234997,22
114,disease|MONDO|6932,1.16170845,23
114,disease|MONDO|3781,1.11501616,24
114,disease|MONDO|29000,0.93229800,25
115,disease|MONDO|4781,1.18350399,1
115,effect/phenotype|HPO|1681,1.13304910,2
115,disease|MONDO|5279,1.09206928,3
115,disease|MONDO|2280,1.08631433,4
115,disease|MONDO|7915,0.91898980,5
115,disease|MONDO|7186,0.26861245,6
115,disease|MONDO|9688,0.21287575,7
115,disease|MONDO|19338,0.02949946,8
115,disease|MONDO|5737,-0.02723245,9
115,disease|MONDO|1444,-0.04117775,10
115,disease|MONDO|19562,-0.17404236,11
116,disease|MONDO|4981,1.92215776,1
116,disease|MONDO|2280,1.81598340,2
116,disease|MONDO|4781,1.80303389,3
116,effect/phenotype|HPO|1681,1.76324295,4
116,disease|MONDO|7915,1.68953976,5
116,disease|MONDO|5002,1.63854442,6
116,disease|MONDO|5070,1.49766126,7
116,disease|MONDO|5383,1.24929862,8
116,disease|MONDO|5279,1.01303089,9
116,disease|MONDO|9688,0.94933422,10
116,disease|MONDO|4979,0.85547629,11
116,disease|MONDO|7186,0.54382202,12
116,disease|MONDO|6932,0.30069027,13
116,disease|MONDO|19338,0.23971620,14
116,disease|MONDO|1444,0.23385486,15
117,disease|MONDO|5249,2.51377711,1
117,disease|MONDO|2280,2.50268096,2
117,disease|MONDO|5279,2.49699232,3
117,disease|MONDO|19338,2.46174413,4
117,disease|MONDO|4781,2.45090044,5
117,effect/phenotype|HPO|1681,2.41926217,6
117,disease|MONDO|5737,2.16602654,7
117,disease|MONDO|4981,2.04455143,8
117,disease|MONDO|5383,1.91220430,9
117,disease|MONDO|5315,1.90307248,10
117,disease|MONDO|7915,1.81221709,11
117,disease|MONDO|9688,1.80852447,12
117,disease|MONDO|4979,1.77595162,13
117,disease|MONDO|5109,1.38908452,14
117,disease|MONDO|5002,1.36907214,15
117,disease|MONDO|4496,1.26268980,16
117,disease|MONDO|7186,1.11820183,17
117,disease|MONDO|3781,1.07426742,18
117,disease|MONDO|6932,1.06729816,19
117,disease|MONDO|19562,0.62110576,20
117,disease|MONDO|1444,0.25450590,21
117,disease|MONDO|18076,0.16545302,22
118,disease|MONDO|2280,3.15963852,1
118,disease|MONDO|4981,2.78977668,2
118,disease|MONDO|4781,2.73766604,3
118,disease|MONDO|4979,2.68800727,4
118,effect/phenotype|HPO|1681,2.67923239,5
118,disease|MONDO|5249,2.23395899,6
118,disease|MONDO|5002,2.19357061,7
118,disease|MONDO|9688,2.17213655,8
118,disease|MONDO|21040,2.14585418,9
118,disease|MONDO|7186,2.11366510,10
118,disease|MONDO|7915,2.10367775,11
118,disease|MONDO|5383,2.07484122,12
118,disease|MONDO|4496,2.02972068,13
118,disease|MONDO|19562,1.96115750,14
118,disease|MONDO|4822,1.87526548,15
118,disease|MONDO|3781,1.81227499,16
118,disease|MONDO|5279,1.48523098,17
118,disease|MONDO|19338,0.90120506,18
118,disease|MONDO|5904,0.82100517,19
118,disease|MONDO|18076,0.80369025,20
118,disease|MONDO|1444,0.26536572,21
118,disease|MONDO|5737,-0.05953562,22
119,disease|MONDO|4781,2.35675077,1
119,disease|MONDO|5737,2.33509818,2
119,disease|MONDO|2280,2.32094309,3
119,disease|MONDO|4981,2.29881065,4
119,disease|MONDO|19338,2.28764207,5
119,disease|MONDO|7915,2.26826987,6
119,disease|MONDO|4979,2.25251718,7
119,effect/phenotype|HPO|1681,2.18743095,8
119,disease|MONDO|100053,2.12519029,9
119,disease|MONDO|5002,2.04507592,10
119,disease|MONDO|3781,1.95013657,11
119,disease|MONDO|6932,1.89397869,12
119,disease|MONDO|9688,1.61823052,13
119,disease|MONDO|7186,1.55482928,14
119,disease|MONDO|5279,1.12907597,15
119,disease|MONDO|5383,0.50375076,16
119,disease|MONDO|4496,0.49587634,17
119,disease|MONDO|5904,0.43045318,18
119,disease|MONDO|1444,0.16065612,19
120,disease|MONDO|7915,0.94872306,1
120,disease|MONDO|4979,0.91174586,2
120,disease|MONDO|2280,0.78764382,3
120,disease|MONDO|4781,0.77879766,4
120,disease|MONDO|5279,0.77445962,5
120,disease|MONDO|5249,0.74999944,6
120,disease|MONDO|3781,0.62973027,7
120,effect/phenotype|HPO|1681,0.58015358,8
120,disease|MONDO|5002,0.42746876,9
120,disease|MONDO|9688,0.21640021,10
120,disease|MONDO|100053,0.19868869,11
120,disease|MONDO|4496,0.18993095,12
120,disease|MONDO|5904,0.15511735,13
120,disease|MONDO|5383,0.10057954,14
120,disease|MONDO|29000,-0.02598488,15
120,disease|MONDO|1444,-0.14754826,16
121,disease|MONDO|21040,1.37810470,1
121,disease|MONDO|5249,1.16953965,2
121,disease|MONDO|5109,1.15935716,3
121,effect/phenotype|HPO|1681,1.14841910,4
121,disease|MONDO|2280,0.99784470,5
121,disease|MONDO|5812,0.93604308,6
121,disease|MONDO|4781,0.68644172,7
121,disease|MONDO|4979,0.54815608,8
121,disease|MONDO|1444,0.47492937,9
121,disease|MONDO|19338,0.43819045,10
121,disease|MONDO|7915,0.43367611,11
121,disease|MONDO|5279,0.37735288,12
121,disease|MONDO|9688,0.33577882,13
121,disease|MONDO|5737,0.31947106,14
121,disease|MONDO|100053,0.21628605,15
121,disease|MONDO|4981,0.13150617,16
121,disease|MONDO|29000,0.09930372,17
121,disease|MONDO|5002,0.00025643,18
122,disease|MONDO|4979,2.60138932,1
122,disease|MONDO|4781,2.58858854,2
122,disease|MONDO|5279,2.58056453,3
122,disease|MONDO|21040,2.55986387,4
122,disease|MONDO|1444,2.54995844,5
122,disease|MONDO|19338,2.54100937,6
122,effect/phenotype|HPO|1681,2.48857127,7
122,disease|MONDO|7915,2.48283163,8
122,disease|MONDO|19562,2.44568190,9
122,disease|MONDO|5109,2.44351280,10
122,disease|MONDO|2280,2.15966499,11
122,disease|MONDO|5737,2.14466818,12
122,disease|MONDO|5249,2.10215148,13
122,disease|MONDO|4981,2.07221019,14
122,disease|MONDO|5002,2.00761420,15
122,disease|MONDO|18076,2.00018904,16
122,disease|MONDO|4496,1.93956086,17
122,disease|MONDO|4822,1.74663438,18
122,disease|MONDO|7186,1.24413197,19
122,disease|MONDO|29000,0.87678197,20
122,disease|MONDO|9688,0.71394555,21
122,disease|MONDO|6932,0.50566797,22
122,disease|MONDO|3781,0.47080718,23
123,disease|MONDO|2280,2.87734205,1
123,disease|MONDO|5249,2.83771771,2
123,disease|MONDO|4981,2.80286244,3
123,disease|MONDO|4979,2.73750964,4
123,disease|MONDO|18076,2.73092851,5
123,disease|MONDO|4781,2.73013580,6
123,disease|MONDO|5002,2.72726059,7
123,disease|MONDO|5279,2.71445423,8
123,disease|MONDO|19338,2.70335892,9
123,effect/phenotype|HPO|1681,2.63828310,10
123,disease|MONDO|7915,2.63179925,11
123,disease|MONDO|7186,2.55886169,12
123,disease|MONDO|5109,2.53252023,13
123,disease|MONDO|4822,2.47039475,14
123,disease|MONDO|21040,2.07780951,15
123,disease|MONDO|1444,2.07471454,16
123,disease|MONDO|19562,1.96214910,17
123,disease|MONDO|5737,1.67435290,18
123,disease|MONDO|43537,1.55479407,19
123,disease|MONDO|4496,1.43542445,20
123,disease|MONDO|9688,1.42551082,21
123,disease|MONDO|5383,1.28572693,22
123,disease|MONDO|6932,1.15913756,23
123,disease|MONDO|3781,1.11890237,24
124,disease|MONDO|4781,1.86797214,1
124,effect/phenotype|HPO|1681,1.79907605,2
124,disease|MONDO|4979,1.79706168,3
124,disease|MONDO|5279,1.77753967,4
124,disease|MONDO|2280,1.74972136,5
124,disease|MONDO|4981,1.45582765,6
124,disease|MONDO|7915,1.44474080,7
124,disease|MONDO|5961,1.39966649,8
124,disease|MONDO|5002,1.39006788,9
124,disease|MONDO|100053,1.36984135,10
124,disease|MONDO|19562,1.35938738,11
124,disease|MONDO|5077,1.31750589,12
124,disease|MONDO|9688,1.28999057,13
124,disease|MONDO|7186,1.21984380,14
124,disease|MONDO|19338,1.04027456,15
124,disease|MONDO|5737,0.91228665,16
124,disease|MONDO|5383,0.88120557,17
124,disease|MONDO|3781,0.83326434,18
124,disease|MONDO|5904,0.70212146,19
124,disease|MONDO|1444,0.16618130,20
125,disease|MONDO|2280,1.80502500,1
125,disease|MONDO|7915,1.76954997,2
125,disease|MONDO|3781,1.76948008,3
125,disease|MONDO|4781,1.59915961,4
125,disease|MONDO|5383,1.55295281,5
125,disease|MONDO|5279,1.55155738,6
125,disease|MONDO|5249,1.53932366,7
125,disease|MONDO|18076,1.50382271,8
125,disease|MONDO|7186,1.50099886,9
125,disease|MONDO|4979,1.41347517,10
125,disease|MONDO|21040,1.36323404,11
125,disease|MONDO|5109,1.27338846,12
125,disease|MONDO|9688,1.20665399,13
125,effect/phenotype|HPO|1681,1.20431253,14
125,disease|MONDO|5812,0.87783833,15
125,disease|MONDO|4496,0.87164807,16
125,disease|MONDO|5002,0.86292119,17
125,disease|MONDO|19562,0.82145170,18
125,disease|MONDO|4822,0.80498650,19
125,disease|MONDO|6932,0.45078091,20
125,disease|MONDO|5961,0.36476687,21
125,disease|MONDO|1444,0.26303893,22
125,disease|MONDO|19338,0.11244214,23
126,disease|MONDO|29000,1.23076028,1
126,disease|MONDO|6932,1.19034315,2
126,disease|MONDO|4781,1.17394920,3
126,disease|MONDO|2280,1.16376331,4
126,disease|MONDO|5002,1.16261862,5
126,effect/phenotype|HPO|1681,1.14054085,6
126,disease|MONDO|5279,1.12505126,7
126,disease|MONDO|4979,1.09277494,8
126,disease|MONDO|100053,1.08815289,9
126,disease|MONDO|7186,1.07076268,10
126,disease|MONDO|19562,1.04770498,11
126,disease|MONDO|7915,1.04492694,12
126,disease|MONDO|5249,1.02275263,13
126,disease|MONDO|3781,1.00491893,14
126,disease|MONDO|5383,0.98968804,15
126,disease|MONDO|4981,0.98334411,16
126,disease|MONDO|5722,0.98041761,17
126,disease|MONDO|4822,0.98020518,18
126,disease|MONDO|5961,0.93877150,19
126,disease|MONDO|9688,0.87538657,20
126,disease|MONDO|4777,0.87417191,21
126,disease|MONDO|5070,0.41352386,22
126,disease|MONDO|5737,0.11096889,23
126,disease|MONDO|1444,-0.05204415,24
126,disease|MONDO|18076,-0.15599982,25
126,disease|MONDO|19338,-0.16510814,26
127,effect/phenotype|HPO|1681,1.17768028,1
127,disease|MONDO|4781,1.02626317,2
127,disease|MONDO|19562,1.02528738,3
127,disease|MONDO|7186,1.01496862,4
127,disease|MONDO|5002,0.99505153,5
127,disease|MONDO|4979,0.97931795,6
127,disease|MONDO|7915,0.97650957,7
127,disease|MONDO|9688,0.93356484,8
127,disease|MONDO|2280,0.90085150,9
127,disease|MONDO|5109,0.84667217,10
127,disease|MONDO|1444,0.69145288,11
127,disease|MONDO|4981,0.66797434,12
127,disease|MONDO|5249,0.66526419,13
127,disease|MONDO|2465,0.58576451,14
127,disease|MONDO|6932,0.53519544,15
127,disease|MONDO|100053,0.50455912,16
127,disease|MONDO|29000,0.45862544,17
127,disease|MONDO|5961,0.42524661,18
127,disease|MONDO|5383,0.38237093,19
127,disease|MONDO|5737,0.06355961,20
127,disease|MONDO|19338,-0.24974950,21
128,disease|MONDO|4781,1.11808099,1
128,disease|MONDO|5383,1.03973904,2
128,effect/phenotype|HPO|1681,1.01412023,3
128,disease|MONDO|5279,0.93540181,4
128,disease|MONDO|4981,0.83525496,5
128,disease|MONDO|2280,0.81620616,6
128,disease|MONDO|7915,0.75357858,7
128,disease|MONDO|4979,0.54011740,8
128,disease|MONDO|5077,0.33674254,9
128,disease|MONDO|100053,0.31803111,10
128,disease|MONDO|5002,0.31076994,11
128,disease|MONDO|6932,0.24473505,12
128,disease|MONDO|29000,0.21740518,13
128,disease|MONDO|43537,0.17897894,14
128,disease|MONDO|9688,0.15400906,15
128,disease|MONDO|1444,0.11104667,16
128,disease|MONDO|7186,0.09303376,17
128,disease|MONDO|5737,0.04157849,18
128,disease|MONDO|18076,0.02814113,19
128,disease|MONDO|19338,0.02293342,20
129,disease|MONDO|2280,1.04743993,1
129,effect/phenotype|HPO|1681,1.00085861,2
129,disease|MONDO|7915,0.53986762,3
129,disease|MONDO|5279,0.50099291,4
129,disease|MONDO|4979,0.48103270,5
129,disease|MONDO|1444,0.45841991,6
129,disease|MONDO|3781,0.42795159,7
129,disease|MONDO|19338,0.37005463,8
129,disease|MONDO|4781,0.35048586,9
129,disease|MONDO|4981,0.31894007,10
129,disease|MONDO|5002,0.28300104,11
129,disease|MONDO|100053,0.25252480,12
129,disease|MONDO|29000,0.25209026,13
129,disease|MONDO|19562,0.21244511,14
129,disease|MONDO|5249,0.18782245,15
129,disease|MONDO|5737,0.16819543,16
129,disease|MONDO|5383,0.15872356,17
129,disease|MONDO|9688,0.15448411,18
129,disease|MONDO|5904,0.12485415,19
129,disease|MONDO|18076,-0.01867926,20
130,disease|MONDO|43537,0.77028062,1
130,disease|MONDO|4781,0.75159449,2
130,effect/phenotype|HPO|1681,0.74620140,3
130,disease|MONDO|4979,0.38476289,4
130,disease|MONDO|7915,0.29529396,5
130,disease|MONDO|5279,0.18514397,6
130,disease|MONDO|5002,0.04502398,7
130,disease|MONDO|18076,-0.02726649,8
130,disease|MONDO|1444,-0.09714048,9
130,disease|MONDO|2280,-0.13020234,10
130,disease|MONDO|19338,-0.28111988,11
131,disease|MONDO|4981,2.75858402,1
131,effect/phenotype|HPO|1681,2.64993680,2
131,disease|MONDO|2280,2.54257029,3
131,disease|MONDO|5249,2.21543363,4
131,disease|MONDO|5002,2.17428622,5
131,disease|MONDO|19338,2.16707894,6
131,disease|MONDO|4781,2.16212738,7
131,disease|MONDO|9688,2.14186531,8
131,disease|MONDO|21040,2.12087351,9
131,disease|MONDO|4979,2.10040140,10
131,disease|MONDO|7186,2.09720558,11
131,disease|MONDO|7915,2.08152890,12
131,disease|MONDO|5383,2.06222557,13
131,disease|MONDO|4496,2.01321799,14
131,disease|MONDO|19562,1.94755320,15
131,disease|MONDO|4822,1.86595335,16
131,disease|MONDO|3781,1.81728986,17
131,disease|MONDO|5279,1.46599847,18
131,disease|MONDO|5961,0.77879709,19
131,disease|MONDO|1444,0.72327554,20
131,disease|MONDO|5737,0.41059689,21
132,disease|MONDO|2280,1.61999896,1
132,disease|MONDO|4781,1.46749232,2
132,disease|MONDO|7915,1.36711366,3
132,disease|MONDO|19338,1.11306751,4
132,disease|MONDO|7186,1.10571665,5
132,disease|MONDO|9688,1.06333248,6
132,effect/phenotype|HPO|1681,1.05134356,7
132,disease|MONDO|5109,1.03555462,8
132,disease|MONDO|5002,0.99507562,9
132,disease|MONDO|6932,0.81711750,10
132,disease|MONDO|5383,0.73692149,11
132,disease|MONDO|4979,0.65358263,12
132,disease|MONDO|5279,0.40258580,13
132,disease|MONDO|4822,0.35291168,14
132,disease|MONDO|5249,0.34406917,15
132,disease|MONDO|3781,0.14627552,16
132,disease|MONDO|18076,0.05624264,17
132,disease|MONDO|1444,-0.02787203,18
132,disease|MONDO|5737,-0.23733926,19
133,disease|MONDO|4979,1.17239727,1
133,disease|MONDO|5002,1.13392708,2
133,effect/phenotype|HPO|1681,1.08180106,3
133,disease|MONDO|4781,1.08005082,4
133,disease|MONDO|6932,1.06921159,5
133,disease|MONDO|2280,1.04728947,6
133,disease|MONDO|5383,1.01799231,7
133,disease|MONDO|9688,0.95645322,8
133,disease|MONDO|7186,0.94516039,9
133,disease|MONDO|5279,0.90059735,10
133,disease|MONDO|100053,0.85418922,11
133,disease|MONDO|29000,0.53267181,12
133,disease|MONDO|5077,0.38584125,13
133,disease|MONDO|43537,0.24864071,14
133,disease|MONDO|3781,0.21956078,15
133,disease|MONDO|4981,0.21125262,16
133,disease|MONDO|7915,0.14106046,17
133,disease|MONDO|5109,0.12976216,18
133,disease|MONDO|1444,0.12073231,19
133,disease|MONDO|18076,0.03978386,20
133,disease|MONDO|19338,0.02803371,21
134,disease|MONDO|2280,2.57343522,1
134,disease|MONDO|4781,2.55904883,2
134,disease|MONDO|5109,2.55546272,3
134,effect/phenotype|HPO|1681,2.52168512,4
134,disease|MONDO|9688,2.40213016,5
134,disease|MONDO|5077,2.38972409,6
134,disease|MONDO|2465,2.35942695,7
134,disease|MONDO|5961,2.33294058,8
134,disease|MONDO|6932,2.14295037,9
134,disease|MONDO|4979,2.08117080,10
134,disease|MONDO|4981,2.05114111,11
134,disease|MONDO|19338,2.02553993,12
134,disease|MONDO|7915,2.01062137,13
134,disease|MONDO|5002,2.00921062,14
134,disease|MONDO|5249,2.00764421,15
134,disease|MONDO|5737,1.99383432,16
134,disease|MONDO|5315,1.94810623,17
134,disease|MONDO|1444,1.84426007,18
134,disease|MONDO|18076,1.83254042,19
134,disease|MONDO|4867,1.79919089,20
134,disease|MONDO|43537,1.77000335,21
134,disease|MONDO|4496,1.38819024,22
134,disease|MONDO|100053,1.33601171,23
134,disease|MONDO|5722,1.24101174,24
134,disease|MONDO|5904,1.09051928,25
134,disease|MONDO|3781,1.06217032,26
134,disease|MONDO|5279,0.68703079,27
134,disease|MONDO|7186,0.57106861,28
135,disease|MONDO|5383,0.55258086,1
135,effect/phenotype|HPO|1681,0.54434666,2
135,disease|MONDO|4781,0.46632284,3
135,disease|MONDO|7915,-0.00655675,4
135,disease|MONDO|4979,-0.02529915,5
135,disease|MONDO|5002,-0.03986315,6
135,disease|MONDO|2280,-0.07041873,7
135,disease|MONDO|1444,-0.07186303,8
135,disease|MONDO|18076,-0.25653571,9
135,disease|MONDO|19338,-0.34606457,10
135,disease|MONDO|5737,-0.41097546,11
136,disease|MONDO|6031,2.02207513,1
136,disease|MONDO|4979,1.99604851,2
136,disease|MONDO|2280,1.99256653,3
136,disease|MONDO|7915,1.97612973,4
136,disease|MONDO|5077,1.92708024,5
136,disease|MONDO|5961,1.87695453,6
136,effect/phenotype|HPO|1681,1.87329032,7
136,disease|MONDO|6932,1.82320941,8
136,disease|MONDO|5279,1.80594942,9
136,disease|MONDO|4781,1.79933856,10
136,disease|MONDO|19562,1.79563934,11
136,disease|MONDO|3781,1.78357315,12
136,disease|MONDO|5904,1.77942577,13
136,disease|MONDO|5737,1.77019913,14
136,disease|MONDO|5249,1.43180637,15
136,disease|MONDO|4981,1.40429795,16
136,disease|MONDO|9688,1.36455967,17
136,disease|MONDO|7186,1.36077568,18
136,disease|MONDO|4822,1.30406564,19
136,disease|MONDO|100053,1.17996514,20
136,disease|MONDO|19338,0.94195721,21
136,disease|MONDO|5109,0.88998675,22
136,disease|MONDO|5002,0.87838687,23
136,disease|MONDO|18076,0.82425709,24
136,disease|MONDO|5315,0.60617352,25
136,disease|MONDO|5383,0.48267817,26
136,disease|MONDO|21040,0.46610244,27
136,disease|MONDO|4496,0.45622848,28
136,disease|MONDO|5812,0.36301176,29
136,disease|MONDO|1444,0.14502412,30
137,disease|MONDO|9688,2.00499155,1
137,disease|MONDO|4979,1.99714154,2
137,disease|MONDO|4781,1.92127794,3
137,disease|MONDO|19338,1.91892225,4
137,disease|MONDO|4496,1.90620059,5
137,disease|MONDO|2280,1.90380982,6
137,disease|MONDO|5383,1.90136728,7
137,disease|MONDO|5002,1.86637226,8
137,effect/phenotype|HPO|1681,1.85453951,9
137,disease|MONDO|5961,1.83978863,10
137,disease|MONDO|21040,1.83393678,11
137,disease|MONDO|19562,1.83045702,12
137,disease|MONDO|7915,1.80428337,13
137,disease|MONDO|43537,1.73233655,14
137,disease|MONDO|5077,1.66284764,15
137,disease|MONDO|5315,1.65630765,16
137,disease|MONDO|5904,1.64104337,17
137,disease|MONDO|100053,1.59762876,18
137,disease|MONDO|6932,1.56520337,19
137,disease|MONDO|3781,1.54959317,20
137,disease|MONDO|7186,1.47731405,21
137,disease|MONDO|5737,1.12189436,22
137,disease|MONDO|4981,0.95280811,23
137,disease|MONDO|5812,0.55016530,24
137,disease|MONDO|5109,0.42525855,25
137,disease|MONDO|18076,0.09791717,26
137,disease|MONDO|1444,0.06039795,27
138,disease|MONDO|4981,2.32985133,1
138,effect/phenotype|HPO|1681,2.03903118,2
138,disease|MONDO|5315,1.99345133,3
138,disease|MONDO|4781,1.93863615,4
138,disease|MONDO|1444,1.91636574,5
138,disease|MONDO|5249,1.89844869,6
138,disease|MONDO|5002,1.88495177,7
138,disease|MONDO|2280,1.84801528,8
138,disease|MONDO|6932,1.82877484,9
138,disease|MONDO|5109,1.78118796,10
138,disease|MONDO|4979,1.74741627,11
138,disease|MONDO|5961,1.74444409,12
138,disease|MONDO|3781,1.70164056,13
138,disease|MONDO|19338,1.66390251,14
138,disease|MONDO|9688,1.56038852,15
138,disease|MONDO|5383,1.42981213,16
138,disease|MONDO|7186,1.15761497,17
138,disease|MONDO|7915,0.94148079,18
138,disease|MONDO|19562,0.89449949,19
138,disease|MONDO|5279,0.73691724,20
138,disease|MONDO|4496,0.51725915,21
138,disease|MONDO|5904,0.47137362,22
139,disease|MONDO|4981,2.80158973,1
139,disease|MONDO|7915,2.76799089,2
139,disease|MONDO|2280,2.75624481,3
139,disease|MONDO|5249,2.74389076,4
139,disease|MONDO|4979,2.69879323,5
139,disease|MONDO|4496,2.68594134,6
139,disease|MONDO|5812,2.68320876,7
139,disease|MONDO|21040,2.68248951,8
139,disease|MONDO|9688,2.67879650,9
139,disease|MONDO|5002,2.57028672,10
139,disease|MONDO|4781,2.56312883,11
139,disease|MONDO|5383,2.55684431,12
139,disease|MONDO|5279,2.54453185,13
139,effect/phenotype|HPO|1681,2.53265224,14
139,disease|MONDO|7186,2.53079917,15
139,disease|MONDO|19562,2.49028480,16
139,disease|MONDO|4822,2.31018054,17
139,disease|MONDO|4867,1.97602686,18
139,disease|MONDO|1444,1.89480463,19
139,disease|MONDO|18076,1.85353103,20
139,disease|MONDO|5904,1.85254498,21
139,disease|MONDO|3781,1.79137597,22
139,disease|MONDO|5737,1.61892258,23
139,disease|MONDO|100053,1.45158583,24
139,disease|MONDO|5722,1.44773108,25
139,disease|MONDO|5109,1.34024186,26
139,disease|MONDO|43537,1.26578294,27
139,disease|MONDO|19338,1.22169334,28
139,disease|MONDO|6932,1.14182638,29
140,disease|MONDO|2280,1.80502279,1
140,disease|MONDO|7915,1.76954734,2
140,disease|MONDO|3781,1.76947655,3
140,disease|MONDO|4781,1.59915753,4
140,disease|MONDO|5383,1.55294971,5
140,disease|MONDO|5279,1.55155550,6
140,disease|MONDO|5249,1.53932154,7
140,disease|MONDO|18076,1.50382245,8
140,disease|MONDO|7186,1.50099612,9
140,disease|MONDO|4979,1.41347352,10
140,disease|MONDO|21040,1.36323133,11
140,disease|MONDO|5109,1.27338677,12
140,disease|MONDO|9688,1.20665319,13
140,effect/phenotype|HPO|1681,1.20431024,14
140,disease|MONDO|5812,0.87783617,15
140,disease|MONDO|4496,0.87164608,16
140,disease|MONDO|5002,0.86291933,17
140,disease|MONDO|19562,0.82145032,18
140,disease|MONDO|4822,0.80498545,19
140,disease|MONDO|6932,0.45078048,20
140,disease|MONDO|5961,0.36476612,21
140,disease|MONDO|1444,0.26303822,22
140,disease|MONDO|19338,0.11244161,23
141,disease|MONDO|2280,1.33924428,1
141,disease|MONDO|6932,1.32502055,2
141,disease|MONDO|7186,1.31900048,3
141,disease|MONDO|4979,1.29349378,4
141,disease|MONDO|5249,1.27658003,5
141,disease|MONDO|4867,1.26742810,6
141,disease|MONDO|4781,1.24400756,7
141,disease|MONDO|19338,1.22093296,8
141,disease|MONDO|18076,1.19863825,9
141,disease|MONDO|3781,1.18164046,10
141,disease|MONDO|7915,1.16587198,11
141,disease|MONDO|4496,1.16182825,12
141,disease|MONDO|100053,1.14023369,13
141,disease|MONDO|9688,1.12203307,14
141,disease|MONDO|5383,1.11946832,15
141,disease|MONDO|21040,1.11511473,16
141,disease|MONDO|5279,1.08682740,17
141,effect/phenotype|HPO|1681,1.07656869,18
141,disease|MONDO|5904,1.06044092,19
141,disease|MONDO|5002,0.93930602,20
141,disease|MONDO|4822,0.80463231,21
141,effect/phenotype|HPO|4763,0.65144278,22
141,disease|MONDO|5109,0.41890854,23
141,disease|MONDO|5077,0.37029745,24
141,disease|MONDO|4981,0.36743912,25
141,disease|MONDO|19562,0.13256240,26
141,disease|MONDO|1444,-0.11954045,27
141,disease|MONDO|5737,-0.27647698,28
142,disease|MONDO|4979,1.22322935,1
142,disease|MONDO|4781,1.06997446,2
142,effect/phenotype|HPO|1681,1.01393209,3
142,disease|MONDO|2280,0.95805904,4
142,disease|MONDO|5002,0.93914825,5
142,disease|MONDO|5904,0.77731399,6
142,disease|MONDO|19338,0.43029371,7
142,disease|MONDO|43537,0.38139229,8
142,disease|MONDO|5249,0.31902085,9
142,disease|MONDO|4822,0.31603053,10
142,disease|MONDO|100053,0.21800489,11
142,disease|MONDO|3781,0.19509386,12
142,disease|MONDO|29000,0.17386191,13
142,disease|MONDO|5383,0.16996679,14
142,disease|MONDO|7915,0.08759305,15
142,disease|MONDO|18076,0.08177327,16
142,disease|MONDO|1444,-0.00352518,17
142,disease|MONDO|5737,-0.02036776,18
142,disease|MONDO|9688,-0.19940384,19
143,disease|MONDO|4781,2.23349953,1
143,disease|MONDO|2280,2.11523114,2
143,disease|MONDO|7915,2.06768239,3
143,effect/phenotype|HPO|1681,2.02595958,4
143,disease|MONDO|4496,1.98180769,5
143,disease|MONDO|4979,1.93855255,6
143,disease|MONDO|5002,1.86306428,7
143,disease|MONDO|5279,1.57909441,8
143,disease|MONDO|19338,1.20537955,9
143,disease|MONDO|5109,1.12474987,10
143,disease|MONDO|9688,1.11514415,11
143,disease|MONDO|4981,1.06792553,12
143,disease|MONDO|7186,1.02546960,13
143,disease|MONDO|5737,1.00874393,14
143,disease|MONDO|5315,0.92355967,15
143,disease|MONDO|5077,0.83287632,16
143,disease|MONDO|6932,0.67629987,17
143,disease|MONDO|5812,0.65602681,18
143,disease|MONDO|4867,0.52164555,19
143,disease|MONDO|1444,0.13172752,20
144,disease|MONDO|5383,1.61312149,1
144,disease|MONDO|7915,1.61096960,2
144,effect/phenotype|HPO|1681,1.60935926,3
144,disease|MONDO|9688,1.57457105,4
144,disease|MONDO|100053,1.50610122,5
144,disease|MONDO|4781,1.49169020,6
144,disease|MONDO|2280,1.46521832,7
144,disease|MONDO|4981,1.44029568,8
144,disease|MONDO|4979,1.43363585,9
144,disease|MONDO|7186,1.36270785,10
144,disease|MONDO|6932,1.32605001,11
144,disease|MONDO|5904,1.19091517,12
144,disease|MONDO|5279,1.18687674,13
144,disease|MONDO|5002,1.08512154,14
144,disease|MONDO|19338,0.54134645,15
144,disease|MONDO|5109,0.30730391,16
144,disease|MONDO|5315,0.20079353,17
144,disease|MONDO|1444,0.10282261,18
145,effect/phenotype|HPO|1681,1.09731779,1
145,disease|MONDO|19562,1.00570563,2
145,disease|MONDO|7186,0.98572490,3
145,disease|MONDO|5002,0.94459005,4
145,disease|MONDO|4979,0.93615365,5
145,disease|MONDO|4781,0.92772536,6
145,disease|MONDO|7915,0.89083660,7
145,disease|MONDO|9688,0.88261979,8
145,disease|MONDO|2280,0.84917926,9
145,disease|MONDO|5109,0.78468222,10
145,disease|MONDO|1444,0.64605577,11
145,disease|MONDO|4981,0.60102208,12
145,disease|MONDO|2465,0.58896567,13
145,disease|MONDO|6932,0.52416539,14
145,disease|MONDO|100053,0.46165203,15
145,disease|MONDO|29000,0.42817560,16
145,disease|MONDO|5961,0.38687247,17
145,disease|MONDO|5383,0.32766551,18
145,disease|MONDO|5737,0.06069635,19
145,disease|MONDO|19338,-0.27234161,20
146,disease|MONDO|2280,1.80502512,1
146,disease|MONDO|7915,1.76954979,2
146,disease|MONDO|3781,1.76947910,3
146,disease|MONDO|4781,1.59915989,4
146,disease|MONDO|5383,1.55295269,5
146,disease|MONDO|5279,1.55155704,6
146,disease|MONDO|5249,1.53932333,7
146,disease|MONDO|18076,1.50382300,8
146,disease|MONDO|7186,1.50099881,9
146,disease|MONDO|4979,1.41347504,10
146,disease|MONDO|21040,1.36323400,11
146,disease|MONDO|5109,1.27338865,12
146,disease|MONDO|9688,1.20665434,13
146,effect/phenotype|HPO|1681,1.20431254,14
146,disease|MONDO|5812,0.87783803,15
146,disease|MONDO|4496,0.87164788,16
146,disease|MONDO|5002,0.86292106,17
146,disease|MONDO|19562,0.82145184,18
146,disease|MONDO|4822,0.80498686,19
146,disease|MONDO|6932,0.45078079,20
146,disease|MONDO|5961,0.36476766,21
146,disease|MONDO|1444,0.26303887,22
147,disease|MONDO|2280,0.93240164,1
147,effect/phenotype|HPO|1681,0.90892122,2
147,disease|MONDO|6932,0.90776744,3
147,disease|MONDO|7915,0.90776052,4
147,disease|MONDO|4781,0.87154959,5
147,disease|MONDO|4981,0.86789166,6
147,disease|MONDO|4979,0.86555620,7
147,disease|MONDO|9688,0.73448633,8
147,disease|MONDO|5249,0.68723151,9
147,disease|MONDO|100053,0.48947412,10
147,disease|MONDO|2465,0.46146002,11
147,disease|MONDO|1444,0.38589312,12
147,disease|MONDO|19562,0.36308575,13
147,disease|MONDO|5279,0.32538263,14
147,disease|MONDO|19338,0.27515601,15
147,disease|MONDO|3781,0.27325441,16
147,disease|MONDO|18076,0.24917187,17
147,disease|MONDO|5002,0.22903469,18
147,disease|MONDO|7186,0.21751383,19
147,disease|MONDO|29000,0.15885054,20
147,disease|MONDO|4822,0.15060228,21
147,disease|MONDO|5961,0.13095159,22
147,disease|MONDO|5315,0.05918638,23
147,disease|MONDO|5109,0.04520924,24
148,disease|MONDO|7915,1.91464663,1
148,disease|MONDO|4781,1.87867476,2
148,effect/phenotype|HPO|1681,1.85799500,3
148,disease|MONDO|5279,1.82847044,4
148,disease|MONDO|4979,1.82650040,5
148,disease|MONDO|5383,1.80289185,6
148,disease|MONDO|19562,1.74453919,7
148,disease|MONDO|2280,1.74316808,8
148,disease|MONDO|5904,0.99534133,9
148,disease|MONDO|9688,0.97870646,10
148,disease|MONDO|5812,0.63629845,11
148,disease|MONDO|5249,0.54060835,12
148,disease|MONDO|7186,0.52512488,13
148,disease|MONDO|19338,0.50947143,14
148,disease|MONDO|4496,0.47239487,15
148,disease|MONDO|5002,0.44197597,16
148,disease|MONDO|5961,0.40822747,17
148,disease|MONDO|3781,0.36871055,18
148,disease|MONDO|6932,0.08677648,19
148,disease|MONDO|1444,-0.00820037,20
149,disease|MONDO|4496,2.48175687,1
149,disease|MONDO|4781,2.11934513,2
149,disease|MONDO|4981,2.01373217,3
149,effect/phenotype|HPO|1681,2.00881150,4
149,disease|MONDO|4979,2.00461531,5
149,disease|MONDO|4867,1.98258582,6
149,disease|MONDO|7915,1.87932838,7
149,disease|MONDO|5383,1.51919514,8
149,disease|MONDO|5002,1.51093506,9
149,disease|MONDO|9688,1.47545443,10
149,disease|MONDO|3781,1.45757154,11
149,disease|MONDO|2280,1.44900939,12
149,disease|MONDO|6932,1.26779705,13
149,disease|MONDO|5249,1.22355336,14
149,disease|MONDO|19338,1.22180058,15
149,disease|MONDO|5315,1.05067044,16
149,disease|MONDO|100053,1.04988250,17
149,disease|MONDO|5961,1.02313069,18
149,disease|MONDO|5279,1.01968530,19
149,disease|MONDO|5737,0.95280136,20
149,disease|MONDO|4822,0.87755977,21
149,disease|MONDO|7186,0.43395752,22
149,disease|MONDO|1444,0.12887196,23
150,disease|MONDO|2280,2.10630924,1
150,effect/phenotype|HPO|1681,2.07815167,2
150,disease|MONDO|4781,2.07276583,3
150,disease|MONDO|7915,1.50840890,4
150,disease|MONDO|4981,1.20320120,5
150,disease|MONDO|7186,1.16092622,6
150,disease|MONDO|5002,1.15493181,7
150,disease|MONDO|19338,1.14684448,8
150,disease|MONDO|43537,1.10672310,9
150,disease|MONDO|4979,1.10368270,10
150,disease|MONDO|9688,1.05356055,11
150,disease|MONDO|5383,0.96879244,12
150,disease|MONDO|4496,0.68098125,13
150,disease|MONDO|5109,0.63310379,14
150,disease|MONDO|18076,0.59519935,15
150,disease|MONDO|4822,0.57467060,16
150,disease|MONDO|100053,0.57259555,17
150,disease|MONDO|5904,0.54644701,18
150,disease|MONDO|5315,0.53524035,19
150,disease|MONDO|6932,0.41641455,20
150,disease|MONDO|3781,0.37783957,21
151,disease|MONDO|4781,1.83566216,1
151,disease|MONDO|5249,1.83249825,2
151,effect/phenotype|HPO|1681,1.81495343,3
151,disease|MONDO|9688,1.81475320,4
151,disease|MONDO|19338,1.80721705,5
151,disease|MONDO|4979,1.77611673,6
151,disease|MONDO|5002,1.65634444,7
151,disease|MONDO|2280,1.62947814,8
151,disease|MONDO|7186,1.61289961,9
151,disease|MONDO|4981,1.46033657,10
151,disease|MONDO|7915,1.37075034,11
151,disease|MONDO|19562,1.34574255,12
151,disease|MONDO|5737,1.01510308,13
151,disease|MONDO|5279,0.93436766,14
151,disease|MONDO|5109,0.88432900,15
151,disease|MONDO|100053,0.77582344,16
151,disease|MONDO|5904,0.72516875,17
151,disease|MONDO|8259,0.64054930,18
151,disease|MONDO|6932,0.61154565,19
151,disease|MONDO|5812,0.50541632,20
151,disease|MONDO|43537,0.33605506,21
152,disease|MONDO|29000,1.17408798,1
152,disease|MONDO|6932,1.16531424,2
152,disease|MONDO|4781,1.09186433,3
152,disease|MONDO|2280,1.08965518,4
152,disease|MONDO|4979,1.03380291,5
152,disease|MONDO|100053,0.99852832,6
152,disease|MONDO|5279,0.99631494,7
152,disease|MONDO|7186,0.98409750,8
152,disease|MONDO|7915,0.98098552,9
152,disease|MONDO|3781,0.97330844,10
152,disease|MONDO|5002,0.96299784,11
152,effect/phenotype|HPO|1681,0.95571484,12
152,disease|MONDO|5249,0.95300079,13
152,disease|MONDO|5383,0.91721892,14
152,disease|MONDO|4981,0.91720351,15
152,disease|MONDO|4822,0.90225945,16
152,disease|MONDO|5722,0.89506872,17
152,disease|MONDO|5961,0.87985662,18
152,disease|MONDO|9688,0.78409728,19
152,disease|MONDO|4777,0.67877337,20
152,disease|MONDO|5070,0.33301916,21
152,disease|MONDO|19562,0.22829307,22
152,disease|MONDO|1444,-0.10156285,23
152,disease|MONDO|18076,-0.16545212,24
152,disease|MONDO|19338,-0.21921997,25
152,disease|MONDO|5737,-0.32667559,26
153,disease|MONDO|4979,1.37122115,1
153,disease|MONDO|3781,1.36203088,2
153,disease|MONDO|7915,1.31797338,3
153,disease|MONDO|100053,1.31547037,4
153,disease|MONDO|4781,1.23557240,5
153,disease|MONDO|2280,1.19131473,6
153,disease|MONDO|5961,1.08174707,7
153,disease|MONDO|5904,1.08169529,8
153,disease|MONDO|9688,1.03935948,9
153,effect/phenotype|HPO|1681,1.00562893,10
153,disease|MONDO|5279,0.86942464,11
153,disease|MONDO|5753,0.80853266,12
153,disease|MONDO|4981,0.33101643,13
153,disease|MONDO|1444,0.15425712,14
153,disease|MONDO|3441,0.13120322,15
153,disease|MONDO|18076,0.06105971,16
153,disease|MONDO|19338,0.04243951,17
153,disease|MONDO|5737,-0.14665070,18
154,disease|MONDO|2280,2.77474508,1
154,disease|MONDO|5249,2.72051054,2
154,disease|MONDO|4981,2.68413106,3
154,disease|MONDO|18076,2.62991092,4
154,disease|MONDO|4781,2.62770414,5
154,disease|MONDO|4979,2.60414994,6
154,disease|MONDO|5002,2.59990242,7
154,disease|MONDO|5279,2.58738506,8
154,disease|MONDO|21040,2.55053869,9
154,effect/phenotype|HPO|1681,2.49899918,10
154,disease|MONDO|7915,2.48123008,11
154,disease|MONDO|5109,2.43001395,12
154,disease|MONDO|4822,2.35023945,13
154,disease|MONDO|19338,1.97589493,14
154,disease|MONDO|1444,1.97425139,15
154,disease|MONDO|19562,1.87771156,16
154,disease|MONDO|7186,1.84589136,17
154,disease|MONDO|5737,1.56443916,18
154,disease|MONDO|43537,1.48792237,19
154,disease|MONDO|4496,1.37275350,20
154,disease|MONDO|9688,1.33847445,21
154,disease|MONDO|5383,1.19960903,22
154,disease|MONDO|6932,1.10438450,23
154,disease|MONDO|3781,1.08437592,24
155,disease|MONDO|4781,1.98272446,1
155,disease|MONDO|5249,1.95340292,2
155,effect/phenotype|HPO|1681,1.94446748,3
155,disease|MONDO|5383,1.91374131,4
155,disease|MONDO|19338,1.85869811,5
155,disease|MONDO|5961,1.82760907,6
155,disease|MONDO|3781,1.64851655,7
155,disease|MONDO|2280,1.54222570,8
155,disease|MONDO|9688,1.53675145,9
155,disease|MONDO|6932,1.47998166,10
155,disease|MONDO|4979,1.47659829,11
155,disease|MONDO|5002,1.39822080,12
155,disease|MONDO|5737,1.08844873,13
155,disease|MONDO|4981,1.08708489,14
155,disease|MONDO|4496,1.07893261,15
155,disease|MONDO|5109,0.99196963,16
155,disease|MONDO|7915,0.91154280,17
155,disease|MONDO|5315,0.84375620,18
155,disease|MONDO|7186,0.84109871,19
155,disease|MONDO|1444,0.29073900,20
156,disease|MONDO|2280,2.32102132,1
156,disease|MONDO|5383,2.32063653,2
156,disease|MONDO|5279,2.30970648,3
156,disease|MONDO|9688,2.28084271,4
156,disease|MONDO|5737,2.23540679,5
156,disease|MONDO|19338,2.23405024,6
156,effect/phenotype|HPO|1681,2.23363167,7
156,disease|MONDO|5002,2.21935837,8
156,disease|MONDO|4979,2.18218559,9
156,disease|MONDO|21040,2.15022831,10
156,disease|MONDO|7186,2.14418797,11
156,disease|MONDO|4781,2.14057210,12
156,disease|MONDO|7915,2.13876338,13
156,disease|MONDO|100053,2.06662412,14
156,disease|MONDO|6932,1.82965684,15
156,disease|MONDO|4981,1.23446462,16
156,disease|MONDO|3781,0.90954058,17
156,disease|MONDO|1444,0.18059859,18
157,disease|MONDO|7915,1.62285964,1
157,disease|MONDO|5279,1.56751773,2
157,disease|MONDO|4781,1.54286671,3
157,disease|MONDO|19562,1.51420477,4
157,disease|MONDO|2280,1.41681670,5
157,disease|MONDO|4979,1.41278305,6
157,disease|MONDO|5904,1.24602443,7
157,effect/phenotype|HPO|1681,1.20857346,8
157,disease|MONDO|4496,1.17343190,9
157,disease|MONDO|7186,1.16865009,10
157,disease|MONDO|19338,1.16571048,11
157,disease|MONDO|18076,1.13348789,12
157,disease|MONDO|5002,1.12137288,13
157,disease|MONDO|5315,1.08303853,14
157,disease|MONDO|3781,0.97866929,15
157,disease|MONDO|4981,0.77379993,16
157,disease|MONDO|5249,0.55528547,17
157,disease|MONDO|5737,0.12074468,18
157,disease|MONDO|1444,0.02438708,19
158,disease|MONDO|7915,2.36108088,1
158,disease|MONDO|2280,2.34436971,2
158,disease|MONDO|4979,2.30098361,3
158,disease|MONDO|5002,2.20256257,4
158,disease|MONDO|5279,2.19433890,5
158,disease|MONDO|5383,2.17076710,6
158,effect/phenotype|HPO|1681,2.15378906,7
158,disease|MONDO|4781,2.13615361,8
158,disease|MONDO|9688,1.69732629,9
158,disease|MONDO|5315,0.59336835,10
158,disease|MONDO|19338,0.26787639,11
158,disease|MONDO|1444,0.26679635,12
158,disease|MONDO|18076,0.19037636,13
158,disease|MONDO|5737,-0.11315326,14
159,disease|MONDO|4981,2.66171587,1
159,disease|MONDO|2280,2.64550123,2
159,disease|MONDO|4979,2.63565227,3
159,disease|MONDO|19338,2.62411699,4
159,disease|MONDO|4781,2.61442611,5
159,disease|MONDO|5279,2.61103782,6
159,disease|MONDO|21040,2.59579074,7
159,disease|MONDO|1444,2.58553395,8
159,disease|MONDO|18076,2.56834066,9
159,effect/phenotype|HPO|1681,2.52671570,10
159,disease|MONDO|7915,2.51190053,11
159,disease|MONDO|7186,2.48756489,12
159,disease|MONDO|19562,2.48475809,13
159,disease|MONDO|5109,2.47659916,14
159,disease|MONDO|5737,2.17940544,15
159,disease|MONDO|5249,2.13940072,16
159,disease|MONDO|5002,2.01865906,17
159,disease|MONDO|4822,1.75399648,18
159,disease|MONDO|29000,0.91100556,19
159,disease|MONDO|43537,0.88328406,20
159,disease|MONDO|4496,0.75687936,21
159,disease|MONDO|9688,0.75252928,22
159,disease|MONDO|5383,0.60562187,23
159,disease|MONDO|6932,0.50659911,24
159,disease|MONDO|3781,0.45123492,25
160,disease|MONDO|4781,2.13501066,1
160,disease|MONDO|5249,2.07171044,2
160,disease|MONDO|4981,2.04367632,3
160,effect/phenotype|HPO|1681,2.03216797,4
160,disease|MONDO|9688,1.97796139,5
160,disease|MONDO|4979,1.97523704,6
160,disease|MONDO|5961,1.93698166,7
160,disease|MONDO|3781,1.82520396,8
160,disease|MONDO|7915,1.81933259,9
160,disease|MONDO|5002,1.47735739,10
160,disease|MONDO|19338,1.17309116,11
160,disease|MONDO|100053,1.06568533,12
160,disease|MONDO|5383,1.06191280,13
160,disease|MONDO|2280,1.03003329,14
160,disease|MONDO|5737,1.02753896,15
160,disease|MONDO|5109,0.98777075,16
160,disease|MONDO|5315,0.96427990,17
160,disease|MONDO|7186,0.92988376,18
160,disease|MONDO|6932,0.65550436,19
160,disease|MONDO|4867,0.49874367,20
160,disease|MONDO|1444,0.23205307,21
161,disease|MONDO|4781,1.84962408,1
161,disease|MONDO|5249,1.84901842,2
161,effect/phenotype|HPO|1681,1.83301269,3
161,disease|MONDO|9688,1.82041237,4
161,disease|MONDO|19338,1.81973059,5
161,disease|MONDO|4979,1.79180972,6
161,disease|MONDO|5002,1.67128818,7
161,disease|MONDO|2280,1.63820085,8
161,disease|MONDO|7186,1.62928195,9
161,disease|MONDO|4981,1.49476135,10
161,disease|MONDO|7915,1.38144273,11
161,disease|MONDO|19562,1.35300724,12
161,disease|MONDO|5737,1.02047537,13
161,disease|MONDO|5279,0.94387887,14
161,disease|MONDO|5109,0.88815835,15
161,disease|MONDO|100053,0.78994543,16
161,disease|MONDO|5904,0.74106665,17
161,disease|MONDO|8259,0.64143014,18
161,disease|MONDO|6932,0.61130580,19
161,disease|MONDO|5812,0.50840394,20
161,disease|MONDO|43537,0.34743659,21
162,disease|MONDO|4781,1.55152470,1
162,disease|MONDO|19562,1.52745220,2
162,disease|MONDO|4979,1.43233806,3
162,disease|MONDO|7915,1.30026799,4
162,disease|MONDO|5904,1.26050931,5
162,disease|MONDO|5279,1.22899136,6
162,effect/phenotype|HPO|1681,1.22437324,7
162,disease|MONDO|7186,1.19203290,8
162,disease|MONDO|19338,1.19024844,9
162,disease|MONDO|4496,1.18532382,10
162,disease|MONDO|18076,1.15002880,11
162,disease|MONDO|5002,1.13906728,12
162,disease|MONDO|5315,1.10928433,13
162,disease|MONDO|5383,1.05203814,14
162,disease|MONDO|3781,0.98655720,15
162,disease|MONDO|6932,0.90085563,16
162,disease|MONDO|4981,0.78898986,17
162,disease|MONDO|2280,0.71592293,18
162,disease|MONDO|5249,0.56255047,19
162,disease|MONDO|1444,0.03425372,20
163,disease|MONDO|2280,1.35606183,1
163,disease|MONDO|6932,1.33849654,2
163,disease|MONDO|7186,1.32338232,3
163,disease|MONDO|4979,1.30898713,4
163,disease|MONDO|5249,1.28988533,5
163,disease|MONDO|4867,1.28166522,6
163,disease|MONDO|4781,1.24417445,7
163,disease|MONDO|19338,1.24076771,8
163,disease|MONDO|18076,1.21472700,9
163,disease|MONDO|3781,1.20052044,10
163,disease|MONDO|7915,1.18118011,11
163,disease|MONDO|4496,1.17960588,12
163,disease|MONDO|100053,1.16549003,13
163,disease|MONDO|21040,1.12797419,14
163,disease|MONDO|5383,1.11854199,15
163,disease|MONDO|9688,1.11512117,16
163,disease|MONDO|5279,1.10296274,17
163,effect/phenotype|HPO|1681,1.08890743,18
163,disease|MONDO|5904,1.08360220,19
163,disease|MONDO|5002,0.94793874,20
163,disease|MONDO|4822,0.81402503,21
163,effect/phenotype|HPO|4763,0.65226243,22
163,disease|MONDO|5109,0.42466928,23
163,disease|MONDO|5077,0.38417798,24
163,disease|MONDO|4981,0.36817724,25
163,disease|MONDO|19562,0.13804708,26
163,disease|MONDO|1444,-0.11310297,27
163,disease|MONDO|5737,-0.27478498,28
164,disease|MONDO|7915,2.74668050,1
164,disease|MONDO|9688,2.68010277,2
164,disease|MONDO|4979,2.67633700,3
164,disease|MONDO|4496,2.66857141,4
164,disease|MONDO|5249,2.65552855,5
164,disease|MONDO|2280,2.65102121,6
164,disease|MONDO|21040,2.59412727,7
164,disease|MONDO|100053,2.58927038,8
164,disease|MONDO|4867,2.57301027,9
164,disease|MONDO|5002,2.55291685,10
164,disease|MONDO|1444,2.54165097,11
164,disease|MONDO|7186,2.51556745,12
164,disease|MONDO|18076,2.50037742,13
164,disease|MONDO|5109,2.47792655,14
164,disease|MONDO|5383,2.47338589,15
164,disease|MONDO|4781,2.47167093,16
164,disease|MONDO|5904,2.46671295,17
164,disease|MONDO|5279,2.46016946,18
164,disease|MONDO|19338,2.42622441,19
164,disease|MONDO|19562,2.41067807,20
164,disease|MONDO|3781,2.40554403,21
164,disease|MONDO|43537,2.40346758,22
164,effect/phenotype|HPO|1681,2.40213835,23
164,disease|MONDO|6932,2.27951095,24
164,disease|MONDO|5737,2.26576895,25
164,disease|MONDO|4981,2.12981191,26
164,disease|MONDO|5812,1.46151567,27
164,disease|MONDO|5315,1.31271224,28
164,disease|MONDO|5961,1.30333865,29
164,disease|MONDO|4822,1.08848743,30
165,effect/phenotype|HPO|1681,2.03903118,1
165,disease|MONDO|5315,1.99345134,2
165,disease|MONDO|4781,1.93863618,3
165,disease|MONDO|5249,1.89844874,4
165,disease|MONDO|5002,1.88495183,5
165,disease|MONDO|2280,1.84801529,6
165,disease|MONDO|6932,1.82877482,7
165,disease|MONDO|5109,1.78118797,8
165,disease|MONDO|4979,1.74741636,9
165,disease|MONDO|19338,1.66390252,10
165,disease|MONDO|9688,1.56038851,11
165,disease|MONDO|5383,1.42981218,12
165,disease|MONDO|7186,1.15761495,13
165,disease|MONDO|19562,0.89449947,14
165,disease|MONDO|4496,0.51725914,15
165,disease|MONDO|5904,0.47137362,16
165,disease|MONDO|5077,0.42977070,17
165,disease|MONDO|5961,0.40222666,18
165,disease|MONDO|5737,0.04886355,19
166,disease|MONDO|19338,0.80205639,1
166,disease|MONDO|29000,0.79276193,2
166,disease|MONDO|5279,0.78077186,3
166,effect/phenotype|HPO|1681,0.75667229,4
166,disease|MONDO|5383,0.73365157,5
166,disease|MONDO|4781,0.66951524,6
166,disease|MONDO|9688,0.59668020,7
166,disease|MONDO|7186,0.59357970,8
166,disease|MONDO|2280,0.46256137,9
166,disease|MONDO|5002,0.39928915,10
166,disease|MONDO|5737,0.34148429,11
166,disease|MONDO|1444,0.32380866,12
166,disease|MONDO|7915,0.14319683,13
166,disease|MONDO|4981,-0.04668178,14
166,disease|MONDO|18076,-0.24453232,15
167,disease|MONDO|21040,1.33930406,1
167,disease|MONDO|5109,1.13216086,2
167,disease|MONDO|5249,1.12413977,3
167,effect/phenotype|HPO|1681,1.12042404,4
167,disease|MONDO|2280,0.95348930,5
167,disease|MONDO|5812,0.90966709,6
167,disease|MONDO|4781,0.64177229,7
167,disease|MONDO|4979,0.51737222,8
167,disease|MONDO|1444,0.44423932,9
167,disease|MONDO|7915,0.39993195,10
167,disease|MONDO|19338,0.39404287,11
167,disease|MONDO|5279,0.34659231,12
167,disease|MONDO|9688,0.31094141,13
167,disease|MONDO|5737,0.30695046,14
167,disease|MONDO|100053,0.20986034,15
167,disease|MONDO|4981,0.11145897,16
167,disease|MONDO|29000,0.08924976,17
167,disease|MONDO|5002,-0.01055731,18
168,disease|MONDO|7915,1.65198457,1
168,disease|MONDO|5279,1.58766621,2
168,effect/phenotype|HPO|1681,1.56269510,3
168,disease|MONDO|4781,1.56120732,4
168,disease|MONDO|19562,1.53536656,5
168,disease|MONDO|4979,1.43987704,6
168,disease|MONDO|2280,1.43258218,7
168,disease|MONDO|5904,1.26180002,8
168,disease|MONDO|4496,1.18559583,9
168,disease|MONDO|19338,1.18312971,10
168,disease|MONDO|7186,1.18137364,11
168,disease|MONDO|18076,1.14601340,12
168,disease|MONDO|5002,1.13109731,13
168,disease|MONDO|5315,1.09777832,14
168,disease|MONDO|3781,0.98481116,15
168,disease|MONDO|4981,0.78798209,16
168,disease|MONDO|5249,0.55870879,17
168,disease|MONDO|5737,0.12507403,18
168,disease|MONDO|1444,0.02936065,19
169,disease|MONDO|4979,1.00736363,1
169,disease|MONDO|4781,0.90814039,2
169,disease|MONDO|7915,0.89695628,3
169,disease|MONDO|43537,0.88916691,4
169,effect/phenotype|HPO|1681,0.88915668,5
169,disease|MONDO|5279,0.79470940,6
169,disease|MONDO|2280,0.75864080,7
169,disease|MONDO|3781,0.15989750,8
169,disease|MONDO|100053,0.09642641,9
169,disease|MONDO|4981,0.00197022,10
169,disease|MONDO|18076,-0.03439490,11
169,disease|MONDO|5737,-0.09490752,12
169,disease|MONDO|1444,-0.10222375,13
169,disease|MONDO|19338,-0.22429796,14
169,disease|MONDO|9688,-0.26196164,15
170,disease|MONDO|4979,2.56144232,1
170,disease|MONDO|7915,2.50899705,2
170,disease|MONDO|5002,2.49581110,3
170,disease|MONDO|19338,2.49494869,4
170,disease|MONDO|4496,2.47072712,5
170,disease|MONDO|100053,2.43380506,6
170,disease|MONDO|5722,2.33993715,7
170,disease|MONDO|9688,2.33405954,8
170,disease|MONDO|4867,2.30077635,9
170,disease|MONDO|18076,2.30065286,10
170,disease|MONDO|1444,2.26065889,11
170,disease|MONDO|5904,2.19132998,12
170,disease|MONDO|3781,2.16417833,13
170,disease|MONDO|6932,2.05453587,14
170,disease|MONDO|5109,1.86723921,15
170,disease|MONDO|2280,1.86240992,16
170,disease|MONDO|5737,1.85385400,17
170,disease|MONDO|4781,1.81854311,18
170,effect/phenotype|HPO|1681,1.78867130,19
170,disease|MONDO|5077,1.71062464,20
170,disease|MONDO|2465,1.62483676,21
170,disease|MONDO|5961,1.62237073,22
170,disease|MONDO|4981,0.69869977,23
170,disease|MONDO|5279,0.68902788,24
170,disease|MONDO|5249,0.62794429,25
170,disease|MONDO|7186,0.53352733,26
170,disease|MONDO|43537,0.41706979,27
171,disease|MONDO|5002,1.33243854,1
171,disease|MONDO|3781,1.28000537,2
171,disease|MONDO|4822,1.26508757,3
171,disease|MONDO|2280,1.22776645,4
171,disease|MONDO|7915,1.18527102,5
171,disease|MONDO|4781,1.16526335,6
171,disease|MONDO|5904,1.05295898,7
171,disease|MONDO|5279,1.05279055,8
171,disease|MONDO|4979,1.01723313,9
171,disease|MONDO|7186,1.01582021,10
171,disease|MONDO|9688,0.83619931,11
171,disease|MONDO|5249,0.78785743,12
171,disease|MONDO|5812,0.49386627,13
171,effect/phenotype|HPO|1681,0.35039344,14
171,disease|MONDO|5077,0.29864642,15
171,disease|MONDO|5737,0.07351548,16
171,disease|MONDO|19338,0.04474813,17
171,disease|MONDO|1444,0.02979465,18
171,disease|MONDO|18076,-0.10675247,19
172,effect/phenotype|HPO|1681,1.02296694,1
172,disease|MONDO|19338,0.97850360,2
172,disease|MONDO|7186,0.88251747,3
172,disease|MONDO|4781,0.85311955,4
172,disease|MONDO|5279,0.81996574,5
172,disease|MONDO|6932,0.79798353,6
172,disease|MONDO|2280,0.78871132,7
172,disease|MONDO|5249,0.43525958,8
172,disease|MONDO|7915,0.31893990,9
172,disease|MONDO|4979,0.25987364,10
172,disease|MONDO|4867,0.22527148,11
172,disease|MONDO|100053,0.17607726,12
172,disease|MONDO|4981,0.17095613,13
172,disease|MONDO|9688,0.16688000,14
172,disease|MONDO|19562,0.14309856,15
172,disease|MONDO|4822,0.10635152,16
172,disease|MONDO|18076,-0.03949311,17
172,disease|MONDO|1444,-0.17003290,18
173,effect/phenotype|HPO|1681,1.93076384,1
173,disease|MONDO|2280,1.90023792,2
173,disease|MONDO|4781,1.86549023,3
173,disease|MONDO|4979,1.85201208,4
173,disease|MONDO|9688,1.83224002,5
173,disease|MONDO|5002,1.78484335,6
173,disease|MONDO|4981,1.77027988,7
173,disease|MONDO|6932,1.47411287,8
173,disease|MONDO|7915,1.36239746,9
173,disease|MONDO|19562,1.27806400,10
173,disease|MONDO|5737,1.14974205,11
173,disease|MONDO|19338,1.08166313,12
173,disease|MONDO|7186,1.03311734,13
173,disease|MONDO|5279,1.01198265,14
173,disease|MONDO|4822,0.90717252,15
173,disease|MONDO|4496,0.87304563,16
173,disease|MONDO|100053,0.78067460,17
173,disease|MONDO|5904,0.77864827,18
173,disease|MONDO|5315,0.76151735,19
173,disease|MONDO|3781,0.70087026,20
173,disease|MONDO|5383,0.41813084,21
174,disease|MONDO|7915,1.65723483,1
174,disease|MONDO|5279,1.59425628,2
174,effect/phenotype|HPO|1681,1.56886615,3
174,disease|MONDO|4781,1.56688818,4
174,disease|MONDO|19562,1.53740606,5
174,disease|MONDO|4979,1.44846203,6
174,disease|MONDO|2280,1.43835599,7
174,disease|MONDO|5904,1.26660459,8
174,disease|MONDO|4496,1.18979020,9
174,disease|MONDO|19338,1.18604763,10
174,disease|MONDO|7186,1.18413993,11
174,disease|MONDO|18076,1.15012708,12
174,disease|MONDO|5002,1.13644546,13
174,disease|MONDO|5315,1.09879589,14
174,disease|MONDO|5383,1.06427823,15
174,disease|MONDO|3781,0.98118916,16
174,disease|MONDO|6932,0.89440291,17
174,disease|MONDO|4981,0.78678591,18
174,disease|MONDO|5249,0.56515390,19
174,disease|MONDO|5737,0.12432855,20
174,disease|MONDO|1444,0.03071159,21
175,disease|MONDO|7915,2.29798055,1
175,disease|MONDO|2280,2.28482136,2
175,disease|MONDO|4979,2.24564603,3
175,disease|MONDO|19338,2.16869663,4
175,disease|MONDO|5002,2.13494740,5
175,disease|MONDO|5279,2.13295820,6
175,disease|MONDO|5383,2.12071766,7
175,disease|MONDO|4781,2.07489104,8
175,effect/phenotype|HPO|1681,2.06858456,9
175,disease|MONDO|7186,2.03372287,10
175,disease|MONDO|9688,1.66341324,11
175,disease|MONDO|5249,0.65707475,12
175,disease|MONDO|29000,0.65024611,13
175,disease|MONDO|5109,0.51466691,14
175,disease|MONDO|5904,0.49176596,15
175,disease|MONDO|5737,0.29703852,16
175,disease|MONDO|1444,0.26709729,17
175,disease|MONDO|19562,0.26229461,18
175,disease|MONDO|18076,0.16716507,19
176,disease|MONDO|5279,0.68367358,1
176,effect/phenotype|HPO|1681,0.68140705,2
176,disease|MONDO|4781,0.59376542,3
176,disease|MONDO|5753,0.42104949,4
176,disease|MONDO|5737,0.37051600,5
176,disease|MONDO|5961,0.33400130,6
176,disease|MONDO|1444,0.32628132,7
176,disease|MONDO|19338,0.32223292,8
176,disease|MONDO|4979,0.30508274,9
176,disease|MONDO|7915,0.28111822,10
176,disease|MONDO|9688,0.21068121,11
176,disease|MONDO|4981,0.17884196,12
176,disease|MONDO|3781,0.17599887,13
176,disease|MONDO|2280,-0.08201614,14
176,disease|MONDO|5002,-0.10735780,15
176,disease|MONDO|18076,-0.25111496,16
177,disease|MONDO|7915,1.86652848,1
177,disease|MONDO|4781,1.82563126,2
177,effect/phenotype|HPO|1681,1.80831349,3
177,disease|MONDO|4979,1.78375001,4
177,disease|MONDO|5279,1.77778620,5
177,disease|MONDO|5383,1.76702976,6
177,disease|MONDO|19562,1.70394981,7
177,disease|MONDO|2280,1.69641046,8
177,disease|MONDO|5812,0.61192684,9
177,disease|MONDO|9688,0.56733672,10
177,disease|MONDO|7186,0.52007720,11
177,disease|MONDO|1444,-0.01764340,12
178,disease|MONDO|4979,2.39180937,1
178,disease|MONDO|5109,2.00601166,2
178,disease|MONDO|5249,1.99400836,3
178,disease|MONDO|9688,1.93478851,4
178,disease|MONDO|21040,1.93125281,5
178,disease|MONDO|19338,1.92237483,6
178,disease|MONDO|5002,1.91130747,7
178,disease|MONDO|7915,1.90405367,8
178,disease|MONDO|43537,1.86801577,9
178,disease|MONDO|3781,1.83082652,10
178,disease|MONDO|7186,1.82914566,11
178,disease|MONDO|100053,1.81802346,12
178,disease|MONDO|4496,1.81786162,13
178,disease|MONDO|2280,1.79807265,14
178,disease|MONDO|19562,1.77852231,15
178,effect/phenotype|HPO|1681,1.76635828,16
178,disease|MONDO|4822,1.74923042,17
178,disease|MONDO|5383,1.73991237,18
178,disease|MONDO|4781,1.73802380,19
178,disease|MONDO|6932,1.72275479,20
178,disease|MONDO|5279,1.50175169,21
178,disease|MONDO|5904,1.23058250,22
178,disease|MONDO|1444,0.95777643,23
178,disease|MONDO|18076,0.87315983,24
178,disease|MONDO|5737,0.85338394,25
178,disease|MONDO|5315,0.55550684,26
178,disease|MONDO|4981,0.48520105,27
178,disease|MONDO|29000,0.48455620,28
178,disease|MONDO|5961,0.42539307,29
179,disease|MONDO|5279,1.91230297,1
179,disease|MONDO|5315,1.87645638,2
179,disease|MONDO|4781,1.79000221,3
179,disease|MONDO|7915,1.77103727,4
179,disease|MONDO|19338,1.75924465,5
179,effect/phenotype|HPO|1681,1.74393758,6
179,disease|MONDO|4979,1.62332339,7
179,disease|MONDO|3781,1.46405229,8
179,disease|MONDO|2280,1.43914601,9
179,disease|MONDO|4981,0.58285874,10
179,disease|MONDO|5249,0.53591886,11
179,disease|MONDO|9688,0.29319195,12
179,disease|MONDO|7186,0.25115155,13
179,disease|MONDO|1444,0.06975953,14
179,disease|MONDO|18076,0.02845163,15
179,disease|MONDO|5737,-0.24992870,16
180,disease|MONDO|6932,0.89078721,1
180,disease|MONDO|7186,0.72694793,2
180,disease|MONDO|2280,0.68458340,3
180,disease|MONDO|4781,0.68138855,4
180,effect/phenotype|HPO|1681,0.60515397,5
180,disease|MONDO|4979,0.55938843,6
180,disease|MONDO|3781,0.55890574,7
180,disease|MONDO|7915,0.50299612,8
180,disease|MONDO|4822,0.48544128,9
180,disease|MONDO|9688,0.47333145,10
180,disease|MONDO|4981,0.23611410,11
180,disease|MONDO|19562,0.20847793,12
180,disease|MONDO|5109,0.16855672,13
180,disease|MONDO|100053,0.04800101,14
180,disease|MONDO|29000,-0.07565938,15
180,disease|MONDO|5002,-0.08525093,16
180,disease|MONDO|5812,-0.11344349,17
180,disease|MONDO|5249,-0.13452574,18
181,disease|MONDO|5812,2.49258950,1
181,disease|MONDO|5002,2.45886213,2
181,disease|MONDO|4496,2.45092309,3
181,disease|MONDO|5109,2.42166549,4
181,disease|MONDO|4981,2.41347602,5
181,disease|MONDO|2280,2.40928954,6
181,disease|MONDO|4979,2.39153644,7
181,disease|MONDO|7915,2.37440008,8
181,disease|MONDO|5279,2.35241809,9
181,disease|MONDO|19338,2.35165083,10
181,disease|MONDO|19562,2.33192039,11
181,disease|MONDO|3781,2.32864502,12
181,disease|MONDO|4781,2.31918788,13
181,disease|MONDO|21040,2.31914198,14
181,disease|MONDO|5249,2.31445190,15
181,disease|MONDO|5961,2.30959398,16
181,effect/phenotype|HPO|1681,2.27014980,17
181,disease|MONDO|4822,2.16142065,18
181,disease|MONDO|9688,1.76097910,19
181,disease|MONDO|6932,1.51236665,20
181,disease|MONDO|5737,1.00459068,21
181,disease|MONDO|5383,0.64873198,22
181,disease|MONDO|18076,0.25045890,23
181,disease|MONDO|1444,0.24789253,24
182,disease|MONDO|4781,1.12847852,1
182,disease|MONDO|5737,0.97630647,2
182,disease|MONDO|5279,0.62725729,3
182,disease|MONDO|19562,0.55100834,4
182,disease|MONDO|2280,0.38741744,5
182,disease|MONDO|9688,0.34105545,6
182,disease|MONDO|6932,0.27016845,7
182,effect/phenotype|HPO|1681,0.23894513,8
182,disease|MONDO|4981,0.23842998,9
182,disease|MONDO|1444,0.08367310,10
182,disease|MONDO|19338,-0.01821081,11
183,effect/phenotype|HPO|1681,1.75438824,1
183,disease|MONDO|2280,1.66355985,2
183,disease|MONDO|7186,1.43152218,3
183,disease|MONDO|3781,1.42176637,4
183,disease|MONDO|5383,1.38556510,5
183,disease|MONDO|4781,1.34405936,6
183,disease|MONDO|4979,1.32422996,7
183,disease|MONDO|5315,1.32222192,8
183,disease|MONDO|4981,1.30965281,9
183,disease|MONDO|5109,1.25481126,10
183,disease|MONDO|9688,1.15811405,11
183,disease|MONDO|5002,0.45058192,12
183,disease|MONDO|4867,0.43808422,13
183,disease|MONDO|19562,0.30432366,14
183,disease|MONDO|5812,0.25223944,15
183,disease|MONDO|100053,0.24407650,16
183,disease|MONDO|7915,0.21635848,17
183,disease|MONDO|1444,0.01464225,18
184,disease|MONDO|19338,1.40369296,1
184,disease|MONDO|2280,1.33652660,2
184,effect/phenotype|HPO|1681,1.30026302,3
184,disease|MONDO|4981,1.22914878,4
184,disease|MONDO|7915,1.04493432,5
184,disease|MONDO|4781,0.83975440,6
184,disease|MONDO|9688,0.43579004,7
184,disease|MONDO|5383,0.40037888,8
184,disease|MONDO|4979,0.32031864,9
184,disease|MONDO|7186,0.30723100,10
184,disease|MONDO|5109,0.26721452,11
184,disease|MONDO|6932,0.23315452,12
184,disease|MONDO|5249,0.18953037,13
184,disease|MONDO|5002,0.16346332,14
184,disease|MONDO|5737,0.06241541,15
184,disease|MONDO|1444,0.02816093,16
184,disease|MONDO|18076,0.02466375,17
185,effect/phenotype|HPO|1681,1.72052810,1
185,disease|MONDO|4981,1.68302940,2
185,disease|MONDO|9688,1.64395228,3
185,disease|MONDO|4979,1.57644494,4
185,disease|MONDO|2280,1.54815618,5
185,disease|MONDO|5279,1.53052053,6
185,disease|MONDO|6932,1.51671845,7
185,disease|MONDO|4781,1.49500772,8
185,disease|MONDO|7915,1.30500546,9
185,disease|MONDO|19562,1.29580369,10
185,disease|MONDO|100053,1.29533928,11
185,disease|MONDO|4822,0.31830315,12
185,disease|MONDO|7186,0.22373943,13
185,disease|MONDO|19338,0.17105743,14
185,disease|MONDO|5002,0.15445683,15
185,disease|MONDO|1444,0.04914441,16
186,effect/phenotype|HPO|1681,2.03903109,1
186,disease|MONDO|4781,1.91593987,2
186,disease|MONDO|5249,1.89844868,3
186,disease|MONDO|19338,1.87173368,4
186,disease|MONDO|7915,1.85977343,5
186,disease|MONDO|2280,1.84801520,6
186,disease|MONDO|4496,1.83419625,7
186,disease|MONDO|4981,1.83320567,8
186,disease|MONDO|6932,1.82877477,9
186,disease|MONDO|5002,1.82730910,10
186,disease|MONDO|5904,1.78831071,11
186,disease|MONDO|18076,1.78035166,12
186,disease|MONDO|5383,1.77792468,13
186,disease|MONDO|9688,1.76821974,14
186,disease|MONDO|5961,1.68994794,15
186,disease|MONDO|4979,1.68977362,16
186,disease|MONDO|5279,1.63631955,17
186,disease|MONDO|5315,1.44762167,18
186,disease|MONDO|5109,1.28454224,19
186,disease|MONDO|3781,1.20499479,20
186,disease|MONDO|7186,1.15761501,21
186,disease|MONDO|19562,0.89449943,22
186,disease|MONDO|5077,0.42977078,23
186,disease|MONDO|1444,0.22207965,24
186,disease|MONDO|5737,0.04886346,25
187,disease|MONDO|2280,2.09014027,1
187,disease|MONDO|5904,2.02756238,2
187,disease|MONDO|4496,2.00348349,3
187,effect/phenotype|HPO|1681,1.99450415,4
187,disease|MONDO|5383,1.97436725,5
187,disease|MONDO|19338,1.91809008,6
187,disease|MONDO|5109,1.71234898,7
187,disease|MONDO|9688,1.64632025,8
187,disease|MONDO|5077,1.59005751,9
187,disease|MONDO|5002,1.57969454,10
187,disease|MONDO|4781,1.57932112,11
187,disease|MONDO|4979,1.56304555,12
187,disease|MONDO|5315,1.56007309,13
187,disease|MONDO|19562,1.50463840,14
187,disease|MONDO|7915,1.38846914,15
187,disease|MONDO|6932,0.98575822,16
187,disease|MONDO|1444,0.66957175,17
188,disease|MONDO|7915,0.96784930,1
188,disease|MONDO|4979,0.93283557,2
188,disease|MONDO|5249,0.89347501,3
188,disease|MONDO|4981,0.80666253,4
188,disease|MONDO|4781,0.79798217,5
188,disease|MONDO|2280,0.79636996,6
188,disease|MONDO|5279,0.79622455,7
188,effect/phenotype|HPO|1681,0.72441757,8
188,disease|MONDO|9688,0.66941954,9
188,disease|MONDO|3781,0.63521367,10
188,disease|MONDO|100053,0.20461743,11
188,disease|MONDO|4496,0.17821167,12
188,disease|MONDO|5002,0.16866069,13
188,disease|MONDO|5904,0.16049535,14
188,disease|MONDO|29000,-0.01807451,15
188,disease|MONDO|5383,-0.10418490,16
188,disease|MONDO|1444,-0.14646776,17
189,disease|MONDO|19338,1.38827811,1
189,disease|MONDO|2280,1.10220627,2
189,disease|MONDO|7915,1.08722742,3
189,disease|MONDO|4979,1.00887081,4
189,disease|MONDO|4981,0.95891320,5
189,disease|MONDO|4781,0.89093708,6
189,disease|MONDO|9688,0.67153432,7
189,disease|MONDO|5383,0.41617353,8
189,effect/phenotype|HPO|1681,0.32729388,9
189,disease|MONDO|7186,0.30370082,10
189,disease|MONDO|5109,0.28090741,11
189,disease|MONDO|6932,0.23716740,12
189,disease|MONDO|5279,0.21073920,13
189,disease|MONDO|5249,0.19741138,14
189,disease|MONDO|5002,0.16612656,15
189,disease|MONDO|19562,0.00414447,16
190,disease|MONDO|2280,1.79311185,1
190,disease|MONDO|7915,1.76955043,2
190,disease|MONDO|3781,1.76947924,3
190,disease|MONDO|4781,1.58724655,4
190,disease|MONDO|5279,1.55155789,5
190,disease|MONDO|18076,1.50382337,6
190,disease|MONDO|5249,1.46586183,7
190,disease|MONDO|4979,1.41347571,8
190,disease|MONDO|21040,1.36323482,9
190,disease|MONDO|5109,1.22180577,10
190,effect/phenotype|HPO|1681,1.20431316,11
190,disease|MONDO|5383,1.18252725,12
190,disease|MONDO|5961,1.15726494,13
190,disease|MONDO|7186,1.13057354,14
190,disease|MONDO|5812,0.87783876,15
190,disease|MONDO|4496,0.87164846,16
190,disease|MONDO|5002,0.86292166,17
190,disease|MONDO|9688,0.83622892,18
190,disease|MONDO|19562,0.82145237,19
190,disease|MONDO|4822,0.80498748,20
190,disease|MONDO|6932,0.45078066,21
190,disease|MONDO|1444,0.26303899,22
190,disease|MONDO|19338,0.11244234,23
191,disease|MONDO|2280,2.87340832,1
191,disease|MONDO|5249,2.83722708,2
191,disease|MONDO|4981,2.80485207,3
191,disease|MONDO|4979,2.73463726,4
191,disease|MONDO|4781,2.73432079,5
191,disease|MONDO|5002,2.72819602,6
191,disease|MONDO|18076,2.72818524,7
191,disease|MONDO|5279,2.71955547,8
191,disease|MONDO|19338,2.69832039,9
191,effect/phenotype|HPO|1681,2.63714057,10
191,disease|MONDO|7915,2.62441480,11
191,disease|MONDO|7186,2.55972420,12
191,disease|MONDO|5109,2.53028667,13
191,disease|MONDO|4822,2.46424779,14
191,disease|MONDO|21040,2.08610213,15
191,disease|MONDO|1444,2.08197802,16
191,disease|MONDO|19562,1.96759386,17
191,disease|MONDO|5737,1.67428260,18
191,disease|MONDO|43537,1.55791914,19
191,disease|MONDO|4496,1.43731320,20
191,disease|MONDO|9688,1.42774791,21
191,disease|MONDO|5383,1.28691742,22
191,disease|MONDO|6932,1.15962283,23
191,disease|MONDO|3781,1.11062828,24
191,disease|MONDO|29000,0.93678573,25
192,disease|MONDO|7915,1.77301079,1
192,effect/phenotype|HPO|1681,1.77156121,2
192,disease|MONDO|2280,1.73303992,3
192,disease|MONDO|4781,1.72164560,4
192,disease|MONDO|9688,1.68493772,5
192,disease|MONDO|5383,1.65537558,6
192,disease|MONDO|6932,1.64525156,7
192,disease|MONDO|7186,1.63757825,8
192,disease|MONDO|4979,1.54941004,9
192,disease|MONDO|4981,0.81353102,10
192,disease|MONDO|100053,0.80177920,11
192,disease|MONDO|43537,0.76124099,12
192,disease|MONDO|19338,0.72565881,13
192,disease|MONDO|5002,0.71733278,14
192,disease|MONDO|5753,0.64159958,15
192,disease|MONDO|3781,0.56407934,16
192,disease|MONDO|5109,0.39813557,17
192,disease|MONDO|5961,0.29617846,18
192,disease|MONDO|5249,0.15820950,19
192,disease|MONDO|5315,0.13215706,20
192,disease|MONDO|1444,0.10137981,21
193,effect/phenotype|HPO|1681,2.25074139,1
193,disease|MONDO|2280,2.17946103,2
193,disease|MONDO|5961,2.16607426,3
193,disease|MONDO|9688,2.11654988,4
193,disease|MONDO|5077,2.09877076,5
193,disease|MONDO|4867,1.99472567,6
193,disease|MONDO|2465,1.96626639,7
193,disease|MONDO|18076,1.82825035,8
193,disease|MONDO|5737,1.82597762,9
193,disease|MONDO|19338,1.79695478,10
193,disease|MONDO|4781,1.70997614,11
193,disease|MONDO|1444,1.69430009,12
193,disease|MONDO|5383,1.63584778,13
193,disease|MONDO|6932,1.33636566,14
193,disease|MONDO|4979,0.70307359,15
193,disease|MONDO|7915,0.49971548,16
193,disease|MONDO|5002,0.42742739,17
194,disease|MONDO|4781,2.22854280,1
194,disease|MONDO|2280,2.11751516,2
194,disease|MONDO|7915,2.06182630,3
194,effect/phenotype|HPO|1681,2.01688658,4
194,disease|MONDO|4496,1.96882303,5
194,disease|MONDO|4979,1.93434244,6
194,disease|MONDO|5002,1.84975118,7
194,disease|MONDO|5279,1.57770753,8
194,disease|MONDO|19338,1.19663595,9
194,disease|MONDO|5109,1.12621650,10
194,disease|MONDO|9688,1.10453296,11
194,disease|MONDO|4981,1.06771559,12
194,disease|MONDO|100053,1.02375565,13
194,disease|MONDO|5737,1.00270053,14
194,disease|MONDO|5315,0.93791094,15
194,disease|MONDO|5077,0.83036630,16
194,disease|MONDO|3781,0.68275191,17
194,disease|MONDO|6932,0.67539605,18
194,disease|MONDO|5812,0.65285778,19
194,disease|MONDO|1444,0.14149237,20
195,disease|MONDO|4781,1.82359014,1
195,effect/phenotype|HPO|1681,1.80399154,2
195,disease|MONDO|4979,1.78376567,3
195,disease|MONDO|5249,1.78261299,4
195,disease|MONDO|5383,1.77458280,5
195,disease|MONDO|19562,1.69872261,6
195,disease|MONDO|2280,1.69711649,7
195,disease|MONDO|7915,1.47918251,8
195,disease|MONDO|9688,1.40292895,9
195,disease|MONDO|5279,1.39068501,10
195,disease|MONDO|5812,0.59756151,11
195,disease|MONDO|7186,0.52223417,12
195,disease|MONDO|19338,0.17349729,13
195,disease|MONDO|1444,-0.01585384,14
196,disease|MONDO|5812,2.49316898,1
196,disease|MONDO|5002,2.45955008,2
196,disease|MONDO|4496,2.45183805,3
196,disease|MONDO|5109,2.42225811,4
196,disease|MONDO|4981,2.41440007,5
196,disease|MONDO|2280,2.41001633,6
196,disease|MONDO|4979,2.39232036,7
196,disease|MONDO|7915,2.37518367,8
196,disease|MONDO|5279,2.35320660,9
196,disease|MONDO|19338,2.35232189,10
196,disease|MONDO|19562,2.33255641,11
196,disease|MONDO|3781,2.32943396,12
196,disease|MONDO|21040,2.32010123,13
196,disease|MONDO|4781,2.32001388,14
196,disease|MONDO|5249,2.31512359,15
196,disease|MONDO|5961,2.31029162,16
196,effect/phenotype|HPO|1681,2.27093500,17
196,disease|MONDO|4822,2.16208290,18
196,disease|MONDO|9688,1.76157197,19
196,disease|MONDO|6932,1.51270477,20
196,disease|MONDO|5737,1.00490676,21
196,disease|MONDO|5383,0.64863753,22
196,disease|MONDO|18076,0.25056550,23
196,disease|MONDO|1444,0.24806105,24
197,disease|MONDO|19338,1.26693885,1
197,disease|MONDO|2280,1.18097949,2
197,disease|MONDO|7186,1.14865635,3
197,disease|MONDO|1444,1.08898579,4
197,disease|MONDO|5383,1.08845752,5
197,disease|MONDO|4979,1.06535892,6
197,disease|MONDO|4781,1.01751725,7
197,disease|MONDO|5002,0.99565165,8
197,effect/phenotype|HPO|1681,0.98385887,9
197,disease|MONDO|9688,0.80549657,10
197,disease|MONDO|4822,0.79548507,11
197,disease|MONDO|3781,0.69308113,12
197,disease|MONDO|100053,0.67029502,13
197,disease|MONDO|7915,0.40921611,14
197,disease|MONDO|19562,0.36592757,15
197,disease|MONDO|43537,0.12358860,16
197,disease|MONDO|5737,0.07388684,17
198,disease|MONDO|4781,2.02731183,1
198,disease|MONDO|5249,1.99972731,2
198,effect/phenotype|HPO|1681,1.97835128,3
198,disease|MONDO|5383,1.95016746,4
198,disease|MONDO|19338,1.89052977,5
198,disease|MONDO|5961,1.85697100,6
198,disease|MONDO|3781,1.71398960,7
198,disease|MONDO|2280,1.55954832,8
198,disease|MONDO|9688,1.55292635,9
198,disease|MONDO|6932,1.51200458,10
198,disease|MONDO|4979,1.49247539,11
198,disease|MONDO|5002,1.41517258,12
198,disease|MONDO|4981,1.12376648,13
198,disease|MONDO|5737,1.10701826,14
198,disease|MONDO|4496,1.09850791,15
198,disease|MONDO|100053,1.08697248,16
198,disease|MONDO|5109,1.00461009,17
198,disease|MONDO|7915,0.92779196,18
198,disease|MONDO|1444,0.61928874,19
198,disease|MONDO|19562,0.45136248,20
198,disease|MONDO|7186,0.33613904,21
199,disease|MONDO|2280,1.13607726,1
199,effect/phenotype|HPO|1681,1.07542019,2
199,disease|MONDO|7915,0.61232532,3
199,disease|MONDO|5279,0.57303207,4
199,disease|MONDO|4979,0.55052575,5
199,disease|MONDO|1444,0.52350270,6
199,disease|MONDO|19338,0.43189038,7
199,disease|MONDO|3781,0.42573619,8
199,disease|MONDO|4781,0.41833299,9
199,disease|MONDO|4981,0.33913641,10
199,disease|MONDO|5002,0.31245004,11
199,disease|MONDO|29000,0.28869089,12
199,disease|MONDO|100053,0.26944552,13
199,disease|MONDO|19562,0.26303631,14
199,disease|MONDO|5383,0.21299201,15
199,disease|MONDO|5737,0.19664791,16
199,disease|MONDO|9688,0.18824330,17
199,disease|MONDO|5904,0.16546962,18
199,disease|MONDO|18076,-0.00207914,19
200,effect/phenotype|HPO|1681,1.49121809,1
200,disease|MONDO|7186,1.43181771,2
200,disease|MONDO|3781,1.42193401,3
200,disease|MONDO|5383,1.38596068,4
200,disease|MONDO|4781,1.34444347,5
200,disease|MONDO|4979,1.32440399,6
200,disease|MONDO|5315,1.32249301,7
200,disease|MONDO|4981,1.30999598,8
200,disease|MONDO|9688,1.15836523,9
200,disease|MONDO|2280,0.47269696,10
200,disease|MONDO|5002,0.45092605,11
200,disease|MONDO|4867,0.43807521,12
200,disease|MONDO|5279,0.37214733,13
200,disease|MONDO|5812,0.25250782,14
200,disease|MONDO|7915,0.21651334,15
200,disease|MONDO|19338,0.09897491,16
200,disease|MONDO|19562,0.03823319,17
200,disease|MONDO|1444,0.01482825,18
200,disease|MONDO|5737,-0.11977127,19
200,disease|MONDO|18076,-0.13877469,20
201,disease|MONDO|4979,1.99162553,1
201,disease|MONDO|9688,1.96981066,2
201,disease|MONDO|19338,1.90658656,3
201,disease|MONDO|4496,1.90156639,4
201,disease|MONDO|4781,1.90017819,5
201,disease|MONDO|5383,1.89421971,6
201,disease|MONDO|2280,1.88808610,7
201,effect/phenotype|HPO|1681,1.87213708,8
201,disease|MONDO|21040,1.84946764,9
201,disease|MONDO|5002,1.84586013,10
201,disease|MONDO|5961,1.83554408,11
201,disease|MONDO|19562,1.83218288,12
201,disease|MONDO|7915,1.81553942,13
201,disease|MONDO|43537,1.73965663,14
201,disease|MONDO|5315,1.66107905,15
201,disease|MONDO|5077,1.65450380,16
201,disease|MONDO|5904,1.64008276,17
201,disease|MONDO|100053,1.63157533,18
201,disease|MONDO|3781,1.58997574,19
201,disease|MONDO|6932,1.56093162,20
201,disease|MONDO|7186,1.47202578,21
201,disease|MONDO|5737,1.11566952,22
201,disease|MONDO|4981,0.97064121,23
201,disease|MONDO|5812,0.56002563,24
201,disease|MONDO|18076,0.37031620,25
201,disease|MONDO|5722,0.36512572,26
202,disease|MONDO|4781,2.01343578,1
202,disease|MONDO|5249,1.97826988,2
202,disease|MONDO|2280,1.97207443,3
202,effect/phenotype|HPO|1681,1.95762746,4
202,disease|MONDO|5383,1.94133860,5
202,disease|MONDO|19338,1.88546231,6
202,disease|MONDO|5961,1.84462703,7
202,disease|MONDO|3781,1.67810304,8
202,disease|MONDO|9688,1.55488016,9
202,disease|MONDO|6932,1.50233096,10
202,disease|MONDO|4979,1.48542768,11
202,disease|MONDO|5002,1.40332965,12
202,disease|MONDO|4981,1.11312370,13
202,disease|MONDO|5737,1.10442261,14
202,disease|MONDO|4496,1.08056033,15
202,disease|MONDO|5109,1.01889701,16
202,disease|MONDO|7915,0.92561989,17
202,disease|MONDO|5315,0.86331611,18
202,disease|MONDO|7186,0.84297179,19
202,disease|MONDO|1444,0.62839454,20
202,disease|MONDO|19562,0.44685507,21
203,disease|MONDO|7915,0.94559602,1
203,disease|MONDO|4979,0.90616708,2
203,disease|MONDO|2280,0.77816892,3
203,disease|MONDO|4781,0.77233886,4
203,disease|MONDO|5279,0.76710654,5
203,disease|MONDO|5249,0.74597107,6
203,disease|MONDO|3781,0.63168576,7
203,effect/phenotype|HPO|1681,0.57082194,8
203,disease|MONDO|9688,0.21260591,9
203,disease|MONDO|100053,0.19951852,10
203,disease|MONDO|4496,0.18331711,11
203,disease|MONDO|5002,0.16212258,12
203,disease|MONDO|5904,0.15318509,13
203,disease|MONDO|29000,-0.02802880,14
203,disease|MONDO|5383,-0.11931019,15
203,disease|MONDO|1444,-0.14301035,16
204,disease|MONDO|4979,0.94018339,1
204,disease|MONDO|4781,0.88705973,2
204,disease|MONDO|43537,0.84887065,3
204,disease|MONDO|7915,0.84799162,4
204,effect/phenotype|HPO|1681,0.83132033,5
204,disease|MONDO|5279,0.75300676,6
204,disease|MONDO|2280,0.22583172,7
204,disease|MONDO|4981,0.02555554,8
204,disease|MONDO|18076,-0.01773243,9
204,disease|MONDO|5737,-0.08175245,10
204,disease|MONDO|1444,-0.11106166,11
204,disease|MONDO|19338,-0.23252952,12
205,effect/phenotype|HPO|1681,1.75481741,1
205,disease|MONDO|2280,1.66409698,2
205,disease|MONDO|7186,1.43190014,3
205,disease|MONDO|3781,1.42198005,4
205,disease|MONDO|5383,1.38607082,5
205,disease|MONDO|4781,1.34455058,6
205,disease|MONDO|6932,1.33973955,7
205,disease|MONDO|4979,1.32445160,8
205,disease|MONDO|5315,1.32256852,9
205,disease|MONDO|4981,1.31009120,10
205,disease|MONDO|5109,1.25525925,11
205,disease|MONDO|9688,1.15843533,12
205,disease|MONDO|5002,0.45102219,13
205,disease|MONDO|4867,0.43807228,14
205,disease|MONDO|19562,0.30432906,15
205,disease|MONDO|5812,0.25258294,16
205,disease|MONDO|100053,0.24419066,17
205,disease|MONDO|7915,0.21655686,18
205,disease|MONDO|19338,0.09901531,19
205,disease|MONDO|1444,0.01488027,20
205,disease|MONDO|18076,-0.13879567,21
206,disease|MONDO|4981,2.81140053,1
206,effect/phenotype|HPO|1681,2.69333303,2
206,disease|MONDO|2280,2.58150971,3
206,disease|MONDO|5249,2.25092334,4
206,disease|MONDO|19338,2.20875832,5
206,disease|MONDO|5002,2.20660710,6
206,disease|MONDO|4781,2.18760696,7
206,disease|MONDO|9688,2.17179340,8
206,disease|MONDO|21040,2.16119140,9
206,disease|MONDO|4979,2.13758886,10
206,disease|MONDO|7186,2.13144663,11
206,disease|MONDO|7915,2.12614775,12
206,disease|MONDO|5383,2.09658682,13
206,disease|MONDO|4496,2.05379683,14
206,disease|MONDO|19562,1.97169524,15
206,disease|MONDO|4822,1.88257886,16
206,disease|MONDO|3781,1.86038905,17
206,disease|MONDO|5279,1.48797476,18
206,disease|MONDO|5961,0.79687586,19
206,disease|MONDO|1444,0.74197999,20
206,disease|MONDO|5737,0.40985215,21
207,effect/phenotype|HPO|1681,2.03903106,1
207,disease|MONDO|5315,1.99345130,2
207,disease|MONDO|4781,1.93863608,3
207,disease|MONDO|5249,1.89844865,4
207,disease|MONDO|5002,1.88495184,5
207,disease|MONDO|2280,1.84801514,6
207,disease|MONDO|6932,1.82877477,7
207,disease|MONDO|5109,1.78118792,8
207,disease|MONDO|4979,1.74741641,9
207,disease|MONDO|19338,1.66390240,10
207,disease|MONDO|9688,1.56038847,11
207,disease|MONDO|5383,1.42981210,12
207,disease|MONDO|7186,1.15761503,13
207,disease|MONDO|19562,0.89449949,14
207,disease|MONDO|4496,0.51725918,15
207,disease|MONDO|5904,0.47137366,16
207,disease|MONDO|5077,0.42977078,17
207,disease|MONDO|5961,0.40222671,18
207,disease|MONDO|5737,0.04886352,19
208,disease|MONDO|4981,2.69619420,1
208,disease|MONDO|4979,2.66594297,2
208,disease|MONDO|5279,2.65681142,3
208,disease|MONDO|19338,2.65505832,4
208,disease|MONDO|4781,2.65457672,5
208,disease|MONDO|21040,2.64517444,6
208,disease|MONDO|1444,2.62154007,7
208,disease|MONDO|18076,2.61244172,8
208,effect/phenotype|HPO|1681,2.56178130,9
208,disease|MONDO|7915,2.54125947,10
208,disease|MONDO|19562,2.52588448,11
208,disease|MONDO|7186,2.52315804,12
208,disease|MONDO|5109,2.50183338,13
208,disease|MONDO|5737,2.20886914,14
208,disease|MONDO|2280,2.20210695,15
208,disease|MONDO|5249,2.17033729,16
208,disease|MONDO|29000,0.91849345,17
208,disease|MONDO|43537,0.89681876,18
208,disease|MONDO|5002,0.83139205,19
208,disease|MONDO|4496,0.76634166,20
208,disease|MONDO|9688,0.76176724,21
208,disease|MONDO|5383,0.60882678,22
208,disease|MONDO|4822,0.57493217,23
208,disease|MONDO|6932,0.50848450,24
208,disease|MONDO|3781,0.45722044,25
209,disease|MONDO|7915,0.86581928,1
209,disease|MONDO|4979,0.81702253,2
209,disease|MONDO|5249,0.81157866,3
209,disease|MONDO|2280,0.73624271,4
209,disease|MONDO|4781,0.68802977,5
209,disease|MONDO|5279,0.67694852,6
209,effect/phenotype|HPO|1681,0.64003813,7
209,disease|MONDO|5002,0.62840061,8
209,disease|MONDO|5904,0.59806034,9
209,disease|MONDO|3781,0.59506919,10
209,disease|MONDO|9688,0.17376746,11
209,disease|MONDO|100053,0.16675194,12
209,disease|MONDO|1444,-0.15513772,13
209,disease|MONDO|5383,-0.15736014,14
210,disease|MONDO|4781,2.36398076,1
210,disease|MONDO|5737,2.34049937,2
210,disease|MONDO|2280,2.32464066,3
210,disease|MONDO|4981,2.29811013,4
210,disease|MONDO|19338,2.28590108,5
210,disease|MONDO|7915,2.26087601,6
210,disease|MONDO|4979,2.25918621,7
210,disease|MONDO|5279,2.25917611,8
210,effect/phenotype|HPO|1681,2.19119108,9
210,disease|MONDO|21040,2.18938336,10
210,disease|MONDO|100053,2.13121070,11
210,disease|MONDO|5002,2.05085299,12
210,disease|MONDO|3781,1.96329048,13
210,disease|MONDO|6932,1.89217505,14
210,disease|MONDO|9688,1.62181240,15
210,disease|MONDO|7186,1.54348500,16
210,disease|MONDO|5383,0.51424496,17
210,disease|MONDO|4496,0.48253581,18
210,disease|MONDO|18076,0.46764022,19
210,disease|MONDO|5904,0.45449989,20
210,disease|MONDO|29000,0.41052282,21
211,disease|MONDO|19338,1.40260860,1
211,disease|MONDO|2280,1.06858891,2
211,disease|MONDO|7915,1.05306805,3
211,effect/phenotype|HPO|1681,1.00506849,4
211,disease|MONDO|4979,0.98598491,5
211,disease|MONDO|4781,0.84996043,6
211,disease|MONDO|9688,0.43561228,7
211,disease|MONDO|5383,0.40488851,8
211,disease|MONDO|4981,0.35360854,9
211,disease|MONDO|7186,0.30457379,10
211,disease|MONDO|5109,0.26916852,11
211,disease|MONDO|6932,0.23045282,12
211,disease|MONDO|5002,0.16444293,13
211,disease|MONDO|5737,0.05902512,14
211,disease|MONDO|18076,0.02676898,15
211,disease|MONDO|1444,0.02021815,16
212,disease|MONDO|4979,1.46898355,1
212,disease|MONDO|7915,1.42388809,2
212,disease|MONDO|4781,1.36719427,3
212,disease|MONDO|5737,1.33286662,4
212,effect/phenotype|HPO|1681,1.31328505,5
212,disease|MONDO|2280,1.30929251,6
212,disease|MONDO|5279,1.26478484,7
212,disease|MONDO|100053,1.18022096,8
212,disease|MONDO|4981,1.14056617,9
212,disease|MONDO|9688,1.01826441,10
212,disease|MONDO|19338,0.83660913,11
212,disease|MONDO|5002,0.63556740,12
212,disease|MONDO|19562,0.57580709,13
212,disease|MONDO|5812,0.31568888,14
212,disease|MONDO|1444,0.11452498,15
212,disease|MONDO|18076,-0.00532488,16
213,disease|MONDO|1444,1.33547705,1
213,disease|MONDO|5737,1.30187007,2
213,disease|MONDO|21040,1.22573628,3
213,disease|MONDO|19338,1.22497060,4
213,disease|MONDO|4979,1.17911934,5
213,effect/phenotype|HPO|1681,1.10596812,6
213,disease|MONDO|2280,0.96458790,7
213,disease|MONDO|5109,0.91262632,8
213,disease|MONDO|4781,0.62793526,9
213,disease|MONDO|5279,0.61792557,10
213,disease|MONDO|100053,0.38671519,11
213,disease|MONDO|4981,0.38275906,12
213,disease|MONDO|7915,0.34243440,13
213,disease|MONDO|9688,0.33590394,14
213,disease|MONDO|7186,0.32672209,15
213,disease|MONDO|4867,0.24256897,16
213,disease|MONDO|5002,0.12434006,17
213,disease|MONDO|3781,0.11356795,18
213,disease|MONDO|18076,0.05440905,19
214,disease|MONDO|1444,1.33545776,1
214,disease|MONDO|5737,1.30185012,2
214,disease|MONDO|21040,1.22571673,3
214,disease|MONDO|19338,1.22494321,4
214,disease|MONDO|4979,1.17910505,5
214,effect/phenotype|HPO|1681,1.10594985,6
214,disease|MONDO|2280,0.96456967,7
214,disease|MONDO|5109,0.91262021,8
214,disease|MONDO|4781,0.62793151,9
214,disease|MONDO|5279,0.61791340,10
214,disease|MONDO|100053,0.38671489,11
214,disease|MONDO|4981,0.38275889,12
214,disease|MONDO|7915,0.34243191,13
214,disease|MONDO|9688,0.33590265,14
214,disease|MONDO|7186,0.32670967,15
214,disease|MONDO|4867,0.24256664,16
214,disease|MONDO|5002,0.12434506,17
214,disease|MONDO|18076,0.05440811,18
215,disease|MONDO|5279,1.93077730,1
215,disease|MONDO|5315,1.91997305,2
215,disease|MONDO|4781,1.82325937,3
215,effect/phenotype|HPO|1681,1.79638605,4
215,disease|MONDO|7915,1.78446233,5
215,disease|MONDO|19338,1.76910375,6
215,disease|MONDO|4979,1.66876633,7
215,disease|MONDO|2280,1.45174640,8
215,disease|MONDO|4981,0.63039970,9
215,disease|MONDO|3781,0.58166319,10
215,disease|MONDO|5249,0.55744068,11
215,disease|MONDO|43537,0.40682067,12
215,disease|MONDO|9688,0.31450689,13
215,disease|MONDO|1444,0.09672788,14
215,disease|MONDO|18076,0.04052747,15
215,disease|MONDO|5737,-0.24513894,16
216,disease|MONDO|4781,2.38185036,1
216,disease|MONDO|5737,2.35133907,2
216,disease|MONDO|2280,2.33257839,3
216,disease|MONDO|19338,2.29702637,4
216,effect/phenotype|HPO|1681,2.19594556,5
216,disease|MONDO|6932,1.89081210,6
216,disease|MONDO|4979,1.65665373,7
216,disease|MONDO|9688,1.63169459,8
216,disease|MONDO|7186,1.55149493,9
216,disease|MONDO|5002,1.45566455,10
216,disease|MONDO|7915,0.55405523,11
216,disease|MONDO|5279,0.53991583,12
216,disease|MONDO|5383,0.50673157,13
216,disease|MONDO|4496,0.49878967,14
216,disease|MONDO|5904,0.43728130,15
216,disease|MONDO|3781,0.24525080,16
216,disease|MONDO|1444,0.17048582,17
217,disease|MONDO|2280,1.96076545,1
217,effect/phenotype|HPO|1681,1.91423342,2
217,disease|MONDO|5383,1.82754806,3
217,disease|MONDO|5904,1.80285979,4
217,disease|MONDO|4781,1.76178578,5
217,disease|MONDO|5002,1.75498005,6
217,disease|MONDO|19562,1.75132620,7
217,disease|MONDO|4979,1.74038231,8
217,disease|MONDO|5279,1.72880419,9
217,disease|MONDO|19338,1.68745081,10
217,disease|MONDO|7186,1.62848406,11
217,disease|MONDO|7915,1.62145436,12
217,disease|MONDO|5737,1.59328475,13
217,disease|MONDO|5109,1.56098484,14
217,disease|MONDO|1444,1.54988187,15
217,disease|MONDO|4496,1.54881927,16
217,disease|MONDO|9688,1.48615369,17
217,disease|MONDO|5077,1.46553193,18
217,disease|MONDO|5315,1.40510037,19
217,disease|MONDO|4981,1.34150065,20
217,disease|MONDO|3781,1.25995212,21
217,disease|MONDO|6932,0.94041511,22
217,disease|MONDO|43537,0.03997940,23
218,disease|MONDO|1444,1.33549349,1
218,disease|MONDO|5737,1.30188700,2
218,disease|MONDO|19338,1.22499374,3
218,disease|MONDO|5961,1.11100820,4
218,effect/phenotype|HPO|1681,1.10598366,5
218,disease|MONDO|2280,0.96460336,6
218,disease|MONDO|4979,0.95549230,7
218,disease|MONDO|7186,0.93418344,8
218,disease|MONDO|3781,0.91574763,9
218,disease|MONDO|5109,0.91263190,10
218,disease|MONDO|12390,0.87873124,11
218,disease|MONDO|4822,0.84136590,12
218,disease|MONDO|5002,0.72099416,13
218,disease|MONDO|5279,0.61793602,14
218,disease|MONDO|4981,0.61687162,15
218,disease|MONDO|4781,0.60710059,16
218,disease|MONDO|100053,0.38671569,17
218,disease|MONDO|7915,0.34243671,18
218,disease|MONDO|9688,0.33590513,19
218,disease|MONDO|4867,0.24257119,20
218,disease|MONDO|5383,0.24211773,21
218,disease|MONDO|18076,0.05440995,22
219,disease|MONDO|5812,2.49312702,1
219,disease|MONDO|5002,2.45957845,2
219,disease|MONDO|4496,2.45192000,3
219,disease|MONDO|5109,2.42223978,4
219,disease|MONDO|4981,2.41446492,5
219,disease|MONDO|2280,2.41001710,6
219,disease|MONDO|4979,2.39241177,7
219,disease|MONDO|7915,2.37528944,8
219,disease|MONDO|5279,2.35330155,9
219,disease|MONDO|19338,2.35216579,10
219,disease|MONDO|19562,2.33258447,11
219,disease|MONDO|3781,2.32968684,12
219,disease|MONDO|21040,2.32025418,13
219,disease|MONDO|4781,2.32007620,14
219,disease|MONDO|5249,2.31525800,15
219,disease|MONDO|5961,2.31036338,16
219,effect/phenotype|HPO|1681,2.27110732,17
219,disease|MONDO|4822,2.16212491,18
219,disease|MONDO|9688,1.76155342,19
219,disease|MONDO|6932,1.51272959,20
219,disease|MONDO|5737,1.00493009,21
219,disease|MONDO|18076,0.25056601,22
219,disease|MONDO|1444,0.24812666,23
220,effect/phenotype|HPO|1681,1.02356646,1
220,disease|MONDO|19338,0.97813431,2
220,disease|MONDO|7186,0.88438087,3
220,disease|MONDO|4781,0.85397319,4
220,disease|MONDO|5279,0.81937807,5
220,disease|MONDO|6932,0.79718709,6
220,disease|MONDO|2280,0.78823397,7
220,disease|MONDO|7915,0.77301478,8
220,disease|MONDO|4979,0.72615738,9
220,disease|MONDO|4867,0.68050835,10
220,disease|MONDO|4981,0.63176606,11
220,disease|MONDO|5249,0.41968010,12
220,disease|MONDO|100053,0.16833091,13
220,disease|MONDO|9688,0.15626733,14
220,disease|MONDO|19562,0.13622800,15
220,disease|MONDO|4822,0.10988888,16
220,disease|MONDO|18076,-0.04381155,17
220,disease|MONDO|1444,-0.17114249,18
221,disease|MONDO|4781,2.37014760,1
221,disease|MONDO|5737,2.34500864,2
221,disease|MONDO|2280,2.33065781,3
221,disease|MONDO|4981,2.30394989,4
221,disease|MONDO|19338,2.29717954,5
221,disease|MONDO|7915,2.27092478,6
221,disease|MONDO|5279,2.26167384,7
221,disease|MONDO|4979,2.25919360,8
221,disease|MONDO|43537,2.23007509,9
221,effect/phenotype|HPO|1681,2.19612432,10
221,disease|MONDO|21040,2.19265926,11
221,disease|MONDO|100053,2.12979060,12
221,disease|MONDO|5002,2.05419148,13
221,disease|MONDO|3781,1.95548452,14
221,disease|MONDO|6932,1.90055811,15
221,disease|MONDO|9688,1.62748827,16
221,disease|MONDO|7186,1.56350714,17
221,disease|MONDO|5383,0.50830667,18
221,disease|MONDO|4496,0.49681975,19
221,disease|MONDO|18076,0.47620712,20
221,disease|MONDO|5904,0.43200779,21
221,disease|MONDO|29000,0.41318516,22
222,disease|MONDO|5070,1.80899790,1
222,disease|MONDO|2280,1.79596226,2
222,disease|MONDO|4981,1.79526001,3
222,disease|MONDO|4781,1.78788719,4
222,effect/phenotype|HPO|1681,1.72007675,5
222,disease|MONDO|7915,1.64634179,6
222,disease|MONDO|5002,1.61536469,7
222,disease|MONDO|5383,1.56062872,8
222,disease|MONDO|5279,1.32436982,9
222,disease|MONDO|9688,1.26069838,10
222,disease|MONDO|4979,1.16681764,11
222,disease|MONDO|19562,0.87879539,12
222,disease|MONDO|5249,0.46288806,13
222,disease|MONDO|6932,0.20684026,14
222,disease|MONDO|43537,0.19212583,15
223,disease|MONDO|9688,0.92096063,1
223,disease|MONDO|5383,0.87818164,2
223,disease|MONDO|5279,0.84259198,3
223,disease|MONDO|7915,0.81464761,4
223,disease|MONDO|4781,0.78495478,5
223,disease|MONDO|4979,0.75885656,6
223,effect/phenotype|HPO|1681,0.71352357,7
223,disease|MONDO|4496,0.69994041,8
223,disease|MONDO|4981,0.63639008,9
223,disease|MONDO|7186,0.53930289,10
223,disease|MONDO|5109,0.46743503,11
223,disease|MONDO|3441,0.25838470,12
223,disease|MONDO|3781,0.25317573,13
223,disease|MONDO|5737,0.14179805,14
223,disease|MONDO|2280,0.08997270,15
223,disease|MONDO|5002,-0.00710969,16
223,disease|MONDO|19338,-0.00882883,17
223,disease|MONDO|1444,-0.03364251,18
223,disease|MONDO|18076,-0.30013058,19
224,disease|MONDO|5070,0.20226485,1
224,disease|MONDO|8259,0.14440743,2
225,disease|MONDO|4781,2.35475409,1
225,disease|MONDO|5737,2.33266273,2
225,disease|MONDO|2280,2.31676394,3
225,disease|MONDO|4981,2.29289725,4
225,disease|MONDO|19338,2.28555122,5
225,disease|MONDO|7915,2.26471746,6
225,disease|MONDO|4979,2.25117624,7
225,disease|MONDO|5279,2.24896801,8
225,disease|MONDO|43537,2.22503525,9
225,effect/phenotype|HPO|1681,2.18723461,10
225,disease|MONDO|21040,2.18386659,11
225,disease|MONDO|100053,2.12326887,12
225,disease|MONDO|5002,2.04722148,13
225,disease|MONDO|3781,1.95801074,14
225,disease|MONDO|6932,1.89426646,15
225,disease|MONDO|9688,1.61105210,16
225,disease|MONDO|7186,1.55004785,17
225,disease|MONDO|5383,0.41869939,18
225,disease|MONDO|29000,0.40906119,19
226,disease|MONDO|5249,2.90364236,1
226,disease|MONDO|5002,2.86415923,2
226,disease|MONDO|4781,2.85006729,3
226,disease|MONDO|19338,2.84707850,4
226,disease|MONDO|9688,2.84106371,5
226,disease|MONDO|21040,2.81839275,6
226,disease|MONDO|5279,2.80712050,7
226,disease|MONDO|4979,2.79349649,8
226,disease|MONDO|7186,2.78264242,9
226,effect/phenotype|HPO|1681,2.77685863,10
226,disease|MONDO|7915,2.76822639,11
226,disease|MONDO|5383,2.74576797,12
226,disease|MONDO|4496,2.69567522,13
226,disease|MONDO|19562,2.62169161,14
226,disease|MONDO|43537,2.62029965,15
226,disease|MONDO|2280,2.57683587,16
226,disease|MONDO|4822,2.56903778,17
226,disease|MONDO|3781,2.47743364,18
226,disease|MONDO|6932,2.35456319,19
226,disease|MONDO|4981,2.19394785,20
226,disease|MONDO|1444,1.42711756,21
226,disease|MONDO|5737,1.08888358,22
227,effect/phenotype|HPO|1681,1.15562469,1
227,disease|MONDO|4781,1.01654093,2
227,disease|MONDO|19562,1.01644140,3
227,disease|MONDO|7186,0.99627524,4
227,disease|MONDO|5002,0.99066276,5
227,disease|MONDO|4979,0.96893938,6
227,disease|MONDO|7915,0.96187709,7
227,disease|MONDO|9688,0.91236753,8
227,disease|MONDO|2280,0.88694733,9
227,disease|MONDO|5109,0.84649143,10
227,disease|MONDO|1444,0.67252172,11
227,disease|MONDO|5249,0.65515365,12
227,disease|MONDO|4981,0.65169045,13
227,disease|MONDO|2465,0.58573999,14
227,disease|MONDO|6932,0.53140232,15
227,disease|MONDO|100053,0.49716853,16
227,disease|MONDO|29000,0.45019770,17
227,disease|MONDO|5961,0.42341816,18
227,disease|MONDO|5383,0.37879103,19
227,disease|MONDO|5737,0.05865566,20
227,disease|MONDO|19338,-0.25671232,21
228,disease|MONDO|4979,2.32263578,1
228,disease|MONDO|2280,2.30482654,2
228,disease|MONDO|7915,2.25627466,3
228,disease|MONDO|4781,2.21567112,4
228,disease|MONDO|5109,2.21371974,5
228,disease|MONDO|9688,2.17341071,6
228,disease|MONDO|5002,2.03340074,7
228,disease|MONDO|7186,1.99427940,8
228,effect/phenotype|HPO|1681,1.61769816,9
228,disease|MONDO|19338,1.25781751,10
228,disease|MONDO|18076,1.06839410,11
228,disease|MONDO|5737,1.04079186,12
228,disease|MONDO|19562,0.90953280,13
228,disease|MONDO|1444,0.72951508,14
228,disease|MONDO|4981,0.70681751,15
228,disease|MONDO|5249,0.65240240,16
228,disease|MONDO|5904,0.56846057,17
228,disease|MONDO|43537,0.50480990,18
228,disease|MONDO|5383,0.47348091,19
228,disease|MONDO|3781,0.41721535,20
228,disease|MONDO|6932,0.35289217,21
228,disease|MONDO|5961,0.30347031,22
229,effect/phenotype|HPO|1681,1.19465870,1
229,disease|MONDO|4781,1.06806497,2
229,disease|MONDO|7186,1.04711624,3
229,disease|MONDO|5002,1.02624723,4
229,disease|MONDO|7915,1.02501824,5
229,disease|MONDO|4979,0.98388829,6
229,disease|MONDO|2280,0.93411677,7
229,disease|MONDO|5109,0.87198991,8
229,disease|MONDO|9688,0.81943272,9
229,disease|MONDO|100053,0.74346082,10
229,disease|MONDO|1444,0.70310251,11
229,disease|MONDO|4981,0.67881401,12
229,disease|MONDO|2465,0.58555040,13
229,disease|MONDO|6932,0.52489331,14
229,disease|MONDO|29000,0.48310901,15
229,disease|MONDO|5961,0.43776643,16
229,disease|MONDO|5383,0.42400288,17
229,disease|MONDO|5737,0.07315756,18
229,disease|MONDO|19338,-0.24401981,19
230,effect/phenotype|HPO|1681,2.03903127,1
230,disease|MONDO|5315,1.99345140,2
230,disease|MONDO|4781,1.93863626,3
230,disease|MONDO|5249,1.89844878,4
230,disease|MONDO|5002,1.88495183,5
230,disease|MONDO|2280,1.84801539,6
230,disease|MONDO|6932,1.82877488,7
230,disease|MONDO|5109,1.78118799,8
230,disease|MONDO|4979,1.74741636,9
230,disease|MONDO|19338,1.66390255,10
230,disease|MONDO|9688,1.56038858,11
230,disease|MONDO|5383,1.42981219,12
230,disease|MONDO|7186,1.15761508,13
230,disease|MONDO|19562,0.89449957,14
230,disease|MONDO|4496,0.51725918,15
230,disease|MONDO|5904,0.47137368,16
230,disease|MONDO|5077,0.42977069,17
230,disease|MONDO|5961,0.40222669,18
230,disease|MONDO|5737,0.04886355,19
231,disease|MONDO|29000,1.17708206,1
231,disease|MONDO|6932,1.13902309,2
231,disease|MONDO|4781,1.05751745,3
231,disease|MONDO|5279,1.01043490,4
231,disease|MONDO|2280,1.00939576,5
231,disease|MONDO|4979,0.99856684,6
231,disease|MONDO|100053,0.95649841,7
231,disease|MONDO|3781,0.94633445,8
231,effect/phenotype|HPO|1681,0.93697418,9
231,disease|MONDO|7915,0.93496507,10
231,disease|MONDO|7186,0.92778628,11
231,disease|MONDO|19562,0.90954454,12
231,disease|MONDO|5722,0.89610792,13
231,disease|MONDO|5249,0.89219436,14
231,disease|MONDO|4981,0.88573782,15
231,disease|MONDO|5002,0.88526522,16
231,disease|MONDO|5961,0.88270073,17
231,disease|MONDO|5383,0.87677102,18
231,disease|MONDO|4822,0.87258162,19
231,disease|MONDO|9688,0.76908763,20
231,disease|MONDO|4777,0.76536468,21
231,disease|MONDO|5070,0.34743576,22
231,disease|MONDO|1444,-0.08541288,23
231,disease|MONDO|18076,-0.17191687,24
231,disease|MONDO|19338,-0.21473339,25
231,disease|MONDO|5737,-0.31566194,26
232,disease|MONDO|4979,0.77158383,1
232,disease|MONDO|4781,0.75700463,2
232,disease|MONDO|43537,0.75617035,3
232,disease|MONDO|7915,0.72511826,4
232,effect/phenotype|HPO|1681,0.71611621,5
232,disease|MONDO|2280,0.64773363,6
232,disease|MONDO|5279,0.61825103,7
232,disease|MONDO|6932,0.35391878,8
232,disease|MONDO|7186,0.09673124,9
232,disease|MONDO|100053,0.05515043,10
232,disease|MONDO|5002,0.00471120,11
232,disease|MONDO|9688,-0.02025560,12
232,disease|MONDO|21040,-0.05352907,13
233,disease|MONDO|19338,1.40395238,1
233,disease|MONDO|2280,1.33417839,2
233,effect/phenotype|HPO|1681,1.29848269,3
233,disease|MONDO|7915,1.04205391,4
233,disease|MONDO|4781,0.83672860,5
233,disease|MONDO|9688,0.43361819,6
233,disease|MONDO|5383,0.40120091,7
233,disease|MONDO|4981,0.35017006,8
233,disease|MONDO|4979,0.32132448,9
233,disease|MONDO|7186,0.30674065,10
233,disease|MONDO|5109,0.26526295,11
233,disease|MONDO|6932,0.23365531,12
233,disease|MONDO|5002,0.16428364,13
233,disease|MONDO|5737,0.06009675,14
233,disease|MONDO|1444,0.02800777,15
233,disease|MONDO|18076,0.02449455,16
234,disease|MONDO|5249,2.92453539,1
234,disease|MONDO|5002,2.88571489,2
234,disease|MONDO|19338,2.88497719,3
234,disease|MONDO|4781,2.87002856,4
234,disease|MONDO|9688,2.85916534,5
234,disease|MONDO|5279,2.84378770,6
234,disease|MONDO|21040,2.83056903,7
234,disease|MONDO|4979,2.82879031,8
234,effect/phenotype|HPO|1681,2.81552315,9
234,disease|MONDO|7186,2.81329355,10
234,disease|MONDO|7915,2.80467135,11
234,disease|MONDO|5383,2.77382118,12
234,disease|MONDO|4496,2.71634136,13
234,disease|MONDO|19562,2.64945060,14
234,disease|MONDO|43537,2.61974232,15
234,disease|MONDO|2280,2.59442717,16
234,disease|MONDO|4822,2.57651966,17
234,disease|MONDO|3781,2.50818109,18
234,disease|MONDO|6932,2.36633543,19
234,disease|MONDO|4981,1.60483670,20
234,disease|MONDO|5904,0.82085359,21
234,disease|MONDO|18076,0.80795246,22
234,disease|MONDO|1444,0.26805764,23
234,disease|MONDO|5737,-0.05428892,24
235,disease|MONDO|2280,1.96763104,1
235,effect/phenotype|HPO|1681,1.90215454,2
235,disease|MONDO|5383,1.84290899,3
235,disease|MONDO|5904,1.80608769,4
235,disease|MONDO|5002,1.77466936,5
235,disease|MONDO|4979,1.74282021,6
235,disease|MONDO|19338,1.74218111,7
235,disease|MONDO|5109,1.55678453,8
235,disease|MONDO|19562,1.45795611,9
235,disease|MONDO|4781,1.43803944,10
235,disease|MONDO|3781,1.25831784,11
235,disease|MONDO|6932,0.95336729,12
235,disease|MONDO|9688,0.51041871,13
235,disease|MONDO|4981,0.27993529,14
235,disease|MONDO|5812,0.09152065,15
235,disease|MONDO|1444,-0.12161867,16
236,disease|MONDO|2280,1.80502519,1
236,disease|MONDO|7915,1.76954994,2
236,disease|MONDO|3781,1.76947963,3
236,disease|MONDO|4781,1.59915989,4
236,disease|MONDO|5279,1.55155728,5
236,disease|MONDO|5249,1.53932351,6
236,disease|MONDO|18076,1.50382277,7
236,disease|MONDO|4979,1.41347516,8
236,disease|MONDO|21040,1.36323403,9
236,disease|MONDO|5109,1.27338865,10
236,disease|MONDO|9688,1.20665421,11
236,effect/phenotype|HPO|1681,1.20431260,12
236,disease|MONDO|5383,1.18252663,13
236,disease|MONDO|7186,1.13057274,14
236,disease|MONDO|5812,0.87783827,15
236,disease|MONDO|4496,0.87164801,16
236,disease|MONDO|5002,0.86292115,17
236,disease|MONDO|19562,0.82145183,18
236,disease|MONDO|4822,0.80498672,19
236,disease|MONDO|6932,0.45078078,20
236,disease|MONDO|4981,0.42504691,21
236,disease|MONDO|1444,0.26303893,22
237,disease|MONDO|7915,1.88544211,1
237,disease|MONDO|4781,1.84097925,2
237,effect/phenotype|HPO|1681,1.82329914,3
237,disease|MONDO|4979,1.79694641,4
237,disease|MONDO|5279,1.79060884,5
237,disease|MONDO|5383,1.77494338,6
237,disease|MONDO|19562,1.72011079,7
237,disease|MONDO|2280,1.70759607,8
237,disease|MONDO|5812,1.45916629,9
237,disease|MONDO|9688,1.41205309,10
237,disease|MONDO|7186,0.52413937,11
237,disease|MONDO|5249,0.52180302,12
237,disease|MONDO|19338,0.17782000,13
237,disease|MONDO|1444,-0.01335432,14
238,disease|MONDO|4781,2.26148930,1
238,disease|MONDO|2280,2.14066336,2
238,disease|MONDO|7915,2.09429851,3
238,effect/phenotype|HPO|1681,2.05192925,4
238,disease|MONDO|4496,2.00800015,5
238,disease|MONDO|4979,1.97260284,6
238,disease|MONDO|5002,1.88711659,7
238,disease|MONDO|5279,1.59733427,8
238,disease|MONDO|19338,1.22259638,9
238,disease|MONDO|5109,1.14200072,10
238,disease|MONDO|9688,1.12791868,11
238,disease|MONDO|4981,1.08975515,12
238,disease|MONDO|7186,1.03882766,13
238,disease|MONDO|5737,1.01609113,14
238,disease|MONDO|5315,0.93691596,15
238,disease|MONDO|5077,0.83731297,16
238,disease|MONDO|6932,0.68862417,17
238,disease|MONDO|5812,0.67089698,18
238,disease|MONDO|1444,0.13501227,19
239,effect/phenotype|HPO|1681,1.49156564,1
239,disease|MONDO|7186,1.43217157,2
239,disease|MONDO|3781,1.42213142,3
239,disease|MONDO|5383,1.38643374,4
239,disease|MONDO|4781,1.34490354,5
239,disease|MONDO|4979,1.32460883,6
239,disease|MONDO|5315,1.32281695,7
239,disease|MONDO|4981,1.31040551,8
239,disease|MONDO|9688,1.15866640,9
239,disease|MONDO|2280,0.47291309,10
239,disease|MONDO|5002,0.45133919,11
239,disease|MONDO|4867,0.43806214,12
239,disease|MONDO|5961,0.42910312,13
239,disease|MONDO|5249,0.39713125,14
239,disease|MONDO|5279,0.37219570,15
239,disease|MONDO|5812,0.25283107,16
239,disease|MONDO|19338,0.09914857,17
239,disease|MONDO|19562,0.03809531,18
239,disease|MONDO|1444,0.01505201,19
239,disease|MONDO|18076,-0.13886482,20
240,disease|MONDO|4781,2.11476089,1
240,disease|MONDO|4496,2.07242674,2
240,effect/phenotype|HPO|1681,2.04533568,3
240,disease|MONDO|4979,1.98675883,4
240,disease|MONDO|4867,1.97264303,5
240,disease|MONDO|2280,1.84396198,6
240,disease|MONDO|5249,1.63783306,7
240,disease|MONDO|4981,1.62310371,8
240,disease|MONDO|5383,1.52787238,9
240,disease|MONDO|5002,1.46545250,10
240,disease|MONDO|5961,1.45834263,11
240,disease|MONDO|3781,1.43155703,12
240,disease|MONDO|6932,1.22003242,13
240,disease|MONDO|19338,1.19969168,14
240,disease|MONDO|100053,1.05212596,15
240,disease|MONDO|9688,1.04896295,16
240,disease|MONDO|5315,1.03170677,17
240,disease|MONDO|7915,1.02730136,18
240,disease|MONDO|5737,0.94384794,19
240,disease|MONDO|19562,0.22620600,20
240,disease|MONDO|1444,0.13895145,21
241,disease|MONDO|5002,1.33243844,1
241,disease|MONDO|7186,1.30712721,2
241,disease|MONDO|3781,1.28000668,3
241,disease|MONDO|4822,1.26508933,4
241,disease|MONDO|2280,1.22776576,5
241,disease|MONDO|7915,1.18527124,6
241,disease|MONDO|4781,1.16526309,7
241,disease|MONDO|9688,1.12750626,8
241,disease|MONDO|5904,1.05296004,9
241,disease|MONDO|5279,1.05278921,10
241,disease|MONDO|4979,1.01723404,11
241,disease|MONDO|5812,0.49386600,12
241,effect/phenotype|HPO|1681,0.35039269,13
241,disease|MONDO|5077,0.29864621,14
241,disease|MONDO|5737,0.07351672,15
241,disease|MONDO|5249,0.06193052,16
241,disease|MONDO|19338,0.04474760,17
241,disease|MONDO|1444,0.02979567,18
241,disease|MONDO|18076,-0.10675181,19
242,disease|MONDO|4979,0.73291035,1
242,disease|MONDO|4781,0.69064395,2
242,disease|MONDO|7915,0.64649528,3
242,disease|MONDO|5279,0.46530664,4
242,disease|MONDO|4981,0.12285954,5
242,disease|MONDO|100053,0.11884747,6
242,disease|MONDO|2280,0.06959411,7
242,effect/phenotype|HPO|1681,0.03755008,8
242,disease|MONDO|18076,-0.00412199,9
242,disease|MONDO|5737,-0.16918162,10
242,disease|MONDO|1444,-0.16937947,11
242,disease|MONDO|19338,-0.21663143,12
242,disease|MONDO|9688,-0.39585087,13
243,effect/phenotype|HPO|1681,1.49097550,1
243,disease|MONDO|7186,1.43157098,2
243,disease|MONDO|3781,1.42179564,3
243,disease|MONDO|5383,1.38563092,4
243,disease|MONDO|4781,1.34412286,5
243,disease|MONDO|4979,1.32426028,6
243,disease|MONDO|5315,1.32226699,7
243,disease|MONDO|4981,1.30971028,8
243,disease|MONDO|9688,1.15815515,9
243,disease|MONDO|2280,0.47254656,10
243,disease|MONDO|5002,0.45063862,11
243,disease|MONDO|4867,0.43808386,12
243,disease|MONDO|5961,0.42857123,13
243,disease|MONDO|5249,0.39640795,14
243,disease|MONDO|5279,0.37211347,15
243,disease|MONDO|5812,0.25228296,16
243,disease|MONDO|19338,0.09885421,17
243,disease|MONDO|19562,0.03832902,18
243,disease|MONDO|1444,0.01467271,19
243,disease|MONDO|5737,-0.11982436,20
243,disease|MONDO|18076,-0.13871211,21
244,disease|MONDO|2280,0.85722998,1
244,disease|MONDO|7915,0.80914379,2
244,disease|MONDO|6932,0.79569166,3
244,disease|MONDO|4981,0.73816905,4
244,disease|MONDO|4979,0.70722219,5
244,disease|MONDO|5109,0.70589656,6
244,disease|MONDO|4781,0.69177753,7
244,disease|MONDO|9688,0.60075702,8
244,disease|MONDO|5383,0.55637141,9
244,effect/phenotype|HPO|1681,0.55461102,10
244,disease|MONDO|5249,0.52353269,11
244,disease|MONDO|5002,0.48202032,12
244,disease|MONDO|2465,0.42424084,13
244,disease|MONDO|100053,0.42280161,14
244,disease|MONDO|19562,0.32833577,15
244,disease|MONDO|3781,0.24695753,16
244,disease|MONDO|19338,0.19615427,17
244,disease|MONDO|5279,0.17704660,18
244,disease|MONDO|7186,0.16741174,19
244,disease|MONDO|4822,0.08035587,20
244,disease|MONDO|29000,0.06145541,21
244,disease|MONDO|5315,0.00042729,22
244,disease|MONDO|1444,-0.06392080,23
245,disease|MONDO|5249,2.90859842,1
245,disease|MONDO|5002,2.87268481,2
245,disease|MONDO|19338,2.85770130,3
245,disease|MONDO|4781,2.85550630,4
245,disease|MONDO|9688,2.84742755,5
245,disease|MONDO|21040,2.82370734,6
245,disease|MONDO|4979,2.81330329,7
245,disease|MONDO|5279,2.80851918,8
245,effect/phenotype|HPO|1681,2.78881115,9
245,disease|MONDO|7186,2.78281298,10
245,disease|MONDO|7915,2.77579796,11
245,disease|MONDO|5383,2.75107390,12
245,disease|MONDO|4496,2.70025185,13
245,disease|MONDO|19562,2.62779421,14
245,disease|MONDO|43537,2.62003210,15
245,disease|MONDO|2280,2.57703203,16
245,disease|MONDO|4822,2.57009240,17
245,disease|MONDO|3781,2.49099812,18
245,disease|MONDO|6932,2.34816852,19
245,disease|MONDO|4981,2.20263499,20
245,disease|MONDO|5904,0.80623212,21
245,disease|MONDO|18076,0.80225971,22
245,disease|MONDO|5737,-0.05797105,23
246,disease|MONDO|2280,2.86357710,1
246,disease|MONDO|5249,2.82752559,2
246,disease|MONDO|4981,2.79570964,3
246,disease|MONDO|4781,2.72470415,4
246,disease|MONDO|4979,2.72409028,5
246,disease|MONDO|18076,2.72161794,6
246,disease|MONDO|5002,2.71763754,7
246,disease|MONDO|5279,2.70709151,8
246,disease|MONDO|19338,2.68480235,9
246,effect/phenotype|HPO|1681,2.62592477,10
246,disease|MONDO|7915,2.61344972,11
246,disease|MONDO|7186,2.54462159,12
246,disease|MONDO|5109,2.52271837,13
246,disease|MONDO|4822,2.45238557,14
246,disease|MONDO|21040,2.08082536,15
246,disease|MONDO|1444,2.07147878,16
246,disease|MONDO|19562,1.95830479,17
246,disease|MONDO|5737,1.66640930,18
246,disease|MONDO|43537,1.55685884,19
246,disease|MONDO|4496,1.43716991,20
246,disease|MONDO|9688,1.42267072,21
246,disease|MONDO|5383,1.28428203,22
246,disease|MONDO|6932,1.16051874,23
246,disease|MONDO|3781,1.11017083,24
247,disease|MONDO|2280,1.96577640,1
247,effect/phenotype|HPO|1681,1.89791083,2
247,disease|MONDO|5383,1.84431122,3
247,disease|MONDO|5904,1.79809070,4
247,disease|MONDO|5002,1.76338867,5
247,disease|MONDO|4781,1.75542182,6
247,disease|MONDO|19562,1.73972531,7
247,disease|MONDO|4979,1.73740932,8
247,disease|MONDO|19338,1.73123708,9
247,disease|MONDO|5279,1.71718317,10
247,disease|MONDO|7915,1.61083126,11
247,disease|MONDO|5737,1.59238046,12
247,disease|MONDO|5109,1.55787909,13
247,disease|MONDO|4496,1.54844217,14
247,disease|MONDO|1444,1.53586395,15
247,disease|MONDO|9688,1.48465377,16
247,disease|MONDO|5077,1.44445786,17
247,disease|MONDO|5315,1.38304271,18
247,disease|MONDO|4981,1.32324255,19
247,disease|MONDO|3781,1.24827592,20
247,disease|MONDO|6932,1.21866319,21
247,disease|MONDO|5961,0.36479098,22
248,effect/phenotype|HPO|1681,1.49090967,1
248,disease|MONDO|7186,1.43150467,2
248,disease|MONDO|3781,1.42175704,3
248,disease|MONDO|5383,1.38554187,4
248,disease|MONDO|4781,1.34403668,5
248,disease|MONDO|4979,1.32422024,6
248,disease|MONDO|5315,1.32220596,7
248,disease|MONDO|4981,1.30963281,8
248,disease|MONDO|9688,1.15809907,9
248,disease|MONDO|2280,0.47250688,10
248,disease|MONDO|5002,0.45056152,11
248,disease|MONDO|4867,0.43808512,12
248,disease|MONDO|5279,0.37210495,13
248,disease|MONDO|5812,0.25222329,14
248,disease|MONDO|7915,0.21634912,15
248,disease|MONDO|19338,0.09882239,16
248,disease|MONDO|19562,0.03835523,17
248,disease|MONDO|1444,0.01463118,18
248,disease|MONDO|5737,-0.11983836,19
248,disease|MONDO|18076,-0.13869528,20
249,disease|MONDO|2280,2.10643408,1
249,effect/phenotype|HPO|1681,2.10106917,2
249,disease|MONDO|4781,2.09236801,3
249,disease|MONDO|9688,2.05328614,4
249,disease|MONDO|7915,2.03443696,5
249,disease|MONDO|4981,1.72445187,6
249,disease|MONDO|7186,1.68313491,7
249,disease|MONDO|5002,1.67483944,8
249,disease|MONDO|43537,1.63269342,9
249,disease|MONDO|4979,1.62963209,10
249,disease|MONDO|5383,1.49478842,11
249,disease|MONDO|19338,1.19596800,12
249,disease|MONDO|18076,1.18402040,13
249,disease|MONDO|1444,1.08795962,14
249,disease|MONDO|5737,0.99614718,15
249,disease|MONDO|5109,0.66488481,16
249,disease|MONDO|5279,0.64692011,17
249,disease|MONDO|4822,0.57468653,18
249,disease|MONDO|100053,0.57262447,19
249,disease|MONDO|5315,0.53529267,20
249,disease|MONDO|3781,0.37785477,21
250,disease|MONDO|2280,0.99936696,1
250,effect/phenotype|HPO|1681,0.95182069,2
250,disease|MONDO|7915,0.48522344,3
250,disease|MONDO|5279,0.46494449,4
250,disease|MONDO|4979,0.43273337,5
250,disease|MONDO|19338,0.32745862,6
250,disease|MONDO|4781,0.31724383,7
250,disease|MONDO|4981,0.28622773,8
250,disease|MONDO|5002,0.23173288,9
250,disease|MONDO|100053,0.22116846,10
250,disease|MONDO|29000,0.21266291,11
250,disease|MONDO|5249,0.16891194,12
250,disease|MONDO|5737,0.15655521,13
250,disease|MONDO|5383,0.14265457,14
250,disease|MONDO|5904,0.11505220,15
250,disease|MONDO|1444,-0.01130594,16
250,disease|MONDO|18076,-0.03357658,17
251,disease|MONDO|19338,1.42705327,1
251,disease|MONDO|2280,1.35244531,2
251,effect/phenotype|HPO|1681,1.32130020,3
251,disease|MONDO|4981,1.25234125,4
251,disease|MONDO|7915,1.05865663,5
251,disease|MONDO|4781,0.85229543,6
251,disease|MONDO|9688,0.44469349,7
251,disease|MONDO|5383,0.41563527,8
251,disease|MONDO|4979,0.33112515,9
251,disease|MONDO|7186,0.31110766,10
251,disease|MONDO|6932,0.23873100,11
251,disease|MONDO|5002,0.17485774,12
251,disease|MONDO|5737,0.06369497,13
251,disease|MONDO|18076,0.03259571,14
251,disease|MONDO|1444,0.02963212,15
251,disease|MONDO|19562,0.00629593,16
252,disease|MONDO|4781,2.12251022,1
252,disease|MONDO|4496,2.07673028,2
252,effect/phenotype|HPO|1681,2.03338319,3
252,disease|MONDO|4979,2.01921248,4
252,disease|MONDO|4867,1.98222080,5
252,disease|MONDO|4981,1.63425794,6
252,disease|MONDO|5383,1.53064352,7
252,disease|MONDO|5002,1.50588810,8
252,disease|MONDO|9688,1.49144213,9
252,disease|MONDO|3781,1.45964734,10
252,disease|MONDO|2280,1.45710723,11
252,disease|MONDO|6932,1.25876702,12
252,disease|MONDO|5249,1.24731117,13
252,disease|MONDO|19338,1.22429654,14
252,disease|MONDO|100053,1.06896147,15
252,disease|MONDO|5315,1.05852784,16
252,disease|MONDO|5961,1.03185543,17
252,disease|MONDO|7915,1.02500319,18
252,disease|MONDO|5279,1.02427177,19
252,disease|MONDO|5737,0.96121830,20
252,disease|MONDO|1444,0.14019491,21
253,disease|MONDO|2280,1.66817333,1
253,disease|MONDO|19338,1.62433861,2
253,disease|MONDO|5904,1.61090624,3
253,disease|MONDO|9688,1.60863069,4
253,disease|MONDO|4979,1.56288792,5
253,disease|MONDO|5109,1.54125489,6
253,disease|MONDO|7915,1.51294421,7
253,effect/phenotype|HPO|1681,1.48497608,8
253,disease|MONDO|3441,1.43465705,9
253,disease|MONDO|4781,1.43430825,10
253,disease|MONDO|5002,1.42259377,11
253,disease|MONDO|5279,1.37372653,12
253,disease|MONDO|19562,0.78829394,13
253,disease|MONDO|3781,0.78451011,14
253,disease|MONDO|5249,0.72173214,15
253,disease|MONDO|1444,0.67053705,16
253,disease|MONDO|2465,0.64210368,17
253,disease|MONDO|4822,0.47715259,18
253,disease|MONDO|5812,0.33558045,19
253,disease|MONDO|5383,0.31457843,20
253,disease|MONDO|18076,-0.00293699,21
253,disease|MONDO|5737,-0.02078502,22
254,disease|MONDO|5249,2.87545159,1
254,disease|MONDO|5002,2.84401345,2
254,disease|MONDO|19338,2.83244827,3
254,disease|MONDO|4781,2.82840902,4
254,disease|MONDO|9688,2.82665479,5
254,disease|MONDO|5279,2.81636614,6
254,disease|MONDO|4979,2.78864568,7
254,effect/phenotype|HPO|1681,2.76556161,8
254,disease|MONDO|7186,2.76508000,9
254,disease|MONDO|21040,2.76066685,10
254,disease|MONDO|7915,2.74321628,11
254,disease|MONDO|5383,2.73004237,12
254,disease|MONDO|4496,2.66311967,13
254,disease|MONDO|19562,2.62427084,14
254,disease|MONDO|4822,2.54042953,15
254,disease|MONDO|3781,2.45182504,16
254,disease|MONDO|6932,2.30053288,17
254,disease|MONDO|2280,1.99541754,18
254,disease|MONDO|4981,1.56638467,19
254,disease|MONDO|1444,0.23641841,20
255,disease|MONDO|19338,1.42181478,1
255,effect/phenotype|HPO|1681,1.31097253,2
255,disease|MONDO|2280,1.04377407,3
255,disease|MONDO|7915,0.74933764,4
255,disease|MONDO|4781,0.56457761,5
255,disease|MONDO|9688,0.44451851,6
255,disease|MONDO|4981,0.33908794,7
255,disease|MONDO|4979,0.33806849,8
255,disease|MONDO|7186,0.30951289,9
255,disease|MONDO|6932,0.23046340,10
255,disease|MONDO|5002,0.17147135,11
255,disease|MONDO|5737,0.06610127,12
255,disease|MONDO|1444,0.03972713,13
255,disease|MONDO|18076,0.02418681,14
255,disease|MONDO|19562,0.00121268,15
256,disease|MONDO|4981,2.80158958,1
256,disease|MONDO|7915,2.76799077,2
256,disease|MONDO|2280,2.75624439,3
256,disease|MONDO|5249,2.74389058,4
256,disease|MONDO|4979,2.69879302,5
256,disease|MONDO|4496,2.68594119,6
256,disease|MONDO|5812,2.68320858,7
256,disease|MONDO|21040,2.68248942,8
256,disease|MONDO|9688,2.67879611,9
256,disease|MONDO|5002,2.57028650,10
256,disease|MONDO|4781,2.56312858,11
256,disease|MONDO|5383,2.55684420,12
256,disease|MONDO|5279,2.54453154,13
256,effect/phenotype|HPO|1681,2.53265196,14
256,disease|MONDO|7186,2.53079897,15
256,disease|MONDO|19562,2.49028462,16
256,disease|MONDO|4822,2.31018040,17
256,disease|MONDO|4867,1.97602698,18
256,disease|MONDO|1444,1.89480464,19
256,disease|MONDO|18076,1.85353103,20
256,disease|MONDO|5904,1.85254487,21
256,disease|MONDO|3781,1.79137611,22
256,disease|MONDO|5737,1.61892270,23
256,disease|MONDO|100053,1.45158562,24
256,disease|MONDO|5722,1.44773093,25
256,disease|MONDO|5109,1.34024188,26
256,disease|MONDO|43537,1.26578292,27
256,disease|MONDO|19338,1.22169337,28
256,disease|MONDO|6932,1.14182647,29
257,disease|MONDO|6932,1.36021054,1
257,effect/phenotype|HPO|1681,1.34076117,2
257,disease|MONDO|5383,1.33945537,3
257,disease|MONDO|5070,1.24928273,4
257,disease|MONDO|2280,1.24602000,5
257,disease|MONDO|4781,1.21354989,6
257,disease|MONDO|7915,1.05121915,7
257,disease|MONDO|100053,0.91871917,8
257,disease|MONDO|9688,0.90676720,9
257,disease|MONDO|4981,0.85388459,10
257,disease|MONDO|4979,0.84622138,11
257,disease|MONDO|5109,0.69050455,12
257,disease|MONDO|19338,0.57797356,13
257,disease|MONDO|7186,0.48827561,14
257,disease|MONDO|5279,0.27802701,15
257,disease|MONDO|5904,0.27783164,16
257,disease|MONDO|5002,0.16944055,17
257,disease|MONDO|5249,0.09275390,18
257,effect/phenotype|HPO|25425,0.05900995,19
258,disease|MONDO|7915,1.26519055,1
258,disease|MONDO|5279,1.19848067,2
258,disease|MONDO|4979,1.19443040,3
258,disease|MONDO|5002,1.15050411,4
258,effect/phenotype|HPO|1681,1.12382733,5
258,disease|MONDO|4781,1.08198802,6
258,disease|MONDO|5383,0.92211041,7
258,disease|MONDO|2280,0.90022418,8
258,disease|MONDO|4981,0.83046657,9
258,disease|MONDO|19338,0.52067666,10
258,disease|MONDO|19562,0.47922151,11
258,disease|MONDO|9688,0.25337458,12
258,disease|MONDO|5249,0.20912251,13
258,disease|MONDO|7186,0.14707652,14
258,disease|MONDO|18076,0.00883637,15
258,disease|MONDO|1444,-0.07381564,16
258,disease|MONDO|5737,-0.07960397,17
259,disease|MONDO|7915,1.26316677,1
259,disease|MONDO|5279,1.20194212,2
259,disease|MONDO|4979,1.19380096,3
259,disease|MONDO|5002,1.14704038,4
259,effect/phenotype|HPO|1681,1.12365983,5
259,disease|MONDO|4781,1.08087513,6
259,disease|MONDO|5383,0.92272852,7
259,disease|MONDO|2280,0.90412887,8
259,disease|MONDO|19338,0.85235672,9
259,disease|MONDO|4981,0.83491941,10
259,effect/phenotype|HPO|25425,0.77333873,11
259,disease|MONDO|19562,0.47719843,12
259,disease|MONDO|9688,0.24759549,13
259,disease|MONDO|5249,0.21271448,14
259,disease|MONDO|7186,0.14302850,15
259,disease|MONDO|18076,0.01225419,16
259,disease|MONDO|1444,-0.08101840,17
259,disease|MONDO|5737,-0.08132786,18
260,disease|MONDO|2280,2.32080546,1
260,disease|MONDO|5279,2.31502074,2
260,disease|MONDO|5383,2.30396947,3
260,disease|MONDO|9688,2.28808773,4
260,disease|MONDO|5002,2.23593634,5
260,disease|MONDO|4981,2.23289917,6
260,disease|MONDO|19338,2.22941744,7
260,disease|MONDO|5737,2.22315587,8
260,effect/phenotype|HPO|1681,2.22305398,9
260,disease|MONDO|4979,2.18209657,10
260,disease|MONDO|7186,2.15045868,11
260,disease|MONDO|21040,2.14824092,12
260,disease|MONDO|4781,2.14153954,13
260,disease|MONDO|7915,2.13351709,14
260,disease|MONDO|100053,2.06331279,15
260,disease|MONDO|6932,1.83409455,16
260,disease|MONDO|3781,0.90935261,17
260,disease|MONDO|1444,0.17540824,18
261,disease|MONDO|7915,2.34812018,1
261,disease|MONDO|2280,2.33732814,2
261,disease|MONDO|4979,2.28646803,3
261,disease|MONDO|5002,2.19058457,4
261,disease|MONDO|5279,2.18086995,5
261,disease|MONDO|5383,2.16336940,6
261,effect/phenotype|HPO|1681,2.14586000,7
261,disease|MONDO|4781,2.11809204,8
261,disease|MONDO|9688,1.69219291,9
261,disease|MONDO|5315,0.58776397,10
261,disease|MONDO|1444,0.26636392,11
261,disease|MONDO|19338,0.26404193,12
261,disease|MONDO|18076,0.18815325,13
261,disease|MONDO|5737,-0.11293922,14
262,disease|MONDO|5249,2.85775447,1
262,disease|MONDO|5002,2.82857811,2
262,disease|MONDO|19338,2.82302710,3
262,disease|MONDO|4781,2.81495774,4
262,disease|MONDO|9688,2.79661721,5
262,disease|MONDO|5279,2.78736836,6
262,disease|MONDO|21040,2.76575440,7
262,disease|MONDO|4979,2.76358664,8
262,effect/phenotype|HPO|1681,2.75521678,9
262,disease|MONDO|7186,2.74587768,10
262,disease|MONDO|7915,2.73653772,11
262,disease|MONDO|5383,2.70967659,12
262,disease|MONDO|4496,2.64837870,13
262,disease|MONDO|19562,2.59821112,14
262,disease|MONDO|2280,2.54286021,15
262,disease|MONDO|4822,2.52442961,16
262,disease|MONDO|3781,2.45129009,17
262,disease|MONDO|6932,2.30616704,18
262,disease|MONDO|4981,1.56512326,19
262,disease|MONDO|1444,0.72479251,20
262,disease|MONDO|5737,0.41473516,21
263,disease|MONDO|4981,1.90229486,1
263,effect/phenotype|HPO|1681,1.90144867,2
263,disease|MONDO|4781,1.90116005,3
263,disease|MONDO|5249,1.89042662,4
263,disease|MONDO|19338,1.85711479,5
263,disease|MONDO|9688,1.85329074,6
263,disease|MONDO|4979,1.84410813,7
263,disease|MONDO|5279,1.82472822,8
263,disease|MONDO|5002,1.69430477,9
263,disease|MONDO|7186,1.69240290,10
263,disease|MONDO|5961,1.69047886,11
263,disease|MONDO|2280,1.68109876,12
263,disease|MONDO|3781,1.67582233,13
263,disease|MONDO|7915,1.41002443,14
263,disease|MONDO|19562,1.38859085,15
263,disease|MONDO|5737,1.06753532,16
263,disease|MONDO|5109,0.90977643,17
263,disease|MONDO|5383,0.88691366,18
263,disease|MONDO|100053,0.83391107,19
263,disease|MONDO|5904,0.77423774,20
263,disease|MONDO|6932,0.64247975,21
263,disease|MONDO|5812,0.51896679,22
263,disease|MONDO|43537,0.35842327,23
264,disease|MONDO|4979,1.20065690,1
264,disease|MONDO|6932,1.18478139,2
264,disease|MONDO|4781,1.17545855,3
264,disease|MONDO|29000,1.17339119,4
264,disease|MONDO|2280,1.16363378,5
264,effect/phenotype|HPO|1681,1.13514032,6
264,disease|MONDO|7915,1.12771259,7
264,disease|MONDO|7186,1.06725517,8
264,disease|MONDO|100053,1.05619109,9
264,disease|MONDO|5279,1.05161080,10
264,disease|MONDO|5002,1.04841240,11
264,disease|MONDO|19562,1.02088434,12
264,disease|MONDO|5249,1.01959693,13
264,disease|MONDO|4981,1.00187420,14
264,disease|MONDO|5383,0.98905944,15
264,disease|MONDO|3781,0.98878068,16
264,disease|MONDO|5722,0.92747410,17
264,disease|MONDO|43537,0.91900013,18
264,disease|MONDO|5961,0.90879837,19
264,disease|MONDO|4822,0.90329345,20
264,disease|MONDO|4496,0.89358465,21
264,disease|MONDO|9688,0.83836275,22
264,disease|MONDO|18076,0.74732290,23
264,disease|MONDO|4777,0.73845898,24
264,disease|MONDO|5904,0.73119599,25
264,disease|MONDO|19338,0.71652932,26
264,disease|MONDO|4867,0.68133683,27
264,disease|MONDO|5070,0.41618743,28
264,disease|MONDO|5737,0.03147922,29
264,disease|MONDO|1444,-0.07916214,30
265,disease|MONDO|2280,2.85083303,1
265,disease|MONDO|5249,2.81776190,2
265,disease|MONDO|4981,2.78139329,3
265,disease|MONDO|4781,2.71273786,4
265,disease|MONDO|18076,2.71111256,5
265,disease|MONDO|4979,2.70987737,6
265,disease|MONDO|5002,2.70146087,7
265,disease|MONDO|5279,2.69269395,8
265,disease|MONDO|19338,2.66782224,9
265,disease|MONDO|21040,2.64013466,10
265,effect/phenotype|HPO|1681,2.61159486,11
265,disease|MONDO|7915,2.59386447,12
265,disease|MONDO|7186,2.52966759,13
265,disease|MONDO|5109,2.50959259,14
265,disease|MONDO|4822,2.44036939,15
265,disease|MONDO|1444,2.05089799,16
265,disease|MONDO|19562,1.95121935,17
265,disease|MONDO|5737,1.64758077,18
265,disease|MONDO|43537,1.54665333,19
265,disease|MONDO|4496,1.41922551,20
265,disease|MONDO|9688,1.40674356,21
265,disease|MONDO|5383,1.26731742,22
265,disease|MONDO|6932,1.14633547,23
265,disease|MONDO|3781,1.09436925,24
265,disease|MONDO|29000,0.92548135,25
266,disease|MONDO|5002,1.44331564,1
266,disease|MONDO|4781,1.43601076,2
266,disease|MONDO|7186,1.43350255,3
266,disease|MONDO|5315,1.35289281,4
266,disease|MONDO|7915,1.34334212,5
266,effect/phenotype|HPO|1681,1.31916601,6
266,disease|MONDO|9688,1.29411618,7
266,disease|MONDO|2280,1.25279433,8
266,disease|MONDO|3781,1.02816245,9
266,disease|MONDO|4979,1.01837676,10
266,disease|MONDO|6932,0.68973675,11
266,disease|MONDO|5279,0.66955325,12
266,disease|MONDO|5249,0.51720724,13
266,disease|MONDO|19338,0.37767787,14
266,disease|MONDO|29000,0.37425698,15
266,disease|MONDO|5109,0.30723393,16
266,disease|MONDO|1444,0.09770967,17
267,disease|MONDO|9688,2.02803560,1
267,disease|MONDO|4979,2.02482915,2
267,disease|MONDO|4781,1.94712029,3
267,disease|MONDO|19338,1.94307503,4
267,disease|MONDO|4496,1.93886900,5
267,disease|MONDO|2280,1.92303824,6
267,disease|MONDO|5383,1.92274921,7
267,effect/phenotype|HPO|1681,1.88935658,8
267,disease|MONDO|5002,1.88603985,9
267,disease|MONDO|21040,1.86676492,10
267,disease|MONDO|19562,1.85591558,11
267,disease|MONDO|5961,1.85421841,12
267,disease|MONDO|7915,1.82435238,13
267,disease|MONDO|43537,1.75528622,14
267,disease|MONDO|5315,1.69195995,15
267,disease|MONDO|5077,1.67587581,16
267,disease|MONDO|5904,1.67072133,17
267,disease|MONDO|100053,1.61688159,18
267,disease|MONDO|6932,1.58825883,19
267,disease|MONDO|3781,1.57404417,20
267,disease|MONDO|7186,1.49412584,21
267,disease|MONDO|5737,1.13430066,22
267,disease|MONDO|4981,0.96113725,23
267,disease|MONDO|5812,0.55540901,24
267,disease|MONDO|5109,0.43996814,25
267,disease|MONDO|18076,0.10002638,26
267,disease|MONDO|1444,0.06494536,27
268,disease|MONDO|2280,1.14718497,1
268,effect/phenotype|HPO|1681,1.07860344,2
268,disease|MONDO|7915,0.61101586,3
268,disease|MONDO|5279,0.57252514,4
268,disease|MONDO|4979,0.55161557,5
268,disease|MONDO|1444,0.52856256,6
268,disease|MONDO|19338,0.43324186,7
268,disease|MONDO|3781,0.42654824,8
268,disease|MONDO|4781,0.41741659,9
268,disease|MONDO|4981,0.33455677,10
268,disease|MONDO|5002,0.31754243,11
268,disease|MONDO|29000,0.28437740,12
268,disease|MONDO|100053,0.27388274,13
268,disease|MONDO|19562,0.26509354,14
268,disease|MONDO|5383,0.21509213,15
268,disease|MONDO|5737,0.20136644,16
268,disease|MONDO|9688,0.18737537,17
268,disease|MONDO|5904,0.17035194,18
268,disease|MONDO|18076,-0.00022015,19
269,disease|MONDO|4781,2.40822116,1
269,disease|MONDO|5737,2.34990390,2
269,disease|MONDO|2280,2.33740544,3
269,disease|MONDO|4981,2.31964260,4
269,disease|MONDO|19338,2.29716628,5
269,disease|MONDO|7915,2.27928674,6
269,effect/phenotype|HPO|1681,2.20463687,7
269,disease|MONDO|6932,1.89903748,8
269,disease|MONDO|4979,1.24469273,9
269,disease|MONDO|9688,1.19833525,10
269,disease|MONDO|7186,1.12450957,11
269,disease|MONDO|5002,1.04684861,12
269,disease|MONDO|5383,0.51479067,13
269,disease|MONDO|4496,0.50699806,14
269,disease|MONDO|5904,0.44849736,15
269,disease|MONDO|3781,0.25818838,16
269,disease|MONDO|1444,0.16740032,17
270,disease|MONDO|2280,1.73090705,1
270,effect/phenotype|HPO|1681,1.73013276,2
270,disease|MONDO|4979,1.67941897,3
270,disease|MONDO|5002,1.63546811,4
270,disease|MONDO|4781,1.36648542,5
270,disease|MONDO|6932,1.36123526,6
270,disease|MONDO|7915,1.36116455,7
270,disease|MONDO|4981,1.34633386,8
270,disease|MONDO|9688,1.33029778,9
270,disease|MONDO|7186,1.26018401,10
270,disease|MONDO|19338,1.25734894,11
270,disease|MONDO|19562,1.25134071,12
270,disease|MONDO|100053,1.20285239,13
270,disease|MONDO|5737,1.08332191,14
270,disease|MONDO|3781,0.63409007,15
270,disease|MONDO|4867,0.39193812,16
270,disease|MONDO|5383,0.39069897,17
270,disease|MONDO|1444,0.03712693,18
271,disease|MONDO|21040,1.22131830,1
271,disease|MONDO|4781,1.21573872,2
271,effect/phenotype|HPO|1681,1.19676193,3
271,disease|MONDO|5904,1.13057052,4
271,disease|MONDO|4496,1.13047292,5
271,disease|MONDO|2280,1.12628955,6
271,disease|MONDO|5109,1.03295495,7
271,disease|MONDO|7915,0.97194177,8
271,disease|MONDO|3441,0.85111751,9
271,disease|MONDO|19338,0.47760480,10
271,disease|MONDO|9688,0.38725121,11
271,disease|MONDO|19562,0.36314861,12
272,disease|MONDO|7915,1.77301079,1
272,effect/phenotype|HPO|1681,1.77156121,2
272,disease|MONDO|2280,1.73303992,3
272,disease|MONDO|4781,1.72164560,4
272,disease|MONDO|9688,1.68493772,5
272,disease|MONDO|5383,1.65537558,6
272,disease|MONDO|6932,1.64525156,7
272,disease|MONDO|7186,1.63757825,8
272,disease|MONDO|4979,1.54941004,9
272,disease|MONDO|4981,0.81353102,10
272,disease|MONDO|100053,0.80177920,11
272,disease|MONDO|43537,0.76124099,12
272,disease|MONDO|19338,0.72565881,13
272,disease|MONDO|5002,0.71733278,14
272,disease|MONDO|5753,0.64159958,15
272,disease|MONDO|3781,0.56407934,16
272,disease|MONDO|5109,0.39813557,17
272,disease|MONDO|5961,0.29617846,18
272,disease|MONDO|5249,0.15820950,19
272,disease|MONDO|5315,0.13215706,20
272,disease|MONDO|1444,0.10137981,21
273,disease|MONDO|4781,1.16341102,1
273,disease|MONDO|5279,1.12473758,2
273,effect/phenotype|HPO|1681,1.11848208,3
273,disease|MONDO|4979,1.00483640,4
273,disease|MONDO|7915,1.00273367,5
273,disease|MONDO|2280,0.99741938,6
273,disease|MONDO|19338,0.95478310,7
273,disease|MONDO|9688,0.89513442,8
273,disease|MONDO|5109,0.86923788,9
273,disease|MONDO|100053,0.86726714,10
273,disease|MONDO|3781,0.72966521,11
273,disease|MONDO|1444,0.66411202,12
273,disease|MONDO|19562,0.64443677,13
273,disease|MONDO|5737,0.63896608,14
273,disease|MONDO|5002,0.59157080,15
273,disease|MONDO|18076,0.57362016,16
273,disease|MONDO|7186,0.32026751,17
273,effect/phenotype|HPO|25425,0.26899181,18
274,disease|MONDO|5249,2.50680357,1
274,effect/phenotype|HPO|1681,2.42810798,2
274,disease|MONDO|4979,2.41475695,3
274,disease|MONDO|9688,2.38745071,4
274,disease|MONDO|4781,2.38629401,5
274,disease|MONDO|5961,2.34556660,6
274,disease|MONDO|5002,2.33052400,7
274,disease|MONDO|4822,2.30880132,8
274,disease|MONDO|4981,2.30666906,9
274,disease|MONDO|100053,2.26310749,10
274,disease|MONDO|7186,2.18080471,11
274,disease|MONDO|3781,2.15982325,12
274,disease|MONDO|6932,2.03316984,13
274,disease|MONDO|2280,1.81084934,14
274,disease|MONDO|5279,1.76233399,15
274,disease|MONDO|19338,1.45021415,16
274,disease|MONDO|4496,1.29082695,17
274,disease|MONDO|5737,1.24768224,18
274,disease|MONDO|5904,1.15036254,19
274,disease|MONDO|7915,0.70715374,20
274,disease|MONDO|5383,0.69064774,21
274,disease|MONDO|1444,0.29299515,22
275,effect/phenotype|HPO|1681,1.71104857,1
275,disease|MONDO|4981,1.65842474,2
275,disease|MONDO|9688,1.64519574,3
275,disease|MONDO|4979,1.56245005,4
275,disease|MONDO|2280,1.53949503,5
275,disease|MONDO|5279,1.52589635,6
275,disease|MONDO|6932,1.52390242,7
275,disease|MONDO|4781,1.48648845,8
275,disease|MONDO|19562,1.30420231,9
275,disease|MONDO|7915,1.29205418,10
275,disease|MONDO|100053,1.27228198,11
275,disease|MONDO|3781,0.33566989,12
275,disease|MONDO|4822,0.32410383,13
275,disease|MONDO|7186,0.22715955,14
275,disease|MONDO|19338,0.17562938,15
275,disease|MONDO|5002,0.15104678,16
275,disease|MONDO|1444,0.03077193,17
276,disease|MONDO|2280,1.79311121,1
276,disease|MONDO|7915,1.76954922,2
276,disease|MONDO|3781,1.76947847,3
276,disease|MONDO|4781,1.58724570,4
276,disease|MONDO|5279,1.55155756,5
276,disease|MONDO|18076,1.50382242,6
276,disease|MONDO|5249,1.46586090,7
276,disease|MONDO|4979,1.41347486,8
276,disease|MONDO|21040,1.36323312,9
276,disease|MONDO|5109,1.22180416,10
276,effect/phenotype|HPO|1681,1.20431184,11
276,disease|MONDO|5383,1.18252533,12
276,disease|MONDO|5961,1.15726352,13
276,disease|MONDO|7186,1.13057184,14
276,disease|MONDO|5812,0.87783798,15
276,disease|MONDO|4496,0.87164740,16
276,disease|MONDO|5002,0.86292052,17
276,disease|MONDO|9688,0.83622767,18
276,disease|MONDO|19562,0.82145110,19
276,disease|MONDO|4822,0.80498611,20
276,disease|MONDO|6932,0.45078063,21
276,disease|MONDO|1444,0.26303869,22
276,disease|MONDO|19338,0.11244217,23
277,disease|MONDO|7915,2.74668023,1
277,disease|MONDO|9688,2.68010274,2
277,disease|MONDO|4979,2.67633677,3
277,disease|MONDO|4496,2.66857138,4
277,disease|MONDO|5249,2.65552831,5
277,disease|MONDO|2280,2.65102088,6
277,disease|MONDO|21040,2.59412712,7
277,disease|MONDO|100053,2.58927026,8
277,disease|MONDO|4867,2.57301009,9
277,disease|MONDO|5002,2.55291672,10
277,disease|MONDO|1444,2.54165083,11
277,disease|MONDO|7186,2.51556732,12
277,disease|MONDO|18076,2.50037721,13
277,disease|MONDO|5109,2.47792634,14
277,disease|MONDO|5383,2.47338581,15
277,disease|MONDO|4781,2.47167079,16
277,disease|MONDO|5904,2.46671292,17
277,disease|MONDO|5279,2.46016920,18
277,disease|MONDO|19338,2.42622426,19
277,disease|MONDO|19562,2.41067795,20
277,disease|MONDO|3781,2.40554388,21
277,disease|MONDO|43537,2.40346743,22
277,effect/phenotype|HPO|1681,2.40213807,23
277,disease|MONDO|6932,2.27951083,24
277,disease|MONDO|5737,2.26576884,25
277,disease|MONDO|4981,2.12981164,26
277,disease|MONDO|5812,1.46151549,27
277,disease|MONDO|5315,1.31271201,28
277,disease|MONDO|5961,1.30333863,29
277,disease|MONDO|4822,1.08848725,30
278,effect/phenotype|HPO|1681,0.62613975,1
278,disease|MONDO|7915,0.61751930,2
278,disease|MONDO|4981,0.53305334,3
278,disease|MONDO|43537,0.23836053,4
278,disease|MONDO|3781,0.21351228,5
278,disease|MONDO|4979,0.14424447,6
278,disease|MONDO|4822,0.04549555,7
278,disease|MONDO|100053,0.00828357,8
278,disease|MONDO|9688,0.00535204,9
278,disease|MONDO|4867,-0.05518652,10
278,disease|MONDO|2280,-0.11650062,11
278,disease|MONDO|19338,-0.12346260,12
278,disease|MONDO|1444,-0.32222238,13
279,disease|MONDO|4781,2.58470362,1
279,effect/phenotype|HPO|1681,2.57517126,2
279,disease|MONDO|2280,2.20299865,3
279,disease|MONDO|4979,1.60077101,4
279,disease|MONDO|9688,1.59495050,5
279,disease|MONDO|7186,1.53287690,6
279,disease|MONDO|5002,1.52113879,7
279,disease|MONDO|4981,1.21030316,8
279,disease|MONDO|5737,1.19125235,9
279,disease|MONDO|19338,1.12734124,10
279,disease|MONDO|100053,1.02302913,11
279,disease|MONDO|3781,0.88580429,12
279,disease|MONDO|4496,0.58351427,13
279,disease|MONDO|7915,0.57170618,14
279,disease|MONDO|5904,0.52770166,15
280,disease|MONDO|43537,0.77323823,1
280,disease|MONDO|4781,0.72922679,2
280,effect/phenotype|HPO|1681,0.72719144,3
280,disease|MONDO|2280,0.65019277,4
280,disease|MONDO|4822,0.45259345,5
280,disease|MONDO|4979,0.36193945,6
280,disease|MONDO|7915,0.32422086,7
280,disease|MONDO|5279,0.22287232,8
280,disease|MONDO|5002,0.04369706,9
280,disease|MONDO|18076,-0.03105724,10
280,disease|MONDO|4981,-0.07258551,11
280,disease|MONDO|5737,-0.08009743,12
280,disease|MONDO|4867,-0.11179017,13
280,disease|MONDO|1444,-0.15673357,14
280,disease|MONDO|9688,-0.22299962,15
280,disease|MONDO|19338,-0.28921494,16
281,disease|MONDO|4979,1.37560806,1
281,disease|MONDO|3781,1.37438047,2
281,disease|MONDO|7915,1.33254962,3
281,disease|MONDO|100053,1.32915691,4
281,disease|MONDO|2280,1.19830073,5
281,disease|MONDO|9688,1.05372483,6
281,effect/phenotype|HPO|1681,1.01490249,7
281,disease|MONDO|4781,0.99765640,8
281,disease|MONDO|5279,0.87677568,9
281,effect/phenotype|HPO|4763,0.55282065,10
281,disease|MONDO|4981,0.33519161,11
281,disease|MONDO|1444,0.15576909,12
281,disease|MONDO|18076,0.06648150,13
281,disease|MONDO|19338,0.04649386,14
281,disease|MONDO|5737,-0.14107627,15
282,disease|MONDO|2280,2.54610226,1
282,disease|MONDO|4781,2.52967164,2
282,disease|MONDO|5109,2.52431187,3
282,effect/phenotype|HPO|1681,2.49177065,4
282,disease|MONDO|5077,2.35820249,5
282,disease|MONDO|9688,2.35372317,6
282,disease|MONDO|5961,2.31729144,7
282,disease|MONDO|2465,2.30805922,8
282,disease|MONDO|6932,2.11405301,9
282,disease|MONDO|4979,2.04411864,10
282,disease|MONDO|4981,2.01214772,11
282,disease|MONDO|19338,1.98478135,12
282,disease|MONDO|5249,1.98275504,13
282,disease|MONDO|7915,1.98062888,14
282,disease|MONDO|5002,1.97569853,15
282,disease|MONDO|5737,1.95776054,16
282,disease|MONDO|5315,1.92178154,17
282,disease|MONDO|18076,1.82172316,18
282,disease|MONDO|1444,1.80529139,19
282,disease|MONDO|4867,1.77670792,20
282,disease|MONDO|43537,1.75332248,21
282,disease|MONDO|4496,1.36736304,22
282,disease|MONDO|100053,1.31244536,23
282,disease|MONDO|5722,1.19458619,24
282,disease|MONDO|5904,1.06904737,25
282,disease|MONDO|3781,1.04939997,26
282,disease|MONDO|5279,0.68842965,27
283,disease|MONDO|2280,2.10643408,1
283,effect/phenotype|HPO|1681,2.10106917,2
283,disease|MONDO|4781,2.09236801,3
283,disease|MONDO|9688,2.05328614,4
283,disease|MONDO|7915,2.03443696,5
283,disease|MONDO|4981,1.72445187,6
283,disease|MONDO|7186,1.68313491,7
283,disease|MONDO|5002,1.67483944,8
283,disease|MONDO|43537,1.63269342,9
283,disease|MONDO|4979,1.62963209,10
283,disease|MONDO|5383,1.49478842,11
283,disease|MONDO|19338,1.19596800,12
283,disease|MONDO|18076,1.18402040,13
283,disease|MONDO|1444,1.08795962,14
283,disease|MONDO|5737,0.99614718,15
283,disease|MONDO|5109,0.66488481,16
283,disease|MONDO|5279,0.64692011,17
283,disease|MONDO|4822,0.57468653,18
283,disease|MONDO|100053,0.57262447,19
283,disease|MONDO|5315,0.53529267,20
283,disease|MONDO|3781,0.37785477,21
284,disease|MONDO|2280,1.09016473,1
284,effect/phenotype|HPO|1681,1.03431527,2
284,disease|MONDO|7915,0.57772247,3
284,disease|MONDO|5279,0.54942687,4
284,disease|MONDO|4979,0.51232743,5
284,disease|MONDO|3781,0.41194138,6
284,disease|MONDO|19338,0.39946710,7
284,disease|MONDO|4781,0.39170977,8
284,disease|MONDO|4981,0.32510263,9
284,disease|MONDO|5002,0.29988989,10
284,disease|MONDO|29000,0.26691782,11
284,disease|MONDO|100053,0.24877148,12
284,disease|MONDO|5383,0.19102647,13
284,disease|MONDO|5737,0.18667836,14
284,disease|MONDO|9688,0.17069727,15
284,disease|MONDO|5904,0.14797727,16
284,disease|MONDO|1444,0.01099357,17
284,disease|MONDO|18076,-0.01157181,18
285,disease|MONDO|4496,2.25037915,1
285,disease|MONDO|4981,1.95821059,2
285,disease|MONDO|4781,1.95297831,3
285,disease|MONDO|5249,1.92353675,4
285,effect/phenotype|HPO|1681,1.88803175,5
285,disease|MONDO|9688,1.80685143,6
285,disease|MONDO|5961,1.75504263,7
285,disease|MONDO|3781,1.75075871,8
285,disease|MONDO|2280,1.68051010,9
285,disease|MONDO|4979,1.45182824,10
285,disease|MONDO|5002,1.38911300,11
285,disease|MONDO|7915,1.37745635,12
285,disease|MONDO|19338,1.17497748,13
285,disease|MONDO|5315,1.02053133,14
285,disease|MONDO|5737,0.98317415,15
285,disease|MONDO|100053,0.93569068,16
285,disease|MONDO|5109,0.92319478,17
285,disease|MONDO|5279,0.41856413,18
285,disease|MONDO|4867,0.36793176,19
285,disease|MONDO|1444,0.05824775,20
286,disease|MONDO|4781,1.16226529,1
286,disease|MONDO|5737,1.00317940,2
286,disease|MONDO|2280,0.69599852,3
286,disease|MONDO|5279,0.65380790,4
286,disease|MONDO|19562,0.57502548,5
286,disease|MONDO|5383,0.44508369,6
286,disease|MONDO|7186,0.43470465,7
286,disease|MONDO|5249,0.35109825,8
286,disease|MONDO|9688,0.34397653,9
286,disease|MONDO|6932,0.27416922,10
286,disease|MONDO|4981,0.25609032,11
286,disease|MONDO|7915,0.25603972,12
286,effect/phenotype|HPO|1681,0.22733178,13
286,disease|MONDO|1444,0.08183596,14
286,disease|MONDO|19338,-0.01451766,15
287,disease|MONDO|2280,1.11080171,1
287,effect/phenotype|HPO|1681,1.04076825,2
287,disease|MONDO|7915,0.57696465,3
287,disease|MONDO|5279,0.55308001,4
287,disease|MONDO|4979,0.50835326,5
287,disease|MONDO|1444,0.48736917,6
287,disease|MONDO|3781,0.40166134,7
287,disease|MONDO|4781,0.39212200,8
287,disease|MONDO|19338,0.39186469,9
287,disease|MONDO|4981,0.32087208,10
287,disease|MONDO|5002,0.31148762,11
287,disease|MONDO|29000,0.26602430,12
287,disease|MONDO|100053,0.24635818,13
287,disease|MONDO|19562,0.24570787,14
287,disease|MONDO|5737,0.20008028,15
287,disease|MONDO|5383,0.18969207,16
287,disease|MONDO|9688,0.17476757,17
287,disease|MONDO|5904,0.16240434,18
287,disease|MONDO|18076,-0.01321149,19
288,disease|MONDO|21040,1.65446106,1
288,disease|MONDO|4979,1.43482959,2
288,effect/phenotype|HPO|1681,1.35438323,3
288,disease|MONDO|2280,1.35353313,4
288,disease|MONDO|5249,1.34267639,5
288,disease|MONDO|3441,1.04168370,6
288,disease|MONDO|4981,1.03344486,7
288,disease|MONDO|4781,1.00689680,8
288,disease|MONDO|5002,0.99608866,9
288,disease|MONDO|7915,0.97817481,10
288,disease|MONDO|9688,0.97303658,11
288,disease|MONDO|4496,0.94192991,12
288,disease|MONDO|5812,0.93802534,13
288,disease|MONDO|5383,0.90529137,14
288,disease|MONDO|7186,0.42504768,15
288,disease|MONDO|3781,0.37730610,16
288,disease|MONDO|6932,0.36249471,17
288,disease|MONDO|5315,0.31257371,18
288,effect/phenotype|HPO|25425,0.29586390,19
288,disease|MONDO|5279,0.26147804,20
288,disease|MONDO|5109,0.21117499,21
288,disease|MONDO|19338,0.09752427,22
288,disease|MONDO|1444,-0.09233789,23
288,disease|MONDO|5737,-0.11079152,24
288,disease|MONDO|18076,-0.12023472,25
289,disease|MONDO|2280,2.57223615,1
289,disease|MONDO|5109,2.56028277,2
289,disease|MONDO|4781,2.54862016,3
289,effect/phenotype|HPO|1681,2.51493905,4
289,disease|MONDO|9688,2.39292368,5
289,disease|MONDO|2465,2.35125962,6
289,disease|MONDO|6932,2.14297208,7
289,disease|MONDO|4981,2.04244983,8
289,disease|MONDO|5249,2.00740874,9
289,disease|MONDO|5077,1.92133129,10
289,disease|MONDO|5961,1.86680031,11
289,disease|MONDO|18076,1.83402163,12
289,disease|MONDO|43537,1.77737214,13
289,disease|MONDO|19338,1.66302657,14
289,disease|MONDO|5737,1.63882691,15
289,disease|MONDO|1444,1.48826984,16
289,disease|MONDO|4979,1.44006407,17
289,disease|MONDO|4496,1.39460000,18
289,disease|MONDO|7915,1.39131299,19
289,disease|MONDO|5002,1.36872050,20
289,disease|MONDO|100053,1.34805366,21
289,disease|MONDO|5722,1.23840600,22
289,disease|MONDO|4867,1.16808942,23
289,disease|MONDO|5904,1.08704995,24
289,disease|MONDO|3781,1.07089414,25
290,disease|MONDO|7915,0.95109506,1
290,disease|MONDO|4979,0.91517457,2
290,disease|MONDO|4981,0.80058748,3
290,disease|MONDO|2280,0.79180121,4
290,disease|MONDO|4781,0.78793421,5
290,disease|MONDO|5279,0.78592720,6
290,disease|MONDO|5249,0.75208984,7
290,effect/phenotype|HPO|1681,0.72599874,8
290,disease|MONDO|9688,0.66997354,9
290,disease|MONDO|3781,0.62726381,10
290,disease|MONDO|5002,0.44056078,11
290,disease|MONDO|100053,0.20179230,12
290,disease|MONDO|4496,0.18848187,13
290,disease|MONDO|5904,0.16384940,14
290,disease|MONDO|5383,0.11017874,15
290,disease|MONDO|29000,-0.01891743,16
290,disease|MONDO|1444,-0.15454972,17
291,disease|MONDO|2280,1.34262624,1
291,disease|MONDO|7186,1.33714198,2
291,disease|MONDO|6932,1.32924303,3
291,disease|MONDO|4979,1.29622786,4
291,disease|MONDO|4867,1.28146943,5
291,disease|MONDO|5249,1.27874580,6
291,disease|MONDO|4781,1.26353239,7
291,disease|MONDO|19338,1.22902117,8
291,disease|MONDO|18076,1.20803889,9
291,disease|MONDO|3781,1.18805538,10
291,disease|MONDO|7915,1.17257843,11
291,disease|MONDO|4496,1.17255300,12
291,disease|MONDO|100053,1.14931366,13
291,disease|MONDO|9688,1.14566658,14
291,disease|MONDO|5383,1.13899436,15
291,disease|MONDO|21040,1.12531587,16
291,disease|MONDO|5279,1.09370597,17
291,effect/phenotype|HPO|1681,1.09008652,18
291,disease|MONDO|5904,1.06934454,19
291,disease|MONDO|5002,0.94468796,20
291,disease|MONDO|4822,0.81705201,21
291,disease|MONDO|5315,0.48875713,22
291,disease|MONDO|5109,0.42089176,23
291,disease|MONDO|5961,0.38961796,24
291,disease|MONDO|4981,0.37159390,25
291,disease|MONDO|19562,0.13140658,26
291,disease|MONDO|1444,-0.11298327,27
291,disease|MONDO|5737,-0.27636236,28
292,disease|MONDO|4979,0.77158383,1
292,disease|MONDO|4781,0.75700463,2
292,disease|MONDO|43537,0.75617035,3
292,disease|MONDO|7915,0.72511826,4
292,effect/phenotype|HPO|1681,0.71611621,5
292,disease|MONDO|2280,0.64773363,6
292,disease|MONDO|5279,0.61825103,7
292,disease|MONDO|6932,0.35391878,8
292,disease|MONDO|7186,0.09673124,9
292,disease|MONDO|100053,0.05515043,10
292,disease|MONDO|5002,0.00471120,11
292,disease|MONDO|9688,-0.02025560,12
292,disease|MONDO|21040,-0.05352907,13
293,disease|MONDO|1444,1.33547275,1
293,disease|MONDO|5737,1.30186565,2
293,disease|MONDO|21040,1.22573193,3
293,disease|MONDO|19338,1.22496446,4
293,disease|MONDO|4979,1.17911608,5
293,effect/phenotype|HPO|1681,1.10596408,6
293,disease|MONDO|2280,0.96458379,7
293,disease|MONDO|5109,0.91262508,8
293,disease|MONDO|5279,0.61792296,9
293,disease|MONDO|4781,0.60709697,10
293,disease|MONDO|100053,0.38671515,11
293,disease|MONDO|4981,0.38275905,12
293,disease|MONDO|7915,0.34243383,13
293,disease|MONDO|9688,0.33590358,14
293,disease|MONDO|4867,0.24256853,15
293,disease|MONDO|18076,0.05440884,16
294,disease|MONDO|4979,1.52567588,1
294,disease|MONDO|4781,1.45444397,2
294,disease|MONDO|5109,1.45398284,3
294,disease|MONDO|5002,1.45021395,4
294,disease|MONDO|9688,1.43178504,5
294,disease|MONDO|5315,1.39165483,6
294,disease|MONDO|2280,1.37152565,7
294,effect/phenotype|HPO|1681,1.36036423,8
294,disease|MONDO|7915,1.20857036,9
294,disease|MONDO|7186,1.19153382,10
294,disease|MONDO|100053,1.17527674,11
294,disease|MONDO|3781,1.05928852,12
294,disease|MONDO|5383,1.03725414,13
294,disease|MONDO|6932,1.01005651,14
294,disease|MONDO|5961,0.28690323,15
294,disease|MONDO|5249,0.21962273,16
294,disease|MONDO|19338,0.17529144,17
294,disease|MONDO|5812,0.15643159,18
294,disease|MONDO|5737,0.12666096,19
295,disease|MONDO|7915,1.80596593,1
295,effect/phenotype|HPO|1681,1.79659824,2
295,disease|MONDO|3441,1.75111377,3
295,disease|MONDO|4781,1.74617682,4
295,disease|MONDO|4979,1.74100752,5
295,disease|MONDO|2280,1.71634623,6
295,disease|MONDO|5279,1.69191248,7
295,disease|MONDO|5383,1.67030836,8
295,disease|MONDO|5249,1.42757130,9
295,disease|MONDO|5002,1.38428867,10
295,disease|MONDO|19338,1.00620195,11
295,disease|MONDO|19562,0.96637242,12
295,disease|MONDO|7186,0.94914748,13
295,disease|MONDO|8259,0.65807945,14
295,disease|MONDO|5812,0.59757435,15
295,disease|MONDO|4981,0.59679377,16
295,disease|MONDO|5315,0.58185820,17
295,disease|MONDO|9688,0.49197386,18
295,disease|MONDO|5109,0.38461418,19
295,disease|MONDO|5737,0.37583078,20
295,disease|MONDO|1444,0.01575355,21
296,disease|MONDO|4781,2.01014221,1
296,disease|MONDO|5249,1.97736724,2
296,effect/phenotype|HPO|1681,1.95794815,3
296,disease|MONDO|5383,1.93409926,4
296,disease|MONDO|19338,1.88376471,5
296,disease|MONDO|5961,1.83984894,6
296,disease|MONDO|3781,1.68220742,7
296,disease|MONDO|2280,1.55353795,8
296,disease|MONDO|9688,1.54926805,9
296,disease|MONDO|6932,1.49946386,10
296,disease|MONDO|4979,1.48322508,11
296,disease|MONDO|5002,1.40194317,12
296,disease|MONDO|4981,1.11333898,13
296,disease|MONDO|5737,1.10301931,14
296,disease|MONDO|4496,1.08033307,15
296,disease|MONDO|5109,1.02058382,16
296,disease|MONDO|7915,0.92593097,17
296,disease|MONDO|5315,0.85979926,18
296,disease|MONDO|7186,0.84272087,19
296,disease|MONDO|1444,0.62894207,20
296,disease|MONDO|19562,0.44928171,21
297,disease|MONDO|2280,1.96763104,1
297,effect/phenotype|HPO|1681,1.90215454,2
297,disease|MONDO|5383,1.84290899,3
297,disease|MONDO|5904,1.80608769,4
297,disease|MONDO|5002,1.77466936,5
297,disease|MONDO|4979,1.74282021,6
297,disease|MONDO|19338,1.74218111,7
297,disease|MONDO|5109,1.55678453,8
297,disease|MONDO|19562,1.45795611,9
297,disease|MONDO|4781,1.43803944,10
297,disease|MONDO|3781,1.25831784,11
297,disease|MONDO|6932,0.95336729,12
297,disease|MONDO|9688,0.51041871,13
297,disease|MONDO|4981,0.27993529,14
297,disease|MONDO|5812,0.09152065,15
297,disease|MONDO|1444,-0.12161867,16
298,disease|MONDO|5383,1.61312149,1
298,disease|MONDO|7915,1.61096960,2
298,effect/phenotype|HPO|1681,1.60935926,3
298,disease|MONDO|9688,1.57457105,4
298,disease|MONDO|100053,1.50610122,5
298,disease|MONDO|4781,1.49169020,6
298,disease|MONDO|2280,1.46521832,7
298,disease|MONDO|4981,1.44029568,8
298,disease|MONDO|4979,1.43363585,9
298,disease|MONDO|7186,1.36270785,10
298,disease|MONDO|6932,1.32605001,11
298,disease|MONDO|5904,1.19091517,12
298,disease|MONDO|5279,1.18687674,13
298,disease|MONDO|5002,1.08512154,14
298,disease|MONDO|19338,0.54134645,15
298,disease|MONDO|5109,0.30730391,16
298,disease|MONDO|5315,0.20079353,17
298,disease|MONDO|1444,0.10282261,18
299,disease|MONDO|4981,1.92215776,1
299,disease|MONDO|2280,1.81598340,2
299,disease|MONDO|4781,1.80303389,3
299,effect/phenotype|HPO|1681,1.76324295,4
299,disease|MONDO|7915,1.68953976,5
299,disease|MONDO|5002,1.63854442,6
299,disease|MONDO|5070,1.49766126,7
299,disease|MONDO|5383,1.24929862,8
299,disease|MONDO|5279,1.01303089,9
299,disease|MONDO|9688,0.94933422,10
299,disease|MONDO|4979,0.85547629,11
299,disease|MONDO|7186,0.54382202,12
299,disease|MONDO|6932,0.30069027,13
299,disease|MONDO|19338,0.23971620,14
299,disease|MONDO|1444,0.23385486,15
300,disease|MONDO|7915,0.96861730,1
300,disease|MONDO|4979,0.93458029,2
300,disease|MONDO|2280,0.80371377,3
300,disease|MONDO|4781,0.79742374,4
300,disease|MONDO|5279,0.79342040,5
300,disease|MONDO|5249,0.75320061,6
300,disease|MONDO|3781,0.62650786,7
300,effect/phenotype|HPO|1681,0.58811180,8
300,disease|MONDO|5002,0.43095207,9
300,disease|MONDO|9688,0.22327913,10
300,disease|MONDO|100053,0.20236363,11
300,disease|MONDO|4496,0.18673789,12
300,disease|MONDO|5904,0.15884864,13
300,disease|MONDO|5383,0.11172591,14
300,disease|MONDO|29000,-0.02089867,15
300,disease|MONDO|1444,-0.14176449,16
301,disease|MONDO|2280,2.80514383,1
301,disease|MONDO|5249,2.75863171,2
301,disease|MONDO|4981,2.72276694,3
301,disease|MONDO|4781,2.65768763,4
301,disease|MONDO|18076,2.65404844,5
301,disease|MONDO|5002,2.63041562,6
301,disease|MONDO|4979,2.62973678,7
301,disease|MONDO|5279,2.61935869,8
301,effect/phenotype|HPO|1681,2.53292227,9
301,disease|MONDO|7915,2.50893557,10
301,disease|MONDO|5109,2.45124328,11
301,disease|MONDO|4822,2.37680819,12
301,disease|MONDO|21040,2.00980750,13
301,disease|MONDO|19338,1.99478281,14
301,disease|MONDO|1444,1.99440691,15
301,disease|MONDO|19562,1.89789155,16
301,disease|MONDO|7186,1.86321206,17
301,disease|MONDO|5737,1.58292329,18
301,disease|MONDO|43537,1.50549078,19
301,disease|MONDO|4496,1.38268562,20
301,disease|MONDO|9688,1.35326084,21
301,disease|MONDO|5383,1.22768247,22
301,disease|MONDO|6932,1.11452059,23
301,disease|MONDO|3781,1.07725696,24
301,disease|MONDO|29000,0.87989175,25
302,disease|MONDO|4781,2.35528690,1
302,disease|MONDO|5737,2.33168307,2
302,disease|MONDO|2280,2.31363267,3
302,disease|MONDO|19338,2.27736765,4
302,disease|MONDO|4981,2.27703868,5
302,disease|MONDO|7915,2.24986294,6
302,disease|MONDO|4979,2.22381333,7
302,effect/phenotype|HPO|1681,2.18160751,8
302,disease|MONDO|100053,2.11380728,9
302,disease|MONDO|5002,2.02136835,10
302,disease|MONDO|3781,1.93993670,11
302,disease|MONDO|6932,1.88396135,12
302,disease|MONDO|9688,1.61181621,13
302,disease|MONDO|7186,1.52104157,14
302,disease|MONDO|5279,1.11516169,15
302,disease|MONDO|5383,0.50425602,16
302,disease|MONDO|4496,0.47694848,17
302,disease|MONDO|5904,0.42779225,18
302,disease|MONDO|1444,0.16501844,19
303,disease|MONDO|4981,2.69241473,1
303,disease|MONDO|4979,2.66875458,2
303,disease|MONDO|19338,2.65931529,3
303,disease|MONDO|5279,2.64962533,4
303,disease|MONDO|4781,2.64577237,5
303,disease|MONDO|21040,2.63309169,6
303,disease|MONDO|1444,2.61626893,7
303,disease|MONDO|18076,2.61481905,8
303,effect/phenotype|HPO|1681,2.56394649,9
303,disease|MONDO|7915,2.54934663,10
303,disease|MONDO|7186,2.52353841,11
303,disease|MONDO|19562,2.52006242,12
303,disease|MONDO|5109,2.50218230,13
303,disease|MONDO|5737,2.21094247,14
303,disease|MONDO|2280,2.19547629,15
303,disease|MONDO|5249,2.16377792,16
303,disease|MONDO|5002,2.04573643,17
303,disease|MONDO|4822,1.78966315,18
303,disease|MONDO|29000,0.92034614,19
303,disease|MONDO|43537,0.89098841,20
303,disease|MONDO|4496,0.76609224,21
303,disease|MONDO|9688,0.76210383,22
303,disease|MONDO|5383,0.60841454,23
303,disease|MONDO|6932,0.51236010,24
303,disease|MONDO|3781,0.46316136,25
304,disease|MONDO|7915,1.52363670,1
304,effect/phenotype|HPO|1681,1.43989608,2
304,disease|MONDO|2280,1.43501300,3
304,disease|MONDO|4781,1.39549620,4
304,disease|MONDO|4981,1.39336605,5
304,disease|MONDO|100053,1.38928439,6
304,disease|MONDO|7186,1.37680670,7
304,disease|MONDO|6932,1.34026700,8
304,disease|MONDO|4979,1.30760465,9
304,disease|MONDO|5002,1.30466185,10
304,disease|MONDO|5383,1.07870319,11
304,disease|MONDO|9688,1.07623801,12
304,disease|MONDO|43537,1.04733168,13
304,disease|MONDO|19338,1.02091675,14
304,disease|MONDO|3781,0.82812189,15
304,disease|MONDO|5249,0.51653951,16
304,disease|MONDO|5279,0.30503972,17
304,disease|MONDO|5904,0.28286681,18
304,disease|MONDO|5109,0.27285203,19
304,effect/phenotype|HPO|25425,0.08238647,20
305,disease|MONDO|21040,1.17933807,1
305,disease|MONDO|2280,1.07019649,2
305,disease|MONDO|5109,1.02914163,3
305,effect/phenotype|HPO|25425,0.91925538,4
305,disease|MONDO|7915,0.91769408,5
305,disease|MONDO|4781,0.90994995,6
305,disease|MONDO|3441,0.84662820,7
305,disease|MONDO|4979,0.83426159,8
305,disease|MONDO|19338,0.48605831,9
305,disease|MONDO|9688,0.40144152,10
305,effect/phenotype|HPO|1681,0.34405852,11
305,disease|MONDO|7186,0.26262868,12
305,disease|MONDO|5737,-0.03871500,13
305,disease|MONDO|1444,-0.05837375,14
306,disease|MONDO|4981,1.92210776,1
306,disease|MONDO|2280,1.81592304,2
306,disease|MONDO|5279,1.81209174,3
306,disease|MONDO|4781,1.80296683,4
306,effect/phenotype|HPO|1681,1.76316532,5
306,disease|MONDO|7915,1.68949471,6
306,disease|MONDO|4979,1.65453946,7
306,disease|MONDO|5002,1.63850880,8
306,disease|MONDO|5070,1.49763227,9
306,disease|MONDO|5383,1.24927666,10
306,disease|MONDO|19338,1.00037967,11
306,disease|MONDO|9688,0.94927409,12
306,disease|MONDO|5737,0.83163124,13
306,disease|MONDO|19562,0.54723787,14
306,disease|MONDO|7186,0.54379882,15
306,disease|MONDO|4822,0.52510676,16
306,disease|MONDO|5961,0.46864095,17
306,disease|MONDO|6932,0.30070390,18
306,disease|MONDO|3781,0.24664972,19
306,disease|MONDO|1444,0.23384120,20
306,disease|MONDO|43537,0.19209409,21
307,disease|MONDO|4979,0.98684189,1
307,disease|MONDO|4781,0.87999671,2
307,disease|MONDO|43537,0.85602937,3
307,effect/phenotype|HPO|1681,0.80956215,4
307,disease|MONDO|7915,0.79368337,5
307,disease|MONDO|2280,0.78262613,6
307,disease|MONDO|5279,0.73981201,7
307,disease|MONDO|3781,0.15732258,8
307,disease|MONDO|100053,0.11249500,9
307,disease|MONDO|18076,-0.03023454,10
307,disease|MONDO|1444,-0.07680596,11
307,disease|MONDO|19338,-0.16094439,12
307,disease|MONDO|9688,-0.18778384,13
308,disease|MONDO|2280,2.85460204,1
308,disease|MONDO|5249,2.81990626,2
308,disease|MONDO|4981,2.78786415,3
308,disease|MONDO|4781,2.72083864,4
308,disease|MONDO|18076,2.71992996,5
308,disease|MONDO|4979,2.71871445,6
308,disease|MONDO|5002,2.71205187,7
308,disease|MONDO|5279,2.69737566,8
308,disease|MONDO|19338,2.67987305,9
308,disease|MONDO|21040,2.65099195,10
308,effect/phenotype|HPO|1681,2.62486887,11
308,disease|MONDO|7915,2.60894644,12
308,disease|MONDO|7186,2.54023382,13
308,disease|MONDO|5109,2.51757103,14
308,disease|MONDO|4822,2.45245821,15
308,disease|MONDO|1444,2.05942136,16
308,disease|MONDO|19562,1.95379572,17
308,disease|MONDO|5737,1.66441348,18
308,disease|MONDO|43537,1.54755825,19
308,disease|MONDO|4496,1.42529023,20
308,disease|MONDO|9688,1.41196543,21
308,disease|MONDO|5383,1.27482316,22
308,disease|MONDO|6932,1.14687709,23
308,disease|MONDO|3781,1.09669743,24
308,disease|MONDO|29000,0.93268803,25
309,disease|MONDO|5812,2.49265397,1
309,disease|MONDO|5002,2.45891038,2
309,disease|MONDO|4496,2.45103940,3
309,disease|MONDO|5109,2.42179427,4
309,disease|MONDO|4981,2.41353506,5
309,disease|MONDO|2280,2.40938807,6
309,disease|MONDO|4979,2.39151582,7
309,disease|MONDO|7915,2.37435210,8
309,disease|MONDO|5279,2.35239252,9
309,disease|MONDO|19338,2.35191628,10
309,disease|MONDO|19562,2.33201011,11
309,disease|MONDO|3781,2.32864994,12
309,disease|MONDO|4781,2.31925300,13
309,disease|MONDO|21040,2.31915542,14
309,disease|MONDO|5961,2.30965450,15
309,effect/phenotype|HPO|1681,2.27008288,16
309,disease|MONDO|4822,2.16146751,17
309,disease|MONDO|5249,1.80620110,18
309,disease|MONDO|9688,1.76105767,19
309,disease|MONDO|6932,1.51234043,20
309,disease|MONDO|5737,1.00453460,21
309,disease|MONDO|18076,0.25046450,22
309,disease|MONDO|1444,0.24780437,23
310,disease|MONDO|2280,2.80287921,1
310,disease|MONDO|5249,2.74741220,2
310,disease|MONDO|4981,2.70770788,3
310,disease|MONDO|18076,2.65164021,4
310,disease|MONDO|4781,2.65143222,5
310,disease|MONDO|4979,2.62774682,6
310,disease|MONDO|5002,2.62115967,7
310,disease|MONDO|5279,2.61888105,8
310,effect/phenotype|HPO|1681,2.51661459,9
310,disease|MONDO|7915,2.50164706,10
310,disease|MONDO|5109,2.44704938,11
310,disease|MONDO|4822,2.37262511,12
310,disease|MONDO|21040,2.01466551,13
310,disease|MONDO|19338,1.99543935,14
310,disease|MONDO|1444,1.98915595,15
310,disease|MONDO|19562,1.89419809,16
310,disease|MONDO|7186,1.87177533,17
310,disease|MONDO|5737,1.57602309,18
310,disease|MONDO|43537,1.50199437,19
310,disease|MONDO|4496,1.38483001,20
310,disease|MONDO|9688,1.35098895,21
310,disease|MONDO|5383,1.21568472,22
310,disease|MONDO|6932,1.11467605,23
310,disease|MONDO|3781,1.08436356,24
310,disease|MONDO|29000,0.87349632,25
311,disease|MONDO|4781,1.20346106,1
311,effect/phenotype|HPO|1681,1.16796402,2
311,disease|MONDO|2280,1.11769604,3
311,disease|MONDO|5904,1.11674178,4
311,disease|MONDO|4496,1.11390949,5
311,disease|MONDO|5109,1.01330769,6
311,disease|MONDO|7915,0.95897093,7
311,disease|MONDO|3441,0.82243796,8
311,disease|MONDO|19338,0.47770770,9
311,disease|MONDO|5961,0.41219604,10
311,disease|MONDO|9688,0.39099283,11
311,disease|MONDO|5753,0.30129597,12
311,disease|MONDO|5737,-0.02719988,13
311,disease|MONDO|19562,-0.18478525,14
312,disease|MONDO|4981,2.80158976,1
312,disease|MONDO|7915,2.76799101,2
312,disease|MONDO|2280,2.75624478,3
312,disease|MONDO|5249,2.74389088,4
312,disease|MONDO|4979,2.69879329,5
312,disease|MONDO|4496,2.68594140,6
312,disease|MONDO|5812,2.68320879,7
312,disease|MONDO|21040,2.68248963,8
312,disease|MONDO|9688,2.68010235,9
312,disease|MONDO|100053,2.58927009,10
312,disease|MONDO|5002,2.57028683,11
312,disease|MONDO|4781,2.56312892,12
312,disease|MONDO|5279,2.54453187,13
312,disease|MONDO|1444,2.54165067,14
312,effect/phenotype|HPO|1681,2.53265223,15
312,disease|MONDO|7186,2.53079922,16
312,disease|MONDO|18076,2.50037710,17
312,disease|MONDO|19562,2.49028493,18
312,disease|MONDO|5904,2.46671264,19
312,disease|MONDO|3781,2.40554375,20
312,disease|MONDO|4822,2.31018063,21
312,disease|MONDO|6932,2.27951070,22
312,disease|MONDO|5737,2.26576871,23
312,disease|MONDO|4867,1.97602701,24
312,disease|MONDO|19338,1.86853933,25
312,disease|MONDO|5383,0.68830502,26
313,disease|MONDO|4781,2.34938499,1
313,disease|MONDO|5737,2.33068433,2
313,disease|MONDO|2280,2.31404428,3
313,disease|MONDO|4981,2.28344920,4
313,disease|MONDO|19338,2.28302716,5
313,disease|MONDO|7915,2.27112299,6
313,effect/phenotype|HPO|1681,2.18580541,7
313,disease|MONDO|6932,1.89271995,8
313,disease|MONDO|4979,1.23065418,9
313,disease|MONDO|9688,1.17040166,10
313,disease|MONDO|7186,1.10396978,11
313,disease|MONDO|5002,1.02337816,12
313,disease|MONDO|1444,0.16002759,13
314,disease|MONDO|2280,1.34262624,1
314,disease|MONDO|7186,1.33714198,2
314,disease|MONDO|6932,1.32924303,3
314,disease|MONDO|4979,1.29622786,4
314,disease|MONDO|4867,1.28146943,5
314,disease|MONDO|5249,1.27874580,6
314,disease|MONDO|4781,1.26353239,7
314,disease|MONDO|19338,1.22902117,8
314,disease|MONDO|18076,1.20803889,9
314,disease|MONDO|3781,1.18805538,10
314,disease|MONDO|7915,1.17257843,11
314,disease|MONDO|4496,1.17255300,12
314,disease|MONDO|100053,1.14931366,13
314,disease|MONDO|9688,1.14566658,14
314,disease|MONDO|5383,1.13899436,15
314,disease|MONDO|21040,1.12531587,16
314,disease|MONDO|5279,1.09370597,17
314,effect/phenotype|HPO|1681,1.09008652,18
314,disease|MONDO|5904,1.06934454,19
314,disease|MONDO|5002,0.94468796,20
314,disease|MONDO|4822,0.81705201,21
314,disease|MONDO|5315,0.48875713,22
314,disease|MONDO|5109,0.42089176,23
314,disease|MONDO|5961,0.38961796,24
314,disease|MONDO|4981,0.37159390,25
314,disease|MONDO|19562,0.13140658,26
314,disease|MONDO|1444,-0.11298327,27
314,disease|MONDO|5737,-0.27636236,28
315,disease|MONDO|21040,1.38231818,1
315,disease|MONDO|5249,1.16839242,2
315,disease|MONDO|5109,1.15982977,3
315,effect/phenotype|HPO|1681,1.14839512,4
315,disease|MONDO|2280,1.01677142,5
315,disease|MONDO|19338,1.01112898,6
315,disease|MONDO|4781,0.68015347,7
315,disease|MONDO|4979,0.56255986,8
315,disease|MONDO|1444,0.49941736,9
315,disease|MONDO|7915,0.44227616,10
315,disease|MONDO|5279,0.37943831,11
315,disease|MONDO|9688,0.34313168,12
315,disease|MONDO|5737,0.34207498,13
315,disease|MONDO|100053,0.21931353,14
315,disease|MONDO|4981,0.12567907,15
315,disease|MONDO|29000,0.09549842,16
315,disease|MONDO|5002,-0.00843954,17
315,disease|MONDO|5812,-0.02381425,18
316,disease|MONDO|5002,1.33243844,1
316,disease|MONDO|7186,1.30712721,2
316,disease|MONDO|3781,1.28000668,3
316,disease|MONDO|4822,1.26508933,4
316,disease|MONDO|2280,1.22776576,5
316,disease|MONDO|7915,1.18527124,6
316,disease|MONDO|4781,1.16526309,7
316,disease|MONDO|9688,1.12750626,8
316,disease|MONDO|5904,1.05296004,9
316,disease|MONDO|5279,1.05278921,10
316,disease|MONDO|4979,1.01723404,11
316,disease|MONDO|5812,0.49386600,12
316,effect/phenotype|HPO|1681,0.35039269,13
316,disease|MONDO|5077,0.29864621,14
316,disease|MONDO|5737,0.07351672,15
316,disease|MONDO|5249,0.06193052,16
316,disease|MONDO|19338,0.04474760,17
316,disease|MONDO|1444,0.02979567,18
316,disease|MONDO|18076,-0.10675181,19
317,disease|MONDO|43537,0.80542810,1
317,disease|MONDO|4781,0.73295633,2
317,effect/phenotype|HPO|1681,0.72059958,3
317,disease|MONDO|7915,0.62798762,4
317,disease|MONDO|4979,0.39011075,5
317,disease|MONDO|5279,0.19684279,6
317,disease|MONDO|3781,0.17159658,7
317,disease|MONDO|5249,0.07907294,8
317,disease|MONDO|5002,0.07026676,9
317,disease|MONDO|4867,0.03091145,10
317,disease|MONDO|18076,-0.01354724,11
317,disease|MONDO|2280,-0.09635083,12
317,disease|MONDO|1444,-0.10826750,13
317,disease|MONDO|9688,-0.22325376,14
317,disease|MONDO|19338,-0.26783305,15
318,disease|MONDO|2280,2.50816748,1
318,disease|MONDO|4781,2.49520648,2
318,disease|MONDO|5109,2.49188411,3
318,effect/phenotype|HPO|1681,2.45651263,4
318,disease|MONDO|5077,2.33652112,5
318,disease|MONDO|9688,2.32140179,6
318,disease|MONDO|5961,2.29130410,7
318,disease|MONDO|2465,2.28710803,8
318,disease|MONDO|6932,2.08909138,9
318,disease|MONDO|4979,2.02191532,10
318,disease|MONDO|4981,1.98937035,11
318,disease|MONDO|19338,1.96054694,12
318,disease|MONDO|7915,1.95535764,13
318,disease|MONDO|5249,1.95048228,14
318,disease|MONDO|5002,1.94688466,15
318,disease|MONDO|5737,1.94515246,16
318,disease|MONDO|18076,1.79850250,17
318,disease|MONDO|1444,1.78693807,18
318,disease|MONDO|4867,1.75209327,19
318,disease|MONDO|43537,1.73233091,20
318,disease|MONDO|4496,1.33886421,21
318,disease|MONDO|100053,1.28531432,22
318,disease|MONDO|5722,1.17225990,23
318,disease|MONDO|5904,1.04683353,24
318,disease|MONDO|3781,1.04078215,25
319,disease|MONDO|4781,1.51306822,1
319,disease|MONDO|5109,1.50658657,2
319,disease|MONDO|5002,1.50263839,3
319,disease|MONDO|9688,1.49506040,4
319,disease|MONDO|5315,1.44065514,5
319,disease|MONDO|2280,1.43361297,6
319,effect/phenotype|HPO|1681,1.39028065,7
319,disease|MONDO|7915,1.27144526,8
319,disease|MONDO|100053,1.25504999,9
319,disease|MONDO|7186,1.21129912,10
319,disease|MONDO|4979,1.19903535,11
319,disease|MONDO|5383,1.12628122,12
319,disease|MONDO|6932,1.08669451,13
319,disease|MONDO|3781,0.36777180,14
319,disease|MONDO|5249,0.23196907,15
319,disease|MONDO|5812,0.16970049,16
319,disease|MONDO|5737,0.12461350,17
319,disease|MONDO|19338,-0.00185958,18
319,disease|MONDO|1444,-0.02527506,19
319,disease|MONDO|18076,-0.12218210,20
320,disease|MONDO|43537,0.77972027,1
320,disease|MONDO|4781,0.72352155,2
320,effect/phenotype|HPO|1681,0.70728634,3
320,disease|MONDO|4979,0.36245710,4
320,disease|MONDO|7915,0.30324480,5
320,disease|MONDO|5279,0.21403359,6
320,disease|MONDO|5002,0.05919506,7
320,disease|MONDO|4981,-0.02490561,8
320,disease|MONDO|18076,-0.02995657,9
320,disease|MONDO|5737,-0.08479252,10
320,disease|MONDO|2280,-0.09493394,11
320,disease|MONDO|1444,-0.13309366,12
320,disease|MONDO|9688,-0.22935799,13
320,disease|MONDO|19338,-0.29408163,14
321,disease|MONDO|7915,1.52363670,1
321,effect/phenotype|HPO|1681,1.43989608,2
321,disease|MONDO|2280,1.43501300,3
321,disease|MONDO|4781,1.39549620,4
321,disease|MONDO|4981,1.39336605,5
321,disease|MONDO|100053,1.38928439,6
321,disease|MONDO|7186,1.37680670,7
321,disease|MONDO|6932,1.34026700,8
321,disease|MONDO|4979,1.30760465,9
321,disease|MONDO|5002,1.30466185,10
321,disease|MONDO|5383,1.07870319,11
321,disease|MONDO|9688,1.07623801,12
321,disease|MONDO|43537,1.04733168,13
321,disease|MONDO|19338,1.02091675,14
321,disease|MONDO|3781,0.82812189,15
321,disease|MONDO|5249,0.51653951,16
321,disease|MONDO|5279,0.30503972,17
321,disease|MONDO|5904,0.28286681,18
321,disease|MONDO|5109,0.27285203,19
321,effect/phenotype|HPO|25425,0.08238647,20
322,disease|MONDO|4979,1.51693721,1
322,disease|MONDO|5002,1.47177333,2
322,disease|MONDO|5109,1.45898138,3
322,disease|MONDO|9688,1.45668972,4
322,disease|MONDO|4781,1.45576593,5
322,disease|MONDO|5315,1.39915854,6
322,disease|MONDO|2280,1.38414430,7
322,effect/phenotype|HPO|1681,1.35351789,8
322,disease|MONDO|7915,1.23403543,9
322,disease|MONDO|100053,1.21348383,10
322,disease|MONDO|7186,1.18653178,11
322,disease|MONDO|5383,1.06885938,12
322,disease|MONDO|6932,1.04628528,13
322,disease|MONDO|3781,0.36877236,14
322,disease|MONDO|5249,0.20524753,15
322,disease|MONDO|4981,0.19881274,16
322,disease|MONDO|19338,0.18219301,17
322,disease|MONDO|5812,0.15962118,18
322,disease|MONDO|5737,0.10523736,19
323,disease|MONDO|19338,2.66056433,1
323,disease|MONDO|5904,2.65856621,2
323,disease|MONDO|2280,2.58710736,3
323,disease|MONDO|5109,2.57920945,4
323,disease|MONDO|7915,2.57619208,5
323,effect/phenotype|HPO|1681,2.55654696,6
323,disease|MONDO|5279,2.54199550,7
323,disease|MONDO|7186,2.53272139,8
323,disease|MONDO|4496,2.48657893,9
323,disease|MONDO|5002,2.47973511,10
323,disease|MONDO|4781,2.46781839,11
323,disease|MONDO|5737,2.45435098,12
323,disease|MONDO|4979,2.42847493,13
323,disease|MONDO|18076,2.41235583,14
323,disease|MONDO|100053,2.39768003,15
323,disease|MONDO|5315,2.39039873,16
323,disease|MONDO|3781,2.06374609,17
323,disease|MONDO|6932,2.06357530,18
323,disease|MONDO|5383,1.80685055,19
323,disease|MONDO|5249,1.36718170,20
323,disease|MONDO|5722,1.29251595,21
323,disease|MONDO|9688,1.20762202,22
323,disease|MONDO|43537,1.12793881,23
323,disease|MONDO|4822,0.48313810,24
323,disease|MONDO|19562,0.47432093,25
323,disease|MONDO|1444,0.18168131,26
324,disease|MONDO|2280,2.43541819,1
324,disease|MONDO|4979,2.42927594,2
324,disease|MONDO|5109,2.36027987,3
324,disease|MONDO|7915,2.33645120,4
324,disease|MONDO|4781,2.31747861,5
324,disease|MONDO|5904,2.27276100,6
324,disease|MONDO|9688,2.27219108,7
324,disease|MONDO|19338,2.25587942,8
324,disease|MONDO|43537,2.23334087,9
324,effect/phenotype|HPO|1681,2.19729178,10
324,disease|MONDO|5383,2.16864406,11
324,disease|MONDO|5002,2.12877625,12
324,disease|MONDO|7186,2.09717429,13
324,disease|MONDO|3781,2.08741701,14
324,disease|MONDO|5737,2.05078418,15
324,disease|MONDO|6932,2.04615733,16
324,disease|MONDO|19562,1.95736637,17
324,disease|MONDO|18076,1.12188198,18
324,disease|MONDO|4981,0.73401988,19
324,disease|MONDO|1444,0.73059183,20
324,disease|MONDO|5249,0.69454440,21
324,disease|MONDO|5961,0.35523417,22
325,disease|MONDO|5279,0.75138020,1
325,effect/phenotype|HPO|1681,0.72238693,2
325,disease|MONDO|5383,0.66613402,3
325,disease|MONDO|4781,0.64648091,4
325,disease|MONDO|7186,0.57212680,5
325,disease|MONDO|9688,0.55571306,6
325,disease|MONDO|5812,0.42547196,7
325,disease|MONDO|2280,0.40835305,8
325,disease|MONDO|5002,0.36566444,9
325,disease|MONDO|19338,0.35789879,10
325,disease|MONDO|5737,0.32981103,11
325,disease|MONDO|1444,0.29017279,12
325,disease|MONDO|7915,0.11873613,13
325,disease|MONDO|4979,0.06017977,14
325,disease|MONDO|5109,-0.07096145,15
325,disease|MONDO|4981,-0.07659295,16
326,disease|MONDO|5249,2.52589083,1
326,effect/phenotype|HPO|1681,2.50331905,2
326,disease|MONDO|4979,2.45499614,3
326,disease|MONDO|4781,2.40359865,4
326,disease|MONDO|5961,2.39416793,5
326,disease|MONDO|9688,2.38722040,6
326,disease|MONDO|4822,2.35093459,7
326,disease|MONDO|2280,2.32591175,8
326,disease|MONDO|5002,2.32349670,9
326,disease|MONDO|100053,2.29762457,10
326,disease|MONDO|4981,2.29313704,11
326,disease|MONDO|3781,2.19140488,12
326,disease|MONDO|6932,2.02175061,13
326,disease|MONDO|5279,1.75031064,14
326,disease|MONDO|7186,1.69700985,15
326,disease|MONDO|19338,1.45383850,16
326,disease|MONDO|4496,1.30165578,17
326,disease|MONDO|5737,1.26987490,18
326,disease|MONDO|5904,1.15738893,19
326,disease|MONDO|7915,0.72325733,20
326,disease|MONDO|5383,0.67838533,21
326,disease|MONDO|1444,0.27563193,22
327,disease|MONDO|4981,0.25811170,1
327,disease|MONDO|4979,0.24010772,2
327,disease|MONDO|5383,0.20105323,3
327,disease|MONDO|5002,0.10111424,4
327,disease|MONDO|5249,0.01058261,5
327,disease|MONDO|100053,-0.01303922,6
327,disease|MONDO|29000,-0.03555861,7
327,disease|MONDO|9688,-0.04721108,8
327,disease|MONDO|5737,-0.07399628,9
327,effect/phenotype|HPO|1681,-0.15046236,10
327,disease|MONDO|1444,-0.16975266,11
327,disease|MONDO|4781,-0.17656051,12
327,disease|MONDO|2280,-0.18835521,13
327,disease|MONDO|19338,-0.32596102,14
328,disease|MONDO|2280,2.01151708,1
328,disease|MONDO|7915,1.98116416,2
328,effect/phenotype|HPO|1681,1.97015423,3
328,disease|MONDO|4781,1.93190351,4
328,disease|MONDO|4981,1.91346297,5
328,disease|MONDO|5383,1.87796310,6
328,disease|MONDO|5002,1.85718152,7
328,disease|MONDO|9688,1.79063007,8
328,disease|MONDO|3781,1.69259193,9
328,disease|MONDO|7186,1.48902404,10
328,disease|MONDO|5812,1.47125384,11
328,disease|MONDO|4979,1.33788516,12
328,disease|MONDO|19338,1.12857580,13
328,disease|MONDO|5315,0.83135840,14
328,disease|MONDO|5109,0.56472558,15
328,disease|MONDO|4496,0.48494044,16
328,disease|MONDO|5961,0.45749357,17
328,disease|MONDO|1444,0.10305974,18
328,disease|MONDO|6932,0.09651065,19
329,disease|MONDO|5249,2.91392931,1
329,disease|MONDO|5002,2.87917086,2
329,disease|MONDO|19338,2.87217662,3
329,disease|MONDO|4781,2.85980380,4
329,disease|MONDO|9688,2.85433373,5
329,disease|MONDO|5279,2.83212397,6
329,disease|MONDO|21040,2.82445431,7
329,disease|MONDO|4979,2.81757158,8
329,effect/phenotype|HPO|1681,2.80114806,9
329,disease|MONDO|7186,2.79983211,10
329,disease|MONDO|7915,2.78884664,11
329,disease|MONDO|5383,2.76071122,12
329,disease|MONDO|4496,2.70663965,13
329,disease|MONDO|19562,2.64015376,14
329,disease|MONDO|43537,2.61166927,15
329,disease|MONDO|2280,2.58540481,16
329,disease|MONDO|4822,2.57063456,17
329,disease|MONDO|3781,2.49106962,18
329,disease|MONDO|6932,2.35988788,19
329,disease|MONDO|4981,2.20125839,20
329,disease|MONDO|5904,0.81690112,21
329,disease|MONDO|18076,0.80414200,22
329,disease|MONDO|1444,0.26463389,23
329,disease|MONDO|5737,-0.05507664,24
330,disease|MONDO|6031,2.00571156,1
330,disease|MONDO|2280,1.99925326,2
330,disease|MONDO|4979,1.99382883,3
330,disease|MONDO|5109,1.98320231,4
330,disease|MONDO|7915,1.98253551,5
330,disease|MONDO|5249,1.98197059,6
330,disease|MONDO|5002,1.96847937,7
330,disease|MONDO|5077,1.93879649,8
330,effect/phenotype|HPO|1681,1.90292250,9
330,disease|MONDO|5961,1.86887801,10
330,disease|MONDO|19562,1.81110256,11
330,disease|MONDO|5279,1.80965284,12
330,disease|MONDO|4781,1.80558117,13
330,disease|MONDO|5904,1.78916564,14
330,disease|MONDO|4981,1.53871824,15
330,disease|MONDO|9688,1.51626991,16
330,disease|MONDO|7186,1.50126390,17
330,disease|MONDO|3781,1.46437036,18
330,disease|MONDO|4822,1.44147243,19
330,disease|MONDO|100053,1.22627705,20
330,disease|MONDO|19338,0.94902927,21
330,disease|MONDO|18076,0.83735079,22
330,disease|MONDO|5737,0.75513133,23
330,disease|MONDO|5315,0.60183895,24
330,disease|MONDO|6932,0.42435521,25
330,disease|MONDO|1444,0.13657841,26
331,disease|MONDO|2280,1.08056113,1
331,effect/phenotype|HPO|1681,1.02518667,2
331,disease|MONDO|7915,0.56854843,3
331,disease|MONDO|5279,0.53802066,4
331,disease|MONDO|4979,0.50554523,5
331,disease|MONDO|1444,0.48137785,6
331,disease|MONDO|3781,0.40899816,7
331,disease|MONDO|19338,0.38960372,8
331,disease|MONDO|4781,0.38373688,9
331,disease|MONDO|4981,0.32116687,10
331,disease|MONDO|5002,0.29503910,11
331,disease|MONDO|29000,0.25974113,12
331,disease|MONDO|100053,0.24645431,13
331,disease|MONDO|19562,0.23186941,14
331,disease|MONDO|5737,0.18664889,15
331,disease|MONDO|5383,0.18368867,16
331,disease|MONDO|9688,0.16380981,17
331,disease|MONDO|5904,0.14579580,18
331,disease|MONDO|18076,-0.01129882,19
332,disease|MONDO|4781,1.77262478,1
332,disease|MONDO|2280,1.52678850,2
332,disease|MONDO|5904,1.48614332,3
332,disease|MONDO|7186,1.47923805,4
332,disease|MONDO|19338,1.46143077,5
332,disease|MONDO|4496,1.45239133,6
332,disease|MONDO|7915,1.42511081,7
332,disease|MONDO|18076,1.38147188,8
332,disease|MONDO|4979,1.35991113,9
332,disease|MONDO|5249,1.30322384,10
332,disease|MONDO|5002,1.24623162,11
332,disease|MONDO|9688,1.08300847,12
332,effect/phenotype|HPO|1681,1.07563128,13
332,disease|MONDO|4981,1.00783703,14
332,disease|MONDO|100053,0.94221155,15
332,disease|MONDO|5383,0.82888002,16
332,disease|MONDO|3781,0.57291712,17
332,disease|MONDO|6932,0.56850410,18
332,disease|MONDO|5109,0.33349185,19
332,disease|MONDO|19562,0.21184506,20
332,disease|MONDO|1444,0.13584353,21
332,disease|MONDO|5737,0.07714387,22
333,disease|MONDO|4981,1.92210776,1
333,disease|MONDO|2280,1.81592304,2
333,disease|MONDO|5279,1.81209174,3
333,disease|MONDO|4781,1.80296683,4
333,effect/phenotype|HPO|1681,1.76316532,5
333,disease|MONDO|7915,1.68949471,6
333,disease|MONDO|4979,1.65453946,7
333,disease|MONDO|5002,1.63850880,8
333,disease|MONDO|5070,1.49763227,9
333,disease|MONDO|5383,1.24927666,10
333,disease|MONDO|19338,1.00037967,11
333,disease|MONDO|9688,0.94927409,12
333,disease|MONDO|5737,0.83163124,13
333,disease|MONDO|19562,0.54723787,14
333,disease|MONDO|7186,0.54379882,15
333,disease|MONDO|4822,0.52510676,16
333,disease|MONDO|5961,0.46864095,17
333,disease|MONDO|6932,0.30070390,18
333,disease|MONDO|3781,0.24664972,19
333,disease|MONDO|1444,0.23384120,20
333,disease|MONDO|43537,0.19209409,21
334,disease|MONDO|4781,2.34978974,1
334,disease|MONDO|5737,2.32891735,2
334,disease|MONDO|2280,2.31272617,3
334,disease|MONDO|19338,2.28154724,4
334,disease|MONDO|4981,2.28061335,5
334,disease|MONDO|7915,2.25784574,6
334,disease|MONDO|4979,2.23340550,7
334,effect/phenotype|HPO|1681,2.18363094,8
334,disease|MONDO|5002,2.03005766,9
334,disease|MONDO|6932,1.88588396,10
334,disease|MONDO|9688,1.61018813,11
334,disease|MONDO|7186,1.53718242,12
334,disease|MONDO|5279,1.11811873,13
334,disease|MONDO|1444,0.15920088,14
335,disease|MONDO|4781,1.20186728,1
335,effect/phenotype|HPO|1681,1.14117751,2
335,disease|MONDO|2280,1.10085060,3
335,disease|MONDO|5904,1.09810025,4
335,disease|MONDO|4496,1.09278316,5
335,disease|MONDO|3441,0.47914816,6
335,disease|MONDO|5961,0.40350579,7
335,disease|MONDO|7915,0.40334707,8
335,disease|MONDO|5753,0.31709221,9
335,disease|MONDO|9688,0.19747278,10
336,disease|MONDO|5249,2.91153914,1
336,disease|MONDO|5002,2.87670603,2
336,disease|MONDO|19338,2.87306654,3
336,disease|MONDO|4781,2.86078203,4
336,disease|MONDO|9688,2.84636852,5
336,disease|MONDO|5279,2.83704802,6
336,disease|MONDO|21040,2.81877381,7
336,disease|MONDO|4979,2.81562853,8
336,disease|MONDO|7186,2.80410612,9
336,effect/phenotype|HPO|1681,2.80390534,10
336,disease|MONDO|7915,2.79596642,11
336,disease|MONDO|5383,2.76268016,12
336,disease|MONDO|4496,2.70450187,13
336,disease|MONDO|19562,2.64264555,14
336,disease|MONDO|43537,2.60644057,15
336,disease|MONDO|2280,2.58419341,16
336,disease|MONDO|4822,2.56761311,17
336,disease|MONDO|3781,2.49507692,18
336,disease|MONDO|6932,2.36146176,19
336,disease|MONDO|4981,1.59738714,20
336,disease|MONDO|1444,1.41496867,21
336,disease|MONDO|5737,1.09728071,22
337,disease|MONDO|4781,1.18139502,1
337,disease|MONDO|2280,1.08954872,2
337,disease|MONDO|7915,0.93588084,3
337,effect/phenotype|HPO|1681,0.89739652,4
337,disease|MONDO|19562,0.37101088,5
337,disease|MONDO|9688,0.21150469,6
337,disease|MONDO|19338,0.03280471,7
337,disease|MONDO|5737,-0.03552610,8
337,disease|MONDO|1444,-0.04687109,9
338,disease|MONDO|4979,1.29128928,1
338,disease|MONDO|5002,1.20232730,2
338,disease|MONDO|4781,1.13512818,3
338,effect/phenotype|HPO|1681,1.09697168,4
338,disease|MONDO|19338,1.08949789,5
338,disease|MONDO|7186,0.97250447,6
338,disease|MONDO|43537,0.91152711,7
338,disease|MONDO|5904,0.79198580,8
338,disease|MONDO|9688,0.70172699,9
338,disease|MONDO|7915,0.69816889,10
338,disease|MONDO|2280,0.38754106,11
338,disease|MONDO|5279,0.37087530,12
338,disease|MONDO|5249,0.36358454,13
338,disease|MONDO|3781,0.23752460,14
338,disease|MONDO|100053,0.23571533,15
338,disease|MONDO|4981,0.21001206,16
338,disease|MONDO|5383,0.17867005,17
338,disease|MONDO|29000,0.17184494,18
338,disease|MONDO|5109,0.12013690,19
339,disease|MONDO|4781,2.12059000,1
339,effect/phenotype|HPO|1681,2.00508925,2
339,disease|MONDO|4979,1.99654475,3
339,disease|MONDO|4867,1.98960885,4
339,disease|MONDO|7915,1.89504805,5
339,disease|MONDO|4981,1.63770495,6
339,disease|MONDO|5002,1.51661076,7
339,disease|MONDO|5383,1.50147085,8
339,disease|MONDO|3781,1.47852124,9
339,disease|MONDO|9688,1.47148032,10
339,disease|MONDO|2280,1.45955294,11
339,disease|MONDO|6932,1.29014227,12
339,disease|MONDO|19338,1.23640180,13
339,disease|MONDO|5249,1.22702241,14
339,disease|MONDO|100053,1.06198938,15
339,disease|MONDO|5315,1.05742115,16
339,disease|MONDO|4496,1.05273554,17
339,disease|MONDO|5279,1.02509576,18
339,disease|MONDO|5961,1.01513363,19
339,disease|MONDO|5737,0.94426662,20
339,disease|MONDO|7186,0.42121784,21
339,disease|MONDO|19562,0.21543446,22
339,disease|MONDO|1444,0.14970329,23
340,disease|MONDO|4979,1.00736363,1
340,disease|MONDO|4781,0.90814039,2
340,disease|MONDO|7915,0.89695628,3
340,disease|MONDO|43537,0.88916691,4
340,effect/phenotype|HPO|1681,0.88915668,5
340,disease|MONDO|5279,0.79470940,6
340,disease|MONDO|2280,0.75864080,7
340,disease|MONDO|3781,0.15989750,8
340,disease|MONDO|100053,0.09642641,9
340,disease|MONDO|4981,0.00197022,10
340,disease|MONDO|18076,-0.03439490,11
340,disease|MONDO|5737,-0.09490752,12
340,disease|MONDO|1444,-0.10222375,13
340,disease|MONDO|19338,-0.22429796,14
340,disease|MONDO|9688,-0.26196164,15
341,disease|MONDO|4979,1.14399713,1
341,disease|MONDO|4781,1.04416336,2
341,effect/phenotype|HPO|1681,1.03182922,3
341,disease|MONDO|2280,0.93577991,4
341,disease|MONDO|5002,0.88307272,5
341,disease|MONDO|43537,0.87051055,6
341,disease|MONDO|5904,0.77263718,7
341,disease|MONDO|5249,0.30987382,8
341,disease|MONDO|100053,0.27579097,9
341,disease|MONDO|4822,0.27004404,10
341,disease|MONDO|3781,0.18735256,11
341,disease|MONDO|4981,0.17081445,12
341,disease|MONDO|5383,0.15313739,13
341,disease|MONDO|29000,0.13982580,14
341,disease|MONDO|7915,0.10561261,15
341,disease|MONDO|18076,0.08814150,16
341,disease|MONDO|1444,-0.01401630,17
341,disease|MONDO|5737,-0.04756957,18
341,disease|MONDO|19338,-0.05120664,19
341,disease|MONDO|9688,-0.18021017,20
342,disease|MONDO|6932,1.06821444,1
342,disease|MONDO|29000,1.02201786,2
342,disease|MONDO|100053,0.97739966,3
342,disease|MONDO|4979,0.94502479,4
342,disease|MONDO|2280,0.94492432,5
342,disease|MONDO|3781,0.89666122,6
342,effect/phenotype|HPO|1681,0.89160530,7
342,disease|MONDO|4981,0.87938736,8
342,disease|MONDO|5002,0.87292079,9
342,disease|MONDO|5279,0.86075275,10
342,disease|MONDO|5249,0.83658241,11
342,disease|MONDO|4781,0.83539099,12
342,disease|MONDO|7915,0.83104564,13
342,disease|MONDO|7186,0.81471707,14
342,disease|MONDO|5722,0.79263937,15
342,disease|MONDO|5961,0.74335656,16
342,disease|MONDO|4822,0.72620250,17
342,disease|MONDO|4496,0.70697557,18
342,disease|MONDO|5383,0.65808126,19
342,disease|MONDO|4777,0.61716959,20
342,disease|MONDO|18076,0.59668583,21
342,disease|MONDO|9688,0.59641549,22
342,disease|MONDO|19338,0.57551179,23
342,disease|MONDO|5904,0.56620378,24
342,disease|MONDO|5070,0.23925255,25
342,disease|MONDO|1444,-0.21168350,26
342,disease|MONDO|5737,-0.36278042,27
343,disease|MONDO|43537,0.77028062,1
343,disease|MONDO|4781,0.75159449,2
343,effect/phenotype|HPO|1681,0.74620140,3
343,disease|MONDO|4979,0.38476289,4
343,disease|MONDO|7915,0.29529396,5
343,disease|MONDO|5279,0.18514397,6
343,disease|MONDO|5002,0.04502398,7
343,disease|MONDO|18076,-0.02726649,8
343,disease|MONDO|1444,-0.09714048,9
343,disease|MONDO|2280,-0.13020234,10
343,disease|MONDO|19338,-0.28111988,11
344,disease|MONDO|5070,1.80899790,1
344,disease|MONDO|2280,1.79596226,2
344,disease|MONDO|4981,1.79526001,3
344,disease|MONDO|4781,1.78788719,4
344,effect/phenotype|HPO|1681,1.72007675,5
344,disease|MONDO|7915,1.64634179,6
344,disease|MONDO|5002,1.61536469,7
344,disease|MONDO|5383,1.56062872,8
344,disease|MONDO|5279,1.32436982,9
344,disease|MONDO|9688,1.26069838,10
344,disease|MONDO|4979,1.16681764,11
344,disease|MONDO|19562,0.87879539,12
344,disease|MONDO|5249,0.46288806,13
344,disease|MONDO|6932,0.20684026,14
344,disease|MONDO|43537,0.19212583,15
345,disease|MONDO|7915,0.86291660,1
345,disease|MONDO|4979,0.81735414,2
345,disease|MONDO|2280,0.73470307,3
345,disease|MONDO|4781,0.69892368,4
345,disease|MONDO|5279,0.68582700,5
345,disease|MONDO|5249,0.66178593,6
345,disease|MONDO|5002,0.65406912,7
345,disease|MONDO|3781,0.57568564,8
345,effect/phenotype|HPO|1681,0.53188937,9
345,disease|MONDO|9688,0.21998505,10
345,disease|MONDO|100053,0.16077818,11
345,disease|MONDO|5904,0.14309610,12
345,disease|MONDO|5383,0.05657150,13
345,disease|MONDO|1444,-0.17000639,14
346,disease|MONDO|7915,1.87302268,1
346,disease|MONDO|4781,1.81201616,2
346,effect/phenotype|HPO|1681,1.79410298,3
346,disease|MONDO|5279,1.78423889,4
346,disease|MONDO|4979,1.76247749,5
346,disease|MONDO|5383,1.34073508,6
346,disease|MONDO|19562,1.27222525,7
346,disease|MONDO|2280,1.26446169,8
346,disease|MONDO|5812,1.00445065,9
346,disease|MONDO|9688,0.95855835,10
346,disease|MONDO|5249,0.51591687,11
346,disease|MONDO|7186,0.45871203,12
346,disease|MONDO|4496,0.44909965,13
346,disease|MONDO|5002,0.42285576,14
346,disease|MONDO|5961,0.38390283,15
346,disease|MONDO|3781,0.34650038,16
346,disease|MONDO|19338,0.17518002,17
346,disease|MONDO|6932,0.07720898,18
346,disease|MONDO|1444,-0.01662546,19
347,disease|MONDO|4979,0.92691478,1
347,disease|MONDO|4781,0.86566212,2
347,effect/phenotype|HPO|1681,0.84730752,3
347,disease|MONDO|7915,0.82290624,4
347,disease|MONDO|43537,0.82051682,5
347,disease|MONDO|5279,0.74829327,6
347,disease|MONDO|2280,0.14337131,7
347,disease|MONDO|5002,0.03924339,8
347,disease|MONDO|18076,-0.04447297,9
347,disease|MONDO|4981,-0.06200868,10
347,disease|MONDO|5737,-0.09636045,11
347,disease|MONDO|1444,-0.12064998,12
347,disease|MONDO|9688,-0.25235364,13
347,disease|MONDO|19338,-0.26245874,14
348,disease|MONDO|7915,0.25200832,1
348,disease|MONDO|4979,0.25170790,2
348,disease|MONDO|4981,0.21118796,3
348,disease|MONDO|2280,0.12216538,4
348,effect/phenotype|HPO|1681,0.08692235,5
348,disease|MONDO|100053,-0.04209780,6
348,disease|MONDO|5737,-0.05913078,7
348,disease|MONDO|4781,-0.14640820,8
348,disease|MONDO|1444,-0.18321034,9
348,disease|MONDO|19338,-0.31841803,10
348,disease|MONDO|9688,-0.38238919,11
349,disease|MONDO|6031,2.04495767,1
349,disease|MONDO|2280,2.02517022,2
349,disease|MONDO|4979,2.02370575,3
349,disease|MONDO|5249,2.00854431,4
349,disease|MONDO|7915,2.00066990,5
349,disease|MONDO|5109,1.99210045,6
349,disease|MONDO|5002,1.96665560,7
349,disease|MONDO|5077,1.95618673,8
349,effect/phenotype|HPO|1681,1.92006981,9
349,disease|MONDO|5961,1.90280810,10
349,disease|MONDO|5279,1.83813354,11
349,disease|MONDO|4781,1.83013865,12
349,disease|MONDO|5904,1.81202284,13
349,disease|MONDO|4981,1.56238246,14
349,disease|MONDO|9688,1.52960783,15
349,disease|MONDO|7186,1.51957403,16
349,disease|MONDO|3781,1.46840819,17
349,disease|MONDO|4822,1.46196546,18
349,disease|MONDO|100053,1.25964262,19
349,disease|MONDO|19562,0.80563973,20
349,disease|MONDO|5315,0.61044607,21
349,disease|MONDO|19338,0.58268987,22
349,disease|MONDO|4496,0.46932177,23
349,disease|MONDO|6932,0.42889792,24
349,disease|MONDO|1444,0.14429319,25
349,disease|MONDO|18076,0.11887564,26
349,disease|MONDO|5737,0.04265126,27
350,disease|MONDO|4781,2.26479807,1
350,disease|MONDO|2280,2.14474583,2
350,disease|MONDO|7915,2.09842405,3
350,effect/phenotype|HPO|1681,2.05591434,4
350,disease|MONDO|4496,2.01061384,5
350,disease|MONDO|4979,1.97451464,6
350,disease|MONDO|5002,1.89140306,7
350,disease|MONDO|5279,1.59895822,8
350,disease|MONDO|19338,1.22549661,9
350,disease|MONDO|5109,1.14374061,10
350,disease|MONDO|9688,1.13256286,11
350,disease|MONDO|4981,1.09080072,12
350,disease|MONDO|7186,1.04024363,13
350,disease|MONDO|5737,1.01904706,14
350,disease|MONDO|5315,0.93753774,15
350,disease|MONDO|5077,0.84052484,16
350,disease|MONDO|6932,0.68813291,17
350,disease|MONDO|5812,0.67199108,18
350,disease|MONDO|4867,0.53300768,19
350,disease|MONDO|1444,0.13496780,20
351,disease|MONDO|19338,1.64526334,1
351,disease|MONDO|5383,1.63105981,2
351,disease|MONDO|7186,1.59241821,3
351,effect/phenotype|HPO|1681,1.56213950,4
351,disease|MONDO|2280,1.54975486,5
351,disease|MONDO|7915,1.45058609,6
351,disease|MONDO|4979,1.44649758,7
351,disease|MONDO|5279,1.43424335,8
351,disease|MONDO|5249,1.43198946,9
351,disease|MONDO|5002,1.40973634,10
351,disease|MONDO|5109,1.37104639,11
351,disease|MONDO|5904,1.35103331,12
351,disease|MONDO|4781,1.31768995,13
351,disease|MONDO|4822,1.24904077,14
351,disease|MONDO|9688,1.16384262,15
351,disease|MONDO|5077,1.15016016,16
351,disease|MONDO|5753,1.14888481,17
351,disease|MONDO|4981,1.12044849,18
351,disease|MONDO|3781,1.09415874,19
351,disease|MONDO|6031,1.01373066,20
351,disease|MONDO|5961,0.98100111,21
351,disease|MONDO|100053,0.23993928,22
351,disease|MONDO|19562,0.00248057,23
351,disease|MONDO|1444,-0.02809881,24
351,disease|MONDO|18076,-0.04532467,25
352,disease|MONDO|2280,1.80502456,1
352,disease|MONDO|7915,1.76954938,2
352,disease|MONDO|3781,1.76947957,3
352,disease|MONDO|4781,1.59915913,4
352,disease|MONDO|5279,1.55155710,5
352,disease|MONDO|5249,1.53932321,6
352,disease|MONDO|18076,1.50382233,7
352,disease|MONDO|4979,1.41347474,8
352,disease|MONDO|21040,1.36323336,9
352,disease|MONDO|5109,1.27338791,10
352,disease|MONDO|9688,1.20665343,11
352,effect/phenotype|HPO|1681,1.20431199,12
352,disease|MONDO|5383,1.18252590,13
352,disease|MONDO|7186,1.13057201,14
352,disease|MONDO|5812,0.87783800,15
352,disease|MONDO|4496,0.87164763,16
352,disease|MONDO|5002,0.86292066,17
352,disease|MONDO|19562,0.82145121,18
352,disease|MONDO|4822,0.80498599,19
352,disease|MONDO|6932,0.45078090,20
352,disease|MONDO|4981,0.42504716,21
352,disease|MONDO|1444,0.26303884,22
353,disease|MONDO|2280,0.85722998,1
353,disease|MONDO|7915,0.80914379,2
353,disease|MONDO|6932,0.79569166,3
353,disease|MONDO|4981,0.73816905,4
353,disease|MONDO|4979,0.70722219,5
353,disease|MONDO|5109,0.70589656,6
353,disease|MONDO|4781,0.69177753,7
353,disease|MONDO|9688,0.60075702,8
353,disease|MONDO|5383,0.55637141,9
353,effect/phenotype|HPO|1681,0.55461102,10
353,disease|MONDO|5249,0.52353269,11
353,disease|MONDO|5002,0.48202032,12
353,disease|MONDO|2465,0.42424084,13
353,disease|MONDO|100053,0.42280161,14
353,disease|MONDO|19562,0.32833577,15
353,disease|MONDO|3781,0.24695753,16
353,disease|MONDO|19338,0.19615427,17
353,disease|MONDO|5279,0.17704660,18
353,disease|MONDO|7186,0.16741174,19
353,disease|MONDO|4822,0.08035587,20
353,disease|MONDO|29000,0.06145541,21
353,disease|MONDO|5315,0.00042729,22
353,disease|MONDO|1444,-0.06392080,23
354,disease|MONDO|2280,1.40015647,1
354,disease|MONDO|7186,1.37421891,2
354,disease|MONDO|6932,1.33393288,3
354,disease|MONDO|4781,1.31804317,4
354,disease|MONDO|4867,1.31575829,5
354,disease|MONDO|4979,1.31044906,6
354,disease|MONDO|5249,1.28687618,7
354,disease|MONDO|18076,1.25380482,8
354,disease|MONDO|19338,1.25175401,9
354,disease|MONDO|5383,1.20183189,10
354,disease|MONDO|9688,1.20075074,11
354,disease|MONDO|7915,1.20026941,12
354,disease|MONDO|4496,1.19745225,13
354,disease|MONDO|3781,1.19073720,14
354,disease|MONDO|21040,1.16705418,15
354,disease|MONDO|100053,1.15901231,16
354,effect/phenotype|HPO|1681,1.11714312,17
354,disease|MONDO|5904,1.08658604,18
354,disease|MONDO|5002,0.94762957,19
354,disease|MONDO|4822,0.82247205,20
354,disease|MONDO|5315,0.49280751,21
354,disease|MONDO|5109,0.44321989,22
354,disease|MONDO|5961,0.43193749,23
354,disease|MONDO|4981,0.38789558,24
354,disease|MONDO|5279,0.33409215,25
354,disease|MONDO|1444,-0.10393386,26
354,disease|MONDO|5737,-0.27724776,27
355,disease|MONDO|6031,2.02207513,1
355,disease|MONDO|4979,1.99604851,2
355,disease|MONDO|2280,1.99256653,3
355,disease|MONDO|7915,1.97612973,4
355,disease|MONDO|5077,1.92708024,5
355,disease|MONDO|5961,1.87695453,6
355,effect/phenotype|HPO|1681,1.87329032,7
355,disease|MONDO|6932,1.82320941,8
355,disease|MONDO|5279,1.80594942,9
355,disease|MONDO|4781,1.79933856,10
355,disease|MONDO|19562,1.79563934,11
355,disease|MONDO|3781,1.78357315,12
355,disease|MONDO|5904,1.77942577,13
355,disease|MONDO|5737,1.77019913,14
355,disease|MONDO|5249,1.43180637,15
355,disease|MONDO|4981,1.40429795,16
355,disease|MONDO|9688,1.36455967,17
355,disease|MONDO|7186,1.36077568,18
355,disease|MONDO|4822,1.30406564,19
355,disease|MONDO|100053,1.17996514,20
355,disease|MONDO|19338,0.94195721,21
355,disease|MONDO|5109,0.88998675,22
355,disease|MONDO|5002,0.87838687,23
355,disease|MONDO|18076,0.82425709,24
355,disease|MONDO|5315,0.60617352,25
355,disease|MONDO|5383,0.48267817,26
355,disease|MONDO|21040,0.46610244,27
355,disease|MONDO|4496,0.45622848,28
355,disease|MONDO|5812,0.36301176,29
355,disease|MONDO|1444,0.14502412,30
356,disease|MONDO|2280,2.32294908,1
356,disease|MONDO|5279,2.31587452,2
356,disease|MONDO|5383,2.30560076,3
356,disease|MONDO|9688,2.30183993,4
356,disease|MONDO|5002,2.24559507,5
356,disease|MONDO|19338,2.23727211,6
356,disease|MONDO|5737,2.22971073,7
356,effect/phenotype|HPO|1681,2.21551676,8
356,disease|MONDO|4979,2.17823370,9
356,disease|MONDO|7186,2.15981629,10
356,disease|MONDO|21040,2.14804333,11
356,disease|MONDO|4781,2.14271975,12
356,disease|MONDO|7915,2.13430464,13
356,disease|MONDO|100053,2.06115291,14
356,disease|MONDO|6932,1.83445445,15
356,disease|MONDO|4981,1.22020327,16
356,disease|MONDO|3781,0.89420297,17
357,disease|MONDO|4496,2.48370627,1
357,disease|MONDO|4781,2.08729061,2
357,effect/phenotype|HPO|1681,2.03154257,3
357,disease|MONDO|4981,2.02162203,4
357,disease|MONDO|4979,2.00559774,5
357,disease|MONDO|4867,1.97662416,6
357,disease|MONDO|5383,1.50779146,7
357,disease|MONDO|5002,1.47098631,8
357,disease|MONDO|9688,1.46359153,9
357,disease|MONDO|2280,1.44232112,10
357,disease|MONDO|3781,1.43205070,11
357,disease|MONDO|5249,1.24303144,12
357,disease|MONDO|6932,1.23486513,13
357,disease|MONDO|19338,1.21415143,14
357,disease|MONDO|100053,1.06129026,15
357,disease|MONDO|5315,1.05391838,16
357,disease|MONDO|5961,1.03772780,17
357,disease|MONDO|7915,1.03361339,18
357,disease|MONDO|5737,0.95250278,19
357,disease|MONDO|1444,0.12843299,20
358,disease|MONDO|4781,2.26289320,1
358,disease|MONDO|2280,2.14075600,2
358,disease|MONDO|7915,2.09675573,3
358,effect/phenotype|HPO|1681,2.05025724,4
358,disease|MONDO|4496,2.00909625,5
358,disease|MONDO|4979,1.97056345,6
358,disease|MONDO|5002,1.88929614,7
358,disease|MONDO|5279,1.59741005,8
358,disease|MONDO|19338,1.22138169,9
358,disease|MONDO|5109,1.14128074,10
358,disease|MONDO|9688,1.13124116,11
358,disease|MONDO|4981,1.08540520,12
358,disease|MONDO|7186,1.03666724,13
358,disease|MONDO|5737,1.01732412,14
358,disease|MONDO|5315,0.93826833,15
358,disease|MONDO|5077,0.83776662,16
358,disease|MONDO|6932,0.68659568,17
358,disease|MONDO|5812,0.67055106,18
358,disease|MONDO|4867,0.53220275,19
358,disease|MONDO|1444,0.13615094,20
359,disease|MONDO|2280,3.13410783,1
359,disease|MONDO|4981,2.78079462,2
359,disease|MONDO|5279,2.73425236,3
359,disease|MONDO|4781,2.71938342,4
359,disease|MONDO|4979,2.67517477,5
359,disease|MONDO|7915,2.66977325,6
359,effect/phenotype|HPO|1681,2.66633323,7
359,disease|MONDO|5249,2.22982609,8
359,disease|MONDO|5002,2.18975884,9
359,disease|MONDO|19338,2.17912769,10
359,disease|MONDO|9688,2.17306617,11
359,disease|MONDO|21040,2.14680678,12
359,disease|MONDO|7186,2.10054219,13
359,disease|MONDO|5383,2.06699911,14
359,disease|MONDO|4496,2.02738285,15
359,disease|MONDO|19562,1.94919346,16
359,disease|MONDO|43537,1.94766055,17
359,disease|MONDO|4822,1.88115309,18
359,disease|MONDO|3781,1.81652050,19
359,disease|MONDO|6932,1.67046583,20
359,disease|MONDO|5904,0.81176382,21
359,disease|MONDO|18076,0.80051148,22
359,disease|MONDO|5737,-0.06263389,23
360,disease|MONDO|2280,0.84989001,1
360,disease|MONDO|7915,0.83603774,2
360,disease|MONDO|4979,0.79312225,3
360,disease|MONDO|6932,0.76209184,4
360,disease|MONDO|4981,0.70576257,5
360,disease|MONDO|5109,0.69312055,6
360,disease|MONDO|5279,0.69269310,7
360,disease|MONDO|4781,0.65487974,8
360,disease|MONDO|9688,0.59937190,9
360,effect/phenotype|HPO|1681,0.54492232,10
360,disease|MONDO|5383,0.53905017,11
360,disease|MONDO|5249,0.51732522,12
360,disease|MONDO|5002,0.46182010,13
360,disease|MONDO|100053,0.43191838,14
360,disease|MONDO|2465,0.42983745,15
360,disease|MONDO|19562,0.31478352,16
360,disease|MONDO|3781,0.25023425,17
360,disease|MONDO|7186,0.16175365,18
360,disease|MONDO|19338,0.16129065,19
360,disease|MONDO|4822,0.06666859,20
360,disease|MONDO|29000,0.03816008,21
360,disease|MONDO|5315,-0.01030129,22
360,disease|MONDO|1444,-0.07245820,23
361,disease|MONDO|5315,2.15896970,1
361,disease|MONDO|4781,2.09340218,2
361,disease|MONDO|4981,2.06844273,3
361,effect/phenotype|HPO|1681,2.05860823,4
361,disease|MONDO|2280,2.00250423,5
361,disease|MONDO|5383,1.99543937,6
361,disease|MONDO|4979,1.95347263,7
361,disease|MONDO|9688,1.93910144,8
361,disease|MONDO|3781,1.93520603,9
361,disease|MONDO|7915,1.85063225,10
361,disease|MONDO|5249,1.64323847,11
361,disease|MONDO|19338,1.58158568,12
361,disease|MONDO|5961,1.54722650,13
361,disease|MONDO|5109,1.53992096,14
361,disease|MONDO|5737,1.33505158,15
361,disease|MONDO|5279,1.19419056,16
361,disease|MONDO|1444,0.18439360,17
362,disease|MONDO|4781,2.36430296,1
362,disease|MONDO|5737,2.33250028,2
362,disease|MONDO|2280,2.31874828,3
362,disease|MONDO|19338,2.28131591,4
362,disease|MONDO|4981,2.28096384,5
362,disease|MONDO|7915,2.25213011,6
362,disease|MONDO|4979,2.23053500,7
362,effect/phenotype|HPO|1681,2.18664730,8
362,disease|MONDO|100053,2.11680211,9
362,disease|MONDO|3781,1.93926564,10
362,disease|MONDO|6932,1.88507316,11
362,disease|MONDO|9688,1.61291230,12
362,disease|MONDO|7186,1.52818891,13
362,disease|MONDO|5002,1.44709107,14
362,disease|MONDO|5279,0.53405353,15
362,disease|MONDO|5383,0.49883353,16
362,disease|MONDO|4496,0.48250438,17
362,disease|MONDO|5904,0.42740467,18
362,disease|MONDO|1444,0.16339192,19
363,disease|MONDO|4781,2.33454421,1
363,disease|MONDO|5737,2.30577609,2
363,disease|MONDO|2280,2.28883757,3
363,disease|MONDO|4981,2.26196623,4
363,disease|MONDO|19338,2.25953869,5
363,disease|MONDO|7915,2.22628760,6
363,disease|MONDO|4979,2.22282505,7
363,effect/phenotype|HPO|1681,2.16323233,8
363,disease|MONDO|100053,2.08909349,9
363,disease|MONDO|5002,2.02167221,10
363,disease|MONDO|3781,1.92363387,11
363,disease|MONDO|6932,1.86115497,12
363,disease|MONDO|9688,1.58929884,13
363,disease|MONDO|7186,1.51440404,14
363,disease|MONDO|5279,1.09847574,15
363,disease|MONDO|5383,0.50903593,16
363,disease|MONDO|4496,0.47660953,17
363,disease|MONDO|5904,0.41910535,18
363,disease|MONDO|1444,0.15585709,19
364,disease|MONDO|5383,2.38540554,1
364,disease|MONDO|4781,1.98458180,2
364,disease|MONDO|2280,1.96203622,3
364,disease|MONDO|19338,1.94289658,4
364,effect/phenotype|HPO|1681,1.84709372,5
364,disease|MONDO|19562,1.57829449,6
364,disease|MONDO|4981,1.50214165,7
364,disease|MONDO|7915,1.49952509,8
364,disease|MONDO|6932,1.45372519,9
364,disease|MONDO|9688,0.61158913,10
364,disease|MONDO|5109,0.43371880,11
365,disease|MONDO|2280,1.13783884,1
365,effect/phenotype|HPO|1681,1.06391971,2
365,disease|MONDO|7915,0.57694282,3
365,disease|MONDO|5279,0.53964138,4
365,disease|MONDO|4979,0.51739253,5
365,disease|MONDO|1444,0.51432792,6
365,disease|MONDO|3781,0.43469329,7
365,disease|MONDO|19338,0.42151856,8
365,disease|MONDO|4781,0.38934857,9
365,disease|MONDO|4981,0.33467691,10
365,disease|MONDO|5002,0.31638366,11
365,disease|MONDO|29000,0.28015666,12
365,disease|MONDO|100053,0.26918493,13
365,disease|MONDO|19562,0.25348157,14
365,disease|MONDO|5249,0.22160710,15
365,disease|MONDO|5737,0.20107061,16
365,disease|MONDO|9688,0.18197861,17
365,disease|MONDO|5904,0.16207830,18
365,disease|MONDO|18076,-0.00396851,19
366,disease|MONDO|2280,2.10643408,1
366,effect/phenotype|HPO|1681,2.10106917,2
366,disease|MONDO|4781,2.09236801,3
366,disease|MONDO|9688,2.05328614,4
366,disease|MONDO|7915,2.03443696,5
366,disease|MONDO|4981,1.72445187,6
366,disease|MONDO|7186,1.68313491,7
366,disease|MONDO|5002,1.67483944,8
366,disease|MONDO|43537,1.63269342,9
366,disease|MONDO|4979,1.62963209,10
366,disease|MONDO|5383,1.49478842,11
366,disease|MONDO|19338,1.19596800,12
366,disease|MONDO|18076,1.18402040,13
366,disease|MONDO|1444,1.08795962,14
366,disease|MONDO|5737,0.99614718,15
366,disease|MONDO|5109,0.66488481,16
366,disease|MONDO|5279,0.64692011,17
366,disease|MONDO|4822,0.57468653,18
366,disease|MONDO|100053,0.57262447,19
366,disease|MONDO|5315,0.53529267,20
366,disease|MONDO|3781,0.37785477,21
367,disease|MONDO|2280,2.30089486,1
367,disease|MONDO|5279,2.28870842,2
367,disease|MONDO|5383,2.28652374,3
367,disease|MONDO|9688,2.26939791,4
367,disease|MONDO|4981,2.21265508,5
367,disease|MONDO|5002,2.21061003,6
367,effect/phenotype|HPO|1681,2.20259938,7
367,disease|MONDO|19338,2.19991818,8
367,disease|MONDO|5737,2.19557077,9
367,disease|MONDO|4979,2.16537805,10
367,disease|MONDO|7186,2.12680772,11
367,disease|MONDO|4781,2.12454751,12
367,disease|MONDO|21040,2.12150712,13
367,disease|MONDO|7915,2.11372573,14
367,disease|MONDO|100053,2.05032123,15
367,disease|MONDO|6932,1.81405355,16
367,disease|MONDO|5249,1.12482201,17
367,disease|MONDO|5961,0.93580159,18
367,disease|MONDO|3781,0.91272924,19
367,disease|MONDO|1444,0.17509750,20
368,disease|MONDO|4781,2.13501066,1
368,disease|MONDO|5249,2.07171044,2
368,disease|MONDO|4981,2.04367632,3
368,effect/phenotype|HPO|1681,2.03216797,4
368,disease|MONDO|9688,1.97796139,5
368,disease|MONDO|4979,1.97523704,6
368,disease|MONDO|5961,1.93698166,7
368,disease|MONDO|3781,1.82520396,8
368,disease|MONDO|7915,1.81933259,9
368,disease|MONDO|5002,1.47735739,10
368,disease|MONDO|19338,1.17309116,11
368,disease|MONDO|100053,1.06568533,12
368,disease|MONDO|5383,1.06191280,13
368,disease|MONDO|2280,1.03003329,14
368,disease|MONDO|5737,1.02753896,15
368,disease|MONDO|5109,0.98777075,16
368,disease|MONDO|5315,0.96427990,17
368,disease|MONDO|7186,0.92988376,18
368,disease|MONDO|6932,0.65550436,19
368,disease|MONDO|4867,0.49874367,20
368,disease|MONDO|1444,0.23205307,21
369,disease|MONDO|4781,2.35877666,1
369,disease|MONDO|5737,2.33585200,2
369,disease|MONDO|2280,2.31780583,3
369,disease|MONDO|19338,2.28513908,4
369,disease|MONDO|4981,2.28315388,5
369,disease|MONDO|7915,2.25677213,6
369,disease|MONDO|4979,2.23687488,7
369,effect/phenotype|HPO|1681,2.18593603,8
369,disease|MONDO|5002,2.03079187,9
369,disease|MONDO|6932,1.88742208,10
369,disease|MONDO|9688,1.61686316,11
369,disease|MONDO|7186,1.54380739,12
369,disease|MONDO|5279,1.12433279,13
369,disease|MONDO|5383,0.49771482,14
369,disease|MONDO|4496,0.49150211,15
369,disease|MONDO|5904,0.42281607,16
369,disease|MONDO|3781,0.24422090,17
370,disease|MONDO|4781,1.16341102,1
370,disease|MONDO|5279,1.12473758,2
370,effect/phenotype|HPO|1681,1.11848208,3
370,disease|MONDO|4979,1.00483640,4
370,disease|MONDO|7915,1.00273367,5
370,disease|MONDO|2280,0.99741938,6
370,disease|MONDO|19338,0.95478310,7
370,disease|MONDO|9688,0.89513442,8
370,disease|MONDO|5109,0.86923788,9
370,disease|MONDO|100053,0.86726714,10
370,disease|MONDO|3781,0.72966521,11
370,disease|MONDO|1444,0.66411202,12
370,disease|MONDO|19562,0.64443677,13
370,disease|MONDO|5737,0.63896608,14
370,disease|MONDO|5002,0.59157080,15
370,disease|MONDO|18076,0.57362016,16
370,disease|MONDO|7186,0.32026751,17
370,effect/phenotype|HPO|25425,0.26899181,18
371,disease|MONDO|5249,2.89593366,1
371,disease|MONDO|5002,2.86164001,2
371,disease|MONDO|19338,2.84469834,3
371,disease|MONDO|4781,2.84261888,4
371,disease|MONDO|9688,2.84173051,5
371,disease|MONDO|21040,2.81296265,6
371,disease|MONDO|5279,2.79718381,7
371,disease|MONDO|4979,2.79667425,8
371,effect/phenotype|HPO|1681,2.77443397,9
371,disease|MONDO|7186,2.76882768,10
371,disease|MONDO|7915,2.76044679,11
371,disease|MONDO|5383,2.73684329,12
371,disease|MONDO|4496,2.68775991,13
371,disease|MONDO|19562,2.61775850,14
371,disease|MONDO|43537,2.60789391,15
371,disease|MONDO|2280,2.56649584,16
371,disease|MONDO|4822,2.56049125,17
371,disease|MONDO|3781,2.47618724,18
371,disease|MONDO|6932,2.33859900,19
371,disease|MONDO|4981,2.19211105,20
371,disease|MONDO|5904,0.80402702,21
371,disease|MONDO|18076,0.79866964,22
371,disease|MONDO|5737,-0.05819887,23
372,disease|MONDO|19338,1.38967618,1
372,disease|MONDO|2280,1.05691455,2
372,disease|MONDO|7915,1.04341091,3
372,effect/phenotype|HPO|1681,0.99350558,4
372,disease|MONDO|4781,0.84310465,5
372,disease|MONDO|9688,0.43083740,6
372,disease|MONDO|4981,0.34627085,7
372,disease|MONDO|4979,0.30562734,8
372,disease|MONDO|7186,0.30054232,9
372,disease|MONDO|5109,0.26966727,10
372,disease|MONDO|6932,0.23289335,11
372,disease|MONDO|5002,0.16134167,12
372,disease|MONDO|5737,0.05823931,13
372,disease|MONDO|18076,0.02218883,14
372,disease|MONDO|1444,0.02207432,15
372,disease|MONDO|19562,0.00337815,16
373,disease|MONDO|4781,2.26202139,1
373,disease|MONDO|2280,2.14088324,2
373,disease|MONDO|7915,2.09600925,3
373,effect/phenotype|HPO|1681,2.05236658,4
373,disease|MONDO|4496,2.00748943,5
373,disease|MONDO|19338,1.99282540,6
373,disease|MONDO|4979,1.97355181,7
373,disease|MONDO|5002,1.88793482,8
373,disease|MONDO|5279,1.59794021,9
373,disease|MONDO|5109,1.14247382,10
373,disease|MONDO|9688,1.12898184,11
373,disease|MONDO|4981,1.08958654,12
373,disease|MONDO|7186,1.03943980,13
373,disease|MONDO|5737,1.01744545,14
373,disease|MONDO|5315,0.93608815,15
373,disease|MONDO|5077,0.83672708,16
373,disease|MONDO|6932,0.68902469,17
373,disease|MONDO|5812,0.67140949,18
373,disease|MONDO|4867,0.53246740,19
373,disease|MONDO|1444,0.13515159,20
373,disease|MONDO|3781,0.12700784,21
374,disease|MONDO|2280,1.18968356,1
374,effect/phenotype|HPO|1681,1.11945365,2
374,disease|MONDO|7915,0.65617265,3
374,disease|MONDO|5279,0.60977106,4
374,disease|MONDO|4979,0.59786825,5
374,disease|MONDO|1444,0.56787749,6
374,disease|MONDO|19338,0.48203525,7
374,disease|MONDO|4781,0.45694648,8
374,disease|MONDO|3781,0.43965131,9
374,disease|MONDO|4981,0.35579957,10
374,disease|MONDO|5002,0.33638129,11
374,disease|MONDO|29000,0.31804849,12
374,disease|MONDO|19562,0.29635397,13
374,disease|MONDO|100053,0.29176562,14
374,disease|MONDO|5383,0.24218408,15
374,disease|MONDO|9688,0.21362171,16
374,disease|MONDO|5904,0.18472558,17
374,disease|MONDO|18076,0.00850573,18
374,disease|MONDO|5737,-0.31243023,19
375,disease|MONDO|4979,1.55330269,1
375,disease|MONDO|5002,1.49529937,2
375,disease|MONDO|5109,1.48237257,3
375,disease|MONDO|4781,1.48047769,4
375,disease|MONDO|9688,1.45525844,5
375,disease|MONDO|5315,1.42275488,6
375,disease|MONDO|2280,1.41649182,7
375,effect/phenotype|HPO|1681,1.38410809,8
375,disease|MONDO|7915,1.25496645,9
375,disease|MONDO|100053,1.23795547,10
375,disease|MONDO|7186,1.20027231,11
375,disease|MONDO|5383,1.10567963,12
375,disease|MONDO|6932,1.07416427,13
375,disease|MONDO|3781,0.38668528,14
375,disease|MONDO|5249,0.23724634,15
375,disease|MONDO|4981,0.21593276,16
375,disease|MONDO|5812,0.17968314,17
375,disease|MONDO|5737,0.11846609,18
375,disease|MONDO|19338,-0.00496713,19
376,disease|MONDO|4781,2.03315328,1
376,disease|MONDO|5249,2.01614150,2
376,disease|MONDO|2280,1.99920529,3
376,effect/phenotype|HPO|1681,1.99159229,4
376,disease|MONDO|5383,1.97029281,5
376,disease|MONDO|19338,1.91577056,6
376,disease|MONDO|5961,1.88957483,7
376,disease|MONDO|3781,1.71773306,8
376,disease|MONDO|9688,1.57082704,9
376,disease|MONDO|6932,1.52237573,10
376,disease|MONDO|4979,1.49448842,11
376,disease|MONDO|5002,1.41330303,12
376,disease|MONDO|4981,1.13336813,13
376,disease|MONDO|5737,1.11224744,14
376,disease|MONDO|4496,1.10272744,15
376,disease|MONDO|5109,1.03602085,16
376,disease|MONDO|7915,0.93775560,17
376,disease|MONDO|1444,0.63151395,18
376,disease|MONDO|19562,0.46009403,19
376,disease|MONDO|7186,0.32929735,20
377,disease|MONDO|9688,0.91143669,1
377,disease|MONDO|5279,0.85609026,2
377,disease|MONDO|5383,0.82932371,3
377,disease|MONDO|7915,0.79870395,4
377,disease|MONDO|4781,0.78623280,5
377,disease|MONDO|4979,0.72826983,6
377,disease|MONDO|4496,0.69087180,7
377,effect/phenotype|HPO|1681,0.68623527,8
377,disease|MONDO|4981,0.60417069,9
377,disease|MONDO|5109,0.45102559,10
377,disease|MONDO|3781,0.33636538,11
377,disease|MONDO|2280,0.24386030,12
377,disease|MONDO|5753,0.19301314,13
377,disease|MONDO|19562,0.16488087,14
377,disease|MONDO|19338,0.10864238,15
377,disease|MONDO|5249,0.00610657,16
377,disease|MONDO|7186,-0.00331583,17
377,disease|MONDO|5002,-0.07555785,18
377,disease|MONDO|43537,-0.09037234,19
378,disease|MONDO|2280,1.79311028,1
378,disease|MONDO|7915,1.76954913,2
378,disease|MONDO|3781,1.76947717,3
378,disease|MONDO|4781,1.58724526,4
378,disease|MONDO|5279,1.55155643,5
378,disease|MONDO|18076,1.50382331,6
378,disease|MONDO|5249,1.46586034,7
378,disease|MONDO|4979,1.41347466,8
378,disease|MONDO|21040,1.36323360,9
378,disease|MONDO|5109,1.22180530,10
378,effect/phenotype|HPO|1681,1.20431230,11
378,disease|MONDO|5383,1.18252606,12
378,disease|MONDO|5961,1.15726427,13
378,disease|MONDO|7186,1.13057238,14
378,disease|MONDO|5812,0.87783751,15
378,disease|MONDO|4496,0.87164742,16
378,disease|MONDO|5002,0.86292069,17
378,disease|MONDO|9688,0.83622855,18
378,disease|MONDO|19562,0.82145196,19
378,disease|MONDO|4822,0.80498731,20
378,disease|MONDO|6932,0.45078042,21
378,disease|MONDO|1444,0.26303867,22
379,disease|MONDO|4781,2.26369199,1
379,disease|MONDO|2280,2.14304759,2
379,disease|MONDO|7915,2.09741861,3
379,effect/phenotype|HPO|1681,2.05423939,4
379,disease|MONDO|4496,2.00905165,5
379,disease|MONDO|4979,1.97492919,6
379,disease|MONDO|5002,1.88953629,7
379,disease|MONDO|5279,1.59888166,8
379,disease|MONDO|19338,1.22412595,9
379,disease|MONDO|5109,1.14298527,10
379,disease|MONDO|9688,1.12932999,11
379,disease|MONDO|4981,1.09084159,12
379,disease|MONDO|7186,1.04014497,13
379,disease|MONDO|5737,1.01752978,14
379,disease|MONDO|5315,0.93762071,15
379,disease|MONDO|5077,0.83722101,16
379,disease|MONDO|6932,0.68937242,17
379,disease|MONDO|5812,0.67167515,18
379,disease|MONDO|1444,0.13527615,19
380,disease|MONDO|19338,2.64356127,1
380,disease|MONDO|5904,2.63438362,2
380,disease|MONDO|7915,2.56575394,3
380,disease|MONDO|2280,2.56197301,4
380,disease|MONDO|5109,2.55512440,5
380,effect/phenotype|HPO|1681,2.54525644,6
380,disease|MONDO|5279,2.52738474,7
380,disease|MONDO|7186,2.51013488,8
380,disease|MONDO|4496,2.46470806,9
380,disease|MONDO|5002,2.45764796,10
380,disease|MONDO|5737,2.44211340,11
380,disease|MONDO|4781,2.44119960,12
380,disease|MONDO|4979,2.41886219,13
380,disease|MONDO|18076,2.39710762,14
380,disease|MONDO|100053,2.38414218,15
380,disease|MONDO|5315,2.36940137,16
380,disease|MONDO|3781,2.05194771,17
380,disease|MONDO|6932,2.05012834,18
380,disease|MONDO|5383,1.79550529,19
380,disease|MONDO|5249,1.34776500,20
380,disease|MONDO|5722,1.27380311,21
380,disease|MONDO|9688,1.19971123,22
380,disease|MONDO|43537,1.11762306,23
380,disease|MONDO|4822,0.47866806,24
380,disease|MONDO|19562,0.47120447,25
380,disease|MONDO|1444,0.18127713,26
381,disease|MONDO|4979,0.73995783,1
381,disease|MONDO|43537,0.73992989,2
381,disease|MONDO|4781,0.73461587,3
381,disease|MONDO|7915,0.71230428,4
381,effect/phenotype|HPO|1681,0.70372277,5
381,disease|MONDO|5279,0.59832844,6
381,disease|MONDO|2280,0.59364316,7
381,disease|MONDO|6932,0.33224496,8
381,disease|MONDO|100053,0.04417294,9
381,disease|MONDO|5002,-0.00816488,10
381,disease|MONDO|21040,-0.08006576,11
381,disease|MONDO|9688,-0.20252864,12
382,disease|MONDO|4781,2.43677396,1
382,disease|MONDO|5737,2.36059639,2
382,disease|MONDO|2280,2.35336518,3
382,disease|MONDO|4981,2.34499949,4
382,disease|MONDO|19338,2.30788486,5
382,disease|MONDO|7915,2.30275153,6
382,effect/phenotype|HPO|1681,2.22000560,7
382,disease|MONDO|6932,1.91219854,8
382,disease|MONDO|4979,1.26445162,9
382,disease|MONDO|9688,1.20693061,10
382,disease|MONDO|7186,1.14089496,11
382,disease|MONDO|5002,1.06918228,12
382,disease|MONDO|5279,0.56157139,13
382,disease|MONDO|5383,0.52474761,14
382,disease|MONDO|4496,0.51679942,15
382,disease|MONDO|5904,0.46287476,16
382,disease|MONDO|3781,0.26464751,17
382,disease|MONDO|1444,0.17159383,18
383,disease|MONDO|2280,1.80502588,1
383,disease|MONDO|7915,1.76955029,2
383,disease|MONDO|3781,1.76947919,3
383,disease|MONDO|4781,1.59916064,4
383,disease|MONDO|5383,1.55295344,5
383,disease|MONDO|5279,1.55155755,6
383,disease|MONDO|5249,1.53932387,7
383,disease|MONDO|18076,1.50382337,8
383,disease|MONDO|7186,1.50099967,9
383,disease|MONDO|4979,1.41347557,10
383,disease|MONDO|21040,1.36323461,11
383,disease|MONDO|5109,1.27338937,12
383,disease|MONDO|9688,1.20665535,13
383,effect/phenotype|HPO|1681,1.20431306,14
383,disease|MONDO|5812,0.87783845,15
383,disease|MONDO|4496,0.87164828,16
383,disease|MONDO|5002,0.86292160,17
383,disease|MONDO|19562,0.82145232,18
383,disease|MONDO|4822,0.80498741,19
383,disease|MONDO|6932,0.45078057,20
383,disease|MONDO|5961,0.36476815,21
383,disease|MONDO|1444,0.26303893,22
383,disease|MONDO|19338,0.11244229,23
384,disease|MONDO|19338,1.50175375,1
384,disease|MONDO|5383,1.45627160,2
384,disease|MONDO|7186,1.40683579,3
384,disease|MONDO|2280,1.34453468,4
384,effect/phenotype|HPO|1681,1.31236774,5
384,disease|MONDO|7915,1.27952725,6
384,disease|MONDO|5249,1.26503026,7
384,disease|MONDO|4979,1.24125192,8
384,disease|MONDO|4981,1.24107805,9
384,disease|MONDO|5002,1.20737615,10
384,disease|MONDO|4781,1.19340655,11
384,disease|MONDO|4822,1.10926379,12
384,disease|MONDO|9688,1.04392730,13
384,disease|MONDO|5753,1.02802888,14
384,disease|MONDO|5077,0.99759385,15
384,disease|MONDO|3781,0.93521333,16
384,disease|MONDO|5961,0.87813005,17
384,disease|MONDO|5904,0.86996797,18
384,disease|MONDO|6031,0.83837255,19
384,disease|MONDO|5279,0.29004513,20
384,effect/phenotype|HPO|25425,0.20774103,21
384,disease|MONDO|100053,0.19022277,22
384,disease|MONDO|19562,0.01568388,23
384,disease|MONDO|1444,-0.00545715,24
384,disease|MONDO|18076,-0.07357028,25
384,disease|MONDO|5737,-0.11416197,26
385,effect/phenotype|HPO|1681,2.03903106,1
385,disease|MONDO|5315,1.99345131,2
385,disease|MONDO|4781,1.93863615,3
385,disease|MONDO|5249,1.89844870,4
385,disease|MONDO|5002,1.88495183,5
385,disease|MONDO|2280,1.84801526,6
385,disease|MONDO|5109,1.78118800,7
385,disease|MONDO|4979,1.74741637,8
385,disease|MONDO|19338,1.66390249,9
385,disease|MONDO|9688,1.56038849,10
385,disease|MONDO|5383,1.42981213,11
385,disease|MONDO|6932,1.38023761,12
385,disease|MONDO|5961,1.36168913,13
385,disease|MONDO|3781,1.31888558,14
385,disease|MONDO|4981,0.94828776,15
385,disease|MONDO|19562,0.89449947,16
385,disease|MONDO|4496,0.51725911,17
385,disease|MONDO|7915,0.50937401,18
385,disease|MONDO|5904,0.47137360,19
385,disease|MONDO|7186,0.36270335,20
385,disease|MONDO|1444,0.22207966,21
386,disease|MONDO|4496,2.47046807,1
386,disease|MONDO|4781,2.10776235,2
386,effect/phenotype|HPO|1681,2.00356229,3
386,disease|MONDO|4981,2.00256869,4
386,disease|MONDO|4979,1.98969838,5
386,disease|MONDO|4867,1.97187489,6
386,disease|MONDO|5383,1.51082098,7
386,disease|MONDO|5002,1.50542932,8
386,disease|MONDO|9688,1.46688243,9
386,disease|MONDO|3781,1.44864132,10
386,disease|MONDO|2280,1.43680568,11
386,disease|MONDO|6932,1.26124521,12
386,disease|MONDO|19338,1.21536915,13
386,disease|MONDO|5249,1.21452978,14
386,disease|MONDO|5315,1.04274338,15
386,disease|MONDO|100053,1.03573790,16
386,disease|MONDO|5961,1.02285638,17
386,disease|MONDO|7915,1.01293389,18
386,disease|MONDO|5279,1.00931676,19
386,disease|MONDO|5737,0.94570102,20
386,disease|MONDO|4822,0.87107848,21
386,disease|MONDO|7186,0.43501371,22
387,disease|MONDO|5002,1.33243978,1
387,disease|MONDO|7186,1.30712863,2
387,disease|MONDO|3781,1.28000798,3
387,disease|MONDO|4822,1.26509065,4
387,disease|MONDO|2280,1.22776691,5
387,disease|MONDO|7915,1.18527222,6
387,disease|MONDO|4781,1.16526452,7
387,disease|MONDO|9688,1.12750778,8
387,disease|MONDO|5904,1.05296162,9
387,disease|MONDO|5279,1.05278990,10
387,disease|MONDO|4979,1.01723522,11
387,effect/phenotype|HPO|1681,0.94526247,12
387,disease|MONDO|6932,0.94446468,13
387,disease|MONDO|100053,0.89964153,14
387,disease|MONDO|5249,0.78786054,15
387,disease|MONDO|5812,0.49386604,16
387,disease|MONDO|5077,0.29864654,17
387,disease|MONDO|5737,0.07351717,18
387,disease|MONDO|19338,0.04474767,19
387,disease|MONDO|1444,0.02979610,20
387,disease|MONDO|18076,-0.10675140,21
388,disease|MONDO|2280,0.84989001,1
388,disease|MONDO|7915,0.83603774,2
388,disease|MONDO|4979,0.79312225,3
388,disease|MONDO|6932,0.76209184,4
388,disease|MONDO|4981,0.70576257,5
388,disease|MONDO|5109,0.69312055,6
388,disease|MONDO|5279,0.69269310,7
388,disease|MONDO|4781,0.65487974,8
388,disease|MONDO|9688,0.59937190,9
388,effect/phenotype|HPO|1681,0.54492232,10
388,disease|MONDO|5383,0.53905017,11
388,disease|MONDO|5249,0.51732522,12
388,disease|MONDO|5002,0.46182010,13
388,disease|MONDO|100053,0.43191838,14
388,disease|MONDO|2465,0.42983745,15
388,disease|MONDO|19562,0.31478352,16
388,disease|MONDO|3781,0.25023425,17
388,disease|MONDO|7186,0.16175365,18
388,disease|MONDO|19338,0.16129065,19
388,disease|MONDO|4822,0.06666859,20
388,disease|MONDO|29000,0.03816008,21
388,disease|MONDO|5315,-0.01030129,22
388,disease|MONDO|1444,-0.07245820,23
389,disease|MONDO|2280,2.31719214,1
389,disease|MONDO|5279,2.31042314,2
389,disease|MONDO|5383,2.29864535,3
389,disease|MONDO|9688,2.28867915,4
389,disease|MONDO|5002,2.23319377,5
389,disease|MONDO|4981,2.22768293,6
389,disease|MONDO|19338,2.22653747,7
389,disease|MONDO|5737,2.22277519,8
389,effect/phenotype|HPO|1681,2.21946853,9
389,disease|MONDO|4979,2.17664185,10
389,disease|MONDO|7186,2.14993170,11
389,disease|MONDO|21040,2.14281091,12
389,disease|MONDO|4781,2.13829666,13
389,disease|MONDO|7915,2.12877662,14
389,disease|MONDO|100053,2.05954765,15
389,disease|MONDO|6932,1.82846849,16
389,disease|MONDO|3781,0.90385807,17
389,disease|MONDO|1444,0.17547715,18
390,disease|MONDO|4981,1.92228276,1
390,disease|MONDO|2280,1.81613116,2
390,disease|MONDO|4781,1.80320156,3
390,effect/phenotype|HPO|1681,1.76343435,4
390,disease|MONDO|7915,1.68965093,5
390,disease|MONDO|5002,1.63862652,6
390,disease|MONDO|5070,1.49773249,7
390,disease|MONDO|5383,1.24935305,8
390,disease|MONDO|5279,1.01311356,9
390,disease|MONDO|9688,0.94947879,10
390,disease|MONDO|4979,0.85555891,11
390,disease|MONDO|7186,0.54388049,12
390,disease|MONDO|4822,0.52519955,13
390,disease|MONDO|5961,0.46871662,14
390,disease|MONDO|6932,0.30066019,15
390,disease|MONDO|3781,0.24661445,16
390,disease|MONDO|19338,0.23972404,17
390,disease|MONDO|1444,0.23389265,18
391,disease|MONDO|4781,1.18058390,1
391,effect/phenotype|HPO|1681,1.16043641,2
391,disease|MONDO|5904,1.10341441,3
391,disease|MONDO|2280,1.10298077,4
391,disease|MONDO|4496,1.09617138,5
391,disease|MONDO|5279,1.09022752,6
391,disease|MONDO|5109,0.98736666,7
391,disease|MONDO|7915,0.94713621,8
391,disease|MONDO|3441,0.80182195,9
391,disease|MONDO|19338,0.47328701,10
391,disease|MONDO|5961,0.41175571,11
391,disease|MONDO|9688,0.38745653,12
391,disease|MONDO|5753,0.29584973,13
391,disease|MONDO|5737,-0.01503023,14
391,disease|MONDO|1444,-0.05668662,15
391,disease|MONDO|19562,-0.18334870,16
392,disease|MONDO|4979,0.92830425,1
392,disease|MONDO|4781,0.85954819,2
392,disease|MONDO|43537,0.85204704,3
392,effect/phenotype|HPO|1681,0.83786865,4
392,disease|MONDO|7915,0.80533730,5
392,disease|MONDO|5279,0.73718101,6
392,disease|MONDO|2280,0.15299827,7
392,disease|MONDO|5002,0.05154242,8
392,disease|MONDO|4981,-0.02737282,9
392,disease|MONDO|18076,-0.04886235,10
392,disease|MONDO|5737,-0.10643676,11
392,disease|MONDO|1444,-0.10878182,12
392,disease|MONDO|19338,-0.25879943,13
392,disease|MONDO|9688,-0.26388143,14
393,disease|MONDO|4781,2.37485026,1
393,disease|MONDO|5737,2.34504944,2
393,disease|MONDO|2280,2.33426227,3
393,disease|MONDO|19338,2.29940008,4
393,effect/phenotype|HPO|1681,2.19960612,5
393,disease|MONDO|6932,1.90685266,6
393,disease|MONDO|4979,1.68100284,7
393,disease|MONDO|9688,1.62523106,8
393,disease|MONDO|7186,1.56458177,9
393,disease|MONDO|5002,1.47778618,10
393,disease|MONDO|7915,0.56162374,11
393,disease|MONDO|5279,0.54542220,12
393,disease|MONDO|5383,0.50860170,13
393,disease|MONDO|4496,0.50231715,14
393,disease|MONDO|5904,0.43753223,15
393,disease|MONDO|3781,0.25260100,16
393,disease|MONDO|1444,0.16326138,17
394,disease|MONDO|19338,1.58544245,1
394,disease|MONDO|5383,1.58422984,2
394,disease|MONDO|7186,1.53834099,3
394,disease|MONDO|2280,1.49804312,4
394,effect/phenotype|HPO|1681,1.48311286,5
394,disease|MONDO|4979,1.41436489,6
394,disease|MONDO|7915,1.41069189,7
394,disease|MONDO|5279,1.37572822,8
394,disease|MONDO|5249,1.36308962,9
394,disease|MONDO|4981,1.33005955,10
394,disease|MONDO|5109,1.32757640,11
394,disease|MONDO|5002,1.32710258,12
394,disease|MONDO|5904,1.29226827,13
394,disease|MONDO|4781,1.26830395,14
394,disease|MONDO|4822,1.22089668,15
394,disease|MONDO|9688,1.11475829,16
394,disease|MONDO|5753,1.10819571,17
394,disease|MONDO|5077,1.09034678,18
394,disease|MONDO|3781,1.03622811,19
394,disease|MONDO|6031,1.02782172,20
394,disease|MONDO|5961,0.94491315,21
394,disease|MONDO|100053,0.23625048,22
394,disease|MONDO|19562,-0.00275356,23
394,disease|MONDO|1444,-0.00935789,24
394,disease|MONDO|18076,-0.04682587,25
394,disease|MONDO|5737,-0.06840931,26
395,disease|MONDO|2280,0.84989001,1
395,disease|MONDO|7915,0.83603774,2
395,disease|MONDO|4979,0.79312225,3
395,disease|MONDO|6932,0.76209184,4
395,disease|MONDO|4981,0.70576257,5
395,disease|MONDO|5109,0.69312055,6
395,disease|MONDO|5279,0.69269310,7
395,disease|MONDO|4781,0.65487974,8
395,disease|MONDO|9688,0.59937190,9
395,effect/phenotype|HPO|1681,0.54492232,10
395,disease|MONDO|5383,0.53905017,11
395,disease|MONDO|5249,0.51732522,12
395,disease|MONDO|5002,0.46182010,13
395,disease|MONDO|100053,0.43191838,14
395,disease|MONDO|2465,0.42983745,15
395,disease|MONDO|19562,0.31478352,16
395,disease|MONDO|3781,0.25023425,17
395,disease|MONDO|7186,0.16175365,18
395,disease|MONDO|19338,0.16129065,19
395,disease|MONDO|4822,0.06666859,20
395,disease|MONDO|29000,0.03816008,21
395,disease|MONDO|5315,-0.01030129,22
395,disease|MONDO|1444,-0.07245820,23
396,disease|MONDO|4781,0.74838389,1
396,effect/phenotype|HPO|1681,0.69350410,2
396,disease|MONDO|7915,0.54890902,3
396,disease|MONDO|4979,0.24612166,4
396,disease|MONDO|2280,0.20351638,5
396,disease|MONDO|5109,0.14693809,6
396,disease|MONDO|4981,0.09349604,7
396,disease|MONDO|9688,0.07179378,8
396,disease|MONDO|1444,0.03205075,9
396,disease|MONDO|100053,-0.00449765,10
396,disease|MONDO|5812,-0.03522395,11
396,disease|MONDO|5279,-0.06869808,12
396,disease|MONDO|19338,-0.08309807,13
396,disease|MONDO|18076,-0.29480073,14
397,disease|MONDO|4979,1.12873333,1
397,disease|MONDO|4781,1.08679837,2
397,disease|MONDO|5383,1.02822396,3
397,effect/phenotype|HPO|1681,1.02818294,4
397,disease|MONDO|2280,1.01422342,5
397,disease|MONDO|5279,0.91248046,6
397,disease|MONDO|100053,0.87804004,7
397,disease|MONDO|4981,0.83896179,8
397,disease|MONDO|7915,0.74850056,9
397,disease|MONDO|9688,0.67930049,10
397,disease|MONDO|5077,0.33803360,11
397,disease|MONDO|5002,0.30748996,12
397,disease|MONDO|6932,0.25812675,13
397,disease|MONDO|43537,0.21935542,14
397,disease|MONDO|29000,0.20682719,15
397,disease|MONDO|7186,0.11789795,16
397,disease|MONDO|1444,0.09950839,17
397,disease|MONDO|18076,0.00604370,18
397,disease|MONDO|19338,0.00208856,19
397,disease|MONDO|5737,-0.00428749,20
398,disease|MONDO|2280,1.80502573,1
398,disease|MONDO|7915,1.76954995,2
398,disease|MONDO|3781,1.76947932,3
398,disease|MONDO|4781,1.59916019,4
398,disease|MONDO|5383,1.55295297,5
398,disease|MONDO|5279,1.55155797,6
398,disease|MONDO|5249,1.53932381,7
398,disease|MONDO|18076,1.50382274,8
398,disease|MONDO|7186,1.50099943,9
398,disease|MONDO|4979,1.41347530,10
398,disease|MONDO|21040,1.36323392,11
398,disease|MONDO|5109,1.27338864,12
398,disease|MONDO|9688,1.20665469,13
398,effect/phenotype|HPO|1681,1.20431253,14
398,disease|MONDO|5812,0.87783847,15
398,disease|MONDO|4496,0.87164792,16
398,disease|MONDO|5002,0.86292105,17
398,disease|MONDO|19562,0.82145166,18
398,disease|MONDO|4822,0.80498660,19
398,disease|MONDO|6932,0.45078081,20
398,disease|MONDO|5961,0.36476684,21
398,disease|MONDO|1444,0.26303893,22
398,disease|MONDO|19338,0.11244228,23
399,disease|MONDO|4781,2.26353073,1
399,disease|MONDO|2280,2.14536470,2
399,disease|MONDO|7915,2.09619470,3
399,effect/phenotype|HPO|1681,2.05487871,4
399,disease|MONDO|4496,2.00967546,5
399,disease|MONDO|4979,1.97515919,6
399,disease|MONDO|5279,1.59889495,7
399,disease|MONDO|19338,1.22469856,8
399,disease|MONDO|5109,1.14250475,9
399,disease|MONDO|9688,1.12868109,10
399,disease|MONDO|4981,1.09141640,11
399,disease|MONDO|7186,1.03982788,12
399,disease|MONDO|5737,1.01647414,13
399,disease|MONDO|5315,0.93894307,14
399,disease|MONDO|5077,0.83749135,15
399,disease|MONDO|6932,0.68836507,16
399,disease|MONDO|5812,0.67168394,17
399,disease|MONDO|5002,0.38240932,18
399,disease|MONDO|1444,0.13517766,19
400,disease|MONDO|4979,1.49271633,1
400,disease|MONDO|4781,1.47383961,2
400,disease|MONDO|5002,1.46397509,3
400,disease|MONDO|9688,1.43195262,4
400,disease|MONDO|3781,1.42275266,5
400,disease|MONDO|5383,1.40332937,6
400,disease|MONDO|5315,1.39476298,7
400,disease|MONDO|4496,1.39106725,8
400,disease|MONDO|2280,1.38887479,9
400,disease|MONDO|6932,1.38590406,10
400,effect/phenotype|HPO|1681,1.35658897,11
400,disease|MONDO|21040,1.34297381,12
400,disease|MONDO|19562,1.28844331,13
400,disease|MONDO|19338,1.27255578,14
400,disease|MONDO|4981,1.25674546,15
400,disease|MONDO|5904,1.21700862,16
400,disease|MONDO|7186,1.20228554,17
400,disease|MONDO|7915,1.08241329,18
400,disease|MONDO|5109,0.97238923,19
400,disease|MONDO|100053,0.68324335,20
400,disease|MONDO|5961,0.29158533,21
400,disease|MONDO|5249,0.22023087,22
400,disease|MONDO|5737,0.13650614,23
400,disease|MONDO|5812,0.13363963,24
400,disease|MONDO|1444,-0.04377533,25
400,disease|MONDO|18076,-0.13972683,26
401,disease|MONDO|29000,0.76334187,1
401,disease|MONDO|5383,0.68911798,2
401,disease|MONDO|5279,0.67879187,3
401,effect/phenotype|HPO|1681,0.66674759,4
401,disease|MONDO|4781,0.58304816,5
401,disease|MONDO|9688,0.56410028,6
401,disease|MONDO|7186,0.55891117,7
401,disease|MONDO|4981,0.54529394,8
401,disease|MONDO|2280,0.42797743,9
401,disease|MONDO|5002,0.36525863,10
401,disease|MONDO|5737,0.35747983,11
401,disease|MONDO|1444,0.31483672,12
401,disease|MONDO|19338,0.30006253,13
401,disease|MONDO|4979,0.29312322,14
401,disease|MONDO|7915,0.28552915,15
401,disease|MONDO|5249,0.17126681,16
401,disease|MONDO|6932,0.02249258,17
401,disease|MONDO|5109,-0.06307709,18
402,disease|MONDO|5249,0.94246926,1
402,disease|MONDO|6932,0.92798138,2
402,disease|MONDO|5002,0.88309147,3
402,disease|MONDO|7915,0.86316742,4
402,disease|MONDO|4979,0.84789896,5
402,disease|MONDO|100053,0.79890443,6
402,disease|MONDO|4981,0.79359215,7
402,disease|MONDO|4781,0.78309948,8
402,disease|MONDO|3781,0.78067380,9
402,disease|MONDO|4822,0.77958322,10
402,disease|MONDO|29000,0.67776012,11
402,effect/phenotype|HPO|1681,0.66616745,12
402,disease|MONDO|7186,0.64186925,13
402,disease|MONDO|2280,0.62671369,14
402,disease|MONDO|5722,0.62081230,15
402,disease|MONDO|5279,0.56139954,16
402,disease|MONDO|5961,0.52264231,17
402,disease|MONDO|9688,0.26794638,18
402,disease|MONDO|43537,0.08656069,19
402,disease|MONDO|18076,-0.00494600,20
402,disease|MONDO|5737,-0.16459730,21
402,disease|MONDO|1444,-0.18047804,22
402,disease|MONDO|19338,-0.20538744,23
403,effect/phenotype|HPO|1681,1.00236659,1
403,disease|MONDO|19338,0.96363515,2
403,disease|MONDO|5383,0.95707031,3
403,disease|MONDO|4979,0.87433061,4
403,disease|MONDO|7186,0.85756636,5
403,disease|MONDO|4781,0.83073153,6
403,disease|MONDO|5279,0.79527866,7
403,disease|MONDO|6932,0.79138699,8
403,disease|MONDO|2280,0.78139259,9
403,disease|MONDO|5904,0.73293609,10
403,disease|MONDO|5249,0.42353059,11
403,disease|MONDO|7915,0.29870951,12
403,disease|MONDO|4867,0.21595556,13
403,disease|MONDO|100053,0.16962657,14
403,disease|MONDO|4981,0.16515038,15
403,disease|MONDO|9688,0.15854653,16
403,disease|MONDO|19562,0.12357061,17
403,disease|MONDO|4822,0.08862131,18
403,disease|MONDO|18076,-0.02950801,19
403,disease|MONDO|1444,-0.14721969,20
404,disease|MONDO|1444,1.33549815,1
404,disease|MONDO|5737,1.30189182,2
404,disease|MONDO|21040,1.22575749,3
404,disease|MONDO|19338,1.22500022,4
404,disease|MONDO|4979,1.17913503,5
404,effect/phenotype|HPO|1681,1.10598804,6
404,disease|MONDO|2280,0.96460776,7
404,disease|MONDO|5109,0.91263323,8
404,disease|MONDO|4781,0.62793969,9
404,disease|MONDO|5279,0.61793881,10
404,disease|MONDO|100053,0.38671581,11
404,disease|MONDO|4981,0.38275952,12
404,disease|MONDO|7915,0.34243735,13
404,disease|MONDO|9688,0.33590544,14
404,disease|MONDO|7186,0.32673535,15
404,disease|MONDO|4867,0.24257178,16
404,disease|MONDO|5002,0.12433486,17
404,disease|MONDO|3781,0.11356511,18
404,disease|MONDO|18076,0.05441011,19
405,disease|MONDO|4979,0.75097583,1
405,disease|MONDO|4781,0.70503911,2
405,disease|MONDO|7915,0.65184042,3
405,disease|MONDO|5249,0.63454320,4
405,effect/phenotype|HPO|1681,0.55576677,5
405,disease|MONDO|2280,0.51685549,6
405,disease|MONDO|5279,0.45181900,7
405,disease|MONDO|4981,0.12457652,8
405,disease|MONDO|100053,0.12368266,9
405,disease|MONDO|18076,-0.00334967,10
405,disease|MONDO|5737,-0.14069788,11
405,disease|MONDO|1444,-0.18051848,12
405,disease|MONDO|19338,-0.19879320,13
405,disease|MONDO|9688,-0.39296448,14
406,disease|MONDO|7915,0.69325656,1
406,effect/phenotype|HPO|1681,0.62078716,2
406,disease|MONDO|7186,0.33823290,3
406,disease|MONDO|3781,0.31082150,4
406,disease|MONDO|2280,0.23318265,5
406,disease|MONDO|1444,0.11266434,6
406,disease|MONDO|5737,0.01945821,7
406,disease|MONDO|4781,0.01579405,8
406,disease|MONDO|4979,0.01067232,9
406,disease|MONDO|4981,0.00489840,10
406,disease|MONDO|5383,-0.06532620,11
406,disease|MONDO|19338,-0.07927021,12
406,disease|MONDO|9688,-0.24715902,13
407,disease|MONDO|4781,2.25880450,1
407,disease|MONDO|2280,2.13740548,2
407,disease|MONDO|7915,2.09189793,3
407,effect/phenotype|HPO|1681,2.04922545,4
407,disease|MONDO|4496,2.00545140,5
407,disease|MONDO|4979,1.97021495,6
407,disease|MONDO|5002,1.88449224,7
407,disease|MONDO|5279,1.59574366,8
407,disease|MONDO|19338,1.22091018,9
407,disease|MONDO|5109,1.14117360,10
407,disease|MONDO|9688,1.12728535,11
407,disease|MONDO|4981,1.08804841,12
407,disease|MONDO|7186,1.03746730,13
407,disease|MONDO|5737,1.01580171,14
407,disease|MONDO|5315,0.93473823,15
407,disease|MONDO|5077,0.83672050,16
407,disease|MONDO|6932,0.68798369,17
407,disease|MONDO|5812,0.67043972,18
407,disease|MONDO|4867,0.53145944,19
407,disease|MONDO|1444,0.13472672,20
407,disease|MONDO|3781,0.12616810,21
408,disease|MONDO|2280,1.95587289,1
408,effect/phenotype|HPO|1681,1.87772483,2
408,disease|MONDO|5904,1.78614640,3
408,disease|MONDO|5383,1.78228536,4
408,disease|MONDO|5002,1.75917849,5
408,disease|MONDO|4979,1.73066106,6
408,disease|MONDO|19338,1.69055760,7
408,disease|MONDO|5109,1.56089449,8
408,disease|MONDO|19562,1.43646555,9
408,disease|MONDO|4781,1.42892141,10
408,disease|MONDO|3781,1.23813248,11
408,disease|MONDO|6932,0.93043488,12
408,disease|MONDO|9688,0.49932136,13
408,disease|MONDO|5077,0.42581296,14
408,disease|MONDO|5315,0.36357202,15
408,disease|MONDO|4981,0.28604835,16
408,disease|MONDO|5812,0.09915838,17
408,disease|MONDO|1444,-0.09846827,18
409,disease|MONDO|4781,2.26850277,1
409,disease|MONDO|2280,2.13034268,2
409,disease|MONDO|7915,2.11876650,3
409,effect/phenotype|HPO|1681,2.04363792,4
409,disease|MONDO|19338,2.04012802,5
409,disease|MONDO|4496,2.00079535,6
409,disease|MONDO|4979,1.95477782,7
409,disease|MONDO|5002,1.89191484,8
409,disease|MONDO|5279,1.60428011,9
409,disease|MONDO|5109,1.17266211,10
409,disease|MONDO|9688,1.15646368,11
409,disease|MONDO|4981,1.07243651,12
409,disease|MONDO|100053,1.05838847,13
409,disease|MONDO|7186,1.04938318,14
409,disease|MONDO|5737,1.02119327,15
409,disease|MONDO|5315,0.92341745,16
409,disease|MONDO|5077,0.81999905,17
409,disease|MONDO|6932,0.73141472,18
409,disease|MONDO|3781,0.69824745,19
409,disease|MONDO|5812,0.67457381,20
409,disease|MONDO|1444,0.12750328,21
410,disease|MONDO|5812,2.49311781,1
410,disease|MONDO|5002,2.45945254,2
410,disease|MONDO|4496,2.45176676,3
410,disease|MONDO|5109,2.42213637,4
410,disease|MONDO|4981,2.41431630,5
410,disease|MONDO|2280,2.40989318,6
410,disease|MONDO|4979,2.39222252,7
410,disease|MONDO|7915,2.37508392,8
410,disease|MONDO|5279,2.35308984,9
410,disease|MONDO|19338,2.35216942,10
410,disease|MONDO|19562,2.33245918,11
410,disease|MONDO|3781,2.32941058,12
410,disease|MONDO|21040,2.32002823,13
410,disease|MONDO|4781,2.31993441,14
410,disease|MONDO|5249,2.31507489,15
410,disease|MONDO|5961,2.31019321,16
410,disease|MONDO|5383,2.28535591,17
410,effect/phenotype|HPO|1681,2.27087858,18
410,disease|MONDO|9688,2.20603645,19
410,disease|MONDO|4822,2.16200300,20
410,disease|MONDO|6932,1.96867850,21
410,disease|MONDO|5904,1.12425366,22
410,disease|MONDO|5737,1.00488006,23
410,disease|MONDO|3441,0.78007343,24
410,disease|MONDO|18076,0.25055453,25
410,disease|MONDO|1444,0.24803652,26
411,disease|MONDO|2280,1.10745721,1
411,effect/phenotype|HPO|1681,1.04927544,2
411,disease|MONDO|7915,0.58810683,3
411,disease|MONDO|5279,0.55148590,4
411,disease|MONDO|4979,0.52590780,5
411,disease|MONDO|1444,0.49874424,6
411,disease|MONDO|19338,0.40584483,7
411,disease|MONDO|4781,0.39539449,8
411,disease|MONDO|3781,0.35873784,9
411,disease|MONDO|4981,0.33118951,10
411,disease|MONDO|29000,0.27612020,11
411,disease|MONDO|100053,0.26198891,12
411,disease|MONDO|5002,0.25916865,13
411,disease|MONDO|5070,0.24856214,14
411,disease|MONDO|19562,0.24480569,15
411,disease|MONDO|5383,0.19712340,16
411,disease|MONDO|5737,0.18568603,17
411,disease|MONDO|5904,0.15279895,18
412,disease|MONDO|4781,2.18793494,1
412,disease|MONDO|2280,2.05678558,2
412,disease|MONDO|7915,2.02386536,3
412,effect/phenotype|HPO|1681,1.97496958,4
412,disease|MONDO|4496,1.93121459,5
412,disease|MONDO|19338,1.92541301,6
412,disease|MONDO|4979,1.88996968,7
412,disease|MONDO|5002,1.79896960,8
412,disease|MONDO|5279,1.55308115,9
412,disease|MONDO|5109,1.10101640,10
412,disease|MONDO|9688,1.08332863,11
412,disease|MONDO|4981,1.03749172,12
412,disease|MONDO|100053,0.99381959,13
412,disease|MONDO|7186,0.99176222,14
412,disease|MONDO|5737,0.98116013,15
412,disease|MONDO|5315,0.90029885,16
412,disease|MONDO|5077,0.80394047,17
412,disease|MONDO|3781,0.66376017,18
412,disease|MONDO|6932,0.65446836,19
412,disease|MONDO|5812,0.64494264,20
412,disease|MONDO|4867,0.50788024,21
412,disease|MONDO|1444,0.12330122,22
413,disease|MONDO|4781,2.35310858,1
413,disease|MONDO|5737,2.32963163,2
413,disease|MONDO|2280,2.31468537,3
413,disease|MONDO|4981,2.28514251,4
413,disease|MONDO|19338,2.27852169,5
413,disease|MONDO|7915,2.25464803,6
413,disease|MONDO|4979,2.23060870,7
413,effect/phenotype|HPO|1681,2.18086007,8
413,disease|MONDO|100053,2.11887552,9
413,disease|MONDO|5002,2.03055837,10
413,disease|MONDO|3781,1.93697676,11
413,disease|MONDO|6932,1.88627508,12
413,disease|MONDO|9688,1.61395895,13
413,disease|MONDO|7186,1.53439136,14
413,disease|MONDO|5279,1.12735665,15
413,disease|MONDO|5383,0.50393197,16
413,disease|MONDO|4496,0.49070135,17
413,disease|MONDO|5904,0.43535078,18
413,disease|MONDO|1444,0.16306403,19
414,disease|MONDO|2280,3.15710384,1
414,disease|MONDO|4981,2.79433668,2
414,disease|MONDO|4781,2.74372971,3
414,effect/phenotype|HPO|1681,2.68623236,4
414,disease|MONDO|4979,2.68598181,5
414,disease|MONDO|5249,2.23539644,6
414,disease|MONDO|19338,2.19847080,7
414,disease|MONDO|5002,2.19577557,8
414,disease|MONDO|9688,2.17344925,9
414,disease|MONDO|21040,2.14692140,10
414,disease|MONDO|7186,2.11707693,11
414,disease|MONDO|7915,2.10560733,12
414,disease|MONDO|5383,2.07913490,13
414,disease|MONDO|4496,2.03126575,14
414,disease|MONDO|19562,1.96584921,15
414,disease|MONDO|4822,1.88076383,16
414,disease|MONDO|3781,1.81189937,17
414,disease|MONDO|5279,1.48813957,18
414,disease|MONDO|5904,0.82263082,19
414,disease|MONDO|18076,0.80425268,20
414,disease|MONDO|1444,0.26662511,21
414,disease|MONDO|5737,-0.05694699,22
415,disease|MONDO|4979,0.28479478,1
415,disease|MONDO|4981,0.24974457,2
415,disease|MONDO|5002,0.07999584,3
415,disease|MONDO|5249,-0.01912966,4
415,disease|MONDO|9688,-0.02730811,5
415,disease|MONDO|29000,-0.03366292,6
415,disease|MONDO|5737,-0.04639222,7
415,disease|MONDO|4781,-0.12676422,8
415,disease|MONDO|1444,-0.17505035,9
415,effect/phenotype|HPO|1681,-0.18363243,10
415,disease|MONDO|2280,-0.20478807,11
415,disease|MONDO|19338,-0.32946467,12
416,disease|MONDO|4979,0.99094316,1
416,disease|MONDO|4781,0.89150180,2
416,disease|MONDO|43537,0.86506777,3
416,effect/phenotype|HPO|1681,0.82162659,4
416,disease|MONDO|7915,0.82103543,5
416,disease|MONDO|2280,0.77562767,6
416,disease|MONDO|5279,0.75067352,7
416,disease|MONDO|19338,0.25049510,8
416,disease|MONDO|3781,0.14086699,9
416,disease|MONDO|100053,0.11540283,10
416,disease|MONDO|18076,-0.02759889,11
416,disease|MONDO|1444,-0.07140616,12
416,disease|MONDO|9688,-0.20411104,13
417,disease|MONDO|4981,2.70923337,1
417,disease|MONDO|4979,2.67503488,2
417,disease|MONDO|19338,2.66935757,3
417,disease|MONDO|5279,2.66322744,4
417,disease|MONDO|4781,2.65943360,5
417,disease|MONDO|21040,2.64731845,6
417,disease|MONDO|1444,2.63339096,7
417,disease|MONDO|18076,2.63295126,8
417,effect/phenotype|HPO|1681,2.57345161,9
417,disease|MONDO|7915,2.56306686,10
417,disease|MONDO|19562,2.52828428,11
417,disease|MONDO|7186,2.52714506,12
417,disease|MONDO|5109,2.51520973,13
417,disease|MONDO|5737,2.22179705,14
417,disease|MONDO|2280,2.21050608,15
417,disease|MONDO|5249,2.17060331,16
417,disease|MONDO|5002,2.05485314,17
417,disease|MONDO|4822,1.79552885,18
417,disease|MONDO|43537,0.90248227,19
417,disease|MONDO|4496,0.77712077,20
417,disease|MONDO|9688,0.77098459,21
417,disease|MONDO|5383,0.61927694,22
417,disease|MONDO|6932,0.51925867,23
417,disease|MONDO|3781,0.48203377,24
418,disease|MONDO|4979,1.55390264,1
418,disease|MONDO|4781,1.48629259,2
418,disease|MONDO|5002,1.48572347,3
418,disease|MONDO|5109,1.48376193,4
418,disease|MONDO|9688,1.46845721,5
418,disease|MONDO|5315,1.41751493,6
418,disease|MONDO|2280,1.41091996,7
418,effect/phenotype|HPO|1681,1.38375849,8
418,disease|MONDO|7915,1.24039270,9
418,disease|MONDO|100053,1.21367769,10
418,disease|MONDO|7186,1.20917824,11
418,disease|MONDO|3781,1.09125901,12
418,disease|MONDO|5383,1.07264432,13
418,disease|MONDO|6932,1.04611395,14
418,disease|MONDO|5961,0.28449306,15
418,disease|MONDO|5249,0.22352288,16
418,disease|MONDO|5812,0.16353449,17
418,disease|MONDO|5737,0.11862054,18
418,disease|MONDO|19338,-0.01765928,19
418,disease|MONDO|1444,-0.03541523,20
418,disease|MONDO|18076,-0.13051626,21
419,disease|MONDO|5249,1.88435815,1
419,disease|MONDO|4781,1.88204634,2
419,disease|MONDO|9688,1.86073545,3
419,disease|MONDO|19338,1.85002616,4
419,disease|MONDO|4979,1.82096884,5
419,disease|MONDO|5279,1.80478710,6
419,disease|MONDO|5002,1.70520834,7
419,disease|MONDO|2280,1.68091535,8
419,disease|MONDO|7186,1.66469357,9
419,disease|MONDO|4981,1.51004991,10
419,effect/phenotype|HPO|1681,1.49609712,11
419,disease|MONDO|5737,1.03672605,12
419,disease|MONDO|7915,1.00609183,13
419,disease|MONDO|19562,0.98315123,14
419,disease|MONDO|5109,0.91404124,15
419,disease|MONDO|100053,0.80869077,16
419,disease|MONDO|5904,0.75846263,17
419,disease|MONDO|8259,0.64530492,18
419,disease|MONDO|6932,0.62475374,19
419,disease|MONDO|5812,0.51731351,20
419,disease|MONDO|1444,0.04117860,21
420,disease|MONDO|4981,2.68759477,1
420,disease|MONDO|19338,2.68044183,2
420,disease|MONDO|5279,2.65240249,3
420,disease|MONDO|4781,2.63915789,4
420,disease|MONDO|7915,2.59123635,5
420,effect/phenotype|HPO|1681,2.58864158,6
420,disease|MONDO|7186,2.58386350,7
420,disease|MONDO|4979,2.56288891,8
420,disease|MONDO|5249,2.13744456,9
420,disease|MONDO|5002,2.12205726,10
420,disease|MONDO|9688,2.11855268,11
420,disease|MONDO|21040,2.06693590,12
420,disease|MONDO|5383,1.96621765,13
420,disease|MONDO|4496,1.94096763,14
420,disease|MONDO|19562,1.90540877,15
420,disease|MONDO|43537,1.85314567,16
420,disease|MONDO|4822,1.81136284,17
420,disease|MONDO|2280,1.80310220,18
420,disease|MONDO|3781,1.78917927,19
420,disease|MONDO|6932,1.63224725,20
420,disease|MONDO|5961,0.75543821,21
420,disease|MONDO|5904,0.70354277,22
420,disease|MONDO|1444,0.69669358,23
420,disease|MONDO|5737,0.38225368,24
421,disease|MONDO|2280,1.03835671,1
421,disease|MONDO|4979,1.01707214,2
421,effect/phenotype|HPO|1681,0.99762373,3
421,disease|MONDO|6932,0.99175125,4
421,disease|MONDO|5002,0.96307011,5
421,disease|MONDO|100053,0.94250990,6
421,disease|MONDO|7915,0.89554700,7
421,disease|MONDO|7186,0.89147422,8
421,disease|MONDO|4781,0.86375149,9
421,disease|MONDO|4822,0.85964571,10
421,disease|MONDO|3781,0.81406143,11
421,disease|MONDO|4496,0.77019913,12
421,disease|MONDO|9688,0.75037380,13
421,disease|MONDO|5722,0.72166303,14
421,disease|MONDO|5249,0.70406852,15
421,disease|MONDO|5961,0.67827017,16
421,disease|MONDO|19338,0.62478468,17
421,disease|MONDO|4981,0.59419898,18
421,disease|MONDO|4777,0.51339550,19
421,disease|MONDO|5383,0.48004158,20
421,disease|MONDO|5904,0.47982682,21
421,disease|MONDO|18076,0.46517078,22
421,disease|MONDO|1444,-0.10795552,23
421,disease|MONDO|5737,-0.10941173,24
422,disease|MONDO|4979,0.28517642,1
422,disease|MONDO|4981,0.26644415,2
422,disease|MONDO|5002,0.08650458,3
422,disease|MONDO|5249,-0.02609779,4
422,disease|MONDO|29000,-0.03691745,5
422,disease|MONDO|7915,-0.03798993,6
422,disease|MONDO|9688,-0.03972688,7
422,disease|MONDO|5737,-0.05312563,8
422,disease|MONDO|4781,-0.12706305,9
422,effect/phenotype|HPO|1681,-0.16701251,10
422,disease|MONDO|1444,-0.17865998,11
422,disease|MONDO|2280,-0.21229653,12
422,disease|MONDO|19338,-0.31937498,13
423,disease|MONDO|4981,2.70061231,1
423,disease|MONDO|4979,2.66615066,2
423,disease|MONDO|19338,2.65916026,3
423,disease|MONDO|5279,2.65211487,4
423,disease|MONDO|4781,2.64943975,5
423,disease|MONDO|21040,2.63596517,6
423,disease|MONDO|1444,2.62176934,7
423,disease|MONDO|18076,2.61994147,8
423,effect/phenotype|HPO|1681,2.56302786,9
423,disease|MONDO|7915,2.55094790,10
423,disease|MONDO|7186,2.51926756,11
423,disease|MONDO|19562,2.51915601,12
423,disease|MONDO|5109,2.50666666,13
423,disease|MONDO|5737,2.21286783,14
423,disease|MONDO|2280,2.20071673,15
423,disease|MONDO|5249,2.16269088,16
423,disease|MONDO|43537,0.89723906,17
423,disease|MONDO|5002,0.83485815,18
423,disease|MONDO|4496,0.77286178,19
423,disease|MONDO|9688,0.76673698,20
423,disease|MONDO|5383,0.61359859,21
423,disease|MONDO|4822,0.57550172,22
423,disease|MONDO|6932,0.51834973,23
423,disease|MONDO|3781,0.47670196,24
424,disease|MONDO|2280,1.82371104,1
424,disease|MONDO|4979,1.77727257,2
424,disease|MONDO|5315,1.76098886,3
424,disease|MONDO|7915,1.74953729,4
424,disease|MONDO|4781,1.62372651,5
424,disease|MONDO|5109,1.61611283,6
424,effect/phenotype|HPO|1681,1.59643532,7
424,disease|MONDO|5383,1.57159843,8
424,disease|MONDO|5249,1.53880486,9
424,disease|MONDO|7186,1.52317040,10
424,disease|MONDO|5279,1.52235694,11
424,disease|MONDO|21040,1.31999776,12
424,disease|MONDO|5812,1.26262170,13
424,disease|MONDO|4496,1.25428493,14
424,disease|MONDO|5002,1.24643505,15
424,disease|MONDO|9688,1.23549411,16
424,disease|MONDO|4822,1.19773673,17
424,disease|MONDO|19562,1.19240642,18
424,disease|MONDO|5961,1.17674245,19
424,disease|MONDO|18076,0.90577561,20
424,disease|MONDO|6932,0.43899739,21
424,disease|MONDO|1444,0.26065603,22
425,disease|MONDO|4981,2.74868524,1
425,disease|MONDO|4781,2.69848728,2
425,effect/phenotype|HPO|1681,2.63863420,3
425,disease|MONDO|2280,2.53486961,4
425,disease|MONDO|5249,2.19515735,5
425,disease|MONDO|19338,2.16905993,6
425,disease|MONDO|5002,2.16310111,7
425,disease|MONDO|9688,2.12811086,8
425,disease|MONDO|21040,2.11035821,9
425,disease|MONDO|4979,2.09823436,10
425,disease|MONDO|7186,2.08111030,11
425,disease|MONDO|7915,2.07184428,12
425,disease|MONDO|5383,2.03874004,13
425,disease|MONDO|4496,1.99771664,14
425,disease|MONDO|19562,1.93953466,15
425,disease|MONDO|4822,1.84150524,16
425,disease|MONDO|3781,1.80024802,17
425,disease|MONDO|5279,1.45640236,18
425,disease|MONDO|5961,0.78085983,19
425,disease|MONDO|1444,0.72086385,20
425,disease|MONDO|5737,0.40148441,21
426,disease|MONDO|5812,2.49297777,1
426,disease|MONDO|5002,2.45936212,2
426,disease|MONDO|4496,2.45162940,3
426,disease|MONDO|5109,2.42206764,4
426,disease|MONDO|4981,2.41416919,5
426,disease|MONDO|2280,2.40980351,6
426,disease|MONDO|4979,2.39212164,7
426,disease|MONDO|7915,2.37500000,8
426,disease|MONDO|5279,2.35299307,9
426,disease|MONDO|19338,2.35203758,10
426,disease|MONDO|19562,2.33239433,11
426,disease|MONDO|3781,2.32936272,12
426,disease|MONDO|21040,2.31991011,13
426,disease|MONDO|4781,2.31981814,14
426,disease|MONDO|5249,2.31499964,15
426,disease|MONDO|5961,2.31012638,16
426,effect/phenotype|HPO|1681,2.27082187,17
426,disease|MONDO|4822,2.16192131,18
426,disease|MONDO|9688,1.76138476,19
426,disease|MONDO|6932,1.51258001,20
426,disease|MONDO|5737,1.00479114,21
426,disease|MONDO|5383,0.64857048,22
426,disease|MONDO|18076,0.25052550,23
426,disease|MONDO|1444,0.24802335,24
427,disease|MONDO|5812,2.49299678,1
427,disease|MONDO|5002,2.45936075,2
427,disease|MONDO|4496,2.45162958,3
427,disease|MONDO|5109,2.42206419,4
427,disease|MONDO|4981,2.41417336,5
427,disease|MONDO|2280,2.40979746,6
427,disease|MONDO|4979,2.39212920,7
427,disease|MONDO|7915,2.37499881,8
427,disease|MONDO|5279,2.35299626,9
427,disease|MONDO|19338,2.35203603,10
427,disease|MONDO|19562,2.33238633,11
427,disease|MONDO|3781,2.32934704,12
427,disease|MONDO|21040,2.31990579,13
427,disease|MONDO|4781,2.31981237,14
427,disease|MONDO|5249,2.31500050,15
427,disease|MONDO|5961,2.31012259,16
427,effect/phenotype|HPO|1681,2.27080478,17
427,disease|MONDO|4822,2.16191358,18
427,disease|MONDO|9688,1.76138258,19
427,disease|MONDO|6932,1.51259610,20
427,disease|MONDO|5737,1.00481680,21
427,disease|MONDO|5383,0.64856927,22
427,disease|MONDO|18076,0.25053293,23
427,disease|MONDO|1444,0.24803360,24
428,disease|MONDO|19338,1.40438232,1
428,disease|MONDO|5383,1.38623279,2
428,disease|MONDO|2280,1.34788742,3
428,disease|MONDO|7915,1.33534088,4
428,effect/phenotype|HPO|1681,1.32006390,5
428,disease|MONDO|4981,1.24851745,6
428,disease|MONDO|4781,1.13224786,7
428,disease|MONDO|9688,0.99553975,8
428,disease|MONDO|4979,0.97911451,9
428,disease|MONDO|5737,0.60819162,10
428,disease|MONDO|7186,0.30022739,11
428,disease|MONDO|5109,0.27363544,12
428,disease|MONDO|6932,0.23601153,13
428,disease|MONDO|5249,0.18130114,14
428,disease|MONDO|5002,0.15598097,15
429,disease|MONDO|6932,1.36021054,1
429,effect/phenotype|HPO|1681,1.34076117,2
429,disease|MONDO|5383,1.33945537,3
429,disease|MONDO|5070,1.24928273,4
429,disease|MONDO|2280,1.24602000,5
429,disease|MONDO|4781,1.21354989,6
429,disease|MONDO|7915,1.05121915,7
429,disease|MONDO|100053,0.91871917,8
429,disease|MONDO|9688,0.90676720,9
429,disease|MONDO|4981,0.85388459,10
429,disease|MONDO|4979,0.84622138,11
429,disease|MONDO|5109,0.69050455,12
429,disease|MONDO|19338,0.57797356,13
429,disease|MONDO|7186,0.48827561,14
429,disease|MONDO|5279,0.27802701,15
429,disease|MONDO|5904,0.27783164,16
429,disease|MONDO|5002,0.16944055,17
429,disease|MONDO|5249,0.09275390,18
429,effect/phenotype|HPO|25425,0.05900995,19
430,disease|MONDO|7915,1.23003677,1
430,disease|MONDO|4496,1.22832020,2
430,disease|MONDO|4979,1.22541720,3
430,disease|MONDO|2280,1.19009040,4
430,disease|MONDO|5109,1.13474047,5
430,effect/phenotype|HPO|1681,1.09296902,6
430,disease|MONDO|4781,1.05360161,7
430,disease|MONDO|5279,1.02563761,8
430,disease|MONDO|5002,0.83673014,9
430,disease|MONDO|19338,0.55217004,10
430,disease|MONDO|1444,0.42989625,11
430,disease|MONDO|5383,0.33871233,12
430,disease|MONDO|9688,0.30402154,13
430,disease|MONDO|4981,0.28165044,14
430,disease|MONDO|7186,0.26029353,15
430,disease|MONDO|5249,0.09575014,16
430,disease|MONDO|19562,-0.01026275,17
431,disease|MONDO|7915,1.30191206,1
431,disease|MONDO|5279,1.24185274,2
431,disease|MONDO|4979,1.24179647,3
431,disease|MONDO|4781,1.11338717,4
431,disease|MONDO|3781,0.97552049,5
431,disease|MONDO|5383,0.97013041,6
431,disease|MONDO|2280,0.92590432,7
431,disease|MONDO|19338,0.89401950,8
431,disease|MONDO|4981,0.88537114,9
431,disease|MONDO|5002,0.88290067,10
431,effect/phenotype|HPO|1681,0.86000603,11
431,disease|MONDO|19562,0.47406416,12
431,disease|MONDO|1444,0.45011115,13
431,disease|MONDO|9688,0.24685174,14
431,disease|MONDO|5249,0.24478734,15
431,disease|MONDO|7186,0.15692113,16
432,disease|MONDO|29000,0.76755995,1
432,disease|MONDO|5383,0.67746897,2
432,disease|MONDO|5279,0.66791185,3
432,effect/phenotype|HPO|1681,0.65943071,4
432,disease|MONDO|4781,0.56925618,5
432,disease|MONDO|7186,0.56877206,6
432,disease|MONDO|9688,0.55817121,7
432,disease|MONDO|4981,0.53994013,8
432,disease|MONDO|5753,0.43673100,9
432,disease|MONDO|2280,0.41836640,10
432,disease|MONDO|5002,0.36701690,11
432,disease|MONDO|5961,0.35156980,12
432,disease|MONDO|5737,0.34306290,13
432,disease|MONDO|1444,0.31355400,14
432,disease|MONDO|19338,0.28974880,15
432,disease|MONDO|4979,0.28106144,16
432,disease|MONDO|7915,0.26473172,17
432,disease|MONDO|3781,0.18448873,18
432,disease|MONDO|18076,-0.26472294,19
433,disease|MONDO|5002,1.33243728,1
433,disease|MONDO|7186,1.30712543,2
433,disease|MONDO|3781,1.28000461,3
433,disease|MONDO|4822,1.26508696,4
433,disease|MONDO|2280,1.22776559,5
433,disease|MONDO|7915,1.18527060,6
433,disease|MONDO|4781,1.16526198,7
433,disease|MONDO|9688,1.12750453,8
433,disease|MONDO|5904,1.05295782,9
433,disease|MONDO|5279,1.05279003,10
433,disease|MONDO|4979,1.01723236,11
433,disease|MONDO|5249,0.78785709,12
433,disease|MONDO|5737,0.53156082,13
433,disease|MONDO|19338,0.50279382,14
433,disease|MONDO|5812,0.49386623,15
433,disease|MONDO|1444,0.48784015,16
433,disease|MONDO|18076,0.35129286,17
433,effect/phenotype|HPO|1681,0.35039370,18
433,disease|MONDO|5077,0.29864627,19
433,disease|MONDO|6932,0.21853392,20
434,disease|MONDO|9688,0.91540650,1
434,disease|MONDO|5279,0.84852220,2
434,disease|MONDO|7915,0.82286198,3
434,disease|MONDO|4781,0.77138487,4
434,disease|MONDO|4979,0.73592713,5
434,disease|MONDO|5383,0.73105315,6
434,effect/phenotype|HPO|1681,0.71083786,7
434,disease|MONDO|4496,0.71061811,8
434,disease|MONDO|4981,0.64922065,9
434,disease|MONDO|2280,0.57659713,10
434,disease|MONDO|5109,0.47772300,11
434,disease|MONDO|5737,0.12680142,12
434,disease|MONDO|19338,0.11378118,13
434,disease|MONDO|5249,0.02847379,14
434,disease|MONDO|7186,-0.01321328,15
434,disease|MONDO|1444,-0.03781846,16
434,disease|MONDO|5002,-0.05185449,17
434,disease|MONDO|18076,-0.29098862,18
435,disease|MONDO|2280,0.94555576,1
435,effect/phenotype|HPO|1681,0.89735675,2
435,disease|MONDO|7915,0.46244370,3
435,disease|MONDO|5279,0.44080718,4
435,disease|MONDO|3781,0.37420127,5
435,disease|MONDO|4979,0.36485758,6
435,disease|MONDO|1444,0.36178746,7
435,disease|MONDO|4781,0.28974704,8
435,disease|MONDO|5737,0.26336910,9
435,disease|MONDO|4981,0.25559756,10
435,disease|MONDO|5002,0.24642713,11
435,disease|MONDO|100053,0.15897960,12
435,disease|MONDO|5383,0.14847030,13
435,disease|MONDO|9688,0.13283324,14
435,disease|MONDO|5249,0.11743627,15
435,disease|MONDO|18076,-0.05578278,16
435,disease|MONDO|19338,-0.13027614,17
436,disease|MONDO|19338,1.51497772,1
436,disease|MONDO|5383,1.50728233,2
436,disease|MONDO|7186,1.44067721,3
436,disease|MONDO|2280,1.38331571,4
436,effect/phenotype|HPO|1681,1.37512794,5
436,disease|MONDO|4979,1.31641218,6
436,disease|MONDO|7915,1.30888163,7
436,disease|MONDO|5249,1.27120112,8
436,disease|MONDO|5279,1.26986013,9
436,disease|MONDO|4981,1.23763591,10
436,disease|MONDO|5109,1.23498714,11
436,disease|MONDO|5002,1.22310964,12
436,disease|MONDO|4781,1.17417519,13
436,disease|MONDO|4822,1.14223319,14
436,disease|MONDO|5753,1.04619038,15
436,disease|MONDO|9688,1.03833428,16
436,disease|MONDO|5077,1.01223196,17
436,disease|MONDO|6031,0.99851421,18
436,disease|MONDO|3781,0.99525330,19
436,disease|MONDO|5904,0.92551504,20
436,disease|MONDO|5961,0.89278308,21
436,disease|MONDO|1444,-0.00799121,22
436,disease|MONDO|19562,-0.01463201,23
436,disease|MONDO|5737,-0.05990952,24
436,disease|MONDO|18076,-0.06309802,25
437,disease|MONDO|4981,2.80158982,1
437,disease|MONDO|7915,2.76799095,2
437,disease|MONDO|2280,2.75624487,3
437,disease|MONDO|5249,2.74389079,4
437,disease|MONDO|4979,2.69879326,5
437,disease|MONDO|4496,2.68594137,6
437,disease|MONDO|5812,2.68320885,7
437,disease|MONDO|21040,2.68248954,8
437,disease|MONDO|9688,2.67879656,9
437,disease|MONDO|5002,2.57028674,10
437,disease|MONDO|4781,2.56312886,11
437,disease|MONDO|5383,2.55684437,12
437,disease|MONDO|5279,2.54453185,13
437,effect/phenotype|HPO|1681,2.53265223,14
437,disease|MONDO|7186,2.53079921,15
437,disease|MONDO|19562,2.49028488,16
437,disease|MONDO|4822,2.31018058,17
437,disease|MONDO|4867,1.97602692,18
437,disease|MONDO|1444,1.89480466,19
437,disease|MONDO|18076,1.85353100,20
437,disease|MONDO|5904,1.85254501,21
437,disease|MONDO|3781,1.79137600,22
437,disease|MONDO|5737,1.61892264,23
437,disease|MONDO|100053,1.45158583,24
437,disease|MONDO|5722,1.44773108,25
437,disease|MONDO|5109,1.34024186,26
437,disease|MONDO|43537,1.26578297,27
437,disease|MONDO|19338,1.22169337,28
437,disease|MONDO|6932,1.14182640,29
438,effect/phenotype|HPO|1681,1.37629604,1
438,disease|MONDO|5249,1.36939486,2
438,disease|MONDO|4979,1.15143192,3
438,disease|MONDO|7186,1.11990936,4
438,disease|MONDO|4981,1.09519627,5
438,disease|MONDO|2280,1.08130809,6
438,disease|MONDO|7915,1.02780479,7
438,disease|MONDO|4781,1.00958795,8
438,disease|MONDO|6932,0.36232986,9
438,disease|MONDO|29000,0.34200919,10
438,disease|MONDO|9688,0.34153373,11
438,disease|MONDO|5002,0.31042805,12
438,disease|MONDO|19338,0.10015659,13
438,disease|MONDO|1444,-0.09194557,14
438,disease|MONDO|5737,-0.11670228,15
438,disease|MONDO|18076,-0.11752928,16
439,effect/phenotype|HPO|1681,1.18696055,1
439,disease|MONDO|5002,0.99030390,2
439,disease|MONDO|7915,0.98042206,3
439,disease|MONDO|4979,0.90227400,4
439,disease|MONDO|2280,0.89299592,5
439,disease|MONDO|4981,0.68434405,6
439,disease|MONDO|4781,0.67826407,7
439,disease|MONDO|5249,0.66184218,8
439,disease|MONDO|1444,0.63707949,9
439,disease|MONDO|7186,0.62838319,10
439,disease|MONDO|9688,0.57033009,11
439,disease|MONDO|2465,0.54702660,12
439,disease|MONDO|6932,0.50606436,13
439,disease|MONDO|29000,0.47466304,14
439,disease|MONDO|100053,0.47432404,15
439,disease|MONDO|5961,0.44687162,16
439,disease|MONDO|5383,0.43434325,17
439,disease|MONDO|5109,0.32129821,18
439,disease|MONDO|5737,0.06062040,19
439,disease|MONDO|19338,-0.25008327,20
440,disease|MONDO|7915,1.66953886,1
440,disease|MONDO|5279,1.59930447,2
440,disease|MONDO|4781,1.57619059,3
440,effect/phenotype|HPO|1681,1.57120636,4
440,disease|MONDO|19562,1.54075866,5
440,disease|MONDO|4979,1.44758837,6
440,disease|MONDO|5904,1.27135471,7
440,disease|MONDO|4496,1.19475442,8
440,disease|MONDO|19338,1.18804297,9
440,disease|MONDO|7186,1.18689094,10
440,disease|MONDO|18076,1.15405282,11
440,disease|MONDO|5002,1.13501090,12
440,disease|MONDO|5315,1.09870334,13
440,disease|MONDO|3781,0.98361550,14
440,disease|MONDO|4981,0.78795955,15
440,disease|MONDO|2280,0.71932033,16
440,disease|MONDO|5249,0.55936469,17
440,disease|MONDO|5737,0.13411668,18
440,disease|MONDO|1444,0.02800794,19
441,disease|MONDO|2280,2.81561393,1
441,disease|MONDO|5249,2.77858496,2
441,disease|MONDO|4981,2.74357924,3
441,disease|MONDO|18076,2.68710265,4
441,disease|MONDO|4781,2.68546873,5
441,disease|MONDO|4979,2.67222518,6
441,disease|MONDO|5002,2.66262382,7
441,disease|MONDO|5279,2.65608013,8
441,disease|MONDO|19338,2.62925115,9
441,disease|MONDO|21040,2.60741895,10
441,effect/phenotype|HPO|1681,2.58068216,11
441,disease|MONDO|7915,2.55422594,12
441,disease|MONDO|7186,2.49276924,13
441,disease|MONDO|5109,2.48289049,14
441,disease|MONDO|4822,2.41032027,15
441,disease|MONDO|1444,2.01047850,16
441,disease|MONDO|19562,1.92512214,17
441,disease|MONDO|5737,1.61474405,18
441,disease|MONDO|43537,1.50767335,19
441,disease|MONDO|4496,1.38311698,20
441,disease|MONDO|9688,1.37837803,21
441,disease|MONDO|5383,1.22293431,22
441,disease|MONDO|6932,1.11011527,23
441,disease|MONDO|3781,1.06497253,24
442,disease|MONDO|2280,2.78625485,1
442,disease|MONDO|5249,2.73091599,2
442,disease|MONDO|4981,2.69952965,3
442,disease|MONDO|4781,2.63201189,4
442,disease|MONDO|18076,2.62924543,5
442,disease|MONDO|4979,2.61199048,6
442,disease|MONDO|5002,2.61033571,7
442,disease|MONDO|5279,2.59057078,8
442,disease|MONDO|21040,2.55672047,9
442,effect/phenotype|HPO|1681,2.50790998,10
442,disease|MONDO|7915,2.49204415,11
442,disease|MONDO|5109,2.43301380,12
442,disease|MONDO|4822,2.35436189,13
442,disease|MONDO|19338,1.99657977,14
442,disease|MONDO|1444,1.98599786,15
442,disease|MONDO|19562,1.88356596,16
442,disease|MONDO|7186,1.86677495,17
442,disease|MONDO|5737,1.58262668,18
442,disease|MONDO|43537,1.49728167,19
442,disease|MONDO|4496,1.38431481,20
442,disease|MONDO|9688,1.35279122,21
442,disease|MONDO|5383,1.22447359,22
442,disease|MONDO|6932,1.11454174,23
442,disease|MONDO|3781,1.08642857,24
442,disease|MONDO|29000,0.87318903,25
443,disease|MONDO|7915,1.87091650,1
443,disease|MONDO|4781,1.83211705,2
443,effect/phenotype|HPO|1681,1.81415200,3
443,disease|MONDO|4979,1.78408806,4
443,disease|MONDO|5279,1.78350614,5
443,disease|MONDO|5383,1.76302649,6
443,disease|MONDO|19562,1.71233080,7
443,disease|MONDO|2280,1.70014137,8
443,disease|MONDO|5812,1.45304731,9
443,disease|MONDO|9688,1.39568463,10
443,disease|MONDO|5904,0.96393503,11
443,disease|MONDO|7186,0.51814038,12
443,disease|MONDO|5249,0.51339717,13
443,disease|MONDO|21040,0.50404869,14
443,disease|MONDO|4496,0.47533228,15
443,disease|MONDO|5002,0.43705666,16
443,disease|MONDO|4822,0.36788695,17
443,disease|MONDO|1444,-0.01834246,18
444,disease|MONDO|2280,1.02661403,1
444,disease|MONDO|6932,1.02263629,2
444,effect/phenotype|HPO|1681,1.01345105,3
444,disease|MONDO|4979,0.99858841,4
444,disease|MONDO|100053,0.99442631,5
444,disease|MONDO|5002,0.93481845,6
444,disease|MONDO|7915,0.92039432,7
444,disease|MONDO|4822,0.90983431,8
444,disease|MONDO|7186,0.88966547,9
444,disease|MONDO|4781,0.87417042,10
444,disease|MONDO|3781,0.84499702,11
444,disease|MONDO|9688,0.83003633,12
444,disease|MONDO|5722,0.75463698,13
444,disease|MONDO|5961,0.74396276,14
444,disease|MONDO|5249,0.73759919,15
444,disease|MONDO|19338,0.66446155,16
444,disease|MONDO|4981,0.64576469,17
444,disease|MONDO|4496,0.58348548,18
444,disease|MONDO|4777,0.55001063,19
444,disease|MONDO|5383,0.53043664,20
444,disease|MONDO|5904,0.51508129,21
444,disease|MONDO|18076,0.49011327,22
444,disease|MONDO|1444,-0.09555288,23
444,disease|MONDO|5737,-0.11180404,24
445,disease|MONDO|7915,0.94434855,1
445,disease|MONDO|4979,0.90517098,2
445,disease|MONDO|2280,0.77855821,3
445,disease|MONDO|4781,0.77224424,4
445,disease|MONDO|5279,0.76814701,5
445,disease|MONDO|5249,0.74534371,6
445,disease|MONDO|3781,0.62882891,7
445,effect/phenotype|HPO|1681,0.57461224,8
445,disease|MONDO|9688,0.21646410,9
445,disease|MONDO|100053,0.19978573,10
445,disease|MONDO|4496,0.18103799,11
445,disease|MONDO|5002,0.16566259,12
445,disease|MONDO|5904,0.15630989,13
445,disease|MONDO|29000,-0.02549513,14
445,disease|MONDO|5383,-0.11451063,15
445,disease|MONDO|1444,-0.14404339,16
446,disease|MONDO|4781,2.37071425,1
446,disease|MONDO|5737,2.34202179,2
446,disease|MONDO|2280,2.32584040,3
446,disease|MONDO|4981,2.29891329,4
446,disease|MONDO|19338,2.29084753,5
446,disease|MONDO|7915,2.26026917,6
446,disease|MONDO|5279,2.25331494,7
446,disease|MONDO|4979,2.24619979,8
446,effect/phenotype|HPO|1681,2.19183704,9
446,disease|MONDO|21040,2.18488160,10
446,disease|MONDO|100053,2.12359222,11
446,disease|MONDO|3781,1.95072785,12
446,disease|MONDO|6932,1.89036670,13
446,disease|MONDO|9688,1.62843043,14
446,disease|MONDO|7186,1.54416640,15
446,disease|MONDO|5002,1.46187505,16
446,disease|MONDO|5383,0.51149598,17
446,disease|MONDO|4496,0.48519766,18
446,disease|MONDO|5904,0.43533811,19
446,disease|MONDO|1444,0.16533560,20
447,disease|MONDO|5249,2.48645809,1
447,disease|MONDO|2280,2.47946861,2
447,disease|MONDO|5279,2.46866873,3
447,disease|MONDO|19338,2.44036898,4
447,disease|MONDO|4781,2.42711264,5
447,effect/phenotype|HPO|1681,2.39590517,6
447,disease|MONDO|4979,2.24354014,7
447,disease|MONDO|5737,2.14617619,8
447,disease|MONDO|4981,2.02406326,9
447,disease|MONDO|5383,1.89320320,10
447,disease|MONDO|5315,1.88225377,11
447,disease|MONDO|7915,1.79252344,12
447,disease|MONDO|9688,1.78690368,13
447,disease|MONDO|5109,1.37331465,14
447,disease|MONDO|5002,1.35761616,15
447,disease|MONDO|4496,1.24842477,16
447,disease|MONDO|7186,1.10434412,17
447,disease|MONDO|3781,1.06817938,18
447,disease|MONDO|6932,1.05925898,19
447,disease|MONDO|19562,0.61323777,20
447,disease|MONDO|1444,0.25267136,21
447,disease|MONDO|18076,0.16104531,22
448,disease|MONDO|4781,1.18989562,1
448,effect/phenotype|HPO|1681,1.16360544,2
448,disease|MONDO|5904,1.11007272,3
448,disease|MONDO|4496,1.10360096,4
448,disease|MONDO|2280,1.10311170,5
448,disease|MONDO|7915,0.94340157,6
448,disease|MONDO|3441,0.44984492,7
448,disease|MONDO|5961,0.40878563,8
448,disease|MONDO|5753,0.30128673,9
448,disease|MONDO|9688,0.19946786,10
448,disease|MONDO|19338,0.03321249,11
448,disease|MONDO|5737,-0.02326012,12
449,disease|MONDO|5002,1.18546978,1
449,disease|MONDO|4781,1.09859622,2
449,effect/phenotype|HPO|1681,1.08438724,3
449,disease|MONDO|1444,1.07625061,4
449,disease|MONDO|19338,1.06772286,5
449,disease|MONDO|2280,0.98682918,6
449,disease|MONDO|7186,0.94989323,7
449,disease|MONDO|43537,0.91151084,8
449,disease|MONDO|5904,0.80056886,9
449,disease|MONDO|9688,0.67975191,10
449,disease|MONDO|4979,0.38192131,11
449,disease|MONDO|5249,0.34956993,12
449,disease|MONDO|4822,0.27932284,13
449,disease|MONDO|100053,0.25970593,14
449,disease|MONDO|3781,0.21575260,15
449,disease|MONDO|4981,0.21376533,16
449,disease|MONDO|29000,0.17482340,17
449,disease|MONDO|7915,0.10588035,18
449,disease|MONDO|18076,0.08998743,19
449,disease|MONDO|5737,-0.03981990,20
450,disease|MONDO|2280,2.31594324,1
450,disease|MONDO|5279,2.30919856,2
450,disease|MONDO|5383,2.30302575,3
450,disease|MONDO|9688,2.28357992,4
450,disease|MONDO|5002,2.23045032,5
450,disease|MONDO|4981,2.22790733,6
450,disease|MONDO|19338,2.22433268,7
450,disease|MONDO|5737,2.21716881,8
450,effect/phenotype|HPO|1681,2.21687126,9
450,disease|MONDO|4979,2.17902546,10
450,disease|MONDO|7186,2.14660670,11
450,disease|MONDO|21040,2.14184925,12
450,disease|MONDO|4781,2.13718179,13
450,disease|MONDO|7915,2.13000236,14
450,disease|MONDO|100053,2.05920092,15
450,disease|MONDO|6932,1.82853501,16
450,disease|MONDO|3781,0.91445929,17
450,disease|MONDO|1444,0.17452563,18
451,disease|MONDO|5812,2.49322245,1
451,disease|MONDO|5002,2.45958266,2
451,disease|MONDO|4496,2.45191211,3
451,disease|MONDO|5109,2.42228314,4
451,disease|MONDO|4981,2.41445741,5
451,disease|MONDO|2280,2.41005418,6
451,disease|MONDO|4979,2.39233974,7
451,disease|MONDO|7915,2.37519929,8
451,disease|MONDO|5279,2.35318622,9
451,disease|MONDO|19338,2.35236943,10
451,disease|MONDO|19562,2.33260140,11
451,disease|MONDO|3781,2.32949090,12
451,disease|MONDO|21040,2.32015094,13
451,disease|MONDO|4781,2.32007191,14
451,disease|MONDO|5249,2.31515151,15
451,disease|MONDO|5961,2.31031796,16
451,effect/phenotype|HPO|1681,2.27098544,17
451,disease|MONDO|4822,2.16212961,18
451,disease|MONDO|9688,1.76160821,19
451,disease|MONDO|6932,1.51266887,20
451,disease|MONDO|5737,1.00489326,21
451,disease|MONDO|5383,0.64866526,22
451,disease|MONDO|18076,0.25056008,23
451,disease|MONDO|1444,0.24802870,24
452,effect/phenotype|HPO|1681,1.72866839,1
452,disease|MONDO|4981,1.68574085,2
452,disease|MONDO|9688,1.63593422,3
452,disease|MONDO|4979,1.56997553,4
452,disease|MONDO|2280,1.54274103,5
452,disease|MONDO|5279,1.53797980,6
452,disease|MONDO|6932,1.51874140,7
452,disease|MONDO|4781,1.49564186,8
452,disease|MONDO|19562,1.30238755,9
452,disease|MONDO|7915,1.30030498,10
452,disease|MONDO|100053,1.28655224,11
452,disease|MONDO|4822,0.32246776,12
452,disease|MONDO|7186,0.21493564,13
452,disease|MONDO|19338,0.17134093,14
452,disease|MONDO|5002,0.14532641,15
452,disease|MONDO|1444,0.04493570,16
453,disease|MONDO|5737,1.44218911,1
453,disease|MONDO|4979,1.38584961,2
453,disease|MONDO|7915,1.35951738,3
453,disease|MONDO|2280,1.27137972,4
453,disease|MONDO|19338,1.26785387,5
453,effect/phenotype|HPO|1681,1.25126670,6
453,disease|MONDO|4981,1.22763696,7
453,disease|MONDO|4781,1.20791814,8
453,disease|MONDO|4496,1.19386874,9
453,disease|MONDO|7186,1.16506828,10
453,disease|MONDO|9688,0.99387563,11
453,disease|MONDO|5002,0.79960497,12
453,disease|MONDO|21040,0.57562777,13
453,disease|MONDO|100053,0.41945466,14
453,disease|MONDO|5109,0.31339180,15
453,disease|MONDO|18076,0.30508485,16
453,disease|MONDO|5249,0.18070602,17
453,disease|MONDO|6932,0.17042449,18
454,disease|MONDO|5812,2.49316254,1
454,disease|MONDO|5002,2.45955837,2
454,disease|MONDO|4496,2.45188716,3
454,disease|MONDO|5109,2.42223164,4
454,disease|MONDO|4981,2.41443536,5
454,disease|MONDO|2280,2.41000450,6
454,disease|MONDO|4979,2.39235973,7
454,disease|MONDO|7915,2.37522253,8
454,disease|MONDO|5279,2.35322616,9
454,disease|MONDO|19338,2.35223657,10
454,disease|MONDO|19562,2.33256629,11
454,disease|MONDO|3781,2.32956523,12
454,disease|MONDO|21040,2.32017733,13
454,disease|MONDO|4781,2.32004580,14
454,disease|MONDO|5249,2.31519106,15
454,disease|MONDO|5961,2.31031635,16
454,effect/phenotype|HPO|1681,2.27102016,17
454,disease|MONDO|4822,2.16210088,18
454,disease|MONDO|9688,1.76156050,19
454,disease|MONDO|6932,1.51269608,20
454,disease|MONDO|5737,1.00491241,21
454,disease|MONDO|18076,0.25056106,22
454,disease|MONDO|1444,0.24808118,23
455,disease|MONDO|9688,0.90931263,1
455,disease|MONDO|5279,0.85037848,2
455,disease|MONDO|7915,0.80673792,3
455,disease|MONDO|4781,0.78016482,4
455,disease|MONDO|4979,0.73330076,5
455,disease|MONDO|4496,0.71965587,6
455,effect/phenotype|HPO|1681,0.70407399,7
455,disease|MONDO|4981,0.62950131,8
455,disease|MONDO|5109,0.47183554,9
455,disease|MONDO|5383,0.27283810,10
455,disease|MONDO|2280,0.22393236,11
455,disease|MONDO|5737,0.12179885,12
455,disease|MONDO|19338,0.11343104,13
455,disease|MONDO|5249,0.02000280,14
455,disease|MONDO|7186,-0.01614143,15
455,disease|MONDO|1444,-0.05336156,16
455,disease|MONDO|18076,-0.28862503,17
456,disease|MONDO|4981,1.92228276,1
456,disease|MONDO|2280,1.81613116,2
456,disease|MONDO|4781,1.80320156,3
456,effect/phenotype|HPO|1681,1.76343435,4
456,disease|MONDO|7915,1.68965093,5
456,disease|MONDO|5002,1.63862652,6
456,disease|MONDO|5070,1.49773249,7
456,disease|MONDO|5383,1.24935305,8
456,disease|MONDO|5279,1.01311356,9
456,disease|MONDO|9688,0.94947879,10
456,disease|MONDO|4979,0.85555891,11
456,disease|MONDO|7186,0.54388049,12
456,disease|MONDO|4822,0.52519955,13
456,disease|MONDO|5961,0.46871662,14
456,disease|MONDO|6932,0.30066019,15
456,disease|MONDO|3781,0.24661445,16
456,disease|MONDO|19338,0.23972404,17
456,disease|MONDO|1444,0.23389265,18
457,disease|MONDO|7915,0.62809466,1
457,effect/phenotype|HPO|1681,0.62323771,2
457,disease|MONDO|4981,0.53618862,3
457,disease|MONDO|3781,0.21034617,4
457,disease|MONDO|43537,0.20123431,5
457,disease|MONDO|4979,0.14342387,6
457,disease|MONDO|18076,0.07704559,7
457,disease|MONDO|4822,0.05993725,8
457,disease|MONDO|9688,0.00191814,9
457,disease|MONDO|2280,-0.11239526,10
457,disease|MONDO|19338,-0.12305376,11
457,disease|MONDO|1444,-0.33857983,12
458,disease|MONDO|4781,2.33926177,1
458,disease|MONDO|5737,2.32168952,2
458,disease|MONDO|2280,2.30102395,3
458,disease|MONDO|19338,2.26426779,4
458,disease|MONDO|4981,2.25984776,5
458,disease|MONDO|7915,2.23875988,6
458,disease|MONDO|4979,2.21147665,7
458,effect/phenotype|HPO|1681,2.17487955,8
458,disease|MONDO|100053,2.09993431,9
458,disease|MONDO|3781,1.93213033,10
458,disease|MONDO|6932,1.87238514,11
458,disease|MONDO|9688,1.59823804,12
458,disease|MONDO|7186,1.51192990,13
458,disease|MONDO|5002,1.42360937,14
458,disease|MONDO|5279,1.10093825,15
458,disease|MONDO|5383,0.49006580,16
458,disease|MONDO|4496,0.47109129,17
458,disease|MONDO|5904,0.41776098,18
458,disease|MONDO|1444,0.15917297,19
459,disease|MONDO|9688,1.73111483,1
459,effect/phenotype|HPO|1681,1.73045319,2
459,disease|MONDO|3781,1.69242512,3
459,disease|MONDO|2280,1.66366180,4
459,disease|MONDO|4979,1.63050005,5
459,disease|MONDO|4822,1.57161403,6
459,disease|MONDO|4781,1.56216736,7
459,disease|MONDO|5002,1.54641406,8
459,disease|MONDO|4496,1.50783700,9
459,disease|MONDO|6932,1.49192977,10
459,disease|MONDO|4981,1.45929788,11
459,disease|MONDO|19562,1.44439796,12
459,disease|MONDO|5279,1.34503689,13
459,disease|MONDO|100053,1.33104095,14
459,disease|MONDO|7915,1.05859959,15
459,disease|MONDO|5315,0.38350651,16
459,disease|MONDO|5249,0.34252700,17
459,disease|MONDO|7186,0.30142002,18
459,disease|MONDO|19338,0.14458698,19
459,disease|MONDO|5109,0.13348223,20
459,disease|MONDO|1444,-0.12429404,21
460,disease|MONDO|4979,1.08709914,1
460,disease|MONDO|2280,1.07745566,2
460,disease|MONDO|4781,1.04890038,3
460,disease|MONDO|5109,0.99246394,4
460,effect/phenotype|HPO|1681,0.90712692,5
460,disease|MONDO|5002,0.88488630,6
460,disease|MONDO|9688,0.85152458,7
460,disease|MONDO|19562,0.75348834,8
460,disease|MONDO|5383,0.72946053,9
460,disease|MONDO|7915,0.64889567,10
460,disease|MONDO|5737,0.47866654,11
460,disease|MONDO|5077,0.45967202,12
460,disease|MONDO|4867,0.41667803,13
460,disease|MONDO|19338,0.29364424,14
460,disease|MONDO|5249,0.25095360,15
460,disease|MONDO|3781,0.19574879,16
460,disease|MONDO|4981,0.14186689,17
460,disease|MONDO|100053,0.13170496,18
460,disease|MONDO|1444,0.04930322,19
460,disease|MONDO|18076,-0.04393938,20
461,effect/phenotype|HPO|1681,1.73743750,1
461,disease|MONDO|9688,1.72936467,2
461,disease|MONDO|19338,1.71224250,3
461,disease|MONDO|3781,1.70528571,4
461,disease|MONDO|2280,1.65931974,5
461,disease|MONDO|4979,1.63446540,6
461,disease|MONDO|4822,1.58195274,7
461,disease|MONDO|4781,1.56395472,8
461,effect/phenotype|HPO|4763,1.53423502,9
461,disease|MONDO|5002,1.53173000,10
461,disease|MONDO|6932,1.50914016,11
461,disease|MONDO|4496,1.49589618,12
461,disease|MONDO|4981,1.44478491,13
461,disease|MONDO|19562,1.42672332,14
461,disease|MONDO|5279,1.32930529,15
461,disease|MONDO|100053,1.32627976,16
461,disease|MONDO|5249,1.30028974,17
461,disease|MONDO|21040,1.25286119,18
461,disease|MONDO|7186,1.17831541,19
461,disease|MONDO|5109,1.09317898,20
461,disease|MONDO|7915,1.05662298,21
461,disease|MONDO|5315,0.38774003,22
461,disease|MONDO|5961,0.23201474,23
461,disease|MONDO|1444,-0.09571650,24
462,disease|MONDO|5383,1.61312149,1
462,disease|MONDO|7915,1.61096960,2
462,effect/phenotype|HPO|1681,1.60935926,3
462,disease|MONDO|9688,1.57457105,4
462,disease|MONDO|100053,1.50610122,5
462,disease|MONDO|4781,1.49169020,6
462,disease|MONDO|2280,1.46521832,7
462,disease|MONDO|4981,1.44029568,8
462,disease|MONDO|4979,1.43363585,9
462,disease|MONDO|7186,1.36270785,10
462,disease|MONDO|6932,1.32605001,11
462,disease|MONDO|5904,1.19091517,12
462,disease|MONDO|5279,1.18687674,13
462,disease|MONDO|5002,1.08512154,14
462,disease|MONDO|19338,0.54134645,15
462,disease|MONDO|5109,0.30730391,16
462,disease|MONDO|5315,0.20079353,17
462,disease|MONDO|1444,0.10282261,18
463,disease|MONDO|4781,2.35199751,1
463,disease|MONDO|5737,2.33142743,2
463,disease|MONDO|2280,2.31860930,3
463,disease|MONDO|4981,2.29926597,4
463,disease|MONDO|19338,2.28374121,5
463,disease|MONDO|7915,2.26797278,6
463,disease|MONDO|4979,2.25108898,7
463,effect/phenotype|HPO|1681,2.18483508,8
463,disease|MONDO|100053,2.12606481,9
463,disease|MONDO|5002,2.04189888,10
463,disease|MONDO|3781,1.94773520,11
463,disease|MONDO|6932,1.89278907,12
463,disease|MONDO|9688,1.61646874,13
463,disease|MONDO|7186,1.55062087,14
463,disease|MONDO|5279,1.12975582,15
463,disease|MONDO|5383,0.50326931,16
463,disease|MONDO|4496,0.49431954,17
463,disease|MONDO|5904,0.43415983,18
463,disease|MONDO|1444,0.16318139,19
464,disease|MONDO|21040,1.38231818,1
464,disease|MONDO|5249,1.16839242,2
464,disease|MONDO|5109,1.15982977,3
464,effect/phenotype|HPO|1681,1.14839512,4
464,disease|MONDO|2280,1.01677142,5
464,disease|MONDO|19338,1.01112898,6
464,disease|MONDO|4781,0.68015347,7
464,disease|MONDO|4979,0.56255986,8
464,disease|MONDO|1444,0.49941736,9
464,disease|MONDO|7915,0.44227616,10
464,disease|MONDO|5279,0.37943831,11
464,disease|MONDO|9688,0.34313168,12
464,disease|MONDO|5737,0.34207498,13
464,disease|MONDO|100053,0.21931353,14
464,disease|MONDO|4981,0.12567907,15
464,disease|MONDO|29000,0.09549842,16
464,disease|MONDO|5002,-0.00843954,17
464,disease|MONDO|5812,-0.02381425,18
465,disease|MONDO|4979,0.28016433,1
465,disease|MONDO|2280,0.14596643,2
465,disease|MONDO|5002,0.07376016,3
465,disease|MONDO|5249,-0.01074837,4
465,disease|MONDO|9688,-0.01823845,5
465,disease|MONDO|100053,-0.01851832,6
465,disease|MONDO|29000,-0.03770393,7
465,disease|MONDO|5737,-0.04942080,8
465,effect/phenotype|HPO|1681,-0.09814993,9
465,disease|MONDO|4781,-0.12770696,10
465,disease|MONDO|1444,-0.14948162,11
465,disease|MONDO|19338,-0.33751643,12
466,disease|MONDO|5812,2.49287701,1
466,disease|MONDO|5002,2.45924965,2
466,disease|MONDO|4496,2.45145962,3
466,disease|MONDO|5109,2.42198074,4
466,disease|MONDO|4981,2.41400108,5
466,disease|MONDO|2280,2.40968320,6
466,disease|MONDO|4979,2.39200790,7
466,disease|MONDO|7915,2.37487465,8
466,disease|MONDO|5279,2.35289016,9
466,disease|MONDO|19338,2.35193127,10
466,disease|MONDO|19562,2.33228084,11
466,disease|MONDO|3781,2.32920501,12
466,disease|MONDO|21040,2.31973402,13
466,disease|MONDO|4781,2.31966168,14
466,disease|MONDO|5249,2.31488279,15
466,disease|MONDO|5961,2.31001133,16
466,effect/phenotype|HPO|1681,2.27066024,17
466,disease|MONDO|4822,2.16179754,18
466,disease|MONDO|9688,1.76128167,19
466,disease|MONDO|6932,1.51256356,20
466,disease|MONDO|5737,1.00476485,21
466,disease|MONDO|5383,0.64857946,22
466,disease|MONDO|18076,0.25051475,23
466,disease|MONDO|1444,0.24801792,24
467,effect/phenotype|HPO|1681,0.90645214,1
467,disease|MONDO|4781,0.79901332,2
467,disease|MONDO|7915,0.61122325,3
467,disease|MONDO|4979,0.19979517,4
467,disease|MONDO|5109,0.16430265,5
467,disease|MONDO|6932,0.13816369,6
467,disease|MONDO|9688,0.09385591,7
467,disease|MONDO|4981,0.06610098,8
467,disease|MONDO|1444,0.03368792,9
467,disease|MONDO|2280,0.00638825,10
467,disease|MONDO|5737,0.00579254,11
467,disease|MONDO|5002,-0.00239035,12
467,disease|MONDO|5812,-0.00907099,13
467,disease|MONDO|100053,-0.02806929,14
467,disease|MONDO|19338,-0.05947110,15
467,disease|MONDO|18076,-0.29377627,16
468,disease|MONDO|7915,1.52363670,1
468,effect/phenotype|HPO|1681,1.43989608,2
468,disease|MONDO|2280,1.43501300,3
468,disease|MONDO|4781,1.39549620,4
468,disease|MONDO|4981,1.39336605,5
468,disease|MONDO|100053,1.38928439,6
468,disease|MONDO|7186,1.37680670,7
468,disease|MONDO|6932,1.34026700,8
468,disease|MONDO|4979,1.30760465,9
468,disease|MONDO|5002,1.30466185,10
468,disease|MONDO|5383,1.07870319,11
468,disease|MONDO|9688,1.07623801,12
468,disease|MONDO|43537,1.04733168,13
468,disease|MONDO|19338,1.02091675,14
468,disease|MONDO|3781,0.82812189,15
468,disease|MONDO|5249,0.51653951,16
468,disease|MONDO|5279,0.30503972,17
468,disease|MONDO|5904,0.28286681,18
468,disease|MONDO|5109,0.27285203,19
468,effect/phenotype|HPO|25425,0.08238647,20
469,disease|MONDO|5249,2.50005832,1
469,disease|MONDO|4781,2.40327045,2
469,disease|MONDO|4979,2.39951137,3
469,disease|MONDO|9688,2.39458659,4
469,effect/phenotype|HPO|1681,2.37880126,5
469,disease|MONDO|5961,2.33492254,6
469,disease|MONDO|5002,2.31167339,7
469,disease|MONDO|4981,2.30829430,8
469,disease|MONDO|4822,2.28216602,9
469,disease|MONDO|100053,2.25188964,10
469,disease|MONDO|3781,2.17047247,11
469,disease|MONDO|7186,2.14651367,12
469,disease|MONDO|6932,2.00569430,13
469,disease|MONDO|2280,1.79766664,14
469,disease|MONDO|5279,1.74199168,15
469,disease|MONDO|19338,1.45040265,16
469,disease|MONDO|4496,1.29866029,17
469,disease|MONDO|5737,1.24163345,18
469,disease|MONDO|5315,1.22750778,19
469,disease|MONDO|1444,0.28510717,20
470,disease|MONDO|5249,2.90242070,1
470,disease|MONDO|5002,2.86742193,2
470,disease|MONDO|19338,2.85163355,3
470,disease|MONDO|4781,2.84957862,4
470,disease|MONDO|9688,2.84915465,5
470,disease|MONDO|21040,2.81856072,6
470,disease|MONDO|4979,2.80412152,7
470,disease|MONDO|5279,2.80093762,8
470,effect/phenotype|HPO|1681,2.77992153,9
470,disease|MONDO|7186,2.77592719,10
470,disease|MONDO|7915,2.76673764,11
470,disease|MONDO|5383,2.74260175,12
470,disease|MONDO|4496,2.69489387,13
470,disease|MONDO|19562,2.62063828,14
470,disease|MONDO|43537,2.61416066,15
470,disease|MONDO|2280,2.57172370,16
470,disease|MONDO|4822,2.56331746,17
470,disease|MONDO|3781,2.48595816,18
470,disease|MONDO|6932,2.34440804,19
470,disease|MONDO|4981,2.19846213,20
470,disease|MONDO|5904,0.80502057,21
470,disease|MONDO|18076,0.80097008,22
470,disease|MONDO|5737,-0.05972885,23
471,effect/phenotype|HPO|1681,1.71252839,1
471,disease|MONDO|4981,1.66585381,2
471,disease|MONDO|9688,1.61213937,3
471,disease|MONDO|4979,1.55362186,4
471,disease|MONDO|2280,1.52172226,5
471,disease|MONDO|5279,1.51767251,6
471,disease|MONDO|6932,1.49679382,7
471,disease|MONDO|4781,1.48215215,8
471,disease|MONDO|7915,1.28739613,9
471,disease|MONDO|19562,1.28373962,10
471,disease|MONDO|100053,0.70797810,11
471,disease|MONDO|4822,0.31628300,12
471,disease|MONDO|7186,0.21182653,13
471,disease|MONDO|19338,0.17014883,14
471,disease|MONDO|5002,0.14090656,15
471,disease|MONDO|1444,0.03498661,16
472,disease|MONDO|4781,1.04878917,1
472,disease|MONDO|5383,1.01795539,2
472,effect/phenotype|HPO|1681,1.01166993,3
472,disease|MONDO|100053,0.92070176,4
472,disease|MONDO|5279,0.87355733,5
472,disease|MONDO|4981,0.82853137,6
472,disease|MONDO|7915,0.71786803,7
472,disease|MONDO|9688,0.71340109,8
472,disease|MONDO|5737,0.44593644,9
472,disease|MONDO|2280,0.42013004,10
472,disease|MONDO|5002,0.29068828,11
472,disease|MONDO|4979,0.26475200,12
472,disease|MONDO|6932,0.25953234,13
472,disease|MONDO|5077,0.24301261,14
472,disease|MONDO|43537,0.20137111,15
472,disease|MONDO|29000,0.16424699,16
472,disease|MONDO|1444,0.08809492,17
472,disease|MONDO|7186,0.08114707,18
472,disease|MONDO|18076,-0.01581522,19
472,disease|MONDO|19338,-0.02160945,20
473,disease|MONDO|7915,0.96704410,1
473,disease|MONDO|4979,0.93487993,2
473,disease|MONDO|2280,0.81091033,3
473,disease|MONDO|4781,0.79873355,4
473,disease|MONDO|5279,0.79416055,5
473,disease|MONDO|5249,0.75538974,6
473,disease|MONDO|3781,0.63632600,7
473,effect/phenotype|HPO|1681,0.58955207,8
473,disease|MONDO|5002,0.43262517,9
473,disease|MONDO|9688,0.22928023,10
473,disease|MONDO|4496,0.19929407,11
473,disease|MONDO|100053,0.19728898,12
473,disease|MONDO|5904,0.15821200,13
473,disease|MONDO|5383,0.10398605,14
473,disease|MONDO|29000,-0.02628444,15
473,disease|MONDO|1444,-0.14797975,16
474,disease|MONDO|4781,2.58977380,1
474,disease|MONDO|4981,2.23894796,2
474,disease|MONDO|5737,2.20824867,3
474,disease|MONDO|4979,2.16903567,4
474,disease|MONDO|19338,2.14318066,5
474,disease|MONDO|100053,2.05545425,6
474,effect/phenotype|HPO|1681,2.05177757,7
474,disease|MONDO|3781,1.91341019,8
474,disease|MONDO|9688,1.59478949,9
474,disease|MONDO|7186,1.52530424,10
474,disease|MONDO|5002,1.51521187,11
474,disease|MONDO|2280,1.16880837,12
474,disease|MONDO|7915,0.57259332,13
474,disease|MONDO|1444,0.17077270,14
475,disease|MONDO|4981,1.92210776,1
475,disease|MONDO|2280,1.81592304,2
475,disease|MONDO|5279,1.81209174,3
475,disease|MONDO|4781,1.80296683,4
475,effect/phenotype|HPO|1681,1.76316532,5
475,disease|MONDO|7915,1.68949471,6
475,disease|MONDO|4979,1.65453946,7
475,disease|MONDO|5002,1.63850880,8
475,disease|MONDO|5070,1.49763227,9
475,disease|MONDO|5383,1.24927666,10
475,disease|MONDO|19338,1.00037967,11
475,disease|MONDO|9688,0.94927409,12
475,disease|MONDO|5737,0.83163124,13
475,disease|MONDO|19562,0.54723787,14
475,disease|MONDO|7186,0.54379882,15
475,disease|MONDO|4822,0.52510676,16
475,disease|MONDO|5961,0.46864095,17
475,disease|MONDO|6932,0.30070390,18
475,disease|MONDO|3781,0.24664972,19
475,disease|MONDO|1444,0.23384120,20
475,disease|MONDO|43537,0.19209409,21
476,disease|MONDO|19338,1.44870257,1
476,effect/phenotype|HPO|1681,1.33595905,2
476,disease|MONDO|2280,1.08183961,3
476,disease|MONDO|7915,1.06681000,4
476,disease|MONDO|4781,0.86872829,5
476,disease|MONDO|9688,0.45068054,6
476,disease|MONDO|4981,0.37121511,7
476,disease|MONDO|4979,0.35443120,8
476,disease|MONDO|7186,0.32306306,9
476,disease|MONDO|6932,0.23973640,10
476,disease|MONDO|5002,0.19350340,11
476,disease|MONDO|5737,0.06149973,12
476,disease|MONDO|1444,0.03666489,13
476,disease|MONDO|18076,0.03560966,14
476,disease|MONDO|19562,0.00394706,15
477,disease|MONDO|4781,2.03980014,1
477,effect/phenotype|HPO|1681,2.03141415,2
477,disease|MONDO|5249,2.02013856,3
477,disease|MONDO|19338,1.90859818,4
477,disease|MONDO|5961,1.88882172,5
477,disease|MONDO|3781,1.73755315,6
477,disease|MONDO|2280,1.55744345,7
477,disease|MONDO|9688,1.54618317,8
477,disease|MONDO|4979,1.50361469,9
477,disease|MONDO|5002,1.41167139,10
477,disease|MONDO|4981,1.12125726,11
477,disease|MONDO|5737,1.11994486,12
477,disease|MONDO|4496,1.11177550,13
477,disease|MONDO|6932,1.07929721,14
477,disease|MONDO|5383,1.05690229,15
477,disease|MONDO|5109,1.00333737,16
477,disease|MONDO|7915,0.92687822,17
477,disease|MONDO|7186,0.35078518,18
477,disease|MONDO|1444,0.28977445,19
478,disease|MONDO|4979,1.45882861,1
478,disease|MONDO|5002,1.41445663,2
478,disease|MONDO|5109,1.39861773,3
478,disease|MONDO|4781,1.39576622,4
478,disease|MONDO|9688,1.39041589,5
478,disease|MONDO|5315,1.33527608,6
478,disease|MONDO|2280,1.33310214,7
478,effect/phenotype|HPO|1681,1.27712334,8
478,disease|MONDO|7915,1.18021032,9
478,disease|MONDO|100053,1.15764374,10
478,disease|MONDO|7186,1.14680204,11
478,disease|MONDO|3781,1.08269108,12
478,disease|MONDO|5383,1.00974654,13
478,disease|MONDO|6932,1.00753995,14
478,disease|MONDO|4981,0.90101638,15
478,disease|MONDO|19338,0.89822664,16
478,disease|MONDO|19562,0.88685182,17
478,disease|MONDO|5249,0.20324969,18
478,disease|MONDO|5812,0.14526372,19
478,disease|MONDO|5737,0.08507164,20
478,disease|MONDO|1444,-0.04953285,21
478,disease|MONDO|18076,-0.14331652,22
479,disease|MONDO|6031,2.01076566,1
479,disease|MONDO|5077,1.95911172,2
479,disease|MONDO|5249,1.89123559,3
479,disease|MONDO|5961,1.86375269,4
479,disease|MONDO|4981,1.84656629,5
479,disease|MONDO|9688,1.83018985,6
479,disease|MONDO|5002,1.82848752,7
479,disease|MONDO|5109,1.81004333,8
479,disease|MONDO|3781,1.80824841,9
479,disease|MONDO|4822,1.76930544,10
479,disease|MONDO|5904,1.67605220,11
479,disease|MONDO|2280,1.31875868,12
479,disease|MONDO|7915,1.25976039,13
479,effect/phenotype|HPO|1681,1.24433855,14
479,disease|MONDO|5279,1.08751726,15
479,disease|MONDO|4781,1.08067793,16
479,disease|MONDO|4979,0.91389406,17
479,disease|MONDO|100053,0.76206329,18
479,disease|MONDO|19562,0.72511782,19
479,disease|MONDO|19338,0.55712643,20
479,disease|MONDO|7186,0.54497497,21
479,disease|MONDO|5315,0.50988314,22
479,disease|MONDO|21040,0.46898881,23
479,disease|MONDO|4496,0.45585728,24
479,disease|MONDO|5383,0.45387883,25
479,disease|MONDO|6932,0.40820429,26
480,disease|MONDO|5249,2.91480416,1
480,disease|MONDO|5002,2.88013354,2
480,disease|MONDO|19338,2.87399501,3
480,disease|MONDO|4781,2.86193317,4
480,disease|MONDO|9688,2.85249096,5
480,disease|MONDO|5279,2.83015847,6
480,disease|MONDO|21040,2.82533282,7
480,disease|MONDO|4979,2.81923729,8
480,effect/phenotype|HPO|1681,2.80269885,9
480,disease|MONDO|7186,2.80111054,10
480,disease|MONDO|7915,2.79289579,11
480,disease|MONDO|5383,2.76065014,12
480,disease|MONDO|4496,2.70732424,13
480,disease|MONDO|19562,2.64108191,14
480,disease|MONDO|43537,2.61483517,15
480,disease|MONDO|2280,2.58656448,16
480,disease|MONDO|4822,2.57031551,17
480,disease|MONDO|3781,2.49346136,18
480,disease|MONDO|6932,2.36044946,19
480,disease|MONDO|4981,2.20328480,20
480,disease|MONDO|5904,0.81640428,21
480,disease|MONDO|18076,0.80467397,22
480,disease|MONDO|1444,0.26786324,23
480,disease|MONDO|5737,-0.05575490,24
481,disease|MONDO|4979,1.08709950,1
481,disease|MONDO|2280,1.07745615,2
481,disease|MONDO|4781,1.04890067,3
481,disease|MONDO|5109,0.99246433,4
481,effect/phenotype|HPO|1681,0.90712712,5
481,disease|MONDO|5002,0.88488663,6
481,disease|MONDO|9688,0.85152491,7
481,disease|MONDO|19562,0.75348852,8
481,disease|MONDO|5383,0.72946087,9
481,disease|MONDO|7915,0.64889584,10
481,disease|MONDO|5737,0.47866675,11
481,disease|MONDO|5077,0.45967195,12
481,disease|MONDO|4867,0.41667809,13
481,disease|MONDO|19338,0.29364441,14
481,disease|MONDO|5249,0.25095372,15
481,disease|MONDO|3781,0.19574885,16
481,disease|MONDO|4981,0.14186692,17
481,disease|MONDO|100053,0.13170492,18
481,disease|MONDO|1444,0.04930320,19
481,disease|MONDO|18076,-0.04393942,20
482,disease|MONDO|2280,3.11557716,1
482,disease|MONDO|4981,2.76540369,2
482,disease|MONDO|5279,2.72551021,3
482,disease|MONDO|4781,2.70427734,4
482,disease|MONDO|7915,2.65782988,5
482,effect/phenotype|HPO|1681,2.65549308,6
482,disease|MONDO|4979,2.65056422,7
482,disease|MONDO|5249,2.21826160,8
482,disease|MONDO|5002,2.17913449,9
482,disease|MONDO|19338,2.17114878,10
482,disease|MONDO|9688,2.16462308,11
482,disease|MONDO|21040,2.13290930,12
482,disease|MONDO|7186,2.08770925,13
482,disease|MONDO|5383,2.05423446,14
482,disease|MONDO|4496,2.00962760,15
482,disease|MONDO|19562,1.94397879,16
482,disease|MONDO|43537,1.92744611,17
482,disease|MONDO|4822,1.87455611,18
482,disease|MONDO|3781,1.80737801,19
482,disease|MONDO|6932,1.65971406,20
482,disease|MONDO|5904,0.80617946,21
482,disease|MONDO|18076,0.79559898,22
482,disease|MONDO|5737,-0.06410353,23
483,disease|MONDO|21040,1.33455762,1
483,disease|MONDO|5109,1.11965572,2
483,disease|MONDO|5249,1.11182422,3
483,effect/phenotype|HPO|1681,1.11120915,4
483,disease|MONDO|2280,0.96732248,5
483,disease|MONDO|19338,0.93649545,6
483,disease|MONDO|9688,0.84378812,7
483,disease|MONDO|4781,0.64403607,8
483,disease|MONDO|4979,0.53047775,9
483,disease|MONDO|1444,0.46030880,10
483,disease|MONDO|7915,0.40384699,11
483,disease|MONDO|5279,0.35370494,12
483,disease|MONDO|5737,0.32157472,13
483,disease|MONDO|100053,0.20416716,14
483,disease|MONDO|4981,0.10329369,15
483,disease|MONDO|29000,0.06855765,16
483,disease|MONDO|5002,-0.02104425,17
483,disease|MONDO|5812,-0.05246851,18
484,effect/phenotype|HPO|1681,1.75434282,1
484,disease|MONDO|2280,1.66350198,2
484,disease|MONDO|7186,1.43148185,3
484,disease|MONDO|3781,1.42174459,4
484,disease|MONDO|5383,1.38551159,5
484,disease|MONDO|4781,1.34400705,6
484,disease|MONDO|4979,1.32420719,7
484,disease|MONDO|5315,1.32218513,8
484,disease|MONDO|4981,1.30960661,9
484,disease|MONDO|5109,1.25476360,10
484,disease|MONDO|9688,1.15807953,11
484,disease|MONDO|5002,0.45053504,12
484,disease|MONDO|4867,0.43808614,13
484,disease|MONDO|19562,0.30432275,14
484,disease|MONDO|5812,0.25220242,15
484,disease|MONDO|100053,0.24406363,16
484,disease|MONDO|7915,0.21633701,17
484,disease|MONDO|1444,0.01461682,18
485,disease|MONDO|1444,1.18593565,1
485,disease|MONDO|4781,1.11692811,2
485,disease|MONDO|4979,1.07574503,3
485,effect/phenotype|HPO|1681,1.05030007,4
485,disease|MONDO|5002,0.99896552,5
485,disease|MONDO|4981,0.95039649,6
485,disease|MONDO|100053,0.77743088,7
485,disease|MONDO|7915,0.67676003,8
485,disease|MONDO|3781,0.46088314,9
485,disease|MONDO|5722,0.44853489,10
485,disease|MONDO|19338,0.42253646,11
485,disease|MONDO|2280,0.39279866,12
485,disease|MONDO|5279,0.30933195,13
485,disease|MONDO|19562,0.29138674,14
485,disease|MONDO|5109,0.22343481,15
485,disease|MONDO|29000,0.21365172,16
485,disease|MONDO|5249,0.20345753,17
485,disease|MONDO|9688,-0.01745033,18
486,disease|MONDO|4981,2.68070516,1
486,disease|MONDO|4979,2.65312400,2
486,disease|MONDO|5279,2.64759234,3
486,disease|MONDO|4781,2.64463037,4
486,disease|MONDO|19338,2.64241695,5
486,disease|MONDO|21040,2.63218591,6
486,disease|MONDO|1444,2.61129731,7
486,disease|MONDO|18076,2.60401613,8
486,effect/phenotype|HPO|1681,2.55379167,9
486,disease|MONDO|7915,2.53389528,10
486,disease|MONDO|19562,2.52081004,11
486,disease|MONDO|7186,2.50665775,12
486,disease|MONDO|5109,2.49228388,13
486,disease|MONDO|2280,2.19694424,14
486,disease|MONDO|5737,2.19651563,15
486,disease|MONDO|5249,2.16062033,16
486,disease|MONDO|5002,2.03853944,17
486,disease|MONDO|4822,1.78547916,18
486,disease|MONDO|29000,0.90868717,19
486,disease|MONDO|4496,0.75917619,20
486,disease|MONDO|9688,0.75080211,21
486,disease|MONDO|6932,0.50700707,22
486,disease|MONDO|3781,0.46657115,23
487,disease|MONDO|2280,2.57994589,1
487,disease|MONDO|5109,2.56887618,2
487,disease|MONDO|4781,2.55480760,3
487,effect/phenotype|HPO|1681,2.50606127,4
487,disease|MONDO|9688,2.39859664,5
487,disease|MONDO|5077,2.36223939,6
487,disease|MONDO|2465,2.34075677,7
487,disease|MONDO|5961,2.32283619,8
487,disease|MONDO|6932,2.14668342,9
487,disease|MONDO|4979,2.06597307,10
487,disease|MONDO|4981,2.04127011,11
487,disease|MONDO|7915,2.02450293,12
487,disease|MONDO|19338,2.01698413,13
487,disease|MONDO|5002,2.01077902,14
487,disease|MONDO|5249,2.01014389,15
487,disease|MONDO|5737,1.98909467,16
487,disease|MONDO|5315,1.95346078,17
487,disease|MONDO|18076,1.83999366,18
487,disease|MONDO|1444,1.83418817,19
487,disease|MONDO|4867,1.80426222,20
487,disease|MONDO|43537,1.77854127,21
487,disease|MONDO|3781,1.68156980,22
487,disease|MONDO|4496,1.40050125,23
487,disease|MONDO|100053,1.35052714,24
487,disease|MONDO|5722,1.23820116,25
487,disease|MONDO|5904,1.08775275,26
487,disease|MONDO|5279,0.69958007,27
487,disease|MONDO|7186,0.55395521,28
488,disease|MONDO|4981,1.92221668,1
488,disease|MONDO|2280,1.81605250,2
488,disease|MONDO|5279,1.81217262,3
488,disease|MONDO|4781,1.80311313,4
488,effect/phenotype|HPO|1681,1.76333290,5
488,disease|MONDO|7915,1.68959196,6
488,disease|MONDO|4979,1.65461909,7
488,disease|MONDO|5002,1.63858176,8
488,disease|MONDO|5070,1.49769461,9
488,disease|MONDO|5383,1.24932418,10
488,disease|MONDO|19338,1.00042824,11
488,disease|MONDO|9688,0.94940138,12
488,disease|MONDO|5737,0.83176289,13
488,disease|MONDO|7186,0.54384972,14
488,disease|MONDO|6932,0.30067679,15
488,disease|MONDO|43537,0.19213055,16
489,effect/phenotype|HPO|1681,1.19010360,1
489,disease|MONDO|4781,1.17790706,2
489,disease|MONDO|5904,1.12395371,3
489,disease|MONDO|4496,1.10843818,4
489,disease|MONDO|2280,1.10393973,5
489,disease|MONDO|3441,0.45020992,6
489,disease|MONDO|5961,0.42106019,7
489,disease|MONDO|7915,0.39396210,8
489,disease|MONDO|19562,0.35603407,9
489,disease|MONDO|5753,0.30294688,10
489,disease|MONDO|9688,0.19482727,11
489,disease|MONDO|19338,0.03430317,12
489,disease|MONDO|5737,-0.00804853,13
490,disease|MONDO|7915,0.96772563,1
490,disease|MONDO|4979,0.93314264,2
490,disease|MONDO|5249,0.89952116,3
490,disease|MONDO|4981,0.81181262,4
490,disease|MONDO|2280,0.80785558,5
490,disease|MONDO|4781,0.80207799,6
490,disease|MONDO|5279,0.79784980,7
490,effect/phenotype|HPO|1681,0.73704364,8
490,disease|MONDO|9688,0.67464053,9
490,disease|MONDO|3781,0.63543072,10
490,disease|MONDO|100053,0.20054376,11
490,disease|MONDO|4496,0.19541033,12
490,disease|MONDO|5002,0.17434797,13
490,disease|MONDO|5904,0.16155587,14
490,disease|MONDO|29000,-0.02161169,15
490,disease|MONDO|5383,-0.10489845,16
490,disease|MONDO|1444,-0.15106437,17
491,disease|MONDO|4781,1.20140060,1
491,disease|MONDO|21040,1.17153050,2
491,disease|MONDO|2280,1.09821817,3
491,disease|MONDO|5109,1.02730455,4
491,disease|MONDO|7915,0.94743780,5
491,effect/phenotype|HPO|1681,0.89727239,6
491,disease|MONDO|3441,0.87043680,7
491,disease|MONDO|19338,0.48765785,8
491,disease|MONDO|9688,0.48575527,9
491,disease|MONDO|5961,0.39723545,10
491,disease|MONDO|5753,0.31877544,11
491,disease|MONDO|7186,0.25881155,12
492,disease|MONDO|4781,1.54352081,1
492,effect/phenotype|HPO|1681,1.49888082,2
492,disease|MONDO|19338,1.48078682,3
492,disease|MONDO|3781,1.39100933,4
492,disease|MONDO|2280,1.38509366,5
492,disease|MONDO|5279,1.37705818,6
492,disease|MONDO|9688,1.33500081,7
492,disease|MONDO|5961,1.32898304,8
492,disease|MONDO|2465,1.25191514,9
492,disease|MONDO|7915,1.12916754,10
492,disease|MONDO|7186,1.11719102,11
492,disease|MONDO|5002,1.09228829,12
492,disease|MONDO|4981,0.77229404,13
492,disease|MONDO|43537,0.41676052,14
492,disease|MONDO|5109,0.41629638,15
492,disease|MONDO|18076,0.39687657,16
492,disease|MONDO|5722,0.36723238,17
492,disease|MONDO|5249,0.36323605,18
492,disease|MONDO|5904,0.36208132,19
492,disease|MONDO|5383,0.36033905,20
492,disease|MONDO|4822,0.33723492,21
492,disease|MONDO|21040,0.31532103,22
492,disease|MONDO|4496,0.28800116,23
492,disease|MONDO|6932,0.28337583,24
492,disease|MONDO|4867,0.27644259,25
492,disease|MONDO|19562,0.24684764,26
492,disease|MONDO|100053,0.23850934,27
492,disease|MONDO|5812,0.11879319,28
493,disease|MONDO|4781,1.19890723,1
493,disease|MONDO|21040,1.19491522,2
493,effect/phenotype|HPO|1681,1.16623092,3
493,disease|MONDO|5904,1.11433009,4
493,disease|MONDO|2280,1.10984366,5
493,disease|MONDO|4496,1.10485667,6
493,disease|MONDO|5109,1.00539677,7
493,disease|MONDO|7915,0.94845548,8
493,disease|MONDO|3441,0.83126318,9
493,disease|MONDO|19338,0.47601046,10
493,disease|MONDO|9688,0.38983247,11
493,disease|MONDO|5737,-0.01902654,12
493,disease|MONDO|1444,-0.05669948,13
493,disease|MONDO|19562,-0.18320903,14
494,disease|MONDO|5249,1.88435815,1
494,disease|MONDO|4781,1.88204634,2
494,disease|MONDO|9688,1.86073545,3
494,disease|MONDO|19338,1.85002616,4
494,disease|MONDO|4979,1.82096884,5
494,disease|MONDO|5279,1.80478710,6
494,disease|MONDO|5002,1.70520834,7
494,disease|MONDO|2280,1.68091535,8
494,disease|MONDO|7186,1.66469357,9
494,disease|MONDO|4981,1.51004991,10
494,effect/phenotype|HPO|1681,1.49609712,11
494,disease|MONDO|5737,1.03672605,12
494,disease|MONDO|7915,1.00609183,13
494,disease|MONDO|19562,0.98315123,14
494,disease|MONDO|5109,0.91404124,15
494,disease|MONDO|100053,0.80869077,16
494,disease|MONDO|5904,0.75846263,17
494,disease|MONDO|8259,0.64530492,18
494,disease|MONDO|6932,0.62475374,19
494,disease|MONDO|5812,0.51731351,20
494,disease|MONDO|1444,0.04117860,21
495,disease|MONDO|5383,1.61312149,1
495,disease|MONDO|7915,1.61096960,2
495,effect/phenotype|HPO|1681,1.60935926,3
495,disease|MONDO|9688,1.57457105,4
495,disease|MONDO|100053,1.50610122,5
495,disease|MONDO|4781,1.49169020,6
495,disease|MONDO|2280,1.46521832,7
495,disease|MONDO|4981,1.44029568,8
495,disease|MONDO|4979,1.43363585,9
495,disease|MONDO|7186,1.36270785,10
495,disease|MONDO|6932,1.32605001,11
495,disease|MONDO|5904,1.19091517,12
495,disease|MONDO|5279,1.18687674,13
495,disease|MONDO|5002,1.08512154,14
495,disease|MONDO|19338,0.54134645,15
495,disease|MONDO|5109,0.30730391,16
495,disease|MONDO|5315,0.20079353,17
495,disease|MONDO|1444,0.10282261,18
496,disease|MONDO|4781,1.77262478,1
496,disease|MONDO|2280,1.52678850,2
496,disease|MONDO|5904,1.48614332,3
496,disease|MONDO|7186,1.47923805,4
496,disease|MONDO|19338,1.46143077,5
496,disease|MONDO|4496,1.45239133,6
496,disease|MONDO|7915,1.42511081,7
496,disease|MONDO|18076,1.38147188,8
496,disease|MONDO|4979,1.35991113,9
496,disease|MONDO|5249,1.30322384,10
496,disease|MONDO|5002,1.24623162,11
496,disease|MONDO|9688,1.08300847,12
496,effect/phenotype|HPO|1681,1.07563128,13
496,disease|MONDO|4981,1.00783703,14
496,disease|MONDO|100053,0.94221155,15
496,disease|MONDO|5383,0.82888002,16
496,disease|MONDO|3781,0.57291712,17
496,disease|MONDO|6932,0.56850410,18
496,disease|MONDO|5109,0.33349185,19
496,disease|MONDO|19562,0.21184506,20
496,disease|MONDO|1444,0.13584353,21
496,disease|MONDO|5737,0.07714387,22
497,disease|MONDO|4781,2.02448139,1
497,disease|MONDO|5249,1.98627803,2
497,effect/phenotype|HPO|1681,1.96339527,3
497,disease|MONDO|5383,1.94776142,4
497,disease|MONDO|19338,1.88471134,5
497,disease|MONDO|5961,1.85071357,6
497,disease|MONDO|3781,1.69787059,7
497,disease|MONDO|2280,1.55277285,8
497,disease|MONDO|9688,1.54919645,9
497,disease|MONDO|6932,1.51116580,10
497,disease|MONDO|4979,1.49118149,11
497,disease|MONDO|5002,1.40964680,12
497,disease|MONDO|4981,1.11151105,13
497,disease|MONDO|5737,1.10174757,14
497,disease|MONDO|4496,1.09991632,15
497,disease|MONDO|5109,1.01325706,16
497,disease|MONDO|7915,0.92858608,17
497,disease|MONDO|1444,0.62546274,18
497,disease|MONDO|19562,0.44111343,19
497,disease|MONDO|7186,0.32571324,20
498,disease|MONDO|7915,0.95828393,1
498,disease|MONDO|4979,0.92402583,2
498,disease|MONDO|2280,0.80213460,3
498,disease|MONDO|4781,0.78905176,4
498,disease|MONDO|5279,0.78454925,5
498,disease|MONDO|5249,0.75141554,6
498,disease|MONDO|3781,0.63258404,7
498,effect/phenotype|HPO|1681,0.58594831,8
498,disease|MONDO|5002,0.43008097,9
498,disease|MONDO|9688,0.22554064,10
498,disease|MONDO|4496,0.19683352,11
498,disease|MONDO|100053,0.19637804,12
498,disease|MONDO|5904,0.15560483,13
498,disease|MONDO|5383,0.10252504,14
498,disease|MONDO|29000,-0.02684280,15
498,disease|MONDO|1444,-0.14888439,16
499,disease|MONDO|4981,2.26854037,1
499,effect/phenotype|HPO|1681,2.03903133,2
499,disease|MONDO|4781,1.91594009,3
499,disease|MONDO|5249,1.89844887,4
499,disease|MONDO|19338,1.87173387,5
499,disease|MONDO|7915,1.85977352,6
499,disease|MONDO|2280,1.84801544,7
499,disease|MONDO|4496,1.83419645,8
499,disease|MONDO|6932,1.82877493,9
499,disease|MONDO|5002,1.82730925,10
499,disease|MONDO|5904,1.78831087,11
499,disease|MONDO|18076,1.78035180,12
499,disease|MONDO|5383,1.77792484,13
499,disease|MONDO|9688,1.76821981,14
499,disease|MONDO|5961,1.68994821,15
499,disease|MONDO|4979,1.68977377,16
499,disease|MONDO|5279,1.63631974,17
499,disease|MONDO|5315,1.44762170,18
499,disease|MONDO|5109,1.28454216,19
499,disease|MONDO|3781,1.20499489,20
499,disease|MONDO|7186,1.15761511,21
499,disease|MONDO|19562,0.89449957,22
499,disease|MONDO|5077,0.42977065,23
499,disease|MONDO|1444,0.22207962,24
499,disease|MONDO|5737,0.04886356,25
500,disease|MONDO|4979,0.72757465,1
500,disease|MONDO|4867,0.67219262,2
500,disease|MONDO|2280,0.66348413,3
500,disease|MONDO|5249,0.41487779,4
500,disease|MONDO|7915,0.29319393,5
500,effect/phenotype|HPO|1681,0.26330664,6
500,disease|MONDO|5002,0.19602557,7
500,disease|MONDO|100053,0.17085445,8
500,disease|MONDO|4981,0.16184849,9
500,disease|MONDO|9688,0.15014331,10
500,disease|MONDO|7186,0.11475199,11
500,disease|MONDO|19562,0.11334446,12
500,disease|MONDO|4822,0.08920515,13
500,disease|MONDO|19338,-0.00981955,14
500,disease|MONDO|18076,-0.03870243,15
500,disease|MONDO|1444,-0.14259233,16
