patient_index,mean_pairwise_cosine,pair_cosines
0,0.44940391,"{""0-1"": 0.44940391182899475}"
1,0.09734540,"{""0-1"": 0.09734540432691574}"
2,-0.04624268,"{""0-1"": -0.04624268040060997}"
3,-0.00283409,"{""0-1"": -0.002834085375070572}"
4,0.37272805,"{""0-1"": 0.37272804975509644}"
5,0.50384742,"{""0-1"": 0.5038474202156067}"
6,0.79347312,"{""0-1"": 0.7934731245040894}"
7,0.01709379,"{""0-1"": 0.01709378883242607}"
8,0.08553288,"{""0-1"": 0.08553288131952286}"
9,0.09996752,"{""0-1"": 0.09996752440929413}"
10,0.00000000,{}
11,0.78444403,"{""0-1"": 0.7844440340995789}"
12,0.23590505,"{""0-1"": 0.23590505123138428}"
13,0.25166181,"{""0-1"": 0.2516618072986603}"
14,0.99999231,"{""0-1"": 0.999992311000824}"
15,0.15255673,"{""0-1"": 0.15255673229694366}"
16,-0.14040032,"{""0-1"": -0.14040032029151917}"
17,0.39694807,"{""0-1"": 0.39694806933403015}"
18,0.00000000,{}
19,0.23244487,"{""0-1"": 0.2324448674917221}"
20,0.28439847,"{""0-1"": 0.28439846634864807}"
21,0.09995326,"{""0-1"": 0.09995325654745102}"
22,0.34674406,"{""0-1"": 0.3467440605163574}"
23,0.00000000,{}
24,0.20114127,"{""0-1"": 0.20114126801490784}"
25,0.20653221,"{""0-1"": 0.20653221011161804}"
26,0.34921092,"{""0-1"": 0.3492109179496765}"
27,0.16220096,"{""0-1"": 0.1622009575366974}"
28,-0.16966756,"{""0-1"": -0.1696675568819046}"
29,0.52186221,"{""0-1"": 0.5218622088432312}"
30,0.18412669,"{""0-1"": 0.18412669003009796}"
31,0.30455491,"{""0-1"": 0.30455490946769714}"
32,0.28498632,"{""0-1"": 0.28498631715774536}"
33,0.90765023,"{""0-1"": 0.9076502323150635}"
34,0.20334485,"{""0-1"": 0.20334485173225403}"
35,0.20722084,"{""0-1"": 0.20722083747386932}"
36,0.01931368,"{""0-1"": 0.01931368000805378}"
37,0.17159502,"{""0-1"": 0.1715950220823288}"
38,0.03522687,"{""0-1"": 0.03522687405347824}"
39,0.20731506,"{""0-1"": 0.20731505751609802}"
40,-0.11926211,"{""0-1"": -0.11926211416721344}"
41,0.20125760,"{""0-1"": 0.2012576013803482}"
42,-0.02257158,"{""0-1"": -0.02257157862186432}"
43,0.13514923,"{""0-1"": 0.13514922559261322}"
44,0.25945431,"{""0-1"": 0.25945430994033813}"
45,0.36416113,"{""0-1"": 0.3641611337661743}"
46,-0.06051519,"{""0-1"": -0.06051518768072128}"
47,0.11619738,"{""0-1"": 0.1161973848938942}"
48,0.04988205,"{""0-1"": 0.04988204687833786}"
49,0.84439427,"{""0-1"": 0.8443942666053772}"
50,-0.03044359,"{""0-1"": -0.030443591997027397}"
51,0.99874252,"{""0-1"": 0.9987425208091736}"
52,0.99918807,"{""0-1"": 0.9991880655288696}"
53,0.14888120,"{""0-1"": 0.148881196975708}"
54,0.14220557,"{""0-1"": 0.14220556616783142}"
55,-0.10901661,"{""0-1"": -0.10901661217212677}"
56,0.11413847,"{""0-1"": 0.11413846909999847}"
57,0.36209968,"{""0-1"": 0.36209967732429504}"
58,0.15641716,"{""0-1"": 0.15641716122627258}"
59,0.36213827,"{""0-1"": 0.3621382713317871}"
60,0.15714666,"{""0-1"": 0.1571466624736786}"
61,0.10682734,"{""0-1"": 0.10682734102010727}"
62,0.99974680,"{""0-1"": 0.9997467994689941}"
63,-0.09473986,"{""0-1"": -0.09473986178636551}"
64,0.10382731,"{""0-1"": 0.10382730513811111}"
65,0.07509924,"{""0-1"": 0.07509924471378326}"
66,0.52941245,"{""0-1"": 0.5294124484062195}"
67,0.02983160,"{""0-1"": 0.029831599444150925}"
68,-0.10884469,"{""0-1"": -0.10884469002485275}"
69,0.99998337,"{""0-1"": 0.9999833703041077}"
70,0.17690356,"{""0-1"": 0.17690356075763702}"
71,0.00077100,"{""0-1"": 0.0007709972560405731}"
72,0.09934009,"{""0-1"": 0.09934008866548538}"
73,0.18620940,"{""0-1"": 0.18620939552783966}"
74,0.63641107,"{""0-1"": 0.6364110708236694}"
75,0.01960073,"{""0-1"": 0.01960073411464691}"
76,0.19156134,"{""0-1"": 0.19156134128570557}"
77,0.20389692,"{""0-1"": 0.2038969248533249}"
78,0.19037046,"{""0-1"": 0.19037045538425446}"
79,0.17482325,"{""0-1"": 0.17482325434684753}"
80,0.27286011,"{""0-1"": 0.2728601098060608}"
81,0.27034152,"{""0-1"": 0.27034151554107666}"
82,0.22843163,"{""0-1"": 0.22843162715435028}"
83,0.50384742,"{""0-1"": 0.5038474202156067}"
84,0.99999648,"{""0-1"": 0.9999964833259583}"
85,0.00287345,"{""0-1"": 0.0028734540101140738}"
86,0.13443749,"{""0-1"": 0.13443748652935028}"
87,0.05514381,"{""0-1"": 0.0551438108086586}"
88,0.16041106,"{""0-1"": 0.1604110598564148}"
89,0.19438705,"{""0-1"": 0.1943870484828949}"
90,0.02144050,"{""0-1"": 0.021440500393509865}"
91,0.99996710,"{""0-1"": 0.999967098236084}"
92,0.03401902,"{""0-1"": 0.03401901572942734}"
93,-0.03152995,"{""0-1"": -0.031529951840639114}"
94,0.34820122,"{""0-1"": 0.3482012152671814}"
95,0.43675625,"{""0-1"": 0.4367562532424927}"
96,0.99999410,"{""0-1"": 0.9999940991401672}"
97,-0.12183435,"{""0-1"": -0.12183434516191483}"
98,-0.04204328,"{""0-1"": -0.042043279856443405}"
99,0.00000000,{}
100,0.09754780,"{""0-1"": 0.09754779934883118}"
101,0.99999613,"{""0-1"": 0.9999961256980896}"
102,0.05200354,"{""0-1"": 0.05200354382395744}"
103,0.11045423,"{""0-1"": 0.11045423150062561}"
104,0.01679909,"{""0-1"": 0.016799094155430794}"
105,0.14215215,"{""0-1"": 0.14215214550495148}"
106,0.31944036,"{""0-1"": 0.3194403648376465}"
107,0.19343528,"{""0-1"": 0.19343528151512146}"
108,0.02962112,"{""0-1"": 0.029621124267578125}"
109,0.06472220,"{""0-1"": 0.0647222027182579}"
110,-0.11311402,"{""0-1"": -0.11311402171850204}"
111,0.15455972,"{""0-1"": 0.15455971658229828}"
112,-0.02784528,"{""0-1"": -0.02784528024494648}"
113,0.17125061,"{""0-1"": 0.1712506115436554}"
114,0.00000000,{}
115,0.00000000,{}
116,0.40795407,"{""0-1"": 0.40795406699180603}"
117,0.52603680,"{""0-1"": 0.52603679895401}"
118,0.00000000,{}
119,0.15049405,"{""0-1"": 0.1504940539598465}"
120,0.99552268,"{""0-1"": 0.995522677898407}"
121,0.03186413,"{""0-1"": 0.03186413273215294}"
122,0.12643546,"{""0-1"": 0.12643545866012573}"
123,0.99998116,"{""0-1"": 0.999981164932251}"
124,0.42072535,"{""0-1"": 0.42072534561157227}"
125,-0.00892451,"{""0-1"": -0.008924508467316628}"
126,0.37248415,"{""0-1"": 0.37248414754867554}"
127,0.00000000,{}
128,0.00000000,{}
129,0.99999899,"{""0-1"": 0.9999989867210388}"
130,0.11521909,"{""0-1"": 0.11521908640861511}"
131,0.25875801,"{""0-1"": 0.258758008480072}"
132,0.00000000,{}
133,-0.05691007,"{""0-1"": -0.05691006779670715}"
134,0.47328144,"{""0-1"": 0.4732814431190491}"
135,0.05849862,"{""0-1"": 0.05849861726164818}"
136,0.08836550,"{""0-1"": 0.08836550265550613}"
137,0.23163782,"{""0-1"": 0.23163782060146332}"
138,0.06442501,"{""0-1"": 0.0644250139594078}"
139,0.69648618,"{""0-1"": 0.6964861750602722}"
140,0.33396488,"{""0-1"": 0.33396488428115845}"
141,-0.06051519,"{""0-1"": -0.06051518768072128}"
142,0.20665421,"{""0-1"": 0.20665420591831207}"
143,0.16384169,"{""0-1"": 0.16384169459342957}"
144,0.54403806,"{""0-1"": 0.5440380573272705}"
145,0.03451395,"{""0-1"": 0.03451394662261009}"
146,0.01538235,"{""0-1"": 0.015382354147732258}"
147,0.40257004,"{""0-1"": 0.40257003903388977}"
148,0.27385706,"{""0-1"": 0.273857057094574}"
149,0.13135950,"{""0-1"": 0.1313595026731491}"
150,-0.02932514,"{""0-1"": -0.029325135052204132}"
151,0.91303182,"{""0-1"": 0.913031816482544}"
152,0.23908509,"{""0-1"": 0.2390850931406021}"
153,0.08951187,"{""0-1"": 0.08951187133789062}"
154,0.02746582,"{""0-1"": 0.02746582217514515}"
155,0.05514371,"{""0-1"": 0.05514371395111084}"
156,0.25933564,"{""0-1"": 0.25933563709259033}"
157,0.05091086,"{""0-1"": 0.05091086030006409}"
158,-0.07520720,"{""0-1"": -0.07520720362663269}"
159,0.35671729,"{""0-1"": 0.3567172884941101}"
160,0.28498632,"{""0-1"": 0.28498631715774536}"
161,0.34224772,"{""0-1"": 0.34224772453308105}"
162,0.99963653,"{""0-1"": 0.9996365308761597}"
163,0.08399525,"{""0-1"": 0.08399525284767151}"
164,-0.00025165,"{""0-1"": -0.0002516545355319977}"
165,0.29689217,"{""0-1"": 0.2968921661376953}"
166,0.07431873,"{""0-1"": 0.07431872934103012}"
167,0.05857924,"{""0-1"": 0.05857923999428749}"
168,0.03451395,"{""0-1"": 0.03451394662261009}"
169,0.00000000,{}
170,0.27042010,"{""0-1"": 0.270420104265213}"
171,0.20722084,"{""0-1"": 0.20722083747386932}"
172,0.00000000,{}
173,-0.00377626,"{""0-1"": -0.0037762634456157684}"
174,0.01041353,"{""0-1"": 0.010413531213998795}"
175,0.64114529,"{""0-1"": 0.6411452889442444}"
176,0.08032295,"{""0-1"": 0.08032295107841492}"
177,0.25963357,"{""0-1"": 0.2596335709095001}"
178,0.43520805,"{""0-1"": 0.4352080523967743}"
179,0.21686876,"{""0-1"": 0.21686875820159912}"
180,0.03451395,"{""0-1"": 0.03451394662261009}"
181,0.07503815,"{""0-1"": 0.07503814995288849}"
182,0.40303397,"{""0-1"": 0.403033971786499}"
183,0.00651216,"{""0-1"": 0.006512156687676907}"
184,0.15254495,"{""0-1"": 0.15254494547843933}"
185,0.01828252,"{""0-1"": 0.018282515928149223}"
186,0.99995530,"{""0-1"": 0.9999552965164185}"
187,0.99999869,"{""0-1"": 0.9999986886978149}"
188,0.06679539,"{""0-1"": 0.06679539382457733}"
189,0.99999779,"{""0-1"": 0.9999977946281433}"
190,0.14976537,"{""0-1"": 0.14976537227630615}"
191,0.03851038,"{""0-1"": 0.03851037845015526}"
192,-0.00809606,"{""0-1"": -0.008096055127680302}"
193,0.00070217,"{""0-1"": 0.0007021655328571796}"
194,0.05340829,"{""0-1"": 0.05340828746557236}"
195,0.19711635,"{""0-1"": 0.19711634516716003}"
196,-0.01492825,"{""0-1"": -0.01492825336754322}"
197,0.30968654,"{""0-1"": 0.309686541557312}"
198,-0.09962146,"{""0-1"": -0.09962145984172821}"
199,0.22094332,"{""0-1"": 0.22094331681728363}"
200,0.07935295,"{""0-1"": 0.07935294508934021}"
201,0.99998522,"{""0-1"": 0.9999852180480957}"
202,0.17922132,"{""0-1"": 0.17922131717205048}"
203,0.07902485,"{""0-1"": 0.07902485132217407}"
204,0.19778651,"{""0-1"": 0.19778650999069214}"
205,0.22249065,"{""0-1"": 0.22249065339565277}"
206,0.32830104,"{""0-1"": 0.3283010423183441}"
207,0.58554810,"{""0-1"": 0.5855481028556824}"
208,0.20236024,"{""0-1"": 0.20236024260520935}"
209,0.66381133,"{""0-1"": 0.6638113260269165}"
210,0.00000000,{}
211,0.27385706,"{""0-1"": 0.273857057094574}"
212,0.99976873,"{""0-1"": 0.9997687339782715}"
213,0.51960552,"{""0-1"": 0.5196055173873901}"
214,0.00294668,"{""0-1"": 0.0029466813430190086}"
215,0.00000000,{}
216,0.69297993,"{""0-1"": 0.6929799318313599}"
217,0.12140322,"{""0-1"": 0.12140321731567383}"
218,0.99999565,"{""0-1"": 0.9999956488609314}"
219,-0.05691007,"{""0-1"": -0.05691006779670715}"
220,0.99999422,"{""0-1"": 0.9999942183494568}"
221,0.61096817,"{""0-1"": 0.6109681725502014}"
222,0.10417254,"{""0-1"": 0.10417254269123077}"
223,-0.00216757,"{""0-1"": -0.002167565282434225}"
224,0.99999601,"{""0-1"": 0.9999960064888}"
225,0.07264056,"{""0-1"": 0.072640560567379}"
226,-0.09473986,"{""0-1"": -0.09473986178636551}"
227,0.04914854,"{""0-1"": 0.049148544669151306}"
228,0.17411353,"{""0-1"": 0.17411352694034576}"
229,0.13468583,"{""0-1"": 0.13468582928180695}"
230,0.99998134,"{""0-1"": 0.9999813437461853}"
231,-0.01403061,"{""0-1"": -0.014030614867806435}"
232,0.19488244,"{""0-1"": 0.19488243758678436}"
233,0.15455972,"{""0-1"": 0.15455971658229828}"
234,0.09422947,"{""0-1"": 0.09422946721315384}"
235,0.00000000,{}
236,0.11341795,"{""0-1"": 0.11341794580221176}"
237,0.03452488,"{""0-1"": 0.03452487662434578}"
238,0.34932780,"{""0-1"": 0.34932780265808105}"
239,0.28909767,"{""0-1"": 0.2890976667404175}"
240,0.28202760,"{""0-1"": 0.28202760219573975}"
241,0.04390877,"{""0-1"": 0.04390876740217209}"
242,0.03376446,"{""0-1"": 0.03376445919275284}"
243,0.52617109,"{""0-1"": 0.526171088218689}"
244,0.30439213,"{""0-1"": 0.30439212918281555}"
245,0.09434161,"{""0-1"": 0.09434161335229874}"
246,0.88606900,"{""0-1"": 0.8860689997673035}"
247,0.08267416,"{""0-1"": 0.08267416059970856}"
248,0.96799779,"{""0-1"": 0.9679977893829346}"
249,0.16929306,"{""0-1"": 0.16929306089878082}"
250,0.33233929,"{""0-1"": 0.3323392868041992}"
251,0.07617870,"{""0-1"": 0.07617869973182678}"
252,-0.02157759,"{""0-1"": -0.021577587351202965}"
253,0.00000000,{}
254,0.00394436,"{""0-1"": 0.003944361582398415}"
255,0.07847691,"{""0-1"": 0.0784769058227539}"
256,0.00527863,"{""0-1"": 0.005278632044792175}"
257,0.63149929,"{""0-1"": 0.6314992904663086}"
258,0.19203198,"{""0-1"": 0.19203197956085205}"
259,0.03001603,"{""0-1"": 0.030016034841537476}"
260,0.01998655,"{""0-1"": 0.019986553117632866}"
261,0.01635607,"{""0-1"": 0.016356073319911957}"
262,0.09000726,"{""0-1"": 0.09000726044178009}"
263,-0.06957423,"{""0-1"": -0.06957422941923141}"
264,0.17858946,"{""0-1"": 0.17858946323394775}"
265,0.68997532,"{""0-1"": 0.6899753212928772}"
266,0.42195898,"{""0-1"": 0.4219589829444885}"
267,0.99999160,"{""0-1"": 0.9999915957450867}"
268,0.18087754,"{""0-1"": 0.18087753653526306}"
269,-0.05103470,"{""0-1"": -0.051034703850746155}"
270,0.94750381,"{""0-1"": 0.9475038051605225}"
271,0.99999553,"{""0-1"": 0.9999955296516418}"
272,0.21600385,"{""0-1"": 0.21600385010242462}"
273,0.00820616,"{""0-1"": 0.008206162601709366}"
274,0.99998647,"{""0-1"": 0.999986469745636}"
275,0.20318604,"{""0-1"": 0.20318603515625}"
276,0.11889528,"{""0-1"": 0.1188952773809433}"
277,0.02696416,"{""0-1"": 0.026964161545038223}"
278,-0.12449467,"{""0-1"": -0.12449467182159424}"
279,0.25298390,"{""0-1"": 0.2529838979244232}"
280,0.02127189,"{""0-1"": 0.02127189189195633}"
281,0.09887809,"{""0-1"": 0.09887808561325073}"
282,0.13709307,"{""0-1"": 0.13709306716918945}"
283,-0.01600757,"{""0-1"": -0.016007568687200546}"
284,-0.04586864,"{""0-1"": -0.0458686426281929}"
285,-0.00158027,"{""0-1"": -0.0015802704729139805}"
286,0.00000000,{}
287,0.00000000,{}
288,-0.03594532,"{""0-1"": -0.03594531863927841}"
289,0.53291696,"{""0-1"": 0.5329169631004333}"
290,0.63799810,"{""0-1"": 0.637998104095459}"
291,0.01325103,"{""0-1"": 0.013251028954982758}"
292,0.11248549,"{""0-1"": 0.11248549073934555}"
293,0.06460325,"{""0-1"": 0.06460325419902802}"
294,0.04738422,"{""0-1"": 0.04738422483205795}"
295,0.08335603,"{""0-1"": 0.08335603028535843}"
296,-0.06051519,"{""0-1"": -0.06051518768072128}"
297,0.27124378,"{""0-1"": 0.27124378085136414}"
298,0.19177143,"{""0-1"": 0.19177143275737762}"
299,-0.01299511,"{""0-1"": -0.012995105236768723}"
300,0.14080906,"{""0-1"": 0.1408090591430664}"
301,0.15641716,"{""0-1"": 0.15641716122627258}"
302,0.36767969,"{""0-1"": 0.3676796853542328}"
303,0.00000000,{}
304,0.41693676,"{""0-1"": 0.4169367551803589}"
305,0.12370356,"{""0-1"": 0.12370356172323227}"
306,0.96529472,"{""0-1"": 0.9652947187423706}"
307,0.57310176,"{""0-1"": 0.5731017589569092}"
308,-0.02293263,"{""0-1"": -0.0229326318949461}"
309,0.25603479,"{""0-1"": 0.256034791469574}"
310,0.12537587,"{""0-1"": 0.1253758668899536}"
311,0.99999380,"{""0-1"": 0.9999938011169434}"
312,0.35336393,"{""0-1"": 0.35336393117904663}"
313,0.20615107,"{""0-1"": 0.2061510682106018}"
314,-0.06041513,"{""0-1"": -0.06041513383388519}"
315,0.00000000,{}
316,0.05200354,"{""0-1"": 0.05200354382395744}"
317,0.31173071,"{""0-1"": 0.3117307126522064}"
318,0.99999076,"{""0-1"": 0.9999907612800598}"
319,0.86459786,"{""0-1"": 0.8645978569984436}"
320,0.11934501,"{""0-1"": 0.11934500932693481}"
321,0.42566508,"{""0-1"": 0.42566508054733276}"
322,0.00000000,{}
323,0.22303112,"{""0-1"": 0.22303111851215363}"
324,0.98711175,"{""0-1"": 0.9871117472648621}"
325,0.99974680,"{""0-1"": 0.9997467994689941}"
326,-0.17254989,"{""0-1"": -0.17254988849163055}"
327,0.46665829,"{""0-1"": 0.4666582942008972}"
328,0.06555969,"{""0-1"": 0.06555968523025513}"
329,0.36568892,"{""0-1"": 0.36568892002105713}"
330,0.55210584,"{""0-1"": 0.5521058440208435}"
331,0.50307769,"{""0-1"": 0.5030776858329773}"
332,0.18514684,"{""0-1"": 0.18514683842658997}"
333,0.25166181,"{""0-1"": 0.2516618072986603}"
334,0.20389692,"{""0-1"": 0.2038969248533249}"
335,0.00000000,{}
336,0.13135950,"{""0-1"": 0.1313595026731491}"
337,0.19100143,"{""0-1"": 0.19100143015384674}"
338,0.13508864,"{""0-1"": 0.13508863747119904}"
339,0.63641107,"{""0-1"": 0.6364110708236694}"
340,-0.17138653,"{""0-1"": -0.17138652503490448}"
341,-0.21485433,"{""0-1"": -0.21485432982444763}"
342,0.14210008,"{""0-1"": 0.14210008084774017}"
343,0.15671261,"{""0-1"": 0.156712606549263}"
344,0.98669720,"{""0-1"": 0.9866971969604492}"
345,0.03976990,"{""0-1"": 0.03976989537477493}"
346,0.13187502,"{""0-1"": 0.13187502324581146}"
347,0.99829698,"{""0-1"": 0.9982969760894775}"
348,0.15745275,"{""0-1"": 0.1574527472257614}"
349,0.06457118,"{""0-1"": 0.06457117944955826}"
350,0.14954534,"{""0-1"": 0.1495453417301178}"
351,-0.07520720,"{""0-1"": -0.07520720362663269}"
352,0.15618536,"{""0-1"": 0.1561853587627411}"
353,0.99999386,"{""0-1"": 0.9999938607215881}"
354,0.99974680,"{""0-1"": 0.9997467994689941}"
355,0.00000000,{}
356,0.99999398,"{""0-1"": 0.9999939799308777}"
357,-0.07566883,"{""0-1"": -0.0756688266992569}"
358,0.27385706,"{""0-1"": 0.273857057094574}"
359,0.99604756,"{""0-1"": 0.9960475564002991}"
360,0.40696642,"{""0-1"": 0.4069664180278778}"
361,0.87682444,"{""0-1"": 0.8768244385719299}"
362,0.07857008,"{""0-1"": 0.07857008278369904}"
363,-0.02157759,"{""0-1"": -0.021577587351202965}"
364,0.07370660,"{""0-1"": 0.07370660454034805}"
365,0.04185134,"{""0-1"": 0.041851337999105453}"
366,0.82821161,"{""0-1"": 0.8282116055488586}"
367,0.98449481,"{""0-1"": 0.9844948053359985}"
368,0.03451395,"{""0-1"": 0.03451394662261009}"
369,-0.04636227,"{""0-1"": -0.046362269669771194}"
370,0.39949253,"{""0-1"": 0.3994925320148468}"
371,0.16384169,"{""0-1"": 0.16384169459342957}"
372,0.27677903,"{""0-1"": 0.27677902579307556}"
373,0.30206487,"{""0-1"": 0.3020648658275604}"
374,-0.17788123,"{""0-1"": -0.17788122594356537}"
375,-0.10109708,"{""0-1"": -0.10109708458185196}"
376,0.05811786,"{""0-1"": 0.05811786279082298}"
377,0.07517024,"{""0-1"": 0.07517024129629135}"
378,0.29700044,"{""0-1"": 0.2970004379749298}"
379,0.11776274,"{""0-1"": 0.1177627444267273}"
380,0.98443156,"{""0-1"": 0.9844315648078918}"
381,0.03649540,"{""0-1"": 0.0364953987300396}"
382,-0.00241808,"{""0-1"": -0.002418078016489744}"
383,0.16093904,"{""0-1"": 0.1609390377998352}"
384,0.99604756,"{""0-1"": 0.9960475564002991}"
385,-0.03987540,"{""0-1"": -0.03987539932131767}"
386,0.02144050,"{""0-1"": 0.021440500393509865}"
387,0.19675434,"{""0-1"": 0.1967543363571167}"
388,0.11746605,"{""0-1"": 0.1174660474061966}"
389,0.99998587,"{""0-1"": 0.9999858736991882}"
390,0.21717510,"{""0-1"": 0.21717509627342224}"
391,0.84876364,"{""0-1"": 0.848763644695282}"
392,0.05112924,"{""0-1"": 0.051129236817359924}"
393,0.17473866,"{""0-1"": 0.17473866045475006}"
394,-0.01988012,"{""0-1"": -0.01988011971116066}"
395,0.16400231,"{""0-1"": 0.16400231420993805}"
396,0.47066355,"{""0-1"": 0.47066354751586914}"
397,-0.04671319,"{""0-1"": -0.04671319201588631}"
398,0.12039817,"{""0-1"": 0.12039817124605179}"
399,0.05242677,"{""0-1"": 0.0524267703294754}"
400,0.39248741,"{""0-1"": 0.39248740673065186}"
401,0.07634613,"{""0-1"": 0.07634612917900085}"
402,0.00000000,{}
403,-0.07339078,"{""0-1"": -0.07339078187942505}"
404,0.08060597,"{""0-1"": 0.08060596883296967}"
405,0.24112666,"{""0-1"": 0.2411266565322876}"
406,0.99999368,"{""0-1"": 0.9999936819076538}"
407,0.61306995,"{""0-1"": 0.6130699515342712}"
408,0.02956144,"{""0-1"": 0.029561439529061317}"
409,0.03825739,"{""0-1"": 0.03825739398598671}"
410,-0.05691007,"{""0-1"": -0.05691006779670715}"
411,0.26917237,"{""0-1"": 0.2691723704338074}"
412,0.00000000,{}
413,0.98711175,"{""0-1"": 0.9871117472648621}"
414,-0.21110728,"{""0-1"": -0.2111072838306427}"
415,0.27890956,"{""0-1"": 0.2789095640182495}"
416,-0.03799227,"{""0-1"": -0.03799227252602577}"
417,0.07424729,"{""0-1"": 0.07424728572368622}"
418,-0.14180279,"{""0-1"": -0.14180278778076172}"
419,0.35696280,"{""0-1"": 0.35696280002593994}"
420,0.00000000,{}
421,0.59570241,"{""0-1"": 0.5957024097442627}"
422,-0.04509336,"{""0-1"": -0.0450933612883091}"
423,0.05387018,"{""0-1"": 0.05387017875909805}"
424,0.42164072,"{""0-1"": 0.4216407239437103}"
425,0.99974680,"{""0-1"": 0.9997467994689941}"
426,0.26888922,"{""0-1"": 0.2688892185688019}"
427,0.43138710,"{""0-1"": 0.4313870966434479}"
428,0.10165710,"{""0-1"": 0.10165710002183914}"
429,0.07736874,"{""0-1"": 0.07736874371767044}"
430,0.05413035,"{""0-1"": 0.05413035303354263}"
431,0.06988650,"{""0-1"": 0.06988649815320969}"
432,0.06852750,"{""0-1"": 0.06852750480175018}"
433,0.04594255,"{""0-1"": 0.045942552387714386}"
434,0.00000000,{}
435,-0.03296841,"{""0-1"": -0.03296841308474541}"
436,0.27034152,"{""0-1"": 0.27034151554107666}"
437,-0.05928722,"{""0-1"": -0.059287216514348984}"
438,-0.11313945,"{""0-1"": -0.11313945055007935}"
439,0.33233929,"{""0-1"": 0.3323392868041992}"
440,0.25875801,"{""0-1"": 0.258758008480072}"
441,-0.04172228,"{""0-1"": -0.04172228276729584}"
442,-0.02566879,"{""0-1"": -0.025668790563941002}"
443,0.13233277,"{""0-1"": 0.13233277201652527}"
444,0.29241648,"{""0-1"": 0.2924164831638336}"
445,0.26324442,"{""0-1"": 0.2632444202899933}"
446,0.79347312,"{""0-1"": 0.7934731245040894}"
447,0.00000000,{}
448,0.67402977,"{""0-1"": 0.6740297675132751}"
449,0.20389692,"{""0-1"": 0.2038969248533249}"
450,0.56866837,"{""0-1"": 0.5686683654785156}"
451,0.37168172,"{""0-1"": 0.37168172001838684}"
452,0.30439213,"{""0-1"": 0.30439212918281555}"
453,0.31571400,"{""0-1"": 0.3157140016555786}"
454,0.31447765,"{""0-1"": 0.3144776523113251}"
455,0.12639847,"{""0-1"": 0.1263984739780426}"
456,0.25366297,"{""0-1"": 0.25366297364234924}"
457,0.06297502,"{""0-1"": 0.06297501921653748}"
458,0.00000000,{}
459,-0.01349723,"{""0-1"": -0.013497226871550083}"
460,0.11958224,"{""0-1"": 0.11958224326372147}"
461,0.23168963,"{""0-1"": 0.23168963193893433}"
462,0.99999624,"{""0-1"": 0.9999962449073792}"
463,0.23510425,"{""0-1"": 0.2351042479276657}"
464,0.07913035,"{""0-1"": 0.07913035154342651}"
465,0.13740370,"{""0-1"": 0.1374036967754364}"
466,0.64561617,"{""0-1"": 0.6456161737442017}"
467,0.01589667,"{""0-1"": 0.015896672382950783}"
468,0.23768459,"{""0-1"": 0.23768459260463715}"
469,0.37039343,"{""0-1"": 0.37039342522621155}"
470,0.99999404,"{""0-1"": 0.9999940395355225}"
471,0.33008930,"{""0-1"": 0.3300893008708954}"
472,0.05200354,"{""0-1"": 0.05200354382395744}"
473,0.99874252,"{""0-1"": 0.9987425208091736}"
474,0.04910770,"{""0-1"": 0.04910770058631897}"
475,0.27753070,"{""0-1"": 0.277530699968338}"
476,0.99745119,"{""0-1"": 0.9974511861801147}"
477,0.99981594,"{""0-1"": 0.9998159408569336}"
478,0.03001603,"{""0-1"": 0.030016034841537476}"
479,0.00000000,{}
480,0.45331568,"{""0-1"": 0.4533156752586365}"
481,0.49139619,"{""0-1"": 0.4913961887359619}"
482,-0.05691007,"{""0-1"": -0.05691006779670715}"
483,-0.07324234,"{""0-1"": -0.07324233651161194}"
484,-0.07727383,"{""0-1"": -0.07727383077144623}"
485,0.64561617,"{""0-1"": 0.6456161737442017}"
486,0.25831667,"{""0-1"": 0.25831666588783264}"
487,0.00481767,"{""0-1"": 0.004817672073841095}"
488,0.08896247,"{""0-1"": 0.08896246552467346}"
489,0.03001603,"{""0-1"": 0.030016034841537476}"
490,0.12440255,"{""0-1"": 0.12440255284309387}"
491,0.99998295,"{""0-1"": 0.9999829530715942}"
492,0.00000000,{}
493,0.96244901,"{""0-1"": 0.9624490141868591}"
494,0.01463944,"{""0-1"": 0.014639442786574364}"
495,0.03001603,"{""0-1"": 0.030016034841537476}"
496,-0.01449015,"{""0-1"": -0.01449014525860548}"
497,0.01000946,"{""0-1"": 0.01000946294516325}"
498,0.17819360,"{""0-1"": 0.178193598985672}"
499,0.03954200,"{""0-1"": 0.039542004466056824}"
500,0.12072070,"{""0-1"": 0.12072069942951202}"
501,0.99997014,"{""0-1"": 0.9999701380729675}"
502,0.53213418,"{""0-1"": 0.5321341753005981}"
503,0.19778651,"{""0-1"": 0.19778650999069214}"
504,0.04371499,"{""0-1"": 0.043714988976716995}"
505,0.37727931,"{""0-1"": 0.3772793114185333}"
506,0.32905942,"{""0-1"": 0.3290594220161438}"
507,0.03001603,"{""0-1"": 0.030016034841537476}"
508,-0.07520720,"{""0-1"": -0.07520720362663269}"
509,0.22603381,"{""0-1"": 0.22603380680084229}"
510,0.08670081,"{""0-1"": 0.08670081198215485}"
511,0.99999720,"{""0-1"": 0.9999971985816956}"
512,0.50384742,"{""0-1"": 0.5038474202156067}"
513,-0.02569165,"{""0-1"": -0.025691650807857513}"
514,0.57913649,"{""0-1"": 0.5791364908218384}"
515,-0.04066649,"{""0-1"": -0.04066649451851845}"
516,0.05980923,"{""0-1"": 0.059809230268001556}"
517,-0.01241640,"{""0-1"": -0.012416395358741283}"
518,0.04537045,"{""0-1"": 0.045370448380708694}"
519,0.00000000,{}
520,0.98104060,"{""0-1"": 0.9810405969619751}"
521,-0.00377626,"{""0-1"": -0.0037762634456157684}"
522,0.43053013,"{""0-1"": 0.4305301308631897}"
523,0.57310176,"{""0-1"": 0.5731017589569092}"
524,0.28252029,"{""0-1"": 0.2825202941894531}"
525,0.07301712,"{""0-1"": 0.07301712036132812}"
526,0.11619738,"{""0-1"": 0.1161973848938942}"
527,-0.01062362,"{""0-1"": -0.010623617097735405}"
528,0.99997038,"{""0-1"": 0.9999703764915466}"
529,0.02037012,"{""0-1"": 0.0203701164573431}"
530,0.06397229,"{""0-1"": 0.06397228688001633}"
531,-0.03091042,"{""0-1"": -0.030910421162843704}"
532,-0.02634878,"{""0-1"": -0.026348775252699852}"
533,0.26063758,"{""0-1"": 0.2606375813484192}"
534,0.12006527,"{""0-1"": 0.12006527185440063}"
535,0.38263303,"{""0-1"": 0.3826330304145813}"
536,0.99999750,"{""0-1"": 0.9999974966049194}"
537,0.99999690,"{""0-1"": 0.9999969005584717}"
538,0.06397709,"{""0-1"": 0.06397708505392075}"
539,0.19203198,"{""0-1"": 0.19203197956085205}"
540,0.91370165,"{""0-1"": 0.9137016534805298}"
541,-0.00094230,"{""0-1"": -0.0009423024021089077}"
542,0.08804694,"{""0-1"": 0.08804693818092346}"
543,0.24002968,"{""0-1"": 0.24002967774868011}"
544,0.02956144,"{""0-1"": 0.029561439529061317}"
545,0.04988205,"{""0-1"": 0.04988204687833786}"
546,0.99999589,"{""0-1"": 0.9999958872795105}"
547,0.99974680,"{""0-1"": 0.9997467994689941}"
548,0.09820627,"{""0-1"": 0.09820627421140671}"
549,0.37977195,"{""0-1"": 0.3797719478607178}"
550,0.37101439,"{""0-1"": 0.37101438641548157}"
551,0.00150007,"{""0-1"": 0.0015000745188444853}"
552,0.73812449,"{""0-1"": 0.7381244897842407}"
553,0.15522732,"{""0-1"": 0.15522731840610504}"
554,0.03202240,"{""0-1"": 0.03202240169048309}"
555,0.99999446,"{""0-1"": 0.9999944567680359}"
556,-0.05691007,"{""0-1"": -0.05691006779670715}"
557,-0.00984996,"{""0-1"": -0.00984995998442173}"
558,-0.01645818,"{""0-1"": -0.0164581760764122}"
559,-0.14227465,"{""0-1"": -0.1422746479511261}"
560,0.00000000,{}
561,0.26051494,"{""0-1"": 0.2605149447917938}"
562,0.00000000,{}
563,0.20389692,"{""0-1"": 0.2038969248533249}"
564,0.00000000,{}
565,0.06671553,"{""0-1"": 0.0667155310511589}"
566,0.96244901,"{""0-1"": 0.9624490141868591}"
567,0.43675625,"{""0-1"": 0.4367562532424927}"
568,0.22768191,"{""0-1"": 0.22768190503120422}"
569,0.09916060,"{""0-1"": 0.09916059672832489}"
570,0.33233929,"{""0-1"": 0.3323392868041992}"
571,0.99999994,"{""0-1"": 0.9999999403953552}"
572,0.01664388,"{""0-1"": 0.016643881797790527}"
573,-0.00930241,"{""0-1"": -0.009302414022386074}"
574,0.49515924,"{""0-1"": 0.49515923857688904}"
575,0.20525888,"{""0-1"": 0.20525887608528137}"
576,-0.02938971,"{""0-1"": -0.02938970737159252}"
577,0.08611118,"{""0-1"": 0.08611118048429489}"
578,0.08310597,"{""0-1"": 0.08310597389936447}"
579,0.06089045,"{""0-1"": 0.060890454798936844}"
580,0.41082615,"{""0-1"": 0.4108261466026306}"
581,0.99999577,"{""0-1"": 0.999995768070221}"
582,0.08804694,"{""0-1"": 0.08804693818092346}"
584,-0.02288432,"{""0-1"": -0.022884318605065346}"
585,0.13360754,"{""0-1"": 0.13360753655433655}"
586,0.23488259,"{""0-1"": 0.23488259315490723}"
587,0.10569030,"{""0-1"": 0.10569030046463013}"
588,0.00000000,{}
589,0.02377377,"{""0-1"": 0.023773767054080963}"
590,0.17161407,"{""0-1"": 0.17161406576633453}"
591,0.16319677,"{""0-1"": 0.16319677233695984}"
592,0.07449047,"{""0-1"": 0.07449046522378922}"
593,-0.01651154,"{""0-1"": -0.016511542722582817}"
594,0.99999279,"{""0-1"": 0.9999927878379822}"
595,0.07739423,"{""0-1"": 0.07739423215389252}"
596,0.99999171,"{""0-1"": 0.9999917149543762}"
597,0.13122681,"{""0-1"": 0.1312268078327179}"
598,0.06879517,"{""0-1"": 0.06879517436027527}"
599,0.01430430,"{""0-1"": 0.014304299838840961}"
600,0.23327908,"{""0-1"": 0.23327907919883728}"
601,0.29222432,"{""0-1"": 0.29222431778907776}"
602,0.00000000,{}
603,0.24615362,"{""0-1"": 0.24615362286567688}"
604,0.09417617,"{""0-1"": 0.09417617321014404}"
605,0.31785399,"{""0-1"": 0.31785398721694946}"
606,0.99998587,"{""0-1"": 0.9999858736991882}"
607,-0.05871435,"{""0-1"": -0.05871434509754181}"
608,0.99918807,"{""0-1"": 0.9991880655288696}"
609,0.04988205,"{""0-1"": 0.04988204687833786}"
610,0.07887951,"{""0-1"": 0.07887951284646988}"
611,0.63140309,"{""0-1"": 0.6314030885696411}"
612,0.00000000,{}
613,0.99918807,"{""0-1"": 0.9991880655288696}"
614,0.99999714,"{""0-1"": 0.9999971389770508}"
615,0.93798435,"{""0-1"": 0.9379843473434448}"
616,0.26999316,"{""0-1"": 0.2699931561946869}"
617,-0.07417519,"{""0-1"": -0.07417518645524979}"
618,-0.00377626,"{""0-1"": -0.0037762634456157684}"
619,0.84439427,"{""0-1"": 0.8443942666053772}"
620,0.26270339,"{""0-1"": 0.26270338892936707}"
621,0.92853707,"{""0-1"": 0.9285370707511902}"
622,0.00000000,{}
624,0.06472220,"{""0-1"": 0.0647222027182579}"
625,0.03735920,"{""0-1"": 0.037359196692705154}"
626,0.14901927,"{""0-1"": 0.1490192711353302}"
627,0.20731506,"{""0-1"": 0.20731505751609802}"
628,0.23786055,"{""0-1"": 0.2378605455160141}"
629,0.28844342,"{""0-1"": 0.2884434163570404}"
630,0.00000000,{}
631,0.14839502,"{""0-1"": 0.14839501678943634}"
632,0.33021000,"{""0-1"": 0.33021000027656555}"
633,0.99999946,"{""0-1"": 0.999999463558197}"
634,0.89560330,"{""0-1"": 0.8956032991409302}"
635,0.38163909,"{""0-1"": 0.3816390931606293}"
636,-0.04906199,"{""0-1"": -0.04906199499964714}"
637,0.10752887,"{""0-1"": 0.10752887278795242}"
638,0.19203198,"{""0-1"": 0.19203197956085205}"
639,0.99341226,"{""0-1"": 0.9934122562408447}"
640,0.05413035,"{""0-1"": 0.05413035303354263}"
641,0.08396925,"{""0-1"": 0.08396925032138824}"
642,0.99874252,"{""0-1"": 0.9987425208091736}"
643,0.00000000,{}
644,0.44775200,"{""0-1"": 0.4477519989013672}"
645,0.18207613,"{""0-1"": 0.1820761263370514}"
646,0.69112575,"{""0-1"": 0.691125750541687}"
647,0.15049405,"{""0-1"": 0.1504940539598465}"
648,0.21960357,"{""0-1"": 0.21960356831550598}"
649,0.23099168,"{""0-1"": 0.2309916764497757}"
650,0.30778322,"{""0-1"": 0.30778321623802185}"
651,-0.10884469,"{""0-1"": -0.10884469002485275}"
652,0.00691059,"{""0-1"": 0.0069105857983231544}"
653,0.62392038,"{""0-1"": 0.6239203810691833}"
654,0.19645424,"{""0-1"": 0.1964542418718338}"
655,-0.10986732,"{""0-1"": -0.10986731946468353}"
656,0.39891577,"{""0-1"": 0.39891576766967773}"
657,0.04592967,"{""0-1"": 0.0459296740591526}"
658,0.02233564,"{""0-1"": 0.02233564294874668}"
659,0.04394799,"{""0-1"": 0.043947987258434296}"
660,0.47252855,"{""0-1"": 0.4725285470485687}"
661,0.85964835,"{""0-1"": 0.8596483469009399}"
662,0.16400231,"{""0-1"": 0.16400231420993805}"
663,0.99999613,"{""0-1"": 0.9999961256980896}"
664,0.21566993,"{""0-1"": 0.2156699299812317}"
665,0.04988205,"{""0-1"": 0.04988204687833786}"
666,0.13800430,"{""0-1"": 0.13800430297851562}"
667,-0.05691007,"{""0-1"": -0.05691006779670715}"
668,0.79828602,"{""0-1"": 0.7982860207557678}"
669,0.30968654,"{""0-1"": 0.309686541557312}"
670,-0.06957423,"{""0-1"": -0.06957422941923141}"
671,0.29445237,"{""0-1"": 0.29445236921310425}"
672,0.32644489,"{""0-1"": 0.3264448940753937}"
673,0.15351522,"{""0-1"": 0.15351521968841553}"
674,0.40212092,"{""0-1"": 0.4021209180355072}"
675,0.99999326,"{""0-1"": 0.9999932646751404}"
676,0.63641107,"{""0-1"": 0.6364110708236694}"
677,0.99999607,"{""0-1"": 0.9999960660934448}"
678,0.12360055,"{""0-1"": 0.1236005499958992}"
679,0.00000000,{}
680,0.26318815,"{""0-1"": 0.2631881535053253}"
681,0.35154599,"{""0-1"": 0.3515459895133972}"
682,0.19495298,"{""0-1"": 0.19495297968387604}"
683,0.37101439,"{""0-1"": 0.37101438641548157}"
684,0.99999154,"{""0-1"": 0.9999915361404419}"
685,0.60279441,"{""0-1"": 0.6027944087982178}"
686,0.00399474,"{""0-1"": 0.003994741477072239}"
687,0.11964887,"{""0-1"": 0.11964886635541916}"
688,0.99936837,"{""0-1"": 0.9993683695793152}"
689,0.01441603,"{""0-1"": 0.014416027814149857}"
690,0.99874252,"{""0-1"": 0.9987425208091736}"
691,0.09828842,"{""0-1"": 0.09828842431306839}"
692,-0.01972317,"{""0-1"": -0.01972317136824131}"
693,0.61913109,"{""0-1"": 0.6191310882568359}"
694,0.62392038,"{""0-1"": 0.6239203810691833}"
695,0.99995637,"{""0-1"": 0.9999563694000244}"
696,0.13213760,"{""0-1"": 0.13213759660720825}"
697,0.25593004,"{""0-1"": 0.2559300363063812}"
698,0.37310439,"{""0-1"": 0.37310439348220825}"
699,0.99997795,"{""0-1"": 0.9999779462814331}"
700,0.10532919,"{""0-1"": 0.10532918572425842}"
701,0.21019986,"{""0-1"": 0.21019986271858215}"
702,0.99999511,"{""0-1"": 0.9999951124191284}"
703,0.14918405,"{""0-1"": 0.14918404817581177}"
704,0.05811786,"{""0-1"": 0.05811786279082298}"
705,0.99998248,"{""0-1"": 0.999982476234436}"
706,0.19423133,"{""0-1"": 0.1942313313484192}"
707,0.05112924,"{""0-1"": 0.051129236817359924}"
708,-0.03004612,"{""0-1"": -0.030046124011278152}"
709,0.37176931,"{""0-1"": 0.3717693090438843}"
710,0.00000000,{}
711,0.11304460,"{""0-1"": 0.1130446046590805}"
712,0.99999869,"{""0-1"": 0.9999986886978149}"
713,0.48762625,"{""0-1"": 0.48762625455856323}"
714,0.33969751,"{""0-1"": 0.3396975100040436}"
715,0.12366509,"{""0-1"": 0.12366508692502975}"
716,0.13945703,"{""0-1"": 0.13945703208446503}"
717,0.99918807,"{""0-1"": 0.9991880655288696}"
718,0.99998009,"{""0-1"": 0.999980092048645}"
719,0.99989080,"{""0-1"": 0.9998908042907715}"
720,-0.10573122,"{""0-1"": -0.10573121905326843}"
721,0.18629450,"{""0-1"": 0.18629449605941772}"
722,0.29216620,"{""0-1"": 0.29216620326042175}"
723,0.20351203,"{""0-1"": 0.2035120278596878}"
724,-0.06051519,"{""0-1"": -0.06051518768072128}"
725,0.63641107,"{""0-1"": 0.6364110708236694}"
726,0.29745242,"{""0-1"": 0.2974524199962616}"
727,0.28955317,"{""0-1"": 0.289553165435791}"
728,0.07799834,"{""0-1"": 0.0779983401298523}"
729,-0.03063136,"{""0-1"": -0.030631355941295624}"
730,0.00000000,{}
731,-0.08352679,"{""0-1"": -0.08352679014205933}"
732,0.15618061,"{""0-1"": 0.15618060529232025}"
733,0.28909767,"{""0-1"": 0.2890976667404175}"
734,0.09978464,"{""0-1"": 0.09978464245796204}"
735,0.06093743,"{""0-1"": 0.06093743070960045}"
736,0.00399474,"{""0-1"": 0.003994741477072239}"
737,0.05505123,"{""0-1"": 0.055051226168870926}"
738,0.99997878,"{""0-1"": 0.99997878074646}"
739,0.13751642,"{""0-1"": 0.13751642405986786}"
740,0.24877214,"{""0-1"": 0.24877214431762695}"
741,0.02781873,"{""0-1"": 0.02781873196363449}"
742,0.83720475,"{""0-1"": 0.8372047543525696}"
743,0.00000000,{}
744,-0.09822651,"{""0-1"": -0.09822650998830795}"
745,0.05065048,"{""0-1"": 0.05065048113465309}"
746,-0.03238729,"{""0-1"": -0.03238729387521744}"
747,0.09756945,"{""0-1"": 0.09756945073604584}"
748,0.20236024,"{""0-1"": 0.20236024260520935}"
749,0.00000000,{}
750,-0.03238729,"{""0-1"": -0.03238729387521744}"
751,-0.01163834,"{""0-1"": -0.011638336814939976}"
752,0.27677903,"{""0-1"": 0.27677902579307556}"
753,-0.00781498,"{""0-1"": -0.007814982905983925}"
754,0.02920295,"{""0-1"": 0.02920294553041458}"
755,0.07800578,"{""0-1"": 0.07800577580928802}"
756,0.64561617,"{""0-1"": 0.6456161737442017}"
757,0.22140853,"{""0-1"": 0.22140853106975555}"
758,0.01709379,"{""0-1"": 0.01709378883242607}"
759,-0.05676258,"{""0-1"": -0.056762583553791046}"
760,-0.06051519,"{""0-1"": -0.06051518768072128}"
761,0.02884357,"{""0-1"": 0.02884356863796711}"
762,-0.05691007,"{""0-1"": -0.05691006779670715}"
763,0.19156134,"{""0-1"": 0.19156134128570557}"
764,-0.00167005,"{""0-1"": -0.0016700481064617634}"
765,-0.00241808,"{""0-1"": -0.002418078016489744}"
766,-0.03004612,"{""0-1"": -0.030046124011278152}"
767,0.08770438,"{""0-1"": 0.0877043753862381}"
768,0.00000000,{}
769,0.99999982,"{""0-1"": 0.9999998211860657}"
770,0.00380227,"{""0-1"": 0.003802274353802204}"
771,-0.02257158,"{""0-1"": -0.02257157862186432}"
772,0.10016073,"{""0-1"": 0.10016073286533356}"
773,0.19818312,"{""0-1"": 0.1981831192970276}"
774,0.06988650,"{""0-1"": 0.06988649815320969}"
775,-0.02310507,"{""0-1"": -0.02310507372021675}"
776,0.00000000,{}
777,0.04371499,"{""0-1"": 0.043714988976716995}"
778,0.16721766,"{""0-1"": 0.1672176569700241}"
779,0.19218406,"{""0-1"": 0.19218406081199646}"
780,0.92853707,"{""0-1"": 0.9285370707511902}"
781,0.98449481,"{""0-1"": 0.9844948053359985}"
782,0.33295700,"{""0-1"": 0.332956999540329}"
783,0.01041353,"{""0-1"": 0.010413531213998795}"
784,0.34011906,"{""0-1"": 0.34011906385421753}"
785,0.14195591,"{""0-1"": 0.1419559121131897}"
786,0.10494213,"{""0-1"": 0.10494212806224823}"
787,0.17608190,"{""0-1"": 0.17608189582824707}"
788,-0.07981902,"{""0-1"": -0.07981901615858078}"
789,0.29859233,"{""0-1"": 0.29859232902526855}"
790,0.18297048,"{""0-1"": 0.18297047913074493}"
791,1.00000000,"{""0-1"": 1.0}"
792,0.06687244,"{""0-1"": 0.06687244027853012}"
793,0.19715421,"{""0-1"": 0.1971542090177536}"
794,0.10490383,"{""0-1"": 0.10490383207798004}"
795,-0.01723132,"{""0-1"": -0.017231319099664688}"
796,0.23991697,"{""0-1"": 0.23991696536540985}"
797,0.41922596,"{""0-1"": 0.4192259609699249}"
798,0.05745387,"{""0-1"": 0.05745386704802513}"
799,-0.12353881,"{""0-1"": -0.12353880703449249}"
800,0.07678992,"{""0-1"": 0.07678991556167603}"
801,0.23968302,"{""0-1"": 0.23968301713466644}"
802,0.00000000,{}
803,-0.01246746,"{""0-1"": -0.012467460706830025}"
804,0.31143507,"{""0-1"": 0.3114350736141205}"
805,0.06554452,"{""0-1"": 0.06554452329874039}"
806,0.05112924,"{""0-1"": 0.051129236817359924}"
807,0.08310737,"{""0-1"": 0.0831073746085167}"
808,0.11679187,"{""0-1"": 0.11679187417030334}"
809,0.20003876,"{""0-1"": 0.20003876090049744}"
810,0.99984556,"{""0-1"": 0.999845564365387}"
811,-0.02157759,"{""0-1"": -0.021577587351202965}"
812,0.10813273,"{""0-1"": 0.1081327348947525}"
813,-0.00134805,"{""0-1"": -0.001348048448562622}"
814,0.00000000,{}
815,0.13158999,"{""0-1"": 0.13158999383449554}"
816,0.00000000,{}
817,0.03386889,"{""0-1"": 0.03386889025568962}"
818,0.02997121,"{""0-1"": 0.029971208423376083}"
819,0.15018065,"{""0-1"": 0.1501806527376175}"
820,0.25945431,"{""0-1"": 0.25945430994033813}"
821,0.12265417,"{""0-1"": 0.12265416979789734}"
822,0.05980923,"{""0-1"": 0.059809230268001556}"
823,0.17200227,"{""0-1"": 0.17200227081775665}"
824,0.99999338,"{""0-1"": 0.9999933838844299}"
825,0.38371781,"{""0-1"": 0.383717805147171}"
826,0.11122252,"{""0-1"": 0.1112225204706192}"
827,0.14463711,"{""0-1"": 0.1446371078491211}"
828,0.99999928,"{""0-1"": 0.9999992847442627}"
829,0.96163934,"{""0-1"": 0.9616393446922302}"
830,0.11033936,"{""0-1"": 0.11033935844898224}"
831,0.04927059,"{""0-1"": 0.04927058517932892}"
832,0.00000000,{}
833,0.43670577,"{""0-1"": 0.4367057681083679}"
834,0.06481773,"{""0-1"": 0.06481773406267166}"
835,-0.10320779,"{""0-1"": -0.1032077893614769}"
836,0.99994373,"{""0-1"": 0.999943733215332}"
837,0.20776951,"{""0-1"": 0.207769513130188}"
838,0.00000000,{}
839,0.24705930,"{""0-1"": 0.24705930054187775}"
840,0.15671258,"{""0-1"": 0.1567125767469406}"
841,0.07024947,"{""0-1"": 0.07024946808815002}"
842,0.00138246,"{""0-1"": 0.001382460817694664}"
843,0.12457991,"{""0-1"": 0.12457991391420364}"
844,0.10316486,"{""0-1"": 0.10316485911607742}"
845,0.15351522,"{""0-1"": 0.15351521968841553}"
846,0.05045696,"{""0-1"": 0.05045696347951889}"
847,0.00000000,{}
848,0.39415407,"{""0-1"": 0.39415407180786133}"
849,0.07847687,"{""0-1"": 0.07847686856985092}"
850,0.03559257,"{""0-1"": 0.03559257090091705}"
851,0.99829698,"{""0-1"": 0.9982969760894775}"
852,0.02926385,"{""0-1"": 0.029263854026794434}"
853,0.07824552,"{""0-1"": 0.07824552059173584}"
854,0.09650880,"{""0-1"": 0.09650880098342896}"
855,0.43097091,"{""0-1"": 0.4309709072113037}"
856,0.18407010,"{""0-1"": 0.18407009541988373}"
857,0.99999744,"{""0-1"": 0.9999974370002747}"
858,0.36444572,"{""0-1"": 0.3644457161426544}"
859,0.36935529,"{""0-1"": 0.36935529112815857}"
860,0.00000000,{}
861,0.15447548,"{""0-1"": 0.15447548031806946}"
862,-0.14013970,"{""0-1"": -0.14013969898223877}"
863,0.23894523,"{""0-1"": 0.23894523084163666}"
864,0.98711175,"{""0-1"": 0.9871117472648621}"
865,0.33070174,"{""0-1"": 0.3307017385959625}"
866,0.01132424,"{""0-1"": 0.011324241757392883}"
867,0.19843139,"{""0-1"": 0.19843138754367828}"
868,0.04015467,"{""0-1"": 0.04015466570854187}"
869,0.06278495,"{""0-1"": 0.06278494745492935}"
870,0.15497622,"{""0-1"": 0.15497621893882751}"
871,0.20410192,"{""0-1"": 0.20410192012786865}"
872,0.19778651,"{""0-1"": 0.19778650999069214}"
873,0.00000000,{}
874,0.56843686,"{""0-1"": 0.568436861038208}"
875,0.05200354,"{""0-1"": 0.05200354382395744}"
876,0.04808348,"{""0-1"": 0.048083484172821045}"
877,0.25582343,"{""0-1"": 0.25582343339920044}"
878,0.07468399,"{""0-1"": 0.07468399405479431}"
879,0.09995326,"{""0-1"": 0.09995325654745102}"
880,0.30439213,"{""0-1"": 0.30439212918281555}"
881,-0.05405288,"{""0-1"": -0.05405288189649582}"
882,0.12171938,"{""0-1"": 0.1217193752527237}"
883,0.14397626,"{""0-1"": 0.14397625625133514}"
884,0.01565954,"{""0-1"": 0.01565953530371189}"
885,0.08611557,"{""0-1"": 0.08611556887626648}"
886,0.14748640,"{""0-1"": 0.14748640358448029}"
887,0.04988205,"{""0-1"": 0.04988204687833786}"
888,0.04927059,"{""0-1"": 0.04927058517932892}"
889,0.19203198,"{""0-1"": 0.19203197956085205}"
890,0.04988205,"{""0-1"": 0.04988204687833786}"
891,-0.01637651,"{""0-1"": -0.01637651026248932}"
892,0.47276121,"{""0-1"": 0.47276121377944946}"
893,0.25466967,"{""0-1"": 0.2546696662902832}"
894,-0.06384161,"{""0-1"": -0.06384161114692688}"
895,0.25957650,"{""0-1"": 0.2595764994621277}"
896,0.11487079,"{""0-1"": 0.11487078666687012}"
897,0.07617863,"{""0-1"": 0.07617863267660141}"
898,0.11471841,"{""0-1"": 0.11471840739250183}"
899,0.36594209,"{""0-1"": 0.3659420907497406}"
900,-0.01899973,"{""0-1"": -0.0189997348934412}"
901,0.05505123,"{""0-1"": 0.055051226168870926}"
902,0.13135950,"{""0-1"": 0.1313595026731491}"
903,0.00000000,{}
904,0.99998558,"{""0-1"": 0.9999855756759644}"
905,0.06457118,"{""0-1"": 0.06457117944955826}"
906,0.99999505,"{""0-1"": 0.9999950528144836}"
907,0.30706915,"{""0-1"": 0.30706915259361267}"
908,0.16730325,"{""0-1"": 0.16730324923992157}"
909,0.02022330,"{""0-1"": 0.020223302766680717}"
910,0.27365792,"{""0-1"": 0.2736579179763794}"
911,-0.03566393,"{""0-1"": -0.03566393256187439}"
912,0.99997962,"{""0-1"": 0.9999796152114868}"
913,0.21278043,"{""0-1"": 0.2127804309129715}"
914,0.45026129,"{""0-1"": 0.45026129484176636}"
915,-0.04893818,"{""0-1"": -0.04893818125128746}"
916,-0.03406218,"{""0-1"": -0.03406217694282532}"
917,-0.01588565,"{""0-1"": -0.015885652974247932}"
918,0.99918807,"{""0-1"": 0.9991880655288696}"
919,0.00000000,{}
920,0.18742570,"{""0-1"": 0.18742570281028748}"
921,0.07433347,"{""0-1"": 0.07433347404003143}"
922,0.99999636,"{""0-1"": 0.9999963641166687}"
923,0.00000000,{}
924,0.10953354,"{""0-1"": 0.10953354090452194}"
925,0.34378687,"{""0-1"": 0.3437868654727936}"
926,0.99999827,"{""0-1"": 0.9999982714653015}"
927,0.21627159,"{""0-1"": 0.21627159416675568}"
928,0.33295700,"{""0-1"": 0.332956999540329}"
929,0.20964324,"{""0-1"": 0.20964324474334717}"
930,-0.04293486,"{""0-1"": -0.04293486103415489}"
931,0.01929247,"{""0-1"": 0.019292471930384636}"
932,0.21610519,"{""0-1"": 0.21610519289970398}"
933,0.00461501,"{""0-1"": 0.004615006968379021}"
934,0.45057756,"{""0-1"": 0.4505775570869446}"
935,0.32644489,"{""0-1"": 0.3264448940753937}"
936,-0.00984996,"{""0-1"": -0.00984995998442173}"
937,0.99995929,"{""0-1"": 0.9999592900276184}"
938,-0.09223308,"{""0-1"": -0.0922330841422081}"
939,0.15671258,"{""0-1"": 0.1567125767469406}"
940,0.06679539,"{""0-1"": 0.06679539382457733}"
941,0.47864732,"{""0-1"": 0.4786473214626312}"
942,0.22854917,"{""0-1"": 0.22854916751384735}"
943,0.36312947,"{""0-1"": 0.36312946677207947}"
944,0.00000000,{}
945,0.05514371,"{""0-1"": 0.05514371395111084}"
946,0.24285112,"{""0-1"": 0.242851123213768}"
947,-0.12353881,"{""0-1"": -0.12353880703449249}"
948,0.99999923,"{""0-1"": 0.9999992251396179}"
949,0.18657224,"{""0-1"": 0.18657223880290985}"
950,0.13402021,"{""0-1"": 0.13402020931243896}"
951,0.51218474,"{""0-1"": 0.512184739112854}"
952,0.33650216,"{""0-1"": 0.33650216460227966}"
953,0.99995637,"{""0-1"": 0.9999563694000244}"
954,0.17644870,"{""0-1"": 0.17644870281219482}"
955,0.00763033,"{""0-1"": 0.00763032678514719}"
956,0.40795407,"{""0-1"": 0.40795406699180603}"
957,0.99999720,"{""0-1"": 0.9999971985816956}"
958,0.36568892,"{""0-1"": 0.36568892002105713}"
959,0.27781060,"{""0-1"": 0.27781060338020325}"
960,0.99974680,"{""0-1"": 0.9997467994689941}"
961,0.01921674,"{""0-1"": 0.019216740503907204}"
962,0.11295214,"{""0-1"": 0.11295213550329208}"
963,0.01010052,"{""0-1"": 0.01010051928460598}"
964,-0.13286914,"{""0-1"": -0.13286913931369781}"
965,0.12167376,"{""0-1"": 0.12167375534772873}"
966,-0.00912156,"{""0-1"": -0.00912155769765377}"
967,-0.16894168,"{""0-1"": -0.1689416766166687}"
968,0.25963357,"{""0-1"": 0.2596335709095001}"
969,0.22463278,"{""0-1"": 0.22463278472423553}"
970,0.36257094,"{""0-1"": 0.36257094144821167}"
971,0.36680171,"{""0-1"": 0.3668017089366913}"
972,0.00000000,{}
973,0.14243723,"{""0-1"": 0.14243723452091217}"
974,0.96799779,"{""0-1"": 0.9679977893829346}"
975,0.24002968,"{""0-1"": 0.24002967774868011}"
976,0.07800578,"{""0-1"": 0.07800577580928802}"
977,0.99999917,"{""0-1"": 0.9999991655349731}"
978,0.21614987,"{""0-1"": 0.21614986658096313}"
979,0.45626959,"{""0-1"": 0.45626959204673767}"
980,-0.06051519,"{""0-1"": -0.06051518768072128}"
981,0.03825739,"{""0-1"": 0.03825739398598671}"
982,0.07399404,"{""0-1"": 0.07399404048919678}"
983,0.01664388,"{""0-1"": 0.016643881797790527}"
984,0.06580370,"{""0-1"": 0.06580369919538498}"
985,0.99999964,"{""0-1"": 0.9999996423721313}"
986,0.01078916,"{""0-1"": 0.01078916247934103}"
987,0.63888985,"{""0-1"": 0.6388898491859436}"
988,0.99999994,"{""0-1"": 0.9999999403953552}"
989,0.47276121,"{""0-1"": 0.47276121377944946}"
990,0.99999344,"{""0-1"": 0.9999934434890747}"
991,0.04293929,"{""0-1"": 0.042939286679029465}"
992,-0.03470528,"{""0-1"": -0.03470528498291969}"
993,0.12430794,"{""0-1"": 0.12430793792009354}"
994,0.33148974,"{""0-1"": 0.3314897418022156}"
995,0.09186324,"{""0-1"": 0.0918632373213768}"
996,-0.01906209,"{""0-1"": -0.019062088802456856}"
997,0.04914854,"{""0-1"": 0.049148544669151306}"
998,0.33483514,"{""0-1"": 0.33483514189720154}"
999,0.08060597,"{""0-1"": 0.08060596883296967}"
1000,0.91756076,"{""0-1"": 0.9175607562065125}"
1001,0.13628548,"{""0-1"": 0.13628548383712769}"
1002,0.20665421,"{""0-1"": 0.20665420591831207}"
1003,0.17651756,"{""0-1"": 0.1765175610780716}"
1004,-0.03511304,"{""0-1"": -0.03511303663253784}"
1005,-0.10769454,"{""0-1"": -0.10769454389810562}"
1006,0.05545021,"{""0-1"": 0.055450208485126495}"
1007,0.88901365,"{""0-1"": 0.8890136480331421}"
1008,0.27069101,"{""0-1"": 0.27069100737571716}"
1009,0.31886205,"{""0-1"": 0.31886205077171326}"
1010,-0.08647189,"{""0-1"": -0.08647188544273376}"
1011,0.07847687,"{""0-1"": 0.07847686856985092}"
1012,0.14968126,"{""0-1"": 0.14968125522136688}"
1013,-0.00103865,"{""0-1"": -0.0010386522626504302}"
1014,0.16501744,"{""0-1"": 0.16501744091510773}"
1015,0.99974680,"{""0-1"": 0.9997467994689941}"
1016,0.08310737,"{""0-1"": 0.0831073746085167}"
1017,0.06457118,"{""0-1"": 0.06457117944955826}"
1018,0.56453216,"{""0-1"": 0.5645321607589722}"
1019,0.02826083,"{""0-1"": 0.02826082892715931}"
1020,-0.06591091,"{""0-1"": -0.06591090559959412}"
1021,0.99999249,"{""0-1"": 0.9999924898147583}"
1022,0.22843163,"{""0-1"": 0.22843162715435028}"
1023,-0.02762496,"{""0-1"": -0.027624964714050293}"
1024,0.08521372,"{""0-1"": 0.08521372079849243}"
1025,0.99998766,"{""0-1"": 0.9999876618385315}"
1026,0.99974680,"{""0-1"": 0.9997467994689941}"
1027,0.54191679,"{""0-1"": 0.5419167876243591}"
1028,0.14436562,"{""0-1"": 0.14436562359333038}"
1029,0.71355581,"{""0-1"": 0.7135558128356934}"
1030,0.99997801,"{""0-1"": 0.9999780058860779}"
1031,0.15758465,"{""0-1"": 0.15758465230464935}"
1032,0.22615355,"{""0-1"": 0.22615355253219604}"
1033,0.24642962,"{""0-1"": 0.24642962217330933}"
1034,0.10482458,"{""0-1"": 0.10482458025217056}"
1035,0.99999624,"{""0-1"": 0.9999962449073792}"
1036,0.37062728,"{""0-1"": 0.3706272840499878}"
1037,0.99829698,"{""0-1"": 0.9982969760894775}"
1038,0.99995637,"{""0-1"": 0.9999563694000244}"
1039,0.91756076,"{""0-1"": 0.9175607562065125}"
1040,0.46875909,"{""0-1"": 0.46875908970832825}"
1041,0.99788421,"{""0-1"": 0.997884213924408}"
1042,0.99999171,"{""0-1"": 0.9999917149543762}"
1043,0.00071204,"{""0-1"": 0.0007120389491319656}"
1044,0.99999744,"{""0-1"": 0.9999974370002747}"
1045,0.20003651,"{""0-1"": 0.20003651082515717}"
1046,0.98711175,"{""0-1"": 0.9871117472648621}"
1047,0.38159564,"{""0-1"": 0.381595641374588}"
1048,0.29162294,"{""0-1"": 0.29162293672561646}"
1049,0.25510630,"{""0-1"": 0.2551063001155853}"
1050,-0.05769288,"{""0-1"": -0.05769287794828415}"
1051,0.30088353,"{""0-1"": 0.30088353157043457}"
1052,0.68765086,"{""0-1"": 0.6876508593559265}"
1053,0.26379737,"{""0-1"": 0.2637973725795746}"
1054,0.02345940,"{""0-1"": 0.02345939539372921}"
1055,0.00000000,{}
1056,0.61260796,"{""0-1"": 0.6126079559326172}"
1057,0.05055930,"{""0-1"": 0.05055929720401764}"
1058,0.69297993,"{""0-1"": 0.6929799318313599}"
1059,0.00092044,"{""0-1"": 0.0009204410016536713}"
1060,-0.06957423,"{""0-1"": -0.06957422941923141}"
1061,0.35975367,"{""0-1"": 0.35975366830825806}"
1062,-0.06051519,"{""0-1"": -0.06051518768072128}"
1063,-0.04284676,"{""0-1"": -0.042846761643886566}"
1064,0.27400923,"{""0-1"": 0.27400922775268555}"
1065,-0.03753114,"{""0-1"": -0.037531137466430664}"
1066,-0.06051519,"{""0-1"": -0.06051518768072128}"
1067,-0.00453447,"{""0-1"": -0.004534468986093998}"
1068,0.33337268,"{""0-1"": 0.33337268233299255}"
1069,-0.01498963,"{""0-1"": -0.014989626593887806}"
1070,0.51456797,"{""0-1"": 0.5145679712295532}"
1071,0.21161102,"{""0-1"": 0.21161101758480072}"
1072,0.13135950,"{""0-1"": 0.1313595026731491}"
1073,0.00000000,{}
1074,0.09074944,"{""0-1"": 0.09074943512678146}"
1075,0.99999547,"{""0-1"": 0.9999954700469971}"
1076,0.97238296,"{""0-1"": 0.9723829627037048}"
1077,0.50384742,"{""0-1"": 0.5038474202156067}"
1078,0.20722084,"{""0-1"": 0.20722083747386932}"
1079,0.06498852,"{""0-1"": 0.06498852372169495}"
1080,0.06876693,"{""0-1"": 0.06876692920923233}"
1081,0.00000000,{}
1082,0.05514371,"{""0-1"": 0.05514371395111084}"
1083,-0.03061448,"{""0-1"": -0.03061448037624359}"
1084,0.33950689,"{""0-1"": 0.3395068943500519}"
1085,0.28909767,"{""0-1"": 0.2890976667404175}"
1086,0.98023337,"{""0-1"": 0.980233371257782}"
1087,0.99974680,"{""0-1"": 0.9997467994689941}"
1088,0.07881847,"{""0-1"": 0.07881847023963928}"
1089,-0.04158970,"{""0-1"": -0.041589703410863876}"
1090,0.39717087,"{""0-1"": 0.39717087149620056}"
1091,0.15078855,"{""0-1"": 0.1507885456085205}"
1092,0.03451395,"{""0-1"": 0.03451394662261009}"
1093,-0.01887198,"{""0-1"": -0.018871983513236046}"
1094,0.29765600,"{""0-1"": 0.29765599966049194}"
1095,-0.05627137,"{""0-1"": -0.05627136677503586}"
1096,0.13135950,"{""0-1"": 0.1313595026731491}"
1097,0.68997532,"{""0-1"": 0.6899753212928772}"
1098,0.00000000,{}
1099,0.04015467,"{""0-1"": 0.04015466570854187}"
1100,0.97669464,"{""0-1"": 0.976694643497467}"
1101,0.00000000,{}
1102,0.00000000,{}
1103,0.37101439,"{""0-1"": 0.37101438641548157}"
1104,0.99999994,"{""0-1"": 0.9999999403953552}"
1105,0.99981594,"{""0-1"": 0.9998159408569336}"
1106,0.33969751,"{""0-1"": 0.3396975100040436}"
1107,0.13841344,"{""0-1"": 0.1384134441614151}"
1108,0.20361821,"{""0-1"": 0.20361821353435516}"
1109,0.04927059,"{""0-1"": 0.04927058517932892}"
1110,0.23145296,"{""0-1"": 0.23145295679569244}"
1111,0.18827954,"{""0-1"": 0.18827953934669495}"
1112,0.42971569,"{""0-1"": 0.42971569299697876}"
1113,0.42662629,"{""0-1"": 0.4266262948513031}"
1114,0.09823485,"{""0-1"": 0.09823484718799591}"
1115,0.00000000,{}
1116,0.44108593,"{""0-1"": 0.44108593463897705}"
1117,0.36594209,"{""0-1"": 0.3659420907497406}"
1118,-0.12099598,"{""0-1"": -0.12099598348140717}"
1119,0.02037012,"{""0-1"": 0.0203701164573431}"
1120,0.63140309,"{""0-1"": 0.6314030885696411}"
1121,1.00000024,"{""0-1"": 1.000000238418579}"
1122,-0.14221846,"{""0-1"": -0.1422184556722641}"
1123,0.24391416,"{""0-1"": 0.2439141571521759}"
1124,0.00366502,"{""0-1"": 0.0036650169640779495}"
1125,0.27134296,"{""0-1"": 0.2713429629802704}"
1126,0.27631155,"{""0-1"": 0.2763115465641022}"
1127,0.00000000,{}
1128,0.05849862,"{""0-1"": 0.05849861726164818}"
1129,0.16034332,"{""0-1"": 0.16034331917762756}"
1130,0.64907712,"{""0-1"": 0.6490771174430847}"
1131,-0.00508167,"{""0-1"": -0.005081667099148035}"
1132,0.19603316,"{""0-1"": 0.19603316485881805}"
1133,0.24806827,"{""0-1"": 0.24806827306747437}"
1134,0.04577449,"{""0-1"": 0.045774493366479874}"
1135,0.29445237,"{""0-1"": 0.29445236921310425}"
1136,0.00000000,{}
1137,0.99918807,"{""0-1"": 0.9991880655288696}"
1138,0.16188344,"{""0-1"": 0.16188344359397888}"
1139,0.40257004,"{""0-1"": 0.40257003903388977}"
1140,0.07831964,"{""0-1"": 0.07831963896751404}"
1141,0.64418840,"{""0-1"": 0.644188404083252}"
1142,0.20731506,"{""0-1"": 0.20731505751609802}"
1143,0.03451395,"{""0-1"": 0.03451394662261009}"
1144,0.21816979,"{""0-1"": 0.21816979348659515}"
1145,0.00000000,{}
1146,-0.00777013,"{""0-1"": -0.007770128548145294}"
1147,0.41558015,"{""0-1"": 0.415580153465271}"
1148,0.99874252,"{""0-1"": 0.9987425208091736}"
1149,-0.01449015,"{""0-1"": -0.01449014525860548}"
1150,0.52408630,"{""0-1"": 0.5240862965583801}"
1151,0.00328224,"{""0-1"": 0.0032822350040078163}"
1152,0.97918808,"{""0-1"": 0.979188084602356}"
1153,-0.09272902,"{""0-1"": -0.09272901713848114}"
1154,0.09958377,"{""0-1"": 0.09958376735448837}"
1155,-0.02250502,"{""0-1"": -0.022505022585392}"
1156,0.20719358,"{""0-1"": 0.20719358325004578}"
1157,-0.14040032,"{""0-1"": -0.14040032029151917}"
1158,-0.00771309,"{""0-1"": -0.007713093422353268}"
1159,0.80252922,"{""0-1"": 0.8025292158126831}"
1160,0.96351635,"{""0-1"": 0.963516354560852}"
1161,0.99974680,"{""0-1"": 0.9997467994689941}"
1162,0.00000000,{}
1163,0.00000000,{}
1164,0.15671258,"{""0-1"": 0.1567125767469406}"
1165,0.39465845,"{""0-1"": 0.3946584463119507}"
1166,0.00000000,{}
1167,0.00000000,{}
1168,0.99999982,"{""0-1"": 0.9999998211860657}"
1169,0.26175326,"{""0-1"": 0.26175326108932495}"
1170,-0.05799703,"{""0-1"": -0.05799702927470207}"
1171,0.31740922,"{""0-1"": 0.3174092173576355}"
1172,-0.10210212,"{""0-1"": -0.1021021232008934}"
1173,0.99998999,"{""0-1"": 0.9999899864196777}"
1174,0.33233929,"{""0-1"": 0.3323392868041992}"
1175,0.99991727,"{""0-1"": 0.9999172687530518}"
1176,0.27034152,"{""0-1"": 0.27034151554107666}"
1177,0.50561237,"{""0-1"": 0.5056123733520508}"
1178,-0.09501956,"{""0-1"": -0.09501956403255463}"
1179,0.03252438,"{""0-1"": 0.032524384558200836}"
1180,0.14783889,"{""0-1"": 0.14783889055252075}"
1181,0.56153446,"{""0-1"": 0.5615344643592834}"
1182,0.15277846,"{""0-1"": 0.15277846157550812}"
1183,0.32899636,"{""0-1"": 0.32899636030197144}"
1184,0.33300248,"{""0-1"": 0.3330024778842926}"
1185,0.06457118,"{""0-1"": 0.06457117944955826}"
1186,0.20331007,"{""0-1"": 0.2033100724220276}"
1187,0.22615355,"{""0-1"": 0.22615355253219604}"
1188,0.10943886,"{""0-1"": 0.10943885892629623}"
1189,0.99999899,"{""0-1"": 0.9999989867210388}"
1190,0.08661093,"{""0-1"": 0.08661092817783356}"
1191,-0.05691007,"{""0-1"": -0.05691006779670715}"
1192,0.05285170,"{""0-1"": 0.05285169556736946}"
1193,0.18122809,"{""0-1"": 0.18122808635234833}"
1194,0.03001603,"{""0-1"": 0.030016034841537476}"
1195,0.00145781,"{""0-1"": 0.001457809004932642}"
1196,0.93798435,"{""0-1"": 0.9379843473434448}"
1197,0.02489960,"{""0-1"": 0.024899596348404884}"
1198,0.22138736,"{""0-1"": 0.2213873565196991}"
1199,0.25862038,"{""0-1"": 0.25862038135528564}"
1200,-0.01319664,"{""0-1"": -0.01319663506001234}"
1201,0.49055499,"{""0-1"": 0.4905549883842468}"
1202,0.99999249,"{""0-1"": 0.9999924898147583}"
1203,-0.10604812,"{""0-1"": -0.10604812204837799}"
1204,0.00000000,{}
1205,-0.02046458,"{""0-1"": -0.02046458050608635}"
1206,0.00000000,{}
1207,0.23510425,"{""0-1"": 0.2351042479276657}"
1208,0.00000000,{}
1209,0.16593422,"{""0-1"": 0.165934219956398}"
1210,-0.04252293,"{""0-1"": -0.04252292960882187}"
1211,0.20928705,"{""0-1"": 0.20928704738616943}"
1212,0.12278281,"{""0-1"": 0.12278281152248383}"
1213,0.20933691,"{""0-1"": 0.20933690667152405}"
1214,0.40113351,"{""0-1"": 0.4011335074901581}"
1215,0.12240568,"{""0-1"": 0.12240567803382874}"
1216,0.25957650,"{""0-1"": 0.2595764994621277}"
1217,0.02551247,"{""0-1"": 0.025512469932436943}"
1218,0.99999791,"{""0-1"": 0.9999979138374329}"
1219,0.08060597,"{""0-1"": 0.08060596883296967}"
1220,0.12380264,"{""0-1"": 0.12380263954401016}"
1221,0.13402021,"{""0-1"": 0.13402020931243896}"
1222,0.83720475,"{""0-1"": 0.8372047543525696}"
1223,0.17782120,"{""0-1"": 0.17782120406627655}"
1224,0.33963326,"{""0-1"": 0.3396332561969757}"
1225,0.38574174,"{""0-1"": 0.3857417404651642}"
1226,0.18264015,"{""0-1"": 0.18264015018939972}"
1227,0.47549817,"{""0-1"": 0.47549816966056824}"
1228,0.19603316,"{""0-1"": 0.19603316485881805}"
1229,0.12056409,"{""0-1"": 0.12056408822536469}"
1230,0.99874252,"{""0-1"": 0.9987425208091736}"
1231,0.05333642,"{""0-1"": 0.05333642289042473}"
1232,0.00000000,{}
1233,0.34463236,"{""0-1"": 0.3446323573589325}"
1234,0.30385825,"{""0-1"": 0.3038582503795624}"
1235,0.12537587,"{""0-1"": 0.1253758668899536}"
1236,0.12709700,"{""0-1"": 0.1270969957113266}"
1237,0.14551666,"{""0-1"": 0.14551666378974915}"
1238,0.01538235,"{""0-1"": 0.015382354147732258}"
1239,0.37862706,"{""0-1"": 0.37862706184387207}"
1240,0.10213064,"{""0-1"": 0.10213063657283783}"
1241,0.99995643,"{""0-1"": 0.9999564290046692}"
1242,0.07412920,"{""0-1"": 0.07412920147180557}"
1243,0.14354447,"{""0-1"": 0.14354446530342102}"
1244,0.33021000,"{""0-1"": 0.33021000027656555}"
1245,0.33233929,"{""0-1"": 0.3323392868041992}"
1246,0.03627766,"{""0-1"": 0.036277662962675095}"
1247,0.00000000,{}
1248,0.46560153,"{""0-1"": 0.46560153365135193}"
1249,0.99999589,"{""0-1"": 0.9999958872795105}"
1250,-0.08723300,"{""0-1"": -0.08723299950361252}"
1251,-0.06055022,"{""0-1"": -0.06055021658539772}"
1252,0.29282543,"{""0-1"": 0.2928254306316376}"
1253,-0.00710939,"{""0-1"": -0.007109385449439287}"
1254,-0.05369958,"{""0-1"": -0.05369958281517029}"
1255,0.16372080,"{""0-1"": 0.16372080147266388}"
1256,0.84573567,"{""0-1"": 0.8457356691360474}"
1257,0.03851038,"{""0-1"": 0.03851037845015526}"
1258,0.99999791,"{""0-1"": 0.9999979138374329}"
1259,-0.00169918,"{""0-1"": -0.001699182204902172}"
1260,0.06472220,"{""0-1"": 0.0647222027182579}"
1261,0.13215536,"{""0-1"": 0.13215535879135132}"
1262,-0.02938971,"{""0-1"": -0.02938970737159252}"
1263,0.99359167,"{""0-1"": 0.9935916662216187}"
1264,-0.07323098,"{""0-1"": -0.07323098182678223}"
1265,0.20334485,"{""0-1"": 0.20334485173225403}"
1266,0.99999553,"{""0-1"": 0.9999955296516418}"
1267,0.99999994,"{""0-1"": 0.9999999403953552}"
1268,0.01679909,"{""0-1"": 0.016799094155430794}"
1269,0.02696416,"{""0-1"": 0.026964161545038223}"
1270,0.10947172,"{""0-1"": 0.10947171598672867}"
1271,0.08804694,"{""0-1"": 0.08804693818092346}"
1272,0.05429954,"{""0-1"": 0.05429954454302788}"
1273,0.30184403,"{""0-1"": 0.3018440306186676}"
1274,-0.02932514,"{""0-1"": -0.029325135052204132}"
1275,0.07223134,"{""0-1"": 0.07223134487867355}"
1276,0.71465611,"{""0-1"": 0.7146561145782471}"
1277,0.25761625,"{""0-1"": 0.257616251707077}"
1278,0.20862310,"{""0-1"": 0.20862309634685516}"
1279,-0.05795842,"{""0-1"": -0.05795842036604881}"
1280,0.01664388,"{""0-1"": 0.016643881797790527}"
1281,0.70915115,"{""0-1"": 0.7091511487960815}"
1282,0.05429954,"{""0-1"": 0.05429954454302788}"
1283,0.04621574,"{""0-1"": 0.04621574282646179}"
1284,-0.03310382,"{""0-1"": -0.0331038199365139}"
1285,0.98872697,"{""0-1"": 0.9887269735336304}"
1286,0.46012241,"{""0-1"": 0.46012240648269653}"
1287,0.03860147,"{""0-1"": 0.03860146924853325}"
1288,-0.11772051,"{""0-1"": -0.11772051453590393}"
1289,0.04396783,"{""0-1"": 0.0439678318798542}"
1290,0.09982354,"{""0-1"": 0.09982354193925858}"
1291,0.47222081,"{""0-1"": 0.4722208082675934}"
1292,0.24782707,"{""0-1"": 0.24782706797122955}"
1293,0.13258033,"{""0-1"": 0.13258032500743866}"
1294,0.17742477,"{""0-1"": 0.17742477357387543}"
1295,0.27764288,"{""0-1"": 0.2776428759098053}"
1296,0.45293143,"{""0-1"": 0.4529314339160919}"
1297,0.06489775,"{""0-1"": 0.06489774584770203}"
1298,-0.02553626,"{""0-1"": -0.02553626336157322}"
1299,0.00000000,{}
1300,-0.01015773,"{""0-1"": -0.010157734155654907}"
1301,0.14122251,"{""0-1"": 0.1412225067615509}"
1302,0.06648756,"{""0-1"": 0.06648755818605423}"
1303,-0.03594532,"{""0-1"": -0.03594531863927841}"
1304,0.08457269,"{""0-1"": 0.0845726877450943}"
1305,0.99998468,"{""0-1"": 0.9999846816062927}"
1306,-0.17407064,"{""0-1"": -0.17407064139842987}"
1307,-0.01309269,"{""0-1"": -0.013092688284814358}"
1308,-0.01207036,"{""0-1"": -0.012070364318788052}"
1309,0.51437426,"{""0-1"": 0.5143742561340332}"
1310,0.00000000,{}
1311,-0.03238729,"{""0-1"": -0.03238729387521744}"
1312,0.10352731,"{""0-1"": 0.10352731496095657}"
1313,0.56185663,"{""0-1"": 0.5618566274642944}"
1314,0.57578689,"{""0-1"": 0.5757868885993958}"
1315,-0.09341565,"{""0-1"": -0.09341564774513245}"
1316,0.19218406,"{""0-1"": 0.19218406081199646}"
1317,0.04045359,"{""0-1"": 0.04045359045267105}"
1318,0.15369587,"{""0-1"": 0.15369586646556854}"
1319,0.26064143,"{""0-1"": 0.2606414258480072}"
1320,0.12438101,"{""0-1"": 0.12438100576400757}"
1321,0.28893530,"{""0-1"": 0.2889353036880493}"
1322,0.38163909,"{""0-1"": 0.3816390931606293}"
1323,0.59570241,"{""0-1"": 0.5957024097442627}"
1324,0.13258033,"{""0-1"": 0.13258032500743866}"
1325,-0.04691476,"{""0-1"": -0.046914760023355484}"
1326,0.09971026,"{""0-1"": 0.09971026331186295}"
1327,0.49666905,"{""0-1"": 0.49666905403137207}"
1328,0.98711175,"{""0-1"": 0.9871117472648621}"
1329,0.09256156,"{""0-1"": 0.09256155788898468}"
1330,0.10336404,"{""0-1"": 0.10336403548717499}"
1331,0.07016214,"{""0-1"": 0.07016213983297348}"
1332,0.62597317,"{""0-1"": 0.6259731650352478}"
1333,0.17437491,"{""0-1"": 0.17437490820884705}"
1334,-0.11140174,"{""0-1"": -0.1114017441868782}"
1335,0.29859233,"{""0-1"": 0.29859232902526855}"
1336,0.07370660,"{""0-1"": 0.07370660454034805}"
1337,0.11265247,"{""0-1"": 0.11265247315168381}"
1338,0.13215239,"{""0-1"": 0.13215239346027374}"
1339,0.07658906,"{""0-1"": 0.07658906280994415}"
1340,0.05413035,"{""0-1"": 0.05413035303354263}"
1341,0.82336605,"{""0-1"": 0.8233660459518433}"
1342,0.99999613,"{""0-1"": 0.9999961256980896}"
1343,0.40667424,"{""0-1"": 0.40667423605918884}"
1344,0.04808348,"{""0-1"": 0.048083484172821045}"
1345,-0.01655662,"{""0-1"": -0.016556620597839355}"
1346,-0.03189905,"{""0-1"": -0.031899046152830124}"
1347,0.12631921,"{""0-1"": 0.12631921470165253}"
1348,0.07443904,"{""0-1"": 0.07443904131650925}"
1349,-0.07025322,"{""0-1"": -0.07025321573019028}"
1350,0.07476335,"{""0-1"": 0.07476335018873215}"
1351,-0.01125768,"{""0-1"": -0.011257676407694817}"
1352,0.00000000,{}
1353,0.28498632,"{""0-1"": 0.28498631715774536}"
1354,0.99999934,"{""0-1"": 0.9999993443489075}"
1355,-0.00710939,"{""0-1"": -0.007109385449439287}"
1356,0.05741084,"{""0-1"": 0.057410843670368195}"
1357,-0.02257158,"{""0-1"": -0.02257157862186432}"
1358,0.24491334,"{""0-1"": 0.24491333961486816}"
1359,0.63795871,"{""0-1"": 0.6379587054252625}"
1360,0.00000000,{}
1361,0.11977998,"{""0-1"": 0.11977998167276382}"
1362,-0.09601483,"{""0-1"": -0.0960148349404335}"
1363,0.02178116,"{""0-1"": 0.021781157702207565}"
1364,0.01430430,"{""0-1"": 0.014304299838840961}"
1365,0.29279965,"{""0-1"": 0.2927996516227722}"
1366,0.08144645,"{""0-1"": 0.08144644647836685}"
1367,0.12046911,"{""0-1"": 0.1204691082239151}"
1368,-0.10049108,"{""0-1"": -0.10049107670783997}"
1369,0.00000000,{}
1370,0.19818312,"{""0-1"": 0.1981831192970276}"
1371,0.99745119,"{""0-1"": 0.9974511861801147}"
1372,0.00002109,"{""0-1"": 2.1086190827190876e-05}"
1373,0.00000000,{}
1374,0.17726541,"{""0-1"": 0.17726540565490723}"
1375,0.15972182,"{""0-1"": 0.15972182154655457}"
1376,0.23991697,"{""0-1"": 0.23991696536540985}"
1377,0.52637929,"{""0-1"": 0.5263792872428894}"
1378,0.25335303,"{""0-1"": 0.2533530294895172}"
1379,0.17997655,"{""0-1"": 0.17997655272483826}"
1380,0.19456369,"{""0-1"": 0.19456368684768677}"
1381,0.02973935,"{""0-1"": 0.02973935194313526}"
1382,0.09074944,"{""0-1"": 0.09074943512678146}"
1383,0.99999875,"{""0-1"": 0.9999987483024597}"
1384,0.25957650,"{""0-1"": 0.2595764994621277}"
1385,0.19122101,"{""0-1"": 0.19122101366519928}"
1386,0.03625501,"{""0-1"": 0.036255013197660446}"
1387,-0.02932514,"{""0-1"": -0.029325135052204132}"
1388,0.00000000,{}
1389,-0.02816121,"{""0-1"": -0.02816120535135269}"
1390,0.18297048,"{""0-1"": 0.18297047913074493}"
1391,0.59253991,"{""0-1"": 0.59253990650177}"
1392,0.13135950,"{""0-1"": 0.1313595026731491}"
1393,-0.02982301,"{""0-1"": -0.029823005199432373}"
1394,0.03677544,"{""0-1"": 0.036775436252355576}"
1395,0.45212215,"{""0-1"": 0.45212215185165405}"
1396,0.03581263,"{""0-1"": 0.0358126275241375}"
1397,0.56185663,"{""0-1"": 0.5618566274642944}"
1398,0.05200354,"{""0-1"": 0.05200354382395744}"
1399,0.02615083,"{""0-1"": 0.02615083009004593}"
1400,0.04914854,"{""0-1"": 0.049148544669151306}"
1401,0.20582184,"{""0-1"": 0.20582184195518494}"
1402,0.18352719,"{""0-1"": 0.18352718651294708}"
1403,0.19343528,"{""0-1"": 0.19343528151512146}"
1404,0.39926443,"{""0-1"": 0.3992644250392914}"
1405,0.17105003,"{""0-1"": 0.171050027012825}"
1406,0.00000000,{}
1407,0.99974680,"{""0-1"": 0.9997467994689941}"
1408,0.16179194,"{""0-1"": 0.16179193556308746}"
1409,0.06134617,"{""0-1"": 0.06134616583585739}"
1410,0.13126765,"{""0-1"": 0.13126765191555023}"
1411,-0.01125768,"{""0-1"": -0.011257676407694817}"
1412,0.04660580,"{""0-1"": 0.04660579934716225}"
1413,0.05991590,"{""0-1"": 0.059915900230407715}"
1414,0.00000000,{}
1415,-0.01905460,"{""0-1"": -0.019054604694247246}"
1416,-0.05691007,"{""0-1"": -0.05691006779670715}"
1417,0.04587960,"{""0-1"": 0.04587960243225098}"
1418,0.12585147,"{""0-1"": 0.12585146725177765}"
1419,0.15282285,"{""0-1"": 0.1528228521347046}"
1420,0.88591743,"{""0-1"": 0.8859174251556396}"
1421,0.07827127,"{""0-1"": 0.07827126979827881}"
1422,0.04988205,"{""0-1"": 0.04988204687833786}"
1423,0.03941363,"{""0-1"": 0.03941362723708153}"
1424,0.47086659,"{""0-1"": 0.4708665907382965}"
1425,0.01839124,"{""0-1"": 0.018391242250800133}"
1426,0.14930959,"{""0-1"": 0.14930959045886993}"
1427,0.13187502,"{""0-1"": 0.13187502324581146}"
1428,0.37148699,"{""0-1"": 0.37148699164390564}"
1429,0.07935295,"{""0-1"": 0.07935294508934021}"
1430,0.24806827,"{""0-1"": 0.24806827306747437}"
1431,-0.02222148,"{""0-1"": -0.022221481427550316}"
1432,0.02618973,"{""0-1"": 0.026189733296632767}"
1433,0.03395829,"{""0-1"": 0.03395828604698181}"
1434,0.00000000,{}
1435,0.44108593,"{""0-1"": 0.44108593463897705}"
1436,0.12537587,"{""0-1"": 0.1253758668899536}"
1437,0.99918807,"{""0-1"": 0.9991880655288696}"
1438,0.16500986,"{""0-1"": 0.16500985622406006}"
1439,0.01262216,"{""0-1"": 0.012622162699699402}"
1440,0.03451395,"{""0-1"": 0.03451394662261009}"
1441,0.32644489,"{""0-1"": 0.3264448940753937}"
1442,0.08060597,"{""0-1"": 0.08060596883296967}"
1443,0.02880211,"{""0-1"": 0.028802108019590378}"
1444,0.19658129,"{""0-1"": 0.19658128917217255}"
1445,0.12768023,"{""0-1"": 0.1276802271604538}"
1446,0.27144614,"{""0-1"": 0.2714461386203766}"
1447,0.01072694,"{""0-1"": 0.010726938024163246}"
1448,-0.04915665,"{""0-1"": -0.04915665090084076}"
1449,0.09281316,"{""0-1"": 0.0928131565451622}"
1450,0.14298534,"{""0-1"": 0.14298534393310547}"
1451,0.99999219,"{""0-1"": 0.9999921917915344}"
1452,0.25184783,"{""0-1"": 0.2518478333950043}"
1453,0.07854612,"{""0-1"": 0.07854612171649933}"
1454,0.21595906,"{""0-1"": 0.21595905721187592}"
1455,0.99995637,"{""0-1"": 0.9999563694000244}"
1456,0.02746582,"{""0-1"": 0.02746582217514515}"
1457,0.25383422,"{""0-1"": 0.25383421778678894}"
1458,0.99918807,"{""0-1"": 0.9991880655288696}"
1459,0.00000000,{}
1460,0.99998909,"{""0-1"": 0.9999890923500061}"
1461,0.81852168,"{""0-1"": 0.8185216784477234}"
1462,0.56384265,"{""0-1"": 0.5638426542282104}"
1463,0.11958224,"{""0-1"": 0.11958224326372147}"
1464,0.04927059,"{""0-1"": 0.04927058517932892}"
1465,0.48030189,"{""0-1"": 0.4803018867969513}"
1466,-0.03096442,"{""0-1"": -0.03096442110836506}"
1467,0.16560116,"{""0-1"": 0.16560116410255432}"
1468,0.01301595,"{""0-1"": 0.01301595102995634}"
1469,0.59595984,"{""0-1"": 0.5959598422050476}"
1470,0.07037547,"{""0-1"": 0.0703754723072052}"
1471,0.62088239,"{""0-1"": 0.6208823919296265}"
1472,0.05352068,"{""0-1"": 0.05352068319916725}"
1473,0.22887072,"{""0-1"": 0.2288707196712494}"
1474,-0.06051519,"{""0-1"": -0.06051518768072128}"
1475,0.08670995,"{""0-1"": 0.08670995384454727}"
1476,-0.07339483,"{""0-1"": -0.07339483499526978}"
1477,0.08995044,"{""0-1"": 0.08995044231414795}"
1478,0.02935425,"{""0-1"": 0.029354246333241463}"
1479,0.99918807,"{""0-1"": 0.9991880655288696}"
1480,0.04225152,"{""0-1"": 0.04225151613354683}"
1481,0.55047590,"{""0-1"": 0.5504758954048157}"
1482,0.99999279,"{""0-1"": 0.9999927878379822}"
1483,0.28516439,"{""0-1"": 0.28516438603401184}"
1484,-0.06051519,"{""0-1"": -0.06051518768072128}"
1485,0.05243891,"{""0-1"": 0.05243891105055809}"
1486,0.31194904,"{""0-1"": 0.3119490444660187}"
1487,0.45350721,"{""0-1"": 0.4535072147846222}"
1488,0.25965121,"{""0-1"": 0.25965121388435364}"
1489,0.42780557,"{""0-1"": 0.4278055727481842}"
1490,0.36680171,"{""0-1"": 0.3668017089366913}"
1491,0.02196896,"{""0-1"": 0.021968960762023926}"
1492,0.01774296,"{""0-1"": 0.017742957919836044}"
1493,0.00000000,{}
1494,0.99999428,"{""0-1"": 0.9999942779541016}"
1495,0.23000050,"{""0-1"": 0.23000049591064453}"
1496,0.00000000,{}
1497,0.13158998,"{""0-1"": 0.13158997893333435}"
1498,0.36767969,"{""0-1"": 0.3676796853542328}"
1499,0.08804694,"{""0-1"": 0.08804693818092346}"
1500,0.07301712,"{""0-1"": 0.07301712036132812}"
1501,0.68152905,"{""0-1"": 0.6815290451049805}"
1502,0.00000000,{}
1503,0.04225152,"{""0-1"": 0.04225151613354683}"
1504,0.10316486,"{""0-1"": 0.10316485911607742}"
1505,-0.02240774,"{""0-1"": -0.022407740354537964}"
1506,0.48694998,"{""0-1"": 0.48694998025894165}"
1507,0.76677960,"{""0-1"": 0.7667796015739441}"
1508,0.48514831,"{""0-1"": 0.4851483106613159}"
1509,0.67120445,"{""0-1"": 0.6712044477462769}"
1510,0.01688638,"{""0-1"": 0.016886381432414055}"
1511,0.99869740,"{""0-1"": 0.9986974000930786}"
1512,0.24518570,"{""0-1"": 0.2451857030391693}"
1513,0.29334202,"{""0-1"": 0.2933420240879059}"
1514,0.99999863,"{""0-1"": 0.9999986290931702}"
1515,0.29856017,"{""0-1"": 0.29856017231941223}"
1516,0.99999827,"{""0-1"": 0.9999982714653015}"
1517,0.99918807,"{""0-1"": 0.9991880655288696}"
1518,0.17027214,"{""0-1"": 0.17027214169502258}"
1519,0.60698920,"{""0-1"": 0.6069892048835754}"
1520,0.04988205,"{""0-1"": 0.04988204687833786}"
1521,-0.03061448,"{""0-1"": -0.03061448037624359}"
1522,0.00000000,{}
1523,-0.11025324,"{""0-1"": -0.110253244638443}"
1524,-0.02157759,"{""0-1"": -0.021577587351202965}"
1525,-0.01588565,"{""0-1"": -0.015885652974247932}"
1526,0.55069715,"{""0-1"": 0.5506971478462219}"
1527,0.37246853,"{""0-1"": 0.3724685311317444}"
1528,0.13795902,"{""0-1"": 0.13795901834964752}"
1529,-0.02854296,"{""0-1"": -0.028542961925268173}"
1530,0.20389692,"{""0-1"": 0.2038969248533249}"
1531,0.99999076,"{""0-1"": 0.9999907612800598}"
1532,0.45211193,"{""0-1"": 0.4521119296550751}"
1533,0.14816140,"{""0-1"": 0.1481613963842392}"
1534,0.60573077,"{""0-1"": 0.6057307720184326}"
1535,-0.16358039,"{""0-1"": -0.16358038783073425}"
1536,0.62688130,"{""0-1"": 0.6268813014030457}"
1537,-0.06051507,"{""0-1"": -0.06051506847143173}"
1538,0.28817612,"{""0-1"": 0.28817611932754517}"
1539,0.29376355,"{""0-1"": 0.29376354813575745}"
1540,0.97020382,"{""0-1"": 0.9702038168907166}"
1541,0.35076803,"{""0-1"": 0.3507680296897888}"
1542,-0.16745766,"{""0-1"": -0.16745765507221222}"
1543,0.98095113,"{""0-1"": 0.9809511303901672}"
1544,0.09996752,"{""0-1"": 0.09996752440929413}"
1545,0.18947157,"{""0-1"": 0.18947157263755798}"
1546,0.99341226,"{""0-1"": 0.9934122562408447}"
1547,-0.00608257,"{""0-1"": -0.006082566920667887}"
1548,-0.10429856,"{""0-1"": -0.10429856181144714}"
1549,0.30057397,"{""0-1"": 0.3005739748477936}"
1550,0.99999309,"{""0-1"": 0.999993085861206}"
1551,0.45411989,"{""0-1"": 0.45411989092826843}"
1552,0.63799810,"{""0-1"": 0.637998104095459}"
1553,0.43265858,"{""0-1"": 0.4326585829257965}"
1554,0.25933564,"{""0-1"": 0.25933563709259033}"
1555,0.16658895,"{""0-1"": 0.1665889471769333}"
1556,0.55642694,"{""0-1"": 0.5564269423484802}"
1557,0.38270539,"{""0-1"": 0.3827053904533386}"
1558,0.99999309,"{""0-1"": 0.999993085861206}"
1559,0.03120017,"{""0-1"": 0.031200174242258072}"
1560,0.23339505,"{""0-1"": 0.233395054936409}"
1561,0.12390019,"{""0-1"": 0.12390018999576569}"
1562,-0.00453447,"{""0-1"": -0.004534468986093998}"
1563,-0.04425031,"{""0-1"": -0.04425031319260597}"
1564,0.03912710,"{""0-1"": 0.039127103984355927}"
1565,0.73916793,"{""0-1"": 0.7391679286956787}"
1566,0.03869306,"{""0-1"": 0.038693059235811234}"
1567,-0.01299511,"{""0-1"": -0.012995105236768723}"
1568,0.06481773,"{""0-1"": 0.06481773406267166}"
1569,0.21627159,"{""0-1"": 0.21627159416675568}"
1570,0.03793507,"{""0-1"": 0.03793506696820259}"
1571,0.15455972,"{""0-1"": 0.15455971658229828}"
1572,0.38463920,"{""0-1"": 0.3846392035484314}"
1573,0.39134371,"{""0-1"": 0.39134371280670166}"
1574,0.23468597,"{""0-1"": 0.2346859723329544}"
1575,-0.06106116,"{""0-1"": -0.061061158776283264}"
1576,-0.11088471,"{""0-1"": -0.11088471114635468}"
1577,0.22283353,"{""0-1"": 0.2228335291147232}"
1578,0.12285176,"{""0-1"": 0.12285175919532776}"
1579,0.00502209,"{""0-1"": 0.005022086203098297}"
1580,0.11102944,"{""0-1"": 0.11102943867444992}"
1581,0.43368462,"{""0-1"": 0.4336846172809601}"
1582,-0.01664371,"{""0-1"": -0.016643714159727097}"
1583,0.36032867,"{""0-1"": 0.36032867431640625}"
1584,0.16658895,"{""0-1"": 0.1665889471769333}"
1585,-0.02105280,"{""0-1"": -0.021052800118923187}"
1586,0.91803163,"{""0-1"": 0.918031632900238}"
1587,0.18629450,"{""0-1"": 0.18629449605941772}"
1588,0.33295700,"{""0-1"": 0.332956999540329}"
1589,-0.05648665,"{""0-1"": -0.05648665130138397}"
1590,-0.04957560,"{""0-1"": -0.04957560449838638}"
1591,0.25965121,"{""0-1"": 0.25965121388435364}"
1592,0.96142042,"{""0-1"": 0.9614204168319702}"
1593,0.09405003,"{""0-1"": 0.09405002743005753}"
1594,0.11824191,"{""0-1"": 0.11824190616607666}"
1595,0.16353545,"{""0-1"": 0.1635354459285736}"
1596,0.13135950,"{""0-1"": 0.1313595026731491}"
1597,0.08310597,"{""0-1"": 0.08310597389936447}"
1598,-0.05691007,"{""0-1"": -0.05691006779670715}"
1599,0.99450403,"{""0-1"": 0.9945040345191956}"
1600,0.01709379,"{""0-1"": 0.01709378883242607}"
1601,0.08356754,"{""0-1"": 0.0835675373673439}"
1602,0.02746582,"{""0-1"": 0.02746582217514515}"
1603,-0.07571170,"{""0-1"": -0.0757116973400116}"
1604,-0.20430690,"{""0-1"": -0.20430690050125122}"
1605,0.99999738,"{""0-1"": 0.9999973773956299}"
1606,0.13179755,"{""0-1"": 0.13179755210876465}"
1607,0.21079755,"{""0-1"": 0.21079754829406738}"
1608,-0.04624031,"{""0-1"": -0.04624030739068985}"
1609,0.99999148,"{""0-1"": 0.9999914765357971}"
1610,0.16929306,"{""0-1"": 0.16929306089878082}"
1611,0.67120445,"{""0-1"": 0.6712044477462769}"
1612,0.63079894,"{""0-1"": 0.6307989358901978}"
1613,0.92736489,"{""0-1"": 0.9273648858070374}"
1614,0.04927059,"{""0-1"": 0.04927058517932892}"
1615,-0.05691007,"{""0-1"": -0.05691006779670715}"
1616,-0.06910538,"{""0-1"": -0.06910537928342819}"
1617,0.50384742,"{""0-1"": 0.5038474202156067}"
1618,-0.03719843,"{""0-1"": -0.03719843178987503}"
1619,0.00000000,{}
1620,0.15894279,"{""0-1"": 0.1589427888393402}"
1621,0.02956144,"{""0-1"": 0.029561439529061317}"
1622,0.13976865,"{""0-1"": 0.13976864516735077}"
1623,0.04778332,"{""0-1"": 0.04778331518173218}"
1624,0.33044863,"{""0-1"": 0.33044862747192383}"
1625,0.13258033,"{""0-1"": 0.13258032500743866}"
1626,0.04927059,"{""0-1"": 0.04927058517932892}"
1627,0.00000000,{}
1628,0.19177143,"{""0-1"": 0.19177143275737762}"
1629,0.31380877,"{""0-1"": 0.31380876898765564}"
1630,0.03001603,"{""0-1"": 0.030016034841537476}"
1631,-0.08837895,"{""0-1"": -0.08837895095348358}"
1632,0.99918807,"{""0-1"": 0.9991880655288696}"
1633,0.40357712,"{""0-1"": 0.40357711911201477}"
1634,0.98711175,"{""0-1"": 0.9871117472648621}"
1635,0.08104093,"{""0-1"": 0.08104093372821808}"
1636,0.13818005,"{""0-1"": 0.13818004727363586}"
1637,0.08045007,"{""0-1"": 0.08045006543397903}"
1638,-0.08898384,"{""0-1"": -0.08898384124040604}"
1639,0.60864270,"{""0-1"": 0.6086426973342896}"
1640,-0.02966054,"{""0-1"": -0.02966054156422615}"
1641,0.19528958,"{""0-1"": 0.19528958201408386}"
1642,-0.10429856,"{""0-1"": -0.10429856181144714}"
1643,0.07854612,"{""0-1"": 0.07854612171649933}"
1644,0.36891177,"{""0-1"": 0.3689117729663849}"
1645,0.28088614,"{""0-1"": 0.28088614344596863}"
1646,0.05285170,"{""0-1"": 0.05285169556736946}"
1647,0.25268841,"{""0-1"": 0.2526884078979492}"
1648,0.28719637,"{""0-1"": 0.2871963679790497}"
1649,0.99999934,"{""0-1"": 0.9999993443489075}"
1650,0.02086961,"{""0-1"": 0.020869610831141472}"
1651,0.43368462,"{""0-1"": 0.4336846172809601}"
1652,0.11846756,"{""0-1"": 0.11846756190061569}"
1653,0.12537587,"{""0-1"": 0.1253758668899536}"
1654,-0.07599717,"{""0-1"": -0.07599716633558273}"
1655,0.28313771,"{""0-1"": 0.283137708902359}"
1656,0.00000000,{}
1657,0.13080010,"{""0-1"": 0.13080009818077087}"
1658,0.15078855,"{""0-1"": 0.1507885456085205}"
1659,0.99999946,"{""0-1"": 0.999999463558197}"
1660,0.27677903,"{""0-1"": 0.27677902579307556}"
1661,0.57578689,"{""0-1"": 0.5757868885993958}"
1662,0.00629893,"{""0-1"": 0.006298926193267107}"
1663,-0.02604868,"{""0-1"": -0.026048677042126656}"
1664,0.20389692,"{""0-1"": 0.2038969248533249}"
1665,0.06014088,"{""0-1"": 0.060140881687402725}"
1666,0.37403440,"{""0-1"": 0.37403440475463867}"
1667,0.08335603,"{""0-1"": 0.08335603028535843}"
1668,0.07651267,"{""0-1"": 0.07651267200708389}"
1669,-0.08816298,"{""0-1"": -0.08816298097372055}"
1670,0.94427991,"{""0-1"": 0.9442799091339111}"
1671,0.14215215,"{""0-1"": 0.14215214550495148}"
1672,0.99999410,"{""0-1"": 0.9999940991401672}"
1673,0.05533350,"{""0-1"": 0.05533349886536598}"
1674,0.06657111,"{""0-1"": 0.06657110899686813}"
1675,0.14085038,"{""0-1"": 0.14085038006305695}"
1676,0.33233929,"{""0-1"": 0.3323392868041992}"
1677,-0.06563075,"{""0-1"": -0.06563074886798859}"
1678,0.01252613,"{""0-1"": 0.012526127509772778}"
1679,0.56499231,"{""0-1"": 0.5649923086166382}"
1680,0.00000000,{}
1681,0.13135950,"{""0-1"": 0.1313595026731491}"
1682,0.33962694,"{""0-1"": 0.3396269381046295}"
1683,0.00000000,{}
1684,0.10444686,"{""0-1"": 0.10444685816764832}"
1685,0.07831964,"{""0-1"": 0.07831963896751404}"
1686,0.00000000,{}
1687,0.27385706,"{""0-1"": 0.273857057094574}"
1688,0.01722453,"{""0-1"": 0.01722453348338604}"
1689,0.10752887,"{""0-1"": 0.10752887278795242}"
1690,1.00000000,"{""0-1"": 1.0}"
1691,0.04001275,"{""0-1"": 0.04001275449991226}"
1692,-0.06051519,"{""0-1"": -0.06051518768072128}"
1693,-0.02638808,"{""0-1"": -0.026388082653284073}"
1694,0.16290641,"{""0-1"": 0.16290640830993652}"
1695,0.16048492,"{""0-1"": 0.1604849249124527}"
1696,0.44099936,"{""0-1"": 0.4409993588924408}"
1697,0.21627159,"{""0-1"": 0.21627159416675568}"
1698,0.15028547,"{""0-1"": 0.15028546750545502}"
1699,0.02251085,"{""0-1"": 0.022510848939418793}"
1700,0.01438124,"{""0-1"": 0.014381244778633118}"
1701,0.14784968,"{""0-1"": 0.1478496789932251}"
1702,0.24173190,"{""0-1"": 0.2417318969964981}"
1703,0.99995637,"{""0-1"": 0.9999563694000244}"
1704,0.53547466,"{""0-1"": 0.5354746580123901}"
1705,0.27569976,"{""0-1"": 0.27569976449012756}"
1706,0.15708108,"{""0-1"": 0.15708108246326447}"
1707,0.35216397,"{""0-1"": 0.35216397047042847}"
1708,-0.03456485,"{""0-1"": -0.034564852714538574}"
1709,0.07871175,"{""0-1"": 0.07871174812316895}"
1710,0.99999356,"{""0-1"": 0.9999935626983643}"
1711,0.30096269,"{""0-1"": 0.3009626865386963}"
1712,0.27197605,"{""0-1"": 0.2719760537147522}"
1713,0.00000000,{}
1714,0.19961333,"{""0-1"": 0.19961333274841309}"
1715,0.10127057,"{""0-1"": 0.10127057135105133}"
1716,0.99996728,"{""0-1"": 0.9999672770500183}"
1717,0.04927059,"{""0-1"": 0.04927058517932892}"
1718,-0.06051519,"{""0-1"": -0.06051518768072128}"
1719,0.11989497,"{""0-1"": 0.11989496648311615}"
1720,0.11545654,"{""0-1"": 0.11545653641223907}"
1721,0.32078132,"{""0-1"": 0.32078132033348083}"
1722,0.99999458,"{""0-1"": 0.9999945759773254}"
1723,0.15923953,"{""0-1"": 0.1592395305633545}"
1724,0.05112924,"{""0-1"": 0.051129236817359924}"
1725,0.18400300,"{""0-1"": 0.18400299549102783}"
1726,0.35236943,"{""0-1"": 0.35236942768096924}"
1727,-0.11255208,"{""0-1"": -0.11255207657814026}"
1728,0.50064325,"{""0-1"": 0.500643253326416}"
1729,0.00407876,"{""0-1"": 0.004078760743141174}"
1730,0.99999380,"{""0-1"": 0.9999938011169434}"
1731,0.36985803,"{""0-1"": 0.3698580265045166}"
1732,0.04848383,"{""0-1"": 0.04848383367061615}"
1733,-0.03447644,"{""0-1"": -0.034476444125175476}"
1734,0.99745119,"{""0-1"": 0.9974511861801147}"
1735,0.99974680,"{""0-1"": 0.9997467994689941}"
1736,0.61243147,"{""0-1"": 0.6124314665794373}"
1737,0.60579532,"{""0-1"": 0.6057953238487244}"
1738,0.21733660,"{""0-1"": 0.21733659505844116}"
1739,-0.05218861,"{""0-1"": -0.052188608795404434}"
1740,-0.07424822,"{""0-1"": -0.07424821704626083}"
1741,0.29702312,"{""0-1"": 0.29702311754226685}"
1742,0.99999440,"{""0-1"": 0.9999943971633911}"
1743,0.00000000,{}
1744,0.24493363,"{""0-1"": 0.24493363499641418}"
1745,0.08849275,"{""0-1"": 0.088492751121521}"
1746,0.94478250,"{""0-1"": 0.9447824954986572}"
1747,-0.16869414,"{""0-1"": -0.1686941385269165}"
1748,-0.19483784,"{""0-1"": -0.19483783841133118}"
1749,0.28909767,"{""0-1"": 0.2890976667404175}"
1750,0.14819390,"{""0-1"": 0.14819389581680298}"
1751,0.13741839,"{""0-1"": 0.13741838932037354}"
1752,0.03473969,"{""0-1"": 0.03473969176411629}"
1753,-0.00909255,"{""0-1"": -0.009092548862099648}"
1754,-0.21964833,"{""0-1"": -0.2196483314037323}"
1755,0.14696774,"{""0-1"": 0.14696773886680603}"
1756,0.12021919,"{""0-1"": 0.12021918594837189}"
1757,0.63641107,"{""0-1"": 0.6364110708236694}"
1758,0.99974680,"{""0-1"": 0.9997467994689941}"
1759,0.14486729,"{""0-1"": 0.14486728608608246}"
1760,0.09074944,"{""0-1"": 0.09074943512678146}"
1761,0.60573077,"{""0-1"": 0.6057307720184326}"
1762,0.99999326,"{""0-1"": 0.9999932646751404}"
1763,0.11194848,"{""0-1"": 0.11194848269224167}"
1764,0.16212478,"{""0-1"": 0.16212478280067444}"
1765,0.09995224,"{""0-1"": 0.09995224326848984}"
1766,0.16375372,"{""0-1"": 0.1637537181377411}"
1767,0.15034433,"{""0-1"": 0.15034432709217072}"
1768,0.20587951,"{""0-1"": 0.20587950944900513}"
1769,0.10947172,"{""0-1"": 0.10947171598672867}"
1770,0.03001603,"{""0-1"": 0.030016034841537476}"
1771,-0.07729647,"{""0-1"": -0.07729646563529968}"
1772,0.06472220,"{""0-1"": 0.0647222027182579}"
1773,0.02022117,"{""0-1"": 0.020221170037984848}"
1774,0.38954657,"{""0-1"": 0.38954657316207886}"
1775,0.72804528,"{""0-1"": 0.7280452847480774}"
1776,0.05833110,"{""0-1"": 0.05833109840750694}"
1777,0.98969853,"{""0-1"": 0.9896985292434692}"
1778,-0.21819554,"{""0-1"": -0.21819554269313812}"
1779,0.14875045,"{""0-1"": 0.1487504541873932}"
1780,0.05200354,"{""0-1"": 0.05200354382395744}"
1781,0.21430473,"{""0-1"": 0.21430473029613495}"
1782,0.06481773,"{""0-1"": 0.06481773406267166}"
1783,0.00532715,"{""0-1"": 0.005327153950929642}"
1784,0.23431566,"{""0-1"": 0.2343156635761261}"
1785,0.16506647,"{""0-1"": 0.16506646573543549}"
1786,0.20122349,"{""0-1"": 0.2012234926223755}"
1787,0.99999368,"{""0-1"": 0.9999936819076538}"
1788,-0.17524926,"{""0-1"": -0.17524926364421844}"
1789,-0.02034314,"{""0-1"": -0.02034313604235649}"
1790,0.14427076,"{""0-1"": 0.14427076280117035}"
1791,0.05065048,"{""0-1"": 0.05065048113465309}"
1792,0.91756076,"{""0-1"": 0.9175607562065125}"
1793,0.99450409,"{""0-1"": 0.9945040941238403}"
1794,-0.02311070,"{""0-1"": -0.02311069704592228}"
1795,0.00000000,{}
1796,0.08621985,"{""0-1"": 0.08621985465288162}"
1797,0.03185454,"{""0-1"": 0.0318545438349247}"
1798,0.15714666,"{""0-1"": 0.1571466624736786}"
1799,0.99906123,"{""0-1"": 0.9990612268447876}"
1800,-0.08702675,"{""0-1"": -0.08702675253152847}"
1801,0.96529472,"{""0-1"": 0.9652947187423706}"
1802,0.42662638,"{""0-1"": 0.42662638425827026}"
1803,0.99999303,"{""0-1"": 0.9999930262565613}"
1804,0.01756093,"{""0-1"": 0.017560925334692}"
1805,0.27385706,"{""0-1"": 0.273857057094574}"
1806,-0.06967882,"{""0-1"": -0.06967882066965103}"
1807,0.13135950,"{""0-1"": 0.1313595026731491}"
1808,0.18444824,"{""0-1"": 0.1844482421875}"
1809,0.05112924,"{""0-1"": 0.051129236817359924}"
1810,0.12469377,"{""0-1"": 0.12469376623630524}"
1811,-0.03318451,"{""0-1"": -0.033184509724378586}"
1812,-0.05928722,"{""0-1"": -0.059287216514348984}"
1813,0.31830972,"{""0-1"": 0.3183097243309021}"
1814,0.06297502,"{""0-1"": 0.06297501921653748}"
1815,0.18786792,"{""0-1"": 0.1878679245710373}"
1816,-0.03238729,"{""0-1"": -0.03238729387521744}"
1817,0.84439427,"{""0-1"": 0.8443942666053772}"
1818,0.03155502,"{""0-1"": 0.03155502304434776}"
1819,-0.02686153,"{""0-1"": -0.026861529797315598}"
1820,0.94427991,"{""0-1"": 0.9442799091339111}"
1821,0.33233929,"{""0-1"": 0.3323392868041992}"
1822,0.04577449,"{""0-1"": 0.045774493366479874}"
1823,0.09196469,"{""0-1"": 0.09196469187736511}"
1824,0.05047952,"{""0-1"": 0.05047951638698578}"
1825,0.28817612,"{""0-1"": 0.28817611932754517}"
1826,0.19218406,"{""0-1"": 0.19218406081199646}"
1827,0.00532715,"{""0-1"": 0.005327153950929642}"
1828,0.17877093,"{""0-1"": 0.17877092957496643}"
1829,0.35916826,"{""0-1"": 0.35916826128959656}"
1830,0.02037012,"{""0-1"": 0.0203701164573431}"
1831,0.12537587,"{""0-1"": 0.1253758668899536}"
1832,0.99974680,"{""0-1"": 0.9997467994689941}"
1833,0.07678992,"{""0-1"": 0.07678991556167603}"
1834,0.36594209,"{""0-1"": 0.3659420907497406}"
1835,-0.01163834,"{""0-1"": -0.011638336814939976}"
1836,0.00000000,{}
1837,0.07253005,"{""0-1"": 0.07253005355596542}"
1838,1.00000000,"{""0-1"": 1.0}"
1839,0.05200354,"{""0-1"": 0.05200354382395744}"
1840,-0.12099598,"{""0-1"": -0.12099598348140717}"
1841,0.99450403,"{""0-1"": 0.9945040345191956}"
1842,0.63641107,"{""0-1"": 0.6364110708236694}"
1843,0.95343274,"{""0-1"": 0.9534327387809753}"
1844,0.06014080,"{""0-1"": 0.06014079600572586}"
1845,0.12177362,"{""0-1"": 0.1217736154794693}"
1846,0.20722084,"{""0-1"": 0.20722083747386932}"
1847,0.33021000,"{""0-1"": 0.33021000027656555}"
1848,0.48030189,"{""0-1"": 0.4803018867969513}"
1849,0.13657732,"{""0-1"": 0.1365773230791092}"
1850,0.11958224,"{""0-1"": 0.11958224326372147}"
1851,0.11216399,"{""0-1"": 0.11216399073600769}"
1852,0.57578689,"{""0-1"": 0.5757868885993958}"
1853,0.06773564,"{""0-1"": 0.06773564219474792}"
1854,0.18704051,"{""0-1"": 0.1870405077934265}"
1855,0.99999166,"{""0-1"": 0.9999916553497314}"
1856,-0.17779921,"{""0-1"": -0.17779920995235443}"
1857,0.08234847,"{""0-1"": 0.08234846591949463}"
1858,0.99993312,"{""0-1"": 0.999933123588562}"
1859,0.09975886,"{""0-1"": 0.09975885599851608}"
1860,0.04577449,"{""0-1"": 0.045774493366479874}"
1861,0.14079234,"{""0-1"": 0.1407923400402069}"
1862,0.99997127,"{""0-1"": 0.9999712705612183}"
1863,0.18291649,"{""0-1"": 0.18291649222373962}"
1864,0.17473866,"{""0-1"": 0.17473866045475006}"
1865,0.06568913,"{""0-1"": 0.06568913161754608}"
1866,-0.04555617,"{""0-1"": -0.045556169003248215}"
1867,0.06278495,"{""0-1"": 0.06278494745492935}"
1868,-0.10978957,"{""0-1"": -0.10978956520557404}"
1869,0.50384742,"{""0-1"": 0.5038474202156067}"
1870,0.42914566,"{""0-1"": 0.4291456639766693}"
1871,0.08849275,"{""0-1"": 0.088492751121521}"
1872,0.99994761,"{""0-1"": 0.9999476075172424}"
1873,0.03001603,"{""0-1"": 0.030016034841537476}"
1874,0.38507822,"{""0-1"": 0.38507822155952454}"
1875,0.04927059,"{""0-1"": 0.04927058517932892}"
1876,0.28753752,"{""0-1"": 0.28753751516342163}"
1877,0.40418535,"{""0-1"": 0.40418535470962524}"
1878,-0.02288432,"{""0-1"": -0.022884318605065346}"
1879,0.43837339,"{""0-1"": 0.4383733868598938}"
1880,0.02962112,"{""0-1"": 0.029621124267578125}"
1881,0.10946511,"{""0-1"": 0.1094651147723198}"
1882,0.18407010,"{""0-1"": 0.18407009541988373}"
1883,0.10316486,"{""0-1"": 0.10316485911607742}"
1884,0.39592314,"{""0-1"": 0.3959231376647949}"
1885,-0.13850768,"{""0-1"": -0.138507679104805}"
1886,0.50384742,"{""0-1"": 0.5038474202156067}"
1887,-0.02938971,"{""0-1"": -0.02938970737159252}"
1888,-0.02111613,"{""0-1"": -0.021116133779287338}"
1889,0.13605581,"{""0-1"": 0.1360558122396469}"
1890,0.06833190,"{""0-1"": 0.06833189725875854}"
1891,-0.01905460,"{""0-1"": -0.019054604694247246}"
1892,0.46552333,"{""0-1"": 0.4655233323574066}"
1893,0.06599798,"{""0-1"": 0.06599798053503036}"
1894,0.05112924,"{""0-1"": 0.051129236817359924}"
1895,0.23203179,"{""0-1"": 0.23203179240226746}"
1896,-0.01319664,"{""0-1"": -0.01319663506001234}"
1897,0.22692883,"{""0-1"": 0.22692883014678955}"
1898,0.00000000,{}
1899,0.79208940,"{""0-1"": 0.7920894026756287}"
1900,-0.04691476,"{""0-1"": -0.046914760023355484}"
1901,0.18164442,"{""0-1"": 0.18164442479610443}"
1902,0.00000000,{}
1903,0.33233929,"{""0-1"": 0.3323392868041992}"
1904,0.08465973,"{""0-1"": 0.08465973287820816}"
1905,0.10197043,"{""0-1"": 0.10197043418884277}"
1906,0.05980923,"{""0-1"": 0.059809230268001556}"
1907,0.99999589,"{""0-1"": 0.9999958872795105}"
1908,0.67120445,"{""0-1"": 0.6712044477462769}"
1909,0.99999863,"{""0-1"": 0.9999986290931702}"
1910,0.28498632,"{""0-1"": 0.28498631715774536}"
1911,0.05514371,"{""0-1"": 0.05514371395111084}"
1912,0.38415113,"{""0-1"": 0.3841511309146881}"
1913,0.07010290,"{""0-1"": 0.07010290026664734}"
1914,0.15641716,"{""0-1"": 0.15641716122627258}"
1915,0.21646032,"{""0-1"": 0.21646031737327576}"
1916,0.13258033,"{""0-1"": 0.13258032500743866}"
1917,-0.12099598,"{""0-1"": -0.12099598348140717}"
1918,-0.05173140,"{""0-1"": -0.05173139646649361}"
1919,0.17819360,"{""0-1"": 0.178193598985672}"
1920,0.15726510,"{""0-1"": 0.1572650969028473}"
1921,0.08074014,"{""0-1"": 0.08074013888835907}"
1922,0.05840249,"{""0-1"": 0.05840248987078667}"
1923,0.02973935,"{""0-1"": 0.02973935194313526}"
1924,0.08421756,"{""0-1"": 0.08421756327152252}"
1925,0.16500986,"{""0-1"": 0.16500985622406006}"
1926,0.07578520,"{""0-1"": 0.07578520476818085}"
1927,0.00523010,"{""0-1"": 0.005230102688074112}"
1928,0.24173190,"{""0-1"": 0.2417318969964981}"
1929,0.08970150,"{""0-1"": 0.08970150351524353}"
1930,0.74672353,"{""0-1"": 0.7467235326766968}"
1931,0.16711636,"{""0-1"": 0.16711635887622833}"
1932,0.32053304,"{""0-1"": 0.32053303718566895}"
1933,0.00000000,{}
1934,0.71659058,"{""0-1"": 0.7165905833244324}"
1935,0.56294221,"{""0-1"": 0.5629422068595886}"
1936,0.14054126,"{""0-1"": 0.14054125547409058}"
1937,0.15483181,"{""0-1"": 0.15483181178569794}"
1938,0.00000000,{}
1939,0.19173937,"{""0-1"": 0.19173936545848846}"
1940,-0.01449015,"{""0-1"": -0.01449014525860548}"
1941,0.14399092,"{""0-1"": 0.1439909189939499}"
1942,0.13258033,"{""0-1"": 0.13258032500743866}"
1943,-0.16122966,"{""0-1"": -0.16122965514659882}"
1944,0.13258033,"{""0-1"": 0.13258032500743866}"
1945,0.15498032,"{""0-1"": 0.15498031675815582}"
1946,0.17327443,"{""0-1"": 0.173274427652359}"
1947,0.84802794,"{""0-1"": 0.8480279445648193}"
1948,0.99918807,"{""0-1"": 0.9991880655288696}"
1949,0.13258033,"{""0-1"": 0.13258032500743866}"
1950,0.18122809,"{""0-1"": 0.18122808635234833}"
1951,0.32906216,"{""0-1"": 0.32906216382980347}"
1952,0.35443047,"{""0-1"": 0.3544304668903351}"
1953,0.05413035,"{""0-1"": 0.05413035303354263}"
1954,-0.00710939,"{""0-1"": -0.007109385449439287}"
1955,0.99999231,"{""0-1"": 0.999992311000824}"
1956,0.13945483,"{""0-1"": 0.13945482671260834}"
1957,0.12113030,"{""0-1"": 0.12113030254840851}"
1958,0.00287345,"{""0-1"": 0.0028734540101140738}"
1959,-0.06051519,"{""0-1"": -0.06051518768072128}"
1960,0.22311230,"{""0-1"": 0.2231123000383377}"
1961,0.28564298,"{""0-1"": 0.28564298152923584}"
1962,0.06671553,"{""0-1"": 0.0667155310511589}"
1963,0.19343528,"{""0-1"": 0.19343528151512146}"
1964,0.01041353,"{""0-1"": 0.010413531213998795}"
1965,0.25875801,"{""0-1"": 0.258758008480072}"
1966,0.02779192,"{""0-1"": 0.027791917324066162}"
1967,0.22376102,"{""0-1"": 0.22376102209091187}"
1968,-0.04158970,"{""0-1"": -0.041589703410863876}"
1969,0.11534178,"{""0-1"": 0.11534178256988525}"
1970,0.09913456,"{""0-1"": 0.09913455694913864}"
1971,0.08590551,"{""0-1"": 0.0859055146574974}"
1972,0.08847620,"{""0-1"": 0.08847619593143463}"
1973,0.01670747,"{""0-1"": 0.016707470640540123}"
1974,0.26505488,"{""0-1"": 0.2650548815727234}"
1975,0.99995929,"{""0-1"": 0.9999592900276184}"
1976,0.07914498,"{""0-1"": 0.07914497703313828}"
1977,0.18074885,"{""0-1"": 0.180748850107193}"
1978,0.38500378,"{""0-1"": 0.3850037753582001}"
1979,-0.06906325,"{""0-1"": -0.06906324625015259}"
1980,0.32706410,"{""0-1"": 0.3270640969276428}"
1981,-0.00750271,"{""0-1"": -0.007502708118408918}"
1982,0.32697684,"{""0-1"": 0.32697683572769165}"
1983,0.36231691,"{""0-1"": 0.36231690645217896}"
1984,-0.03962601,"{""0-1"": -0.03962600976228714}"
1985,0.30439213,"{""0-1"": 0.30439212918281555}"
1986,0.36767969,"{""0-1"": 0.3676796853542328}"
1987,0.20918828,"{""0-1"": 0.2091882824897766}"
1988,0.29887500,"{""0-1"": 0.29887500405311584}"
1989,0.03526183,"{""0-1"": 0.03526183217763901}"
1990,0.39893696,"{""0-1"": 0.3989369571208954}"
1991,0.10141504,"{""0-1"": 0.10141503810882568}"
1992,0.20153445,"{""0-1"": 0.2015344500541687}"
1993,0.22887072,"{""0-1"": 0.2288707196712494}"
1994,0.31361479,"{""0-1"": 0.31361478567123413}"
1995,0.13428876,"{""0-1"": 0.1342887580394745}"
1996,0.25875801,"{""0-1"": 0.258758008480072}"
1997,0.27890956,"{""0-1"": 0.2789095640182495}"
1998,-0.01158106,"{""0-1"": -0.01158105581998825}"
1999,0.79347312,"{""0-1"": 0.7934731245040894}"
2000,0.33233929,"{""0-1"": 0.3323392868041992}"
2001,0.00000000,{}
2002,0.21123901,"{""0-1"": 0.2112390100955963}"
2003,0.99999863,"{""0-1"": 0.9999986290931702}"
2004,0.20389692,"{""0-1"": 0.2038969248533249}"
2005,-0.02269565,"{""0-1"": -0.022695647552609444}"
2006,0.16867498,"{""0-1"": 0.16867497563362122}"
2007,0.14215215,"{""0-1"": 0.14215214550495148}"
2008,0.28718790,"{""0-1"": 0.2871879041194916}"
2009,0.20929433,"{""0-1"": 0.20929433405399323}"
2010,0.15198724,"{""0-1"": 0.1519872397184372}"
2011,0.00000000,{}
2012,0.00000000,{}
2013,0.03451395,"{""0-1"": 0.03451394662261009}"
2014,0.03559257,"{""0-1"": 0.03559257090091705}"
2015,0.21725123,"{""0-1"": 0.2172512263059616}"
2016,-0.00710939,"{""0-1"": -0.007109385449439287}"
2017,-0.26136097,"{""0-1"": -0.2613609731197357}"
2018,0.01255876,"{""0-1"": 0.012558763846755028}"
2019,0.15983507,"{""0-1"": 0.1598350703716278}"
2020,0.70302975,"{""0-1"": 0.7030297517776489}"
2021,0.46269041,"{""0-1"": 0.46269041299819946}"
2022,0.00000000,{}
2023,0.07921056,"{""0-1"": 0.0792105570435524}"
2024,-0.00710939,"{""0-1"": -0.007109385449439287}"
2025,0.96351635,"{""0-1"": 0.963516354560852}"
2026,-0.06386185,"{""0-1"": -0.06386184692382812}"
2027,0.21627159,"{""0-1"": 0.21627159416675568}"
2028,0.99997443,"{""0-1"": 0.9999744296073914}"
2029,0.10279243,"{""0-1"": 0.10279242694377899}"
2030,-0.11772051,"{""0-1"": -0.11772051453590393}"
2031,0.99999362,"{""0-1"": 0.999993622303009}"
2032,0.08160976,"{""0-1"": 0.08160976320505142}"
2033,0.02445552,"{""0-1"": 0.024455517530441284}"
2034,0.56087875,"{""0-1"": 0.5608787536621094}"
2035,0.00000000,{}
2036,0.99997383,"{""0-1"": 0.9999738335609436}"
2037,0.28332859,"{""0-1"": 0.2833285927772522}"
2038,-0.00625842,"{""0-1"": -0.0062584178522229195}"
2039,0.29887500,"{""0-1"": 0.29887500405311584}"
2040,0.99998873,"{""0-1"": 0.9999887347221375}"
2041,0.46522787,"{""0-1"": 0.465227872133255}"
2042,-0.01449015,"{""0-1"": -0.01449014525860548}"
2043,0.18880251,"{""0-1"": 0.18880251049995422}"
2044,0.04582905,"{""0-1"": 0.04582905024290085}"
2045,0.05358944,"{""0-1"": 0.05358944088220596}"
2046,0.36568892,"{""0-1"": 0.36568892002105713}"
2047,0.09001392,"{""0-1"": 0.09001392126083374}"
2048,-0.05691007,"{""0-1"": -0.05691006779670715}"
2049,0.99982733,"{""0-1"": 0.9998273253440857}"
2050,0.01728294,"{""0-1"": 0.017282944172620773}"
2051,0.20236024,"{""0-1"": 0.20236024260520935}"
2052,0.58158773,"{""0-1"": 0.5815877318382263}"
2053,0.97757751,"{""0-1"": 0.9775775074958801}"
2054,0.67120445,"{""0-1"": 0.6712044477462769}"
2055,-0.02076834,"{""0-1"": -0.020768344402313232}"
2056,0.99974680,"{""0-1"": 0.9997467994689941}"
2057,-0.01290445,"{""0-1"": -0.012904447503387928}"
2058,0.99998116,"{""0-1"": 0.999981164932251}"
2059,0.03451395,"{""0-1"": 0.03451394662261009}"
2060,0.99999154,"{""0-1"": 0.9999915361404419}"
2061,0.01278621,"{""0-1"": 0.012786205857992172}"
2062,0.61780804,"{""0-1"": 0.6178080439567566}"
2063,0.99999911,"{""0-1"": 0.9999991059303284}"
2064,0.33233929,"{""0-1"": 0.3323392868041992}"
2065,0.00000000,{}
2066,0.15122420,"{""0-1"": 0.15122419595718384}"
2067,-0.03061448,"{""0-1"": -0.03061448037624359}"
2068,0.33233929,"{""0-1"": 0.3323392868041992}"
2069,0.28944537,"{""0-1"": 0.2894453704357147}"
2070,0.39717087,"{""0-1"": 0.39717087149620056}"
2071,0.52617109,"{""0-1"": 0.526171088218689}"
2072,0.10819345,"{""0-1"": 0.10819344967603683}"
2073,0.28906059,"{""0-1"": 0.2890605926513672}"
2074,0.43614030,"{""0-1"": 0.4361402988433838}"
2075,-0.00481709,"{""0-1"": -0.004817092791199684}"
2076,0.07872057,"{""0-1"": 0.0787205696105957}"
2077,0.99999070,"{""0-1"": 0.999990701675415}"
2078,0.25230733,"{""0-1"": 0.25230732560157776}"
2079,0.45344317,"{""0-1"": 0.45344316959381104}"
2080,0.62392038,"{""0-1"": 0.6239203810691833}"
2081,0.16717798,"{""0-1"": 0.1671779751777649}"
2082,0.94903713,"{""0-1"": 0.9490371346473694}"
2083,0.20731506,"{""0-1"": 0.20731505751609802}"
2084,0.39190003,"{""0-1"": 0.39190003275871277}"
2085,0.16577969,"{""0-1"": 0.1657796949148178}"
2086,-0.03498490,"{""0-1"": -0.034984901547431946}"
2087,0.19218406,"{""0-1"": 0.19218406081199646}"
2088,0.29687837,"{""0-1"": 0.2968783676624298}"
2089,0.20334485,"{""0-1"": 0.20334485173225403}"
2090,0.99998993,"{""0-1"": 0.999989926815033}"
2091,0.17173523,"{""0-1"": 0.1717352271080017}"
2092,0.69277596,"{""0-1"": 0.6927759647369385}"
2093,0.00000000,{}
2094,0.20731506,"{""0-1"": 0.20731505751609802}"
2095,0.17832753,"{""0-1"": 0.1783275306224823}"
2096,0.59153455,"{""0-1"": 0.5915345549583435}"
2097,-0.13974597,"{""0-1"": -0.13974596560001373}"
2098,0.12429982,"{""0-1"": 0.12429982423782349}"
2099,-0.01371330,"{""0-1"": -0.013713300228118896}"
2100,-0.04158970,"{""0-1"": -0.041589703410863876}"
2101,0.35018611,"{""0-1"": 0.3501861095428467}"
2102,0.13403648,"{""0-1"": 0.13403648138046265}"
2103,0.00000000,{}
2104,0.99999535,"{""0-1"": 0.9999953508377075}"
2105,0.33070174,"{""0-1"": 0.3307017385959625}"
2106,0.57487780,"{""0-1"": 0.5748777985572815}"
2107,0.06460746,"{""0-1"": 0.06460745632648468}"
2108,0.56384265,"{""0-1"": 0.5638426542282104}"
2109,0.10049587,"{""0-1"": 0.10049586743116379}"
2110,0.27745268,"{""0-1"": 0.277452677488327}"
2111,0.03273097,"{""0-1"": 0.03273097053170204}"
2112,0.99999255,"{""0-1"": 0.9999925494194031}"
2113,0.16179194,"{""0-1"": 0.16179193556308746}"
2114,-0.00576833,"{""0-1"": -0.005768325179815292}"
2115,0.00000000,{}
2116,0.04988205,"{""0-1"": 0.04988204687833786}"
2117,0.02178116,"{""0-1"": 0.021781157702207565}"
2118,0.18412669,"{""0-1"": 0.18412669003009796}"
2119,0.00000000,{}
2120,-0.04509336,"{""0-1"": -0.0450933612883091}"
2121,-0.11772051,"{""0-1"": -0.11772051453590393}"
2122,0.49962682,"{""0-1"": 0.4996268153190613}"
2123,0.06481773,"{""0-1"": 0.06481773406267166}"
2124,0.21816330,"{""0-1"": 0.21816329658031464}"
2125,0.68307239,"{""0-1"": 0.6830723881721497}"
2126,0.03273097,"{""0-1"": 0.03273097053170204}"
2127,0.27061763,"{""0-1"": 0.27061763405799866}"
2128,0.99998528,"{""0-1"": 0.9999852776527405}"
2129,-0.07442727,"{""0-1"": -0.07442726939916611}"
2130,0.18451263,"{""0-1"": 0.18451263010501862}"
2131,0.02789413,"{""0-1"": 0.02789412997663021}"
2132,0.13135950,"{""0-1"": 0.1313595026731491}"
2133,0.01886888,"{""0-1"": 0.018868878483772278}"
2134,-0.02076965,"{""0-1"": -0.020769648253917694}"
2135,0.07831964,"{""0-1"": 0.07831963896751404}"
2136,0.24624974,"{""0-1"": 0.2462497353553772}"
2137,0.08034289,"{""0-1"": 0.08034288883209229}"
2138,0.03955920,"{""0-1"": 0.039559196680784225}"
2139,0.40795407,"{""0-1"": 0.40795406699180603}"
2140,0.82035309,"{""0-1"": 0.820353090763092}"
2141,0.16046424,"{""0-1"": 0.16046424210071564}"
2142,0.00000000,{}
2143,0.51636374,"{""0-1"": 0.5163637399673462}"
2144,0.18795668,"{""0-1"": 0.18795667588710785}"
2145,0.75604194,"{""0-1"": 0.756041944026947}"
2146,0.00000000,{}
2147,-0.15842400,"{""0-1"": -0.1584240049123764}"
2148,0.08804694,"{""0-1"": 0.08804693818092346}"
2149,0.04988205,"{""0-1"": 0.04988204687833786}"
2150,0.00071204,"{""0-1"": 0.0007120389491319656}"
2151,0.19203198,"{""0-1"": 0.19203197956085205}"
2152,0.00000000,{}
2153,0.21931177,"{""0-1"": 0.21931177377700806}"
2154,-0.00326206,"{""0-1"": -0.003262062557041645}"
2155,0.99998301,"{""0-1"": 0.999983012676239}"
2156,0.26818019,"{""0-1"": 0.2681801915168762}"
2157,0.24272068,"{""0-1"": 0.24272067844867706}"
2158,0.00000000,{}
2159,0.05979081,"{""0-1"": 0.05979080870747566}"
2160,0.13682689,"{""0-1"": 0.13682688772678375}"
2161,0.03955920,"{""0-1"": 0.039559196680784225}"
2162,0.00000000,{}
2163,-0.06533350,"{""0-1"": -0.06533350050449371}"
2164,0.23876385,"{""0-1"": 0.23876385390758514}"
2165,0.64065075,"{""0-1"": 0.640650749206543}"
2166,0.04927059,"{""0-1"": 0.04927058517932892}"
2167,0.27960485,"{""0-1"": 0.27960485219955444}"
2168,0.35975367,"{""0-1"": 0.35975366830825806}"
2169,0.00000000,{}
2170,0.07831964,"{""0-1"": 0.07831963896751404}"
2171,0.24968512,"{""0-1"": 0.2496851235628128}"
2172,-0.06957423,"{""0-1"": -0.06957422941923141}"
2173,-0.06051519,"{""0-1"": -0.06051518768072128}"
2174,0.46311325,"{""0-1"": 0.4631132483482361}"
2175,0.22103453,"{""0-1"": 0.22103452682495117}"
2176,0.37149897,"{""0-1"": 0.3714989721775055}"
2177,0.05112927,"{""0-1"": 0.05112927034497261}"
2178,0.42021027,"{""0-1"": 0.4202102720737457}"
2179,0.15277612,"{""0-1"": 0.15277612209320068}"
2180,0.21432383,"{""0-1"": 0.21432383358478546}"
2181,0.00000000,{}
2182,-0.13309328,"{""0-1"": -0.13309328258037567}"
2183,0.03186413,"{""0-1"": 0.03186413273215294}"
2184,0.00966748,"{""0-1"": 0.00966748408973217}"
2185,-0.13188319,"{""0-1"": -0.1318831890821457}"
2186,0.99450403,"{""0-1"": 0.9945040345191956}"
2187,0.11065811,"{""0-1"": 0.11065810918807983}"
2188,0.10988005,"{""0-1"": 0.10988005250692368}"
2189,-0.06087792,"{""0-1"": -0.06087792292237282}"
2190,0.18110083,"{""0-1"": 0.18110083043575287}"
2191,0.32446030,"{""0-1"": 0.32446029782295227}"
2192,0.27253187,"{""0-1"": 0.2725318670272827}"
2193,0.97534072,"{""0-1"": 0.975340723991394}"
2194,0.02717840,"{""0-1"": 0.02717840112745762}"
2195,0.00000000,{}
2196,0.33238405,"{""0-1"": 0.33238404989242554}"
2197,0.14293796,"{""0-1"": 0.14293795824050903}"
2198,0.07056151,"{""0-1"": 0.07056150585412979}"
2199,0.99999917,"{""0-1"": 0.9999991655349731}"
2200,0.09019307,"{""0-1"": 0.09019307047128677}"
2201,0.07453287,"{""0-1"": 0.07453286647796631}"
2202,0.12773091,"{""0-1"": 0.12773090600967407}"
2203,-0.07534759,"{""0-1"": -0.07534759491682053}"
2204,0.00000000,{}
2205,0.10417254,"{""0-1"": 0.10417254269123077}"
2206,-0.05691007,"{""0-1"": -0.05691006779670715}"
2207,0.99999309,"{""0-1"": 0.999993085861206}"
2208,0.26468936,"{""0-1"": 0.2646893560886383}"
2209,-0.10456567,"{""0-1"": -0.10456566512584686}"
2210,0.23563100,"{""0-1"": 0.23563100397586823}"
2211,0.00000000,{}
2212,0.10725088,"{""0-1"": 0.1072508841753006}"
2213,0.15402299,"{""0-1"": 0.15402299165725708}"
2214,0.59413368,"{""0-1"": 0.5941336750984192}"
2215,0.15455972,"{""0-1"": 0.15455971658229828}"
2216,0.16662018,"{""0-1"": 0.1666201800107956}"
2217,0.01204234,"{""0-1"": 0.01204234454780817}"
2218,0.06476575,"{""0-1"": 0.06476575136184692}"
2219,0.26379737,"{""0-1"": 0.2637973725795746}"
2220,0.99999297,"{""0-1"": 0.9999929666519165}"
2221,0.98248142,"{""0-1"": 0.9824814200401306}"
2222,0.20268649,"{""0-1"": 0.20268648862838745}"
2223,0.31782600,"{""0-1"": 0.3178260028362274}"
2224,-0.08816298,"{""0-1"": -0.08816298097372055}"
2225,0.97918808,"{""0-1"": 0.979188084602356}"
2226,0.94903713,"{""0-1"": 0.9490371346473694}"
2227,0.12360055,"{""0-1"": 0.1236005499958992}"
2228,0.00000000,{}
2229,-0.06957423,"{""0-1"": -0.06957422941923141}"
2230,0.22375920,"{""0-1"": 0.22375920414924622}"
2231,0.09256156,"{""0-1"": 0.09256155788898468}"
2232,0.28130797,"{""0-1"": 0.28130796551704407}"
2233,0.36897936,"{""0-1"": 0.3689793646335602}"
2234,0.03451395,"{""0-1"": 0.03451394662261009}"
2235,0.10670291,"{""0-1"": 0.10670290887355804}"
2236,-0.01905460,"{""0-1"": -0.019054604694247246}"
2237,-0.02257158,"{""0-1"": -0.02257157862186432}"
2238,0.04554492,"{""0-1"": 0.04554492235183716}"
2239,-0.01109808,"{""0-1"": -0.011098077520728111}"
2240,0.18992968,"{""0-1"": 0.18992967903614044}"
2241,0.21278630,"{""0-1"": 0.21278630197048187}"
2242,0.08310737,"{""0-1"": 0.0831073746085167}"
2243,-0.01299511,"{""0-1"": -0.012995105236768723}"
2244,0.05429954,"{""0-1"": 0.05429954454302788}"
2245,0.05242690,"{""0-1"": 0.05242689698934555}"
2246,0.16400231,"{""0-1"": 0.16400231420993805}"
2247,-0.09492327,"{""0-1"": -0.09492327272891998}"
2248,0.13356361,"{""0-1"": 0.13356360793113708}"
2249,-0.05648665,"{""0-1"": -0.05648665130138397}"
2250,0.99999046,"{""0-1"": 0.9999904632568359}"
2251,0.04203568,"{""0-1"": 0.04203568398952484}"
2252,0.19203198,"{""0-1"": 0.19203197956085205}"
2253,0.43387982,"{""0-1"": 0.4338798224925995}"
2254,0.59852958,"{""0-1"": 0.598529577255249}"
2255,-0.09299088,"{""0-1"": -0.09299087524414062}"
2256,0.27012351,"{""0-1"": 0.27012351155281067}"
2258,0.50384742,"{""0-1"": 0.5038474202156067}"
2259,0.00000000,{}
2260,0.16498244,"{""0-1"": 0.16498243808746338}"
2261,0.04927059,"{""0-1"": 0.04927058517932892}"
2262,-0.00785552,"{""0-1"": -0.00785551592707634}"
2263,0.27520439,"{""0-1"": 0.2752043902873993}"
2264,0.19245729,"{""0-1"": 0.19245728850364685}"
2265,0.00000000,{}
2266,0.19374782,"{""0-1"": 0.19374781847000122}"
2267,0.07849349,"{""0-1"": 0.07849349081516266}"
2268,0.27642578,"{""0-1"": 0.2764257788658142}"
2269,0.88591743,"{""0-1"": 0.8859174251556396}"
2270,-0.16379212,"{""0-1"": -0.16379211843013763}"
2271,0.30439213,"{""0-1"": 0.30439212918281555}"
2272,0.07935295,"{""0-1"": 0.07935294508934021}"
2273,0.98594379,"{""0-1"": 0.9859437942504883}"
2274,0.02251085,"{""0-1"": 0.022510848939418793}"
2275,0.24213938,"{""0-1"": 0.24213938415050507}"
2276,0.16658895,"{""0-1"": 0.1665889471769333}"
2277,0.14162937,"{""0-1"": 0.14162936806678772}"
2278,0.36505729,"{""0-1"": 0.3650572896003723}"
2279,0.15953994,"{""0-1"": 0.15953993797302246}"
2280,0.40708899,"{""0-1"": 0.4070889949798584}"
2281,0.23848067,"{""0-1"": 0.23848067224025726}"
2282,0.05980923,"{""0-1"": 0.059809230268001556}"
2283,0.99996871,"{""0-1"": 0.9999687075614929}"
2284,-0.06051519,"{""0-1"": -0.06051518768072128}"
2285,0.59433103,"{""0-1"": 0.5943310260772705}"
2286,-0.01849874,"{""0-1"": -0.0184987373650074}"
2287,0.23295192,"{""0-1"": 0.23295192420482635}"
2288,-0.03238729,"{""0-1"": -0.03238729387521744}"
2289,0.23848067,"{""0-1"": 0.23848067224025726}"
2290,0.99996746,"{""0-1"": 0.9999674558639526}"
2291,0.13728614,"{""0-1"": 0.13728614151477814}"
2292,0.25325412,"{""0-1"": 0.25325411558151245}"
2293,0.40868405,"{""0-1"": 0.40868404507637024}"
2294,-0.01413208,"{""0-1"": -0.014132076874375343}"
2295,0.02134811,"{""0-1"": 0.021348105743527412}"
2296,0.50384742,"{""0-1"": 0.5038474202156067}"
2297,0.21388240,"{""0-1"": 0.21388240158557892}"
2298,0.22122239,"{""0-1"": 0.221222385764122}"
2299,0.11034495,"{""0-1"": 0.11034494638442993}"
2300,0.02364750,"{""0-1"": 0.023647498339414597}"
2301,-0.21110728,"{""0-1"": -0.2111072838306427}"
2302,0.17172876,"{""0-1"": 0.17172876000404358}"
2303,0.35696280,"{""0-1"": 0.35696280002593994}"
2304,0.00000000,{}
2305,0.00000000,{}
2306,0.00000000,{}
2307,0.62392038,"{""0-1"": 0.6239203810691833}"
2308,0.04225152,"{""0-1"": 0.04225151613354683}"
2309,-0.10884469,"{""0-1"": -0.10884469002485275}"
2310,0.84439427,"{""0-1"": 0.8443942666053772}"
2311,0.24184109,"{""0-1"": 0.24184109270572662}"
2312,0.33337268,"{""0-1"": 0.33337268233299255}"
2313,0.41558015,"{""0-1"": 0.415580153465271}"
2314,0.03851038,"{""0-1"": 0.03851037845015526}"
2315,-0.03096442,"{""0-1"": -0.03096442110836506}"
2316,0.16658895,"{""0-1"": 0.1665889471769333}"
2317,0.12989473,"{""0-1"": 0.12989473342895508}"
2318,0.40456277,"{""0-1"": 0.404562771320343}"
2319,-0.03238729,"{""0-1"": -0.03238729387521744}"
2320,0.12421659,"{""0-1"": 0.12421659380197525}"
2321,0.16290641,"{""0-1"": 0.16290640830993652}"
2322,0.08149966,"{""0-1"": 0.08149965852499008}"
2323,0.03422000,"{""0-1"": 0.034219998866319656}"
2324,-0.05691007,"{""0-1"": -0.05691006779670715}"
2325,0.04015467,"{""0-1"": 0.04015466570854187}"
2326,0.20508064,"{""0-1"": 0.20508064329624176}"
2327,0.99999410,"{""0-1"": 0.9999940991401672}"
2328,-0.01449015,"{""0-1"": -0.01449014525860548}"
2329,0.00000000,{}
2330,0.41486761,"{""0-1"": 0.4148676097393036}"
2331,0.99999064,"{""0-1"": 0.9999906420707703}"
2332,0.22603381,"{""0-1"": 0.22603380680084229}"
2333,0.16290641,"{""0-1"": 0.16290640830993652}"
2334,0.01430430,"{""0-1"": 0.014304299838840961}"
2335,-0.01803500,"{""0-1"": -0.018035002052783966}"
2336,0.05857924,"{""0-1"": 0.05857923999428749}"
2337,-0.12099598,"{""0-1"": -0.12099598348140717}"
2338,0.57578689,"{""0-1"": 0.5757868885993958}"
2339,0.00885705,"{""0-1"": 0.00885704718530178}"
2340,0.00473684,"{""0-1"": 0.004736840724945068}"
2341,0.99999046,"{""0-1"": 0.9999904632568359}"
2342,0.11949152,"{""0-1"": 0.11949151754379272}"
2343,0.99999011,"{""0-1"": 0.9999901056289673}"
2344,0.07736874,"{""0-1"": 0.07736874371767044}"
2345,0.23252118,"{""0-1"": 0.2325211763381958}"
2346,0.09743959,"{""0-1"": 0.09743959456682205}"
2347,0.16384169,"{""0-1"": 0.16384169459342957}"
2348,0.14397626,"{""0-1"": 0.14397625625133514}"
2349,0.03851038,"{""0-1"": 0.03851037845015526}"
2350,0.15960012,"{""0-1"": 0.1596001237630844}"
2351,0.08304216,"{""0-1"": 0.08304215967655182}"
2352,0.00000000,{}
2353,0.28349096,"{""0-1"": 0.28349095582962036}"
2354,0.99999875,"{""0-1"": 0.9999987483024597}"
2355,0.04995249,"{""0-1"": 0.049952492117881775}"
2356,0.09638241,"{""0-1"": 0.09638240933418274}"
2357,0.01662134,"{""0-1"": 0.016621340066194534}"
2358,0.12375910,"{""0-1"": 0.12375909835100174}"
2359,0.03851038,"{""0-1"": 0.03851037845015526}"
2360,0.33233929,"{""0-1"": 0.3323392868041992}"
2361,0.21882980,"{""0-1"": 0.21882979571819305}"
2362,0.00000000,{}
2363,0.33233929,"{""0-1"": 0.3323392868041992}"
2364,0.30447391,"{""0-1"": 0.3044739067554474}"
2365,0.43675625,"{""0-1"": 0.4367562532424927}"
2366,0.36941710,"{""0-1"": 0.36941710114479065}"
2367,0.08670995,"{""0-1"": 0.08670995384454727}"
2368,0.02746582,"{""0-1"": 0.02746582217514515}"
2369,0.07622076,"{""0-1"": 0.07622075825929642}"
2370,0.18164442,"{""0-1"": 0.18164442479610443}"
2371,-0.05132831,"{""0-1"": -0.051328305155038834}"
2372,-0.02954565,"{""0-1"": -0.029545653611421585}"
2373,0.99966246,"{""0-1"": 0.999662458896637}"
2374,0.07658906,"{""0-1"": 0.07658906280994415}"
2375,0.00000000,{}
2376,-0.03496381,"{""0-1"": -0.03496381267905235}"
2377,-0.05691007,"{""0-1"": -0.05691006779670715}"
2378,-0.04134443,"{""0-1"": -0.04134443402290344}"
2379,0.61679012,"{""0-1"": 0.6167901158332825}"
2380,0.57237571,"{""0-1"": 0.5723757147789001}"
2381,0.55210584,"{""0-1"": 0.5521058440208435}"
2382,0.29116344,"{""0-1"": 0.29116344451904297}"
2383,0.40972736,"{""0-1"": 0.4097273647785187}"
2384,0.00000000,{}
2385,0.99999660,"{""0-1"": 0.9999966025352478}"
2386,0.10061090,"{""0-1"": 0.1006108969449997}"
2387,-0.04636227,"{""0-1"": -0.046362269669771194}"
2388,0.99999076,"{""0-1"": 0.9999907612800598}"
2389,0.05432384,"{""0-1"": 0.05432383716106415}"
2390,0.62970072,"{""0-1"": 0.6297007203102112}"
2391,0.03825739,"{""0-1"": 0.03825739398598671}"
2392,0.22843163,"{""0-1"": 0.22843162715435028}"
2393,0.45331568,"{""0-1"": 0.4533156752586365}"
2394,0.08335613,"{""0-1"": 0.08335613459348679}"
2395,-0.10429856,"{""0-1"": -0.10429856181144714}"
2396,0.15522732,"{""0-1"": 0.15522731840610504}"
2397,0.28057584,"{""0-1"": 0.28057584166526794}"
2398,0.18049137,"{""0-1"": 0.1804913729429245}"
2399,0.10781110,"{""0-1"": 0.1078111007809639}"
2400,0.07831964,"{""0-1"": 0.07831963896751404}"
2401,0.06278495,"{""0-1"": 0.06278494745492935}"
2402,0.13402021,"{""0-1"": 0.13402020931243896}"
2403,0.99999827,"{""0-1"": 0.9999982714653015}"
2404,0.03825739,"{""0-1"": 0.03825739398598671}"
2405,0.10321382,"{""0-1"": 0.10321381688117981}"
2406,-0.17660819,"{""0-1"": -0.17660818994045258}"
2407,0.00000000,{}
2408,0.09091496,"{""0-1"": 0.09091496467590332}"
2409,0.10490383,"{""0-1"": 0.10490383207798004}"
2410,0.00075165,"{""0-1"": 0.0007516538607887924}"
2411,0.99999297,"{""0-1"": 0.9999929666519165}"
2412,0.29338756,"{""0-1"": 0.2933875620365143}"
2413,0.00000000,{}
2414,0.04225152,"{""0-1"": 0.04225151613354683}"
2415,0.17473866,"{""0-1"": 0.17473866045475006}"
2416,0.23457778,"{""0-1"": 0.23457777500152588}"
2417,0.50384742,"{""0-1"": 0.5038474202156067}"
2418,0.05352578,"{""0-1"": 0.05352577567100525}"
2419,0.47864732,"{""0-1"": 0.4786473214626312}"
2420,0.13818005,"{""0-1"": 0.13818004727363586}"
2421,0.98509777,"{""0-1"": 0.9850977659225464}"
2422,0.03451395,"{""0-1"": 0.03451394662261009}"
2423,-0.20632924,"{""0-1"": -0.20632924139499664}"
2424,0.19716999,"{""0-1"": 0.19716998934745789}"
2425,0.02178116,"{""0-1"": 0.021781157702207565}"
2426,-0.21160088,"{""0-1"": -0.2116008847951889}"
2427,0.00000000,{}
2428,0.00000000,{}
2429,0.99974680,"{""0-1"": 0.9997467994689941}"
2430,0.07301712,"{""0-1"": 0.07301712036132812}"
2431,0.13256367,"{""0-1"": 0.13256366550922394}"
2432,0.99999809,"{""0-1"": 0.9999980926513672}"
2433,0.25963357,"{""0-1"": 0.2596335709095001}"
2434,0.24253246,"{""0-1"": 0.24253246188163757}"
2435,0.01255876,"{""0-1"": 0.012558763846755028}"
2436,0.99998581,"{""0-1"": 0.9999858140945435}"
2437,0.57578689,"{""0-1"": 0.5757868885993958}"
2438,-0.07520720,"{""0-1"": -0.07520720362663269}"
2439,0.64561617,"{""0-1"": 0.6456161737442017}"
2440,0.19880632,"{""0-1"": 0.19880631566047668}"
2441,0.44940391,"{""0-1"": 0.44940391182899475}"
2442,0.99995637,"{""0-1"": 0.9999563694000244}"
2443,0.24428008,"{""0-1"": 0.24428008496761322}"
2444,0.04511254,"{""0-1"": 0.04511253535747528}"
2445,0.28640974,"{""0-1"": 0.28640973567962646}"
2446,0.10279243,"{""0-1"": 0.10279242694377899}"
2447,0.07212633,"{""0-1"": 0.07212632894515991}"
2448,0.37808287,"{""0-1"": 0.37808287143707275}"
2449,0.99604756,"{""0-1"": 0.9960475564002991}"
2450,0.15863599,"{""0-1"": 0.15863598883152008}"
2451,-0.02967263,"{""0-1"": -0.02967262826859951}"
2452,-0.02250502,"{""0-1"": -0.022505022585392}"
2453,0.19892827,"{""0-1"": 0.19892826676368713}"
2454,0.19935165,"{""0-1"": 0.19935165345668793}"
2455,0.60271144,"{""0-1"": 0.6027114391326904}"
2456,-0.01319664,"{""0-1"": -0.01319663506001234}"
2457,0.20389692,"{""0-1"": 0.2038969248533249}"
2458,0.10651448,"{""0-1"": 0.10651448369026184}"
2459,0.00244977,"{""0-1"": 0.0024497732520103455}"
2460,0.02723574,"{""0-1"": 0.027235735207796097}"
2461,0.04567020,"{""0-1"": 0.045670196413993835}"
2462,0.27851570,"{""0-1"": 0.27851569652557373}"
2463,0.05514371,"{""0-1"": 0.05514371395111084}"
2464,-0.08542304,"{""0-1"": -0.08542303740978241}"
2465,-0.06051519,"{""0-1"": -0.06051518768072128}"
2466,0.34470111,"{""0-1"": 0.3447011113166809}"
2467,-0.03758459,"{""0-1"": -0.037584587931632996}"
2468,0.38539708,"{""0-1"": 0.3853970766067505}"
2469,0.01132424,"{""0-1"": 0.011324241757392883}"
2470,0.19577131,"{""0-1"": 0.19577130675315857}"
2471,0.01041353,"{""0-1"": 0.010413531213998795}"
2472,0.04826649,"{""0-1"": 0.04826648533344269}"
2473,0.07931148,"{""0-1"": 0.07931148260831833}"
2474,0.37309760,"{""0-1"": 0.37309759855270386}"
2475,-0.05691007,"{""0-1"": -0.05691006779670715}"
2476,-0.03002641,"{""0-1"": -0.03002641350030899}"
2477,0.83620572,"{""0-1"": 0.8362057209014893}"
2478,0.67473680,"{""0-1"": 0.6747367978096008}"
2479,0.12113030,"{""0-1"": 0.12113030254840851}"
2480,0.99995363,"{""0-1"": 0.9999536275863647}"
2481,0.98763841,"{""0-1"": 0.9876384139060974}"
2482,0.23770085,"{""0-1"": 0.23770084977149963}"
2483,0.07641501,"{""0-1"": 0.07641500979661942}"
2484,0.99829698,"{""0-1"": 0.9982969760894775}"
2485,0.22156015,"{""0-1"": 0.22156015038490295}"
2486,0.07871175,"{""0-1"": 0.07871174812316895}"
2487,0.99918807,"{""0-1"": 0.9991880655288696}"
2488,0.19443931,"{""0-1"": 0.19443930685520172}"
2489,0.20722084,"{""0-1"": 0.20722083747386932}"
2490,0.99984854,"{""0-1"": 0.9998485445976257}"
2491,0.24889280,"{""0-1"": 0.24889279901981354}"
2492,-0.00683578,"{""0-1"": -0.006835775915533304}"
2493,0.33832693,"{""0-1"": 0.33832693099975586}"
2494,0.99997270,"{""0-1"": 0.9999727010726929}"
2495,0.26062438,"{""0-1"": 0.26062437891960144}"
2496,0.13402021,"{""0-1"": 0.13402020931243896}"
2497,0.00000000,{}
2498,0.63010132,"{""0-1"": 0.6301013231277466}"
2499,0.29430908,"{""0-1"": 0.2943090796470642}"
2500,0.00000000,{}
2501,0.21627159,"{""0-1"": 0.21627159416675568}"
2502,0.05140676,"{""0-1"": 0.05140675976872444}"
2503,0.92853707,"{""0-1"": 0.9285370707511902}"
2504,0.41204986,"{""0-1"": 0.4120498597621918}"
2505,0.02540458,"{""0-1"": 0.025404583662748337}"
2506,0.72102654,"{""0-1"": 0.7210265398025513}"
2507,0.01649349,"{""0-1"": 0.01649348810315132}"
2508,0.18953286,"{""0-1"": 0.18953286111354828}"
2509,0.28568178,"{""0-1"": 0.2856817841529846}"
2510,0.02313007,"{""0-1"": 0.02313006855547428}"
2511,0.13446757,"{""0-1"": 0.13446757197380066}"
2512,0.20114127,"{""0-1"": 0.20114126801490784}"
2513,0.02051074,"{""0-1"": 0.02051074430346489}"
2514,0.56384265,"{""0-1"": 0.5638426542282104}"
2515,0.12239379,"{""0-1"": 0.12239378690719604}"
2516,0.00000000,{}
2517,0.79427171,"{""0-1"": 0.79427170753479}"
2518,0.08310737,"{""0-1"": 0.0831073746085167}"
2519,0.99999571,"{""0-1"": 0.9999957084655762}"
2520,0.19343528,"{""0-1"": 0.19343528151512146}"
2521,0.29430908,"{""0-1"": 0.2943090796470642}"
2522,0.29338759,"{""0-1"": 0.29338759183883667}"
2523,0.91870725,"{""0-1"": 0.9187072515487671}"
2524,0.14215215,"{""0-1"": 0.14215214550495148}"
2525,0.99999964,"{""0-1"": 0.9999996423721313}"
2526,-0.04252293,"{""0-1"": -0.04252292960882187}"
2527,0.53547466,"{""0-1"": 0.5354746580123901}"
2528,0.56150413,"{""0-1"": 0.5615041255950928}"
2529,0.23468597,"{""0-1"": 0.2346859723329544}"
2530,0.01538235,"{""0-1"": 0.015382354147732258}"
2531,0.14357419,"{""0-1"": 0.14357419312000275}"
2532,0.00488162,"{""0-1"": 0.00488161901012063}"
2533,0.00000000,{}
2534,0.01412970,"{""0-1"": 0.014129703864455223}"
2535,0.11423099,"{""0-1"": 0.11423099040985107}"
2536,-0.08363689,"{""0-1"": -0.08363688737154007}"
2537,0.18516769,"{""0-1"": 0.18516768515110016}"
2538,0.49870807,"{""0-1"": 0.4987080693244934}"
2539,-0.01449015,"{""0-1"": -0.01449014525860548}"
2540,-0.02157759,"{""0-1"": -0.021577587351202965}"
2541,-0.04302204,"{""0-1"": -0.043022044003009796}"
2542,0.13818005,"{""0-1"": 0.13818004727363586}"
2543,0.22024733,"{""0-1"": 0.2202473282814026}"
2544,0.99970794,"{""0-1"": 0.9997079372406006}"
2545,0.15354912,"{""0-1"": 0.15354911983013153}"
2546,0.00290102,"{""0-1"": 0.002901023719459772}"
2547,0.17332262,"{""0-1"": 0.1733226180076599}"
2548,0.05980923,"{""0-1"": 0.059809230268001556}"
2549,0.16290641,"{""0-1"": 0.16290640830993652}"
2550,0.12267175,"{""0-1"": 0.12267175316810608}"
2551,0.00000000,{}
2552,0.37531978,"{""0-1"": 0.37531977891921997}"
2553,-0.09207918,"{""0-1"": -0.09207917749881744}"
2554,0.11834200,"{""0-1"": 0.11834200471639633}"
2555,0.14215215,"{""0-1"": 0.14215214550495148}"
2556,1.00000000,"{""0-1"": 1.0}"
2557,0.07419163,"{""0-1"": 0.0741916298866272}"
2558,-0.07472762,"{""0-1"": -0.0747276172041893}"
2559,0.12423217,"{""0-1"": 0.12423217296600342}"
2560,-0.01849874,"{""0-1"": -0.0184987373650074}"
2561,0.00000000,{}
2562,0.07330178,"{""0-1"": 0.0733017772436142}"
2563,0.00145781,"{""0-1"": 0.001457809004932642}"
2564,0.05112924,"{""0-1"": 0.051129236817359924}"
2565,0.03108975,"{""0-1"": 0.031089745461940765}"
2566,0.56213099,"{""0-1"": 0.5621309876441956}"
2567,0.11746605,"{""0-1"": 0.1174660474061966}"
2568,0.00885705,"{""0-1"": 0.00885704718530178}"
2569,0.01148855,"{""0-1"": 0.011488553136587143}"
2570,0.43853953,"{""0-1"": 0.4385395348072052}"
2571,0.49870807,"{""0-1"": 0.4987080693244934}"
2572,0.41762105,"{""0-1"": 0.41762104630470276}"
2573,0.38463920,"{""0-1"": 0.3846392035484314}"
2574,0.13734286,"{""0-1"": 0.13734285533428192}"
2575,0.97828984,"{""0-1"": 0.9782898426055908}"
2576,0.08206458,"{""0-1"": 0.08206458389759064}"
2577,0.19423133,"{""0-1"": 0.1942313313484192}"
2578,0.05112924,"{""0-1"": 0.051129236817359924}"
2579,-0.02046458,"{""0-1"": -0.02046458050608635}"
2580,-0.00588200,"{""0-1"": -0.005882002413272858}"
2581,0.28282315,"{""0-1"": 0.2828231453895569}"
2582,0.99797446,"{""0-1"": 0.9979744553565979}"
2583,0.04988205,"{""0-1"": 0.04988204687833786}"
2584,0.44275481,"{""0-1"": 0.4427548050880432}"
2585,0.99998719,"{""0-1"": 0.9999871850013733}"
2586,0.76750314,"{""0-1"": 0.7675031423568726}"
2587,0.05980923,"{""0-1"": 0.059809230268001556}"
2588,-0.11404125,"{""0-1"": -0.11404124647378922}"
2589,0.37894592,"{""0-1"": 0.378945916891098}"
2590,0.60573077,"{""0-1"": 0.6057307720184326}"
2591,0.99995637,"{""0-1"": 0.9999563694000244}"
2592,-0.05140124,"{""0-1"": -0.05140124261379242}"
2593,0.99874252,"{""0-1"": 0.9987425208091736}"
2594,0.07663276,"{""0-1"": 0.07663276046514511}"
2595,-0.06051519,"{""0-1"": -0.06051518768072128}"
2596,-0.02034314,"{""0-1"": -0.02034313604235649}"
2597,0.45565993,"{""0-1"": 0.4556599259376526}"
2598,0.14976537,"{""0-1"": 0.14976537227630615}"
2599,0.01709379,"{""0-1"": 0.01709378883242607}"
2600,0.08764400,"{""0-1"": 0.08764399588108063}"
2601,0.28719637,"{""0-1"": 0.2871963679790497}"
2602,0.35408860,"{""0-1"": 0.35408860445022583}"
2603,0.95424634,"{""0-1"": 0.9542463421821594}"
2604,0.02920295,"{""0-1"": 0.02920294553041458}"
2605,0.04914854,"{""0-1"": 0.049148544669151306}"
2606,0.99996114,"{""0-1"": 0.9999611377716064}"
2607,0.00000000,{}
2608,0.14259636,"{""0-1"": 0.14259636402130127}"
2609,0.09035921,"{""0-1"": 0.09035921096801758}"
2610,0.03186413,"{""0-1"": 0.03186413273215294}"
2611,0.29980659,"{""0-1"": 0.2998065948486328}"
2612,0.51950175,"{""0-1"": 0.5195017457008362}"
2613,0.02548457,"{""0-1"": 0.025484565645456314}"
2614,0.00000000,{}
2615,0.28202760,"{""0-1"": 0.28202760219573975}"
2616,0.99999779,"{""0-1"": 0.9999977946281433}"
2617,-0.22556551,"{""0-1"": -0.22556550800800323}"
2618,0.07499319,"{""0-1"": 0.07499319314956665}"
2619,-0.14182930,"{""0-1"": -0.14182929694652557}"
2620,0.16502534,"{""0-1"": 0.16502533853054047}"
2621,0.09035921,"{""0-1"": 0.09035921096801758}"
2622,0.14215215,"{""0-1"": 0.14215214550495148}"
2623,0.00000000,{}
2624,0.40795407,"{""0-1"": 0.40795406699180603}"
2625,0.00000000,{}
2626,-0.08309457,"{""0-1"": -0.08309456706047058}"
2627,-0.04531348,"{""0-1"": -0.045313481241464615}"
2628,0.55460954,"{""0-1"": 0.5546095371246338}"
2629,0.04237987,"{""0-1"": 0.04237987473607063}"
2630,0.15518494,"{""0-1"": 0.15518493950366974}"
2631,0.63054115,"{""0-1"": 0.6305411458015442}"
2632,0.99999642,"{""0-1"": 0.9999964237213135}"
2633,0.08752088,"{""0-1"": 0.08752087503671646}"
2634,0.04738422,"{""0-1"": 0.04738422483205795}"
2635,0.22448006,"{""0-1"": 0.2244800627231598}"
2636,0.17679243,"{""0-1"": 0.1767924278974533}"
2637,0.08538341,"{""0-1"": 0.08538340777158737}"
2638,0.05133914,"{""0-1"": 0.05133913829922676}"
2639,0.05352578,"{""0-1"": 0.05352577567100525}"
2640,0.31277475,"{""0-1"": 0.31277474761009216}"
2641,0.99999583,"{""0-1"": 0.9999958276748657}"
2642,0.07301712,"{""0-1"": 0.07301712036132812}"
2643,0.18905783,"{""0-1"": 0.1890578269958496}"
2644,0.01921674,"{""0-1"": 0.019216740503907204}"
2645,0.33161932,"{""0-1"": 0.3316193222999573}"
2646,0.17905958,"{""0-1"": 0.17905957996845245}"
2647,0.10434815,"{""0-1"": 0.10434815287590027}"
2648,0.10316486,"{""0-1"": 0.10316485911607742}"
2649,-0.06051519,"{""0-1"": -0.06051518768072128}"
2650,0.99999547,"{""0-1"": 0.9999954700469971}"
2651,0.05200354,"{""0-1"": 0.05200354382395744}"
2652,0.13187502,"{""0-1"": 0.13187502324581146}"
2653,0.01078916,"{""0-1"": 0.01078916247934103}"
2654,0.16658895,"{""0-1"": 0.1665889471769333}"
2655,0.33233929,"{""0-1"": 0.3323392868041992}"
2656,0.11113820,"{""0-1"": 0.11113820225000381}"
2657,0.99741954,"{""0-1"": 0.997419536113739}"
2658,0.99999863,"{""0-1"": 0.9999986290931702}"
2659,0.04587239,"{""0-1"": 0.045872386544942856}"
2660,-0.01561981,"{""0-1"": -0.015619812533259392}"
2661,0.08804694,"{""0-1"": 0.08804693818092346}"
2662,0.05980923,"{""0-1"": 0.059809230268001556}"
2663,0.21627159,"{""0-1"": 0.21627159416675568}"
2664,0.13258033,"{""0-1"": 0.13258032500743866}"
2665,0.26710221,"{""0-1"": 0.2671022117137909}"
2666,0.15497622,"{""0-1"": 0.15497621893882751}"
2667,0.99999505,"{""0-1"": 0.9999950528144836}"
2668,0.37007266,"{""0-1"": 0.3700726628303528}"
2669,0.12732989,"{""0-1"": 0.12732988595962524}"
2670,0.03001603,"{""0-1"": 0.030016034841537476}"
2671,0.11791441,"{""0-1"": 0.11791440844535828}"
2672,0.06954499,"{""0-1"": 0.06954498589038849}"
2673,0.08849275,"{""0-1"": 0.088492751121521}"
2674,-0.02371395,"{""0-1"": -0.02371394634246826}"
2676,-0.11134265,"{""0-1"": -0.1113426461815834}"
2677,0.20091882,"{""0-1"": 0.20091882348060608}"
2678,0.34011906,"{""0-1"": 0.34011906385421753}"
2679,0.40795407,"{""0-1"": 0.40795406699180603}"
2680,0.34011906,"{""0-1"": 0.34011906385421753}"
2681,-0.02076834,"{""0-1"": -0.020768344402313232}"
2682,0.99999869,"{""0-1"": 0.9999986886978149}"
2683,0.10352731,"{""0-1"": 0.10352731496095657}"
2684,0.36715508,"{""0-1"": 0.3671550750732422}"
2685,0.97974604,"{""0-1"": 0.9797460436820984}"
2686,0.03451395,"{""0-1"": 0.03451394662261009}"
2687,-0.00984996,"{""0-1"": -0.00984995998442173}"
2688,0.33337268,"{""0-1"": 0.33337268233299255}"
2689,0.02752063,"{""0-1"": 0.02752063237130642}"
2690,0.09074944,"{""0-1"": 0.09074943512678146}"
2691,0.22350736,"{""0-1"": 0.223507359623909}"
2692,-0.02513056,"{""0-1"": -0.025130562484264374}"
2693,0.48372307,"{""0-1"": 0.48372307419776917}"
2694,0.99991119,"{""0-1"": 0.9999111890792847}"
2695,0.20153445,"{""0-1"": 0.2015344500541687}"
2696,0.08804694,"{""0-1"": 0.08804693818092346}"
2697,0.34934020,"{""0-1"": 0.34934020042419434}"
2698,-0.09404785,"{""0-1"": -0.09404785186052322}"
2699,-0.01179115,"{""0-1"": -0.011791147291660309}"
2700,0.09466255,"{""0-1"": 0.09466254711151123}"
2701,0.10568222,"{""0-1"": 0.10568221658468246}"
2702,0.11968842,"{""0-1"": 0.11968842148780823}"
2703,-0.05691007,"{""0-1"": -0.05691006779670715}"
2704,0.02144050,"{""0-1"": 0.021440500393509865}"
2705,0.30639836,"{""0-1"": 0.3063983619213104}"
2706,0.43291652,"{""0-1"": 0.432916522026062}"
2707,0.39635339,"{""0-1"": 0.3963533937931061}"
2708,-0.05691007,"{""0-1"": -0.05691006779670715}"
2709,0.04927059,"{""0-1"": 0.04927058517932892}"
2710,0.04240054,"{""0-1"": 0.0424005389213562}"
2711,0.15714666,"{""0-1"": 0.1571466624736786}"
2712,0.05737710,"{""0-1"": 0.05737709626555443}"
2713,0.12072070,"{""0-1"": 0.12072069942951202}"
2714,0.04958106,"{""0-1"": 0.04958105832338333}"
2715,0.00000000,{}
2716,0.20389692,"{""0-1"": 0.2038969248533249}"
2717,1.00000000,"{""0-1"": 1.0}"
2718,0.14210008,"{""0-1"": 0.14210008084774017}"
2719,0.27278057,"{""0-1"": 0.27278056740760803}"
2720,0.51863700,"{""0-1"": 0.5186370015144348}"
2721,-0.02526761,"{""0-1"": -0.02526761405169964}"
2722,0.21266562,"{""0-1"": 0.2126656174659729}"
2723,0.16136546,"{""0-1"": 0.16136546432971954}"
2724,0.29182976,"{""0-1"": 0.29182976484298706}"
2725,0.10141504,"{""0-1"": 0.10141503810882568}"
2726,0.28002530,"{""0-1"": 0.28002530336380005}"
2727,0.09622127,"{""0-1"": 0.09622126817703247}"
2728,0.11345260,"{""0-1"": 0.11345259845256805}"
2729,0.64019591,"{""0-1"": 0.640195906162262}"
2730,0.11230139,"{""0-1"": 0.11230138689279556}"
2731,0.09418905,"{""0-1"": 0.09418904781341553}"
2732,0.17707515,"{""0-1"": 0.17707514762878418}"
2733,0.07752380,"{""0-1"": 0.07752379775047302}"
2734,0.99874252,"{""0-1"": 0.9987425208091736}"
2735,0.06276757,"{""0-1"": 0.06276757270097733}"
2736,0.30725592,"{""0-1"": 0.30725592374801636}"
2737,0.47549817,"{""0-1"": 0.47549816966056824}"
2738,0.03851038,"{""0-1"": 0.03851037845015526}"
2739,-0.05350192,"{""0-1"": -0.0535019151866436}"
2740,0.43675625,"{""0-1"": 0.4367562532424927}"
2741,0.23501948,"{""0-1"": 0.2350194752216339}"
2742,0.00000000,{}
2743,0.02495363,"{""0-1"": 0.024953633546829224}"
2744,0.99999440,"{""0-1"": 0.9999943971633911}"
2745,0.01664388,"{""0-1"": 0.016643881797790527}"
2746,0.59893215,"{""0-1"": 0.598932147026062}"
2747,0.98751503,"{""0-1"": 0.9875150322914124}"
2748,0.19203198,"{""0-1"": 0.19203197956085205}"
2749,0.32772335,"{""0-1"": 0.32772335410118103}"
2750,0.21809420,"{""0-1"": 0.21809419989585876}"
2751,0.41126820,"{""0-1"": 0.4112682044506073}"
2752,0.19739912,"{""0-1"": 0.19739912450313568}"
2753,0.49515924,"{""0-1"": 0.49515923857688904}"
2754,-0.02269565,"{""0-1"": -0.022695647552609444}"
2755,0.96799779,"{""0-1"": 0.9679977893829346}"
2756,0.06405874,"{""0-1"": 0.06405873596668243}"
2757,0.07800578,"{""0-1"": 0.07800577580928802}"
2758,0.01964209,"{""0-1"": 0.019642086699604988}"
2759,0.15400417,"{""0-1"": 0.15400417149066925}"
2760,0.13495974,"{""0-1"": 0.13495974242687225}"
2761,-0.02076834,"{""0-1"": -0.020768344402313232}"
2762,0.57310176,"{""0-1"": 0.5731017589569092}"
2763,0.14642859,"{""0-1"": 0.14642858505249023}"
2764,0.11198784,"{""0-1"": 0.11198783665895462}"
2765,-0.00241808,"{""0-1"": -0.002418078016489744}"
2766,0.05200354,"{""0-1"": 0.05200354382395744}"
2767,0.00000000,{}
2768,0.22887072,"{""0-1"": 0.2288707196712494}"
2769,-0.12470336,"{""0-1"": -0.12470336258411407}"
2770,0.30439213,"{""0-1"": 0.30439212918281555}"
2771,0.13258033,"{""0-1"": 0.13258032500743866}"
2772,0.01541336,"{""0-1"": 0.015413360670208931}"
2773,0.09101898,"{""0-1"": 0.09101898223161697}"
2774,0.14575878,"{""0-1"": 0.14575877785682678}"
2775,0.12706102,"{""0-1"": 0.12706102430820465}"
2776,0.28563794,"{""0-1"": 0.2856379449367523}"
2777,0.09042317,"{""0-1"": 0.09042317420244217}"
2778,0.13258033,"{""0-1"": 0.13258032500743866}"
2779,0.07449844,"{""0-1"": 0.07449843734502792}"
2780,0.54935628,"{""0-1"": 0.5493562817573547}"
2781,0.32682532,"{""0-1"": 0.3268253207206726}"
2782,-0.00627671,"{""0-1"": -0.006276709493249655}"
2783,0.50384742,"{""0-1"": 0.5038474202156067}"
2784,0.15758465,"{""0-1"": 0.15758465230464935}"
2785,0.27144003,"{""0-1"": 0.2714400291442871}"
2786,-0.05292680,"{""0-1"": -0.05292680487036705}"
2787,0.13434246,"{""0-1"": 0.13434246182441711}"
2788,0.63795871,"{""0-1"": 0.6379587054252625}"
2789,0.05505123,"{""0-1"": 0.055051226168870926}"
2790,0.99982721,"{""0-1"": 0.9998272061347961}"
2791,0.28241456,"{""0-1"": 0.2824145555496216}"
2792,-0.23483437,"{""0-1"": -0.23483437299728394}"
2793,0.14427076,"{""0-1"": 0.14427076280117035}"
2794,0.19378179,"{""0-1"": 0.1937817931175232}"
2795,0.07670122,"{""0-1"": 0.07670121639966965}"
2796,0.85964835,"{""0-1"": 0.8596483469009399}"
2797,0.34427500,"{""0-1"": 0.34427499771118164}"
2798,0.10446095,"{""0-1"": 0.1044609472155571}"
2799,0.18285631,"{""0-1"": 0.18285630643367767}"
2800,0.10316486,"{""0-1"": 0.10316485911607742}"
2801,0.03356263,"{""0-1"": 0.03356262668967247}"
2802,0.00000000,{}
2803,0.99999839,"{""0-1"": 0.9999983906745911}"
2804,-0.05106407,"{""0-1"": -0.05106407031416893}"
2805,0.99999112,"{""0-1"": 0.9999911189079285}"
2806,0.26125884,"{""0-1"": 0.2612588405609131}"
2807,-0.02942970,"{""0-1"": -0.02942970022559166}"
2808,0.99995637,"{""0-1"": 0.9999563694000244}"
2809,0.02301904,"{""0-1"": 0.023019038140773773}"
2810,0.29866379,"{""0-1"": 0.29866379499435425}"
2811,0.20743315,"{""0-1"": 0.20743314921855927}"
2812,0.11102944,"{""0-1"": 0.11102943867444992}"
2813,0.26763454,"{""0-1"": 0.2676345407962799}"
2814,-0.00619011,"{""0-1"": -0.0061901104636490345}"
2815,-0.05871698,"{""0-1"": -0.05871697515249252}"
2816,-0.10884469,"{""0-1"": -0.10884469002485275}"
2817,0.14954534,"{""0-1"": 0.1495453417301178}"
2818,0.99918807,"{""0-1"": 0.9991880655288696}"
2819,0.27442679,"{""0-1"": 0.27442678809165955}"
2820,0.40795407,"{""0-1"": 0.40795406699180603}"
2821,0.09101898,"{""0-1"": 0.09101898223161697}"
2822,0.04917202,"{""0-1"": 0.04917202144861221}"
2823,0.45838046,"{""0-1"": 0.45838046073913574}"
2824,-0.01492825,"{""0-1"": -0.01492825336754322}"
2825,-0.04431958,"{""0-1"": -0.04431958496570587}"
2826,0.23468597,"{""0-1"": 0.2346859723329544}"
2827,0.63757771,"{""0-1"": 0.6375777125358582}"
2828,0.13508864,"{""0-1"": 0.13508863747119904}"
2829,0.17161407,"{""0-1"": 0.17161406576633453}"
2830,0.54935628,"{""0-1"": 0.5493562817573547}"
2831,0.17005476,"{""0-1"": 0.17005476355552673}"
2832,0.00000000,{}
2833,0.11102944,"{""0-1"": 0.11102943867444992}"
2834,-0.02686153,"{""0-1"": -0.026861529797315598}"
2835,0.07981215,"{""0-1"": 0.07981214672327042}"
2836,0.99963653,"{""0-1"": 0.9996365308761597}"
2837,-0.05691007,"{""0-1"": -0.05691006779670715}"
2838,0.71856111,"{""0-1"": 0.7185611128807068}"
2839,0.22241828,"{""0-1"": 0.22241827845573425}"
2840,0.05413035,"{""0-1"": 0.05413035303354263}"
2841,0.10049587,"{""0-1"": 0.10049586743116379}"
2842,0.05811786,"{""0-1"": 0.05811786279082298}"
2843,0.26403576,"{""0-1"": 0.26403576135635376}"
2844,0.14761329,"{""0-1"": 0.1476132869720459}"
2845,0.07739423,"{""0-1"": 0.07739423215389252}"
2846,0.99999028,"{""0-1"": 0.9999902844429016}"
2847,0.21906775,"{""0-1"": 0.2190677523612976}"
2848,0.20389692,"{""0-1"": 0.2038969248533249}"
2849,0.32740736,"{""0-1"": 0.3274073600769043}"
2850,0.99998009,"{""0-1"": 0.999980092048645}"
2851,0.62070227,"{""0-1"": 0.6207022666931152}"
2852,0.27979997,"{""0-1"": 0.2797999680042267}"
2853,0.03421715,"{""0-1"": 0.03421715274453163}"
2854,-0.05614170,"{""0-1"": -0.056141700595617294}"
2855,-0.03040273,"{""0-1"": -0.03040272928774357}"
2856,-0.09095217,"{""0-1"": -0.09095217287540436}"
2857,0.17829821,"{""0-1"": 0.1782982051372528}"
2858,0.00000000,{}
2859,0.13879614,"{""0-1"": 0.1387961357831955}"
2860,-0.03128969,"{""0-1"": -0.03128969296813011}"
2861,0.06852750,"{""0-1"": 0.06852750480175018}"
2862,0.99999994,"{""0-1"": 0.9999999403953552}"
2863,-0.06957423,"{""0-1"": -0.06957422941923141}"
2864,0.02105863,"{""0-1"": 0.02105863206088543}"
2865,0.15758465,"{""0-1"": 0.15758465230464935}"
2866,0.99998897,"{""0-1"": 0.9999889731407166}"
2867,0.26324442,"{""0-1"": 0.2632444202899933}"
2868,0.00000000,{}
2869,0.12021919,"{""0-1"": 0.12021918594837189}"
2870,0.03851038,"{""0-1"": 0.03851037845015526}"
2871,-0.07135529,"{""0-1"": -0.07135529071092606}"
2872,0.04914854,"{""0-1"": 0.049148544669151306}"
2873,0.10602463,"{""0-1"": 0.10602463036775589}"
2874,0.99974680,"{""0-1"": 0.9997467994689941}"
2875,0.17369612,"{""0-1"": 0.1736961156129837}"
2876,0.99918807,"{""0-1"": 0.9991880655288696}"
2877,0.11623699,"{""0-1"": 0.11623699218034744}"
2878,0.03352941,"{""0-1"": 0.033529412001371384}"
2879,0.29511118,"{""0-1"": 0.29511117935180664}"
2880,0.18863170,"{""0-1"": 0.18863169848918915}"
2881,-0.12099598,"{""0-1"": -0.12099598348140717}"
2882,0.04917202,"{""0-1"": 0.04917202144861221}"
2883,0.99999946,"{""0-1"": 0.999999463558197}"
2884,0.22768191,"{""0-1"": 0.22768190503120422}"
2885,0.32749552,"{""0-1"": 0.3274955153465271}"
2886,0.06271313,"{""0-1"": 0.0627131313085556}"
2887,0.26886141,"{""0-1"": 0.26886141300201416}"
2888,0.00000000,{}
2889,-0.10884469,"{""0-1"": -0.10884469002485275}"
2890,0.05539083,"{""0-1"": 0.05539083480834961}"
2891,0.15522732,"{""0-1"": 0.15522731840610504}"
2892,0.09101898,"{""0-1"": 0.09101898223161697}"
2893,0.42393655,"{""0-1"": 0.42393654584884644}"
2894,0.23812997,"{""0-1"": 0.23812997341156006}"
2895,-0.01257842,"{""0-1"": -0.012578421272337437}"
2896,0.16889623,"{""0-1"": 0.16889622807502747}"
2897,0.01165396,"{""0-1"": 0.011653960682451725}"
2898,0.16658895,"{""0-1"": 0.1665889471769333}"
2899,0.35695982,"{""0-1"": 0.35695981979370117}"
2900,0.99918807,"{""0-1"": 0.9991880655288696}"
2901,0.07918496,"{""0-1"": 0.07918496429920197}"
2902,0.27746582,"{""0-1"": 0.2774658203125}"
2903,0.05514371,"{""0-1"": 0.05514371395111084}"
2904,0.18297048,"{""0-1"": 0.18297047913074493}"
2905,0.99918807,"{""0-1"": 0.9991880655288696}"
2906,0.18163739,"{""0-1"": 0.18163739144802094}"
2907,0.25957647,"{""0-1"": 0.2595764696598053}"
2909,0.27508703,"{""0-1"": 0.27508702874183655}"
2910,0.30930355,"{""0-1"": 0.30930355191230774}"
2911,0.28817612,"{""0-1"": 0.28817611932754517}"
2912,-0.15082107,"{""0-1"": -0.15082107484340668}"
2913,0.00000000,{}
2914,0.00000773,"{""0-1"": 7.725320756435394e-06}"
2915,0.54033649,"{""0-1"": 0.5403364896774292}"
2916,-0.07520720,"{""0-1"": -0.07520720362663269}"
2917,0.05533350,"{""0-1"": 0.05533349886536598}"
2918,0.00000000,{}
2919,0.17095077,"{""0-1"": 0.1709507703781128}"
2920,-0.00685755,"{""0-1"": -0.006857548374682665}"
2921,0.09327959,"{""0-1"": 0.09327959269285202}"
2922,0.44940391,"{""0-1"": 0.44940391182899475}"
2923,0.10716030,"{""0-1"": 0.1071603000164032}"
2924,0.81622112,"{""0-1"": 0.8162211179733276}"
2925,-0.01309269,"{""0-1"": -0.013092688284814358}"
2926,-0.03238729,"{""0-1"": -0.03238729387521744}"
2927,0.15813860,"{""0-1"": 0.15813860297203064}"
2928,-0.01299511,"{""0-1"": -0.012995105236768723}"
2929,0.99999774,"{""0-1"": 0.9999977350234985}"
2930,0.13187502,"{""0-1"": 0.13187502324581146}"
2931,0.09248263,"{""0-1"": 0.09248262643814087}"
2932,0.98239887,"{""0-1"": 0.9823988676071167}"
2933,0.51195312,"{""0-1"": 0.5119531154632568}"
2934,0.28868243,"{""0-1"": 0.2886824309825897}"
2935,0.13402021,"{""0-1"": 0.13402020931243896}"
2936,0.06457118,"{""0-1"": 0.06457117944955826}"
2937,0.27385706,"{""0-1"": 0.273857057094574}"
2938,0.87820381,"{""0-1"": 0.878203809261322}"
2939,-0.04281910,"{""0-1"": -0.042819101363420486}"
2940,0.18542117,"{""0-1"": 0.1854211688041687}"
2941,0.26379737,"{""0-1"": 0.2637973725795746}"
2942,0.01927307,"{""0-1"": 0.019273074343800545}"
2943,0.19560564,"{""0-1"": 0.19560563564300537}"
2944,0.10127057,"{""0-1"": 0.10127057135105133}"
2945,0.27509633,"{""0-1"": 0.2750963270664215}"
2946,-0.06051519,"{""0-1"": -0.06051518768072128}"
2947,0.07517024,"{""0-1"": 0.07517024129629135}"
2948,0.27385706,"{""0-1"": 0.273857057094574}"
2949,0.08212946,"{""0-1"": 0.08212945610284805}"
2950,0.00000000,{}
2951,0.06731590,"{""0-1"": 0.06731589883565903}"
2952,0.99974680,"{""0-1"": 0.9997467994689941}"
2953,0.00000000,{}
2954,0.09857409,"{""0-1"": 0.09857408702373505}"
2955,0.00000000,{}
2956,-0.04060354,"{""0-1"": -0.04060353711247444}"
2957,0.54011071,"{""0-1"": 0.54011070728302}"
2958,0.25781012,"{""0-1"": 0.257810115814209}"
2959,-0.05691007,"{""0-1"": -0.05691006779670715}"
2960,0.00000000,{}
2961,0.00000000,{}
2962,0.24853733,"{""0-1"": 0.2485373318195343}"
2963,0.00000000,{}
2964,0.45679599,"{""0-1"": 0.45679599046707153}"
2965,0.14734095,"{""0-1"": 0.14734095335006714}"
2966,0.15342216,"{""0-1"": 0.15342216193675995}"
2967,0.13402021,"{""0-1"": 0.13402020931243896}"
2968,0.17658310,"{""0-1"": 0.17658309638500214}"
2969,0.24899553,"{""0-1"": 0.24899552762508392}"
2970,0.25963357,"{""0-1"": 0.2596335709095001}"
2971,0.02956144,"{""0-1"": 0.029561439529061317}"
2972,-0.04431958,"{""0-1"": -0.04431958496570587}"
2973,0.85964835,"{""0-1"": 0.8596483469009399}"
2974,0.14444266,"{""0-1"": 0.14444266259670258}"
2975,0.06297502,"{""0-1"": 0.06297501921653748}"
2976,0.99999762,"{""0-1"": 0.999997615814209}"
2977,0.99829698,"{""0-1"": 0.9982969760894775}"
2978,0.47128642,"{""0-1"": 0.471286416053772}"
2979,0.04255558,"{""0-1"": 0.04255557805299759}"
2980,0.99999779,"{""0-1"": 0.9999977946281433}"
2981,-0.00333473,"{""0-1"": -0.0033347303979098797}"
2982,0.23789768,"{""0-1"": 0.23789767920970917}"
2983,0.96810335,"{""0-1"": 0.9681033492088318}"
2984,0.99963748,"{""0-1"": 0.9996374845504761}"
2985,0.58669984,"{""0-1"": 0.5866998434066772}"
2986,0.02037012,"{""0-1"": 0.0203701164573431}"
2987,0.27512652,"{""0-1"": 0.27512651681900024}"
2988,0.29168570,"{""0-1"": 0.29168570041656494}"
2989,0.75399381,"{""0-1"": 0.753993809223175}"
2990,-0.10126362,"{""0-1"": -0.1012636199593544}"
2991,0.00000000,{}
2992,0.49242300,"{""0-1"": 0.49242299795150757}"
2993,0.05285170,"{""0-1"": 0.05285169556736946}"
2994,0.06457118,"{""0-1"": 0.06457117944955826}"
2995,0.26333562,"{""0-1"": 0.26333561539649963}"
2996,0.07744400,"{""0-1"": 0.07744400203227997}"
2997,0.18587756,"{""0-1"": 0.18587756156921387}"
2998,0.99999505,"{""0-1"": 0.9999950528144836}"
2999,0.13402021,"{""0-1"": 0.13402020931243896}"
3000,0.98969853,"{""0-1"": 0.9896985292434692}"
3001,0.99999815,"{""0-1"": 0.999998152256012}"
3002,0.00000000,{}
3003,0.30088353,"{""0-1"": 0.30088353157043457}"
3004,0.02950298,"{""0-1"": 0.029502978548407555}"
3005,0.05592071,"{""0-1"": 0.05592070519924164}"
3006,0.00000000,{}
3007,0.99999994,"{""0-1"": 0.9999999403953552}"
3008,0.14207645,"{""0-1"": 0.14207644760608673}"
3009,0.47281399,"{""0-1"": 0.47281399369239807}"
3010,0.10191599,"{""0-1"": 0.10191598534584045}"
3011,0.30057397,"{""0-1"": 0.3005739748477936}"
3012,0.04738422,"{""0-1"": 0.04738422483205795}"
3013,-0.02457795,"{""0-1"": -0.024577952921390533}"
3014,0.37899718,"{""0-1"": 0.37899717688560486}"
3015,0.39234287,"{""0-1"": 0.39234286546707153}"
3016,0.05112924,"{""0-1"": 0.051129236817359924}"
3017,0.99999040,"{""0-1"": 0.9999904036521912}"
3018,0.02264135,"{""0-1"": 0.02264135330915451}"
3019,0.13955437,"{""0-1"": 0.13955436646938324}"
3020,0.99999988,"{""0-1"": 0.9999998807907104}"
3021,-0.06957423,"{""0-1"": -0.06957422941923141}"
3022,0.00000000,{}
3023,0.13945703,"{""0-1"": 0.13945703208446503}"
3024,0.11964887,"{""0-1"": 0.11964886635541916}"
3025,0.25945431,"{""0-1"": 0.25945430994033813}"
3026,0.12537587,"{""0-1"": 0.1253758668899536}"
3027,0.21595122,"{""0-1"": 0.21595121920108795}"
3028,0.31046697,"{""0-1"": 0.3104669749736786}"
3029,0.88665539,"{""0-1"": 0.8866553902626038}"
3030,-0.02257158,"{""0-1"": -0.02257157862186432}"
3031,0.09449795,"{""0-1"": 0.09449794888496399}"
3032,0.19175768,"{""0-1"": 0.1917576789855957}"
3033,0.36715508,"{""0-1"": 0.3671550750732422}"
3034,0.98669720,"{""0-1"": 0.9866971969604492}"
3035,0.42875552,"{""0-1"": 0.428755521774292}"
3036,-0.17788117,"{""0-1"": -0.1778811663389206}"
3037,-0.05614170,"{""0-1"": -0.056141700595617294}"
3038,0.05230181,"{""0-1"": 0.052301809191703796}"
3039,0.19343528,"{""0-1"": 0.19343528151512146}"
3040,0.98751503,"{""0-1"": 0.9875150322914124}"
3041,-0.05454890,"{""0-1"": -0.054548900574445724}"
3042,0.23468597,"{""0-1"": 0.2346859723329544}"
3043,0.03242562,"{""0-1"": 0.032425619661808014}"
3044,0.22381908,"{""0-1"": 0.2238190770149231}"
3045,0.99999177,"{""0-1"": 0.999991774559021}"
3046,-0.17204785,"{""0-1"": -0.17204785346984863}"
3047,0.36568892,"{""0-1"": 0.36568892002105713}"
3048,0.10382779,"{""0-1"": 0.10382778942584991}"
3049,0.18605830,"{""0-1"": 0.18605829775333405}"
3050,-0.08275532,"{""0-1"": -0.08275531977415085}"
3051,0.18816665,"{""0-1"": 0.18816664814949036}"
3052,-0.01905460,"{""0-1"": -0.019054604694247246}"
3053,-0.03978402,"{""0-1"": -0.0397840179502964}"
3054,0.08752088,"{""0-1"": 0.08752087503671646}"
3055,0.00000000,{}
3056,0.99999386,"{""0-1"": 0.9999938607215881}"
3057,0.04167087,"{""0-1"": 0.041670870035886765}"
3058,0.07847687,"{""0-1"": 0.07847686856985092}"
3059,0.18042120,"{""0-1"": 0.18042120337486267}"
3060,0.10214248,"{""0-1"": 0.10214247554540634}"
3061,0.00000000,{}
3062,0.99999326,"{""0-1"": 0.9999932646751404}"
3063,0.15641716,"{""0-1"": 0.15641716122627258}"
3064,0.15758465,"{""0-1"": 0.15758465230464935}"
3065,0.99999964,"{""0-1"": 0.9999996423721313}"
3066,0.61260796,"{""0-1"": 0.6126079559326172}"
3067,0.23244487,"{""0-1"": 0.2324448674917221}"
3068,0.10061090,"{""0-1"": 0.1006108969449997}"
3069,-0.02233668,"{""0-1"": -0.022336682304739952}"
3070,0.15758465,"{""0-1"": 0.15758465230464935}"
3071,0.13468583,"{""0-1"": 0.13468582928180695}"
3072,0.10373002,"{""0-1"": 0.10373002290725708}"
3073,0.18827954,"{""0-1"": 0.18827953934669495}"
3074,0.19843139,"{""0-1"": 0.19843138754367828}"
3075,0.36680171,"{""0-1"": 0.3668017089366913}"
3076,0.12486738,"{""0-1"": 0.12486737966537476}"
3077,0.07290652,"{""0-1"": 0.07290651649236679}"
3078,0.09355489,"{""0-1"": 0.09355489164590836}"
3079,-0.01163834,"{""0-1"": -0.011638336814939976}"
3080,0.46422356,"{""0-1"": 0.46422356367111206}"
3081,0.99999142,"{""0-1"": 0.9999914169311523}"
3082,0.59113723,"{""0-1"": 0.5911372303962708}"
3083,0.03108975,"{""0-1"": 0.031089745461940765}"
3084,0.02345940,"{""0-1"": 0.02345939539372921}"
3085,0.08160976,"{""0-1"": 0.08160976320505142}"
3086,0.00000000,{}
3087,0.37785381,"{""0-1"": 0.3778538107872009}"
3088,0.02463818,"{""0-1"": 0.02463817596435547}"
3089,-0.11898555,"{""0-1"": -0.11898554861545563}"
3090,-0.11772051,"{""0-1"": -0.11772051453590393}"
3091,0.02445552,"{""0-1"": 0.024455517530441284}"
3092,0.10374646,"{""0-1"": 0.1037464588880539}"
3093,-0.02762496,"{""0-1"": -0.027624964714050293}"
3094,0.19603316,"{""0-1"": 0.19603316485881805}"
3095,0.00434958,"{""0-1"": 0.004349579103291035}"
3096,0.42780557,"{""0-1"": 0.4278055727481842}"
3097,0.15469921,"{""0-1"": 0.1546992063522339}"
3098,0.19343528,"{""0-1"": 0.19343528151512146}"
3099,0.36193061,"{""0-1"": 0.36193060874938965}"
3100,0.82999593,"{""0-1"": 0.8299959301948547}"
3101,0.00000000,{}
3102,0.00000000,{}
3103,0.46855870,"{""0-1"": 0.4685586988925934}"
3104,0.03833381,"{""0-1"": 0.03833381086587906}"
3105,0.13572112,"{""0-1"": 0.1357211172580719}"
3106,0.07791191,"{""0-1"": 0.07791191339492798}"
3107,0.08312594,"{""0-1"": 0.08312594145536423}"
3108,0.08267416,"{""0-1"": 0.08267416059970856}"
3109,0.50874239,"{""0-1"": 0.5087423920631409}"
3110,0.02144050,"{""0-1"": 0.021440500393509865}"
3111,0.16384169,"{""0-1"": 0.16384169459342957}"
3112,0.47639254,"{""0-1"": 0.476392537355423}"
3113,-0.01449015,"{""0-1"": -0.01449014525860548}"
3114,-0.00029319,"{""0-1"": -0.00029318523593246937}"
3115,0.03825739,"{""0-1"": 0.03825739398598671}"
3116,0.07529004,"{""0-1"": 0.07529003918170929}"
3117,0.19883400,"{""0-1"": 0.19883400201797485}"
3118,0.99999279,"{""0-1"": 0.9999927878379822}"
3119,0.18918824,"{""0-1"": 0.18918824195861816}"
3120,0.13126765,"{""0-1"": 0.13126765191555023}"
3121,-0.03096442,"{""0-1"": -0.03096442110836506}"
3122,0.11102944,"{""0-1"": 0.11102943867444992}"
3123,0.33233929,"{""0-1"": 0.3323392868041992}"
3124,0.06733979,"{""0-1"": 0.06733979284763336}"
3125,0.00000000,{}
3126,0.27580196,"{""0-1"": 0.27580195665359497}"
3127,-0.08418502,"{""0-1"": -0.08418501913547516}"
3128,0.22391032,"{""0-1"": 0.22391031682491302}"
3129,0.38270539,"{""0-1"": 0.3827053904533386}"
3130,0.03825739,"{""0-1"": 0.03825739398598671}"
3131,0.24213938,"{""0-1"": 0.24213938415050507}"
3132,0.18291649,"{""0-1"": 0.18291649222373962}"
3133,0.40706158,"{""0-1"": 0.4070615768432617}"
3134,-0.06848584,"{""0-1"": -0.06848584115505219}"
3135,0.61631793,"{""0-1"": 0.6163179278373718}"
3136,0.09503281,"{""0-1"": 0.09503281116485596}"
3137,0.50329864,"{""0-1"": 0.5032986402511597}"
3138,0.34011906,"{""0-1"": 0.34011906385421753}"
3139,0.04808348,"{""0-1"": 0.048083484172821045}"
3140,0.22350739,"{""0-1"": 0.22350738942623138}"
3141,-0.17898668,"{""0-1"": -0.17898668348789215}"
3142,0.29453650,"{""0-1"": 0.2945365011692047}"
3143,0.10127057,"{""0-1"": 0.10127057135105133}"
3144,0.37558100,"{""0-1"": 0.3755809962749481}"
3145,0.68397093,"{""0-1"": 0.6839709281921387}"
3146,0.79347312,"{""0-1"": 0.7934731245040894}"
3147,0.99918807,"{""0-1"": 0.9991880655288696}"
3148,0.00000000,{}
3149,0.33233929,"{""0-1"": 0.3323392868041992}"
3150,0.10532919,"{""0-1"": 0.10532918572425842}"
3151,-0.06051519,"{""0-1"": -0.06051518768072128}"
3152,0.40530822,"{""0-1"": 0.40530821681022644}"
3153,0.99997348,"{""0-1"": 0.999973475933075}"
3154,0.99974680,"{""0-1"": 0.9997467994689941}"
3155,0.08841742,"{""0-1"": 0.0884174183011055}"
3156,0.13468583,"{""0-1"": 0.13468582928180695}"
3157,0.55210584,"{""0-1"": 0.5521058440208435}"
3158,0.45626959,"{""0-1"": 0.45626959204673767}"
3159,0.18291649,"{""0-1"": 0.18291649222373962}"
3160,-0.01751787,"{""0-1"": -0.01751786842942238}"
3161,0.98908597,"{""0-1"": 0.9890859723091125}"
3162,-0.04529222,"{""0-1"": -0.04529222473502159}"
3163,0.37101439,"{""0-1"": 0.37101438641548157}"
3164,0.15183866,"{""0-1"": 0.15183866024017334}"
3165,0.00000000,{}
3166,0.32310021,"{""0-1"": 0.323100209236145}"
3167,0.16714191,"{""0-1"": 0.16714191436767578}"
3168,0.99999744,"{""0-1"": 0.9999974370002747}"
3169,1.00000000,"{""0-1"": 1.0}"
3170,0.12136257,"{""0-1"": 0.12136257439851761}"
3171,-0.12033217,"{""0-1"": -0.12033217400312424}"
3172,0.24889280,"{""0-1"": 0.24889279901981354}"
3173,0.03629576,"{""0-1"": 0.036295756697654724}"
3174,0.15933914,"{""0-1"": 0.15933914482593536}"
3175,0.22241828,"{""0-1"": 0.22241827845573425}"
3176,0.29866379,"{""0-1"": 0.29866379499435425}"
3177,0.00000000,{}
3178,-0.07052839,"{""0-1"": -0.07052838802337646}"
3179,0.20389692,"{""0-1"": 0.2038969248533249}"
3180,-0.02269565,"{""0-1"": -0.022695647552609444}"
3181,-0.02932514,"{""0-1"": -0.029325135052204132}"
3182,0.04844186,"{""0-1"": 0.04844185709953308}"
3183,0.24262030,"{""0-1"": 0.2426203042268753}"
3184,0.53186476,"{""0-1"": 0.5318647623062134}"
3185,-0.02046458,"{""0-1"": -0.02046458050608635}"
3186,0.00000000,{}
3187,-0.00984996,"{""0-1"": -0.00984995998442173}"
3188,-0.14324602,"{""0-1"": -0.14324602484703064}"
3189,-0.01785615,"{""0-1"": -0.01785614714026451}"
3190,0.99999964,"{""0-1"": 0.9999996423721313}"
3191,0.03186413,"{""0-1"": 0.03186413273215294}"
3192,-0.02686153,"{""0-1"": -0.026861529797315598}"
3193,0.24262030,"{""0-1"": 0.2426203042268753}"
3194,0.69112575,"{""0-1"": 0.691125750541687}"
3195,0.63641107,"{""0-1"": 0.6364110708236694}"
3196,0.03343270,"{""0-1"": 0.033432699739933014}"
3197,0.48700196,"{""0-1"": 0.4870019555091858}"
3198,0.50384742,"{""0-1"": 0.5038474202156067}"
3199,0.17649496,"{""0-1"": 0.17649495601654053}"
3200,0.97311634,"{""0-1"": 0.9731163382530212}"
3201,0.03001603,"{""0-1"": 0.030016034841537476}"
3202,0.10752887,"{""0-1"": 0.10752887278795242}"
3203,-0.04006021,"{""0-1"": -0.04006021469831467}"
3204,0.03699637,"{""0-1"": 0.036996372044086456}"
3205,0.33468053,"{""0-1"": 0.3346805274486542}"
3206,0.24007991,"{""0-1"": 0.24007990956306458}"
3207,-0.02938971,"{""0-1"": -0.02938970737159252}"
3208,0.22887072,"{""0-1"": 0.2288707196712494}"
3209,0.26824245,"{""0-1"": 0.2682424485683441}"
3210,0.88591743,"{""0-1"": 0.8859174251556396}"
3211,0.05505123,"{""0-1"": 0.055051226168870926}"
3212,0.24766371,"{""0-1"": 0.2476637065410614}"
3213,0.28944537,"{""0-1"": 0.2894453704357147}"
3214,0.30640334,"{""0-1"": 0.30640333890914917}"
3215,0.41486761,"{""0-1"": 0.4148676097393036}"
3216,0.98021376,"{""0-1"": 0.9802137613296509}"
3217,0.16506183,"{""0-1"": 0.1650618314743042}"
3218,0.11345260,"{""0-1"": 0.11345259845256805}"
3219,0.06988650,"{""0-1"": 0.06988649815320969}"
3220,0.05980923,"{""0-1"": 0.059809230268001556}"
3221,-0.01013572,"{""0-1"": -0.010135719552636147}"
3222,-0.05691007,"{""0-1"": -0.05691006779670715}"
3223,0.18816665,"{""0-1"": 0.18816664814949036}"
3224,-0.06732855,"{""0-1"": -0.0673285499215126}"
3225,0.06457118,"{""0-1"": 0.06457117944955826}"
3226,0.21892893,"{""0-1"": 0.21892893314361572}"
3227,0.16612695,"{""0-1"": 0.16612695157527924}"
3228,0.13136877,"{""0-1"": 0.13136877119541168}"
3229,-0.10973088,"{""0-1"": -0.10973088443279266}"
3230,0.19203198,"{""0-1"": 0.19203197956085205}"
3231,0.00000000,{}
3232,0.18605830,"{""0-1"": 0.18605829775333405}"
3233,0.99999982,"{""0-1"": 0.9999998211860657}"
3234,0.99277300,"{""0-1"": 0.9927729964256287}"
3235,-0.03234691,"{""0-1"": -0.03234690800309181}"
3236,0.99999964,"{""0-1"": 0.9999996423721313}"
3237,0.10031349,"{""0-1"": 0.10031349211931229}"
3238,0.00000000,{}
3239,0.29887500,"{""0-1"": 0.29887500405311584}"
3240,0.13135950,"{""0-1"": 0.1313595026731491}"
3241,0.36568892,"{""0-1"": 0.36568892002105713}"
3242,0.14015207,"{""0-1"": 0.14015206694602966}"
3243,0.00000000,{}
3244,-0.02569165,"{""0-1"": -0.025691650807857513}"
3245,0.36680171,"{""0-1"": 0.3668017089366913}"
3246,0.01662134,"{""0-1"": 0.016621340066194534}"
3247,-0.08270213,"{""0-1"": -0.08270213007926941}"
3248,0.03155502,"{""0-1"": 0.03155502304434776}"
3249,0.08896247,"{""0-1"": 0.08896246552467346}"
3250,-0.04312688,"{""0-1"": -0.04312688112258911}"
3251,0.19203198,"{""0-1"": 0.19203197956085205}"
3252,0.44429240,"{""0-1"": 0.4442923963069916}"
3253,0.09888272,"{""0-1"": 0.09888271987438202}"
3254,-0.10884469,"{""0-1"": -0.10884469002485275}"
3255,0.18279961,"{""0-1"": 0.18279960751533508}"
3256,-0.10429856,"{""0-1"": -0.10429856181144714}"
3257,0.26141718,"{""0-1"": 0.2614171802997589}"
3258,-0.03548005,"{""0-1"": -0.03548005223274231}"
3259,0.15518494,"{""0-1"": 0.15518493950366974}"
3260,0.10356366,"{""0-1"": 0.10356365889310837}"
3261,0.04011017,"{""0-1"": 0.04011016711592674}"
3262,0.42544624,"{""0-1"": 0.4254462420940399}"
3263,-0.04823315,"{""0-1"": -0.04823314771056175}"
3264,-0.10429856,"{""0-1"": -0.10429856181144714}"
3265,-0.18578291,"{""0-1"": -0.18578290939331055}"
3266,0.14452916,"{""0-1"": 0.14452916383743286}"
3267,0.32188278,"{""0-1"": 0.32188278436660767}"
3268,0.25272799,"{""0-1"": 0.2527279853820801}"
3269,0.24892040,"{""0-1"": 0.24892039597034454}"
3270,0.07931148,"{""0-1"": 0.07931148260831833}"
3271,0.24200012,"{""0-1"": 0.24200011789798737}"
3272,0.07622706,"{""0-1"": 0.07622706145048141}"
3273,0.15641716,"{""0-1"": 0.15641716122627258}"
3274,-0.03056268,"{""0-1"": -0.03056267835199833}"
3275,0.66196448,"{""0-1"": 0.661964476108551}"
3276,0.05627642,"{""0-1"": 0.05627641826868057}"
3277,0.01394644,"{""0-1"": 0.013946443796157837}"
3278,0.99013227,"{""0-1"": 0.9901322722434998}"
3279,-0.00521417,"{""0-1"": -0.00521416962146759}"
3280,0.99604756,"{""0-1"": 0.9960475564002991}"
3281,0.99974680,"{""0-1"": 0.9997467994689941}"
3282,0.16929306,"{""0-1"": 0.16929306089878082}"
3283,0.17562565,"{""0-1"": 0.17562565207481384}"
3284,0.23699021,"{""0-1"": 0.23699021339416504}"
3285,0.27058220,"{""0-1"": 0.2705821990966797}"
3286,0.19935165,"{""0-1"": 0.19935165345668793}"
3287,-0.01449015,"{""0-1"": -0.01449014525860548}"
3288,0.99999833,"{""0-1"": 0.9999983310699463}"
3289,0.36534876,"{""0-1"": 0.365348756313324}"
3290,0.47817451,"{""0-1"": 0.47817450761795044}"
3291,0.21430473,"{""0-1"": 0.21430473029613495}"
3292,0.03037580,"{""0-1"": 0.030375801026821136}"
3293,0.06653351,"{""0-1"": 0.06653351336717606}"
3294,0.13587490,"{""0-1"": 0.1358748972415924}"
3295,0.09422947,"{""0-1"": 0.09422946721315384}"
3296,0.51437426,"{""0-1"": 0.5143742561340332}"
3297,0.55685204,"{""0-1"": 0.5568520426750183}"
3298,0.07375075,"{""0-1"": 0.07375074923038483}"
3299,-0.07520720,"{""0-1"": -0.07520720362663269}"
3300,0.94693398,"{""0-1"": 0.9469339847564697}"
3301,0.25886419,"{""0-1"": 0.2588641941547394}"
3302,0.22795828,"{""0-1"": 0.22795827686786652}"
3303,0.19740397,"{""0-1"": 0.19740396738052368}"
3304,0.07854612,"{""0-1"": 0.07854612171649933}"
3305,0.13096027,"{""0-1"": 0.13096027076244354}"
3306,0.13402021,"{""0-1"": 0.13402020931243896}"
3307,0.99999499,"{""0-1"": 0.9999949932098389}"
3308,0.24653438,"{""0-1"": 0.24653437733650208}"
3309,0.53178680,"{""0-1"": 0.5317867994308472}"
3310,-0.10988025,"{""0-1"": -0.1098802462220192}"
3311,0.99999487,"{""0-1"": 0.9999948740005493}"
3312,0.10684869,"{""0-1"": 0.10684868693351746}"
3313,0.05038935,"{""0-1"": 0.050389353185892105}"
3314,-0.05691007,"{""0-1"": -0.05691006779670715}"
3315,0.18301035,"{""0-1"": 0.18301035463809967}"
3316,0.03138389,"{""0-1"": 0.03138389438390732}"
3317,0.22261626,"{""0-1"": 0.2226162552833557}"
3318,0.99999952,"{""0-1"": 0.9999995231628418}"
3319,-0.08191822,"{""0-1"": -0.08191822469234467}"
3320,0.28568178,"{""0-1"": 0.2856817841529846}"
3322,0.07341713,"{""0-1"": 0.07341713458299637}"
3323,0.00399474,"{""0-1"": 0.003994741477072239}"
3324,-0.01905460,"{""0-1"": -0.019054604694247246}"
3325,0.02178116,"{""0-1"": 0.021781157702207565}"
3326,0.37138772,"{""0-1"": 0.3713877201080322}"
3327,0.50329864,"{""0-1"": 0.5032986402511597}"
3328,-0.02964902,"{""0-1"": -0.02964901551604271}"
3329,0.19577131,"{""0-1"": 0.19577130675315857}"
3330,0.15758465,"{""0-1"": 0.15758465230464935}"
3331,0.13800430,"{""0-1"": 0.13800430297851562}"
3332,0.33021000,"{""0-1"": 0.33021000027656555}"
3333,0.18816660,"{""0-1"": 0.18816660344600677}"
3334,0.04577449,"{""0-1"": 0.045774493366479874}"
3335,0.05514371,"{""0-1"": 0.05514371395111084}"
3336,0.21432383,"{""0-1"": 0.21432383358478546}"
3337,0.14619786,"{""0-1"": 0.1461978554725647}"
3338,0.07831964,"{""0-1"": 0.07831963896751404}"
3339,0.24327236,"{""0-1"": 0.24327236413955688}"
3340,-0.01905460,"{""0-1"": -0.019054604694247246}"
3341,0.00000000,{}
3342,0.07884607,"{""0-1"": 0.07884606719017029}"
3343,0.51899666,"{""0-1"": 0.5189966559410095}"
3344,-0.02266517,"{""0-1"": -0.022665174677968025}"
3345,0.02884357,"{""0-1"": 0.02884356863796711}"
3346,0.65852845,"{""0-1"": 0.6585284471511841}"
3347,0.04988205,"{""0-1"": 0.04988204687833786}"
3348,0.08849275,"{""0-1"": 0.088492751121521}"
3349,-0.18892060,"{""0-1"": -0.18892060220241547}"
3350,0.15641716,"{""0-1"": 0.15641716122627258}"
3351,0.47864732,"{""0-1"": 0.4786473214626312}"
3352,0.15933914,"{""0-1"": 0.15933914482593536}"
3353,0.02086961,"{""0-1"": 0.020869610831141472}"
3354,-0.05859559,"{""0-1"": -0.05859559029340744}"
3355,0.06457118,"{""0-1"": 0.06457117944955826}"
3356,0.00000000,{}
3357,0.41253287,"{""0-1"": 0.41253286600112915}"
3358,0.22523052,"{""0-1"": 0.22523051500320435}"
3359,0.38353363,"{""0-1"": 0.38353362679481506}"
3360,-0.06051519,"{""0-1"": -0.06051518768072128}"
3361,0.20024787,"{""0-1"": 0.2002478688955307}"
3362,0.13873193,"{""0-1"": 0.1387319266796112}"
3363,0.02079845,"{""0-1"": 0.020798446610569954}"
3364,-0.17138653,"{""0-1"": -0.17138652503490448}"
3365,0.54403806,"{""0-1"": 0.5440380573272705}"
3366,0.14210008,"{""0-1"": 0.14210008084774017}"
3367,0.18921371,"{""0-1"": 0.18921370804309845}"
3368,0.43861789,"{""0-1"": 0.43861788511276245}"
3369,0.06988650,"{""0-1"": 0.06988649815320969}"
3370,0.05514371,"{""0-1"": 0.05514371395111084}"
3371,0.13191511,"{""0-1"": 0.1319151073694229}"
3372,0.08804694,"{""0-1"": 0.08804693818092346}"
3373,0.00000000,{}
3374,0.25668457,"{""0-1"": 0.2566845715045929}"
3375,0.99999577,"{""0-1"": 0.999995768070221}"
3376,0.99999106,"{""0-1"": 0.9999910593032837}"
3377,0.65461040,"{""0-1"": 0.6546103954315186}"
3378,0.07939696,"{""0-1"": 0.07939695566892624}"
3379,0.06992805,"{""0-1"": 0.06992805004119873}"
3380,0.06852750,"{""0-1"": 0.06852750480175018}"
3381,-0.02457795,"{""0-1"": -0.024577952921390533}"
3382,0.99999326,"{""0-1"": 0.9999932646751404}"
3383,-0.10420925,"{""0-1"": -0.10420925170183182}"
3384,0.04577449,"{""0-1"": 0.045774493366479874}"
3385,-0.09571958,"{""0-1"": -0.09571957588195801}"
3386,0.06504437,"{""0-1"": 0.06504437327384949}"
3387,0.12615526,"{""0-1"": 0.12615525722503662}"
3388,0.75060034,"{""0-1"": 0.7506003379821777}"
3389,0.11096117,"{""0-1"": 0.11096116900444031}"
3390,0.99998474,"{""0-1"": 0.9999847412109375}"
3391,0.32801911,"{""0-1"": 0.3280191123485565}"
3392,0.20389692,"{""0-1"": 0.2038969248533249}"
3393,0.05413035,"{""0-1"": 0.05413035303354263}"
3394,0.99999022,"{""0-1"": 0.9999902248382568}"
3395,0.20389692,"{""0-1"": 0.2038969248533249}"
3396,0.45339063,"{""0-1"": 0.45339062809944153}"
3397,0.98455006,"{""0-1"": 0.9845500588417053}"
3398,-0.10884469,"{""0-1"": -0.10884469002485275}"
3399,0.11102944,"{""0-1"": 0.11102943867444992}"
3400,0.28656361,"{""0-1"": 0.28656360507011414}"
3401,0.36540872,"{""0-1"": 0.365408718585968}"
3402,0.14976537,"{""0-1"": 0.14976537227630615}"
3403,0.02573262,"{""0-1"": 0.0257326178252697}"
3404,0.00075165,"{""0-1"": 0.0007516538607887924}"
3405,0.03182650,"{""0-1"": 0.031826503574848175}"
3406,-0.02638808,"{""0-1"": -0.026388082653284073}"
3407,-0.06957423,"{""0-1"": -0.06957422941923141}"
3408,0.99999565,"{""0-1"": 0.9999956488609314}"
3409,0.99450403,"{""0-1"": 0.9945040345191956}"
3410,-0.02966054,"{""0-1"": -0.02966054156422615}"
3411,0.00000000,{}
3412,-0.07824545,"{""0-1"": -0.07824545353651047}"
3413,0.04909215,"{""0-1"": 0.04909215122461319}"
3414,0.18827954,"{""0-1"": 0.18827953934669495}"
3415,0.15356013,"{""0-1"": 0.15356013178825378}"
3416,0.99999273,"{""0-1"": 0.9999927282333374}"
3417,0.99918807,"{""0-1"": 0.9991880655288696}"
3418,0.10214248,"{""0-1"": 0.10214247554540634}"
3419,-0.04417905,"{""0-1"": -0.044179052114486694}"
3420,-0.00250728,"{""0-1"": -0.0025072763673961163}"
3421,0.09903461,"{""0-1"": 0.0990346148610115}"
3422,0.12784584,"{""0-1"": 0.12784583866596222}"
3423,0.07687373,"{""0-1"": 0.07687372714281082}"
3424,0.12161988,"{""0-1"": 0.12161988019943237}"
3425,0.36486605,"{""0-1"": 0.3648660480976105}"
3426,0.18289261,"{""0-1"": 0.1828926056623459}"
3427,0.26564941,"{""0-1"": 0.2656494081020355}"
3428,0.01679909,"{""0-1"": 0.016799094155430794}"
3429,0.36568892,"{""0-1"": 0.36568892002105713}"
3430,0.37957904,"{""0-1"": 0.3795790374279022}"
3431,0.15479343,"{""0-1"": 0.15479342639446259}"
3432,-0.02972197,"{""0-1"": -0.02972196787595749}"
3433,0.05980923,"{""0-1"": 0.059809230268001556}"
3434,0.15592326,"{""0-1"": 0.1559232622385025}"
3435,0.20003876,"{""0-1"": 0.20003876090049744}"
3436,-0.17664918,"{""0-1"": -0.17664918303489685}"
3437,-0.10884469,"{""0-1"": -0.10884469002485275}"
3438,0.28305662,"{""0-1"": 0.2830566167831421}"
3439,0.07854612,"{""0-1"": 0.07854612171649933}"
3440,0.27585009,"{""0-1"": 0.2758500874042511}"
3441,0.00000000,{}
3442,0.99999166,"{""0-1"": 0.9999916553497314}"
3443,0.23636280,"{""0-1"": 0.23636280000209808}"
3444,0.35216397,"{""0-1"": 0.35216397047042847}"
3445,0.01430430,"{""0-1"": 0.014304299838840961}"
3446,-0.00087659,"{""0-1"": -0.0008765887469053268}"
3447,0.19495298,"{""0-1"": 0.19495297968387604}"
3448,0.17997870,"{""0-1"": 0.17997869849205017}"
3449,-0.00185779,"{""0-1"": -0.0018577910959720612}"
3450,0.06071178,"{""0-1"": 0.060711782425642014}"
3451,0.08074009,"{""0-1"": 0.08074009418487549}"
3452,0.19343528,"{""0-1"": 0.19343528151512146}"
3453,0.25466967,"{""0-1"": 0.2546696662902832}"
3454,0.05514371,"{""0-1"": 0.05514371395111084}"
3455,0.06654532,"{""0-1"": 0.06654531508684158}"
3456,0.99995637,"{""0-1"": 0.9999563694000244}"
3457,0.13135950,"{""0-1"": 0.1313595026731491}"
3458,0.15951924,"{""0-1"": 0.1595192402601242}"
3459,0.03793507,"{""0-1"": 0.03793506696820259}"
3460,0.50384742,"{""0-1"": 0.5038474202156067}"
3461,0.71909720,"{""0-1"": 0.7190971970558167}"
3462,0.11800808,"{""0-1"": 0.1180080845952034}"
3463,0.16400231,"{""0-1"": 0.16400231420993805}"
3464,0.14642845,"{""0-1"": 0.1464284509420395}"
3465,0.05857924,"{""0-1"": 0.05857923999428749}"
3466,-0.06458296,"{""0-1"": -0.064582958817482}"
3467,0.56384265,"{""0-1"": 0.5638426542282104}"
3468,0.29279965,"{""0-1"": 0.2927996516227722}"
3469,0.08335603,"{""0-1"": 0.08335603028535843}"
3470,-0.02790220,"{""0-1"": -0.027902202680706978}"
3471,-0.03692918,"{""0-1"": -0.0369291827082634}"
3472,-0.04431958,"{""0-1"": -0.04431958496570587}"
3473,0.08553288,"{""0-1"": 0.08553288131952286}"
3474,0.20731506,"{""0-1"": 0.20731505751609802}"
3475,-0.31270325,"{""0-1"": -0.3127032518386841}"
3476,0.00953569,"{""0-1"": 0.009535692632198334}"
3477,0.03001603,"{""0-1"": 0.030016034841537476}"
3478,0.31593966,"{""0-1"": 0.31593966484069824}"
3479,0.03825739,"{""0-1"": 0.03825739398598671}"
3480,0.00000000,{}
3481,0.14540775,"{""0-1"": 0.1454077512025833}"
3482,-0.04808452,"{""0-1"": -0.04808451607823372}"
3483,0.30036879,"{""0-1"": 0.3003687858581543}"
3484,0.33233929,"{""0-1"": 0.3323392868041992}"
3485,0.04988205,"{""0-1"": 0.04988204687833786}"
3486,0.35076803,"{""0-1"": 0.3507680296897888}"
3487,0.09638241,"{""0-1"": 0.09638240933418274}"
3488,0.50430524,"{""0-1"": 0.5043052434921265}"
3489,0.99918807,"{""0-1"": 0.9991880655288696}"
3490,0.08849275,"{""0-1"": 0.088492751121521}"
3491,0.99999267,"{""0-1"": 0.9999926686286926}"
3492,0.03955920,"{""0-1"": 0.039559196680784225}"
3493,0.13487245,"{""0-1"": 0.1348724514245987}"
3494,0.98449481,"{""0-1"": 0.9844948053359985}"
3495,0.08990264,"{""0-1"": 0.08990263938903809}"
3496,0.21627159,"{""0-1"": 0.21627159416675568}"
3497,0.08149966,"{""0-1"": 0.08149965852499008}"
3498,0.19107403,"{""0-1"": 0.19107402861118317}"
3499,0.08655387,"{""0-1"": 0.08655387163162231}"
3500,-0.00562173,"{""0-1"": -0.005621725227683783}"
3501,0.44699618,"{""0-1"": 0.44699618220329285}"
3502,-0.04149701,"{""0-1"": -0.04149701073765755}"
3503,0.56453216,"{""0-1"": 0.5645321607589722}"
3504,-0.01263973,"{""0-1"": -0.012639732100069523}"
3505,0.29961589,"{""0-1"": 0.29961588978767395}"
3506,0.95248950,"{""0-1"": 0.9524894952774048}"
3507,0.12267175,"{""0-1"": 0.12267175316810608}"
3508,0.99992079,"{""0-1"": 0.9999207854270935}"
3509,0.16867498,"{""0-1"": 0.16867497563362122}"
3510,0.99978775,"{""0-1"": 0.9997877478599548}"
3511,0.28944537,"{""0-1"": 0.2894453704357147}"
3512,0.48828736,"{""0-1"": 0.4882873594760895}"
3513,-0.08738369,"{""0-1"": -0.0873836949467659}"
3514,0.07033403,"{""0-1"": 0.07033403217792511}"
3515,0.00000000,{}
3516,0.00000000,{}
3517,0.29244339,"{""0-1"": 0.2924433946609497}"
3518,0.04988205,"{""0-1"": 0.04988204687833786}"
3519,0.04808348,"{""0-1"": 0.048083484172821045}"
3520,-0.02157759,"{""0-1"": -0.021577587351202965}"
3521,0.10679092,"{""0-1"": 0.10679091513156891}"
3522,0.04341353,"{""0-1"": 0.04341353103518486}"
3523,0.08335603,"{""0-1"": 0.08335603028535843}"
3524,0.99999499,"{""0-1"": 0.9999949932098389}"
3525,0.13187502,"{""0-1"": 0.13187502324581146}"
3526,-0.06051519,"{""0-1"": -0.06051518768072128}"
3527,0.07954573,"{""0-1"": 0.07954572886228561}"
3528,0.10653615,"{""0-1"": 0.1065361499786377}"
3529,0.36450943,"{""0-1"": 0.3645094335079193}"
3530,0.31184170,"{""0-1"": 0.3118416965007782}"
3531,0.99788421,"{""0-1"": 0.997884213924408}"
3532,0.19603316,"{""0-1"": 0.19603316485881805}"
3533,0.99604756,"{""0-1"": 0.9960475564002991}"
3534,0.00000000,{}
3535,1.00000000,"{""0-1"": 1.0}"
3536,0.00000000,{}
3537,0.11194848,"{""0-1"": 0.11194848269224167}"
3538,0.10061090,"{""0-1"": 0.1006108969449997}"
3539,0.13605897,"{""0-1"": 0.13605897128582}"
3540,-0.09357013,"{""0-1"": -0.09357012808322906}"
3541,0.27385706,"{""0-1"": 0.273857057094574}"
3542,0.12920167,"{""0-1"": 0.12920166552066803}"
3543,-0.02649268,"{""0-1"": -0.026492683216929436}"
3544,0.11666077,"{""0-1"": 0.11666077375411987}"
3545,0.17997870,"{""0-1"": 0.17997869849205017}"
3546,0.06687244,"{""0-1"": 0.06687244027853012}"
3547,0.10165888,"{""0-1"": 0.1016588807106018}"
3548,0.17957158,"{""0-1"": 0.17957158386707306}"
3549,0.01241834,"{""0-1"": 0.01241833996027708}"
3550,0.06852750,"{""0-1"": 0.06852750480175018}"
3551,0.00000000,{}
3552,0.05217433,"{""0-1"": 0.05217432603240013}"
3553,0.00000000,{}
3554,0.11276437,"{""0-1"": 0.11276436597108841}"
3555,0.35803649,"{""0-1"": 0.35803648829460144}"
3556,0.04001275,"{""0-1"": 0.04001275449991226}"
3557,0.09557701,"{""0-1"": 0.09557700902223587}"
3558,0.96142042,"{""0-1"": 0.9614204168319702}"
3559,-0.02590806,"{""0-1"": -0.02590806409716606}"
3560,-0.13027233,"{""0-1"": -0.13027232885360718}"
3561,0.02540458,"{""0-1"": 0.025404583662748337}"
3562,0.39698935,"{""0-1"": 0.3969893455505371}"
3563,0.02950298,"{""0-1"": 0.029502978548407555}"
3564,0.13258033,"{""0-1"": 0.13258032500743866}"
3565,0.19343528,"{""0-1"": 0.19343528151512146}"
3566,0.01302103,"{""0-1"": 0.01302102580666542}"
3567,0.32156110,"{""0-1"": 0.3215610980987549}"
3568,-0.00710939,"{""0-1"": -0.007109385449439287}"
3569,0.13338274,"{""0-1"": 0.13338273763656616}"
3570,0.99998975,"{""0-1"": 0.9999897480010986}"
3571,0.42393655,"{""0-1"": 0.42393654584884644}"
3572,0.11260409,"{""0-1"": 0.11260408908128738}"
3573,-0.02636275,"{""0-1"": -0.02636275440454483}"
3574,0.99999005,"{""0-1"": 0.9999900460243225}"
3575,0.20032488,"{""0-1"": 0.2003248780965805}"
3576,0.13880111,"{""0-1"": 0.13880111277103424}"
3577,0.99999899,"{""0-1"": 0.9999989867210388}"
3578,0.16122334,"{""0-1"": 0.16122333705425262}"
3579,0.52959669,"{""0-1"": 0.5295966863632202}"
3580,0.99999297,"{""0-1"": 0.9999929666519165}"
3581,0.10953354,"{""0-1"": 0.10953354090452194}"
3582,0.13402021,"{""0-1"": 0.13402020931243896}"
3583,0.12644842,"{""0-1"": 0.12644842267036438}"
3584,0.99918807,"{""0-1"": 0.9991880655288696}"
3585,0.13482487,"{""0-1"": 0.13482487201690674}"
3586,0.04221039,"{""0-1"": 0.04221038892865181}"
3587,0.29573056,"{""0-1"": 0.2957305610179901}"
3588,0.57636499,"{""0-1"": 0.5763649940490723}"
3589,0.00000000,{}
3590,0.06481773,"{""0-1"": 0.06481773406267166}"
3591,0.15714666,"{""0-1"": 0.1571466624736786}"
3592,0.18291649,"{""0-1"": 0.18291649222373962}"
3593,0.00000000,{}
3594,-0.08607706,"{""0-1"": -0.08607705682516098}"
3595,-0.11772051,"{""0-1"": -0.11772051453590393}"
3596,0.13693313,"{""0-1"": 0.1369331330060959}"
3597,-0.07520720,"{""0-1"": -0.07520720362663269}"
3598,0.29109427,"{""0-1"": 0.29109427332878113}"
3599,0.10813273,"{""0-1"": 0.1081327348947525}"
3600,0.24473223,"{""0-1"": 0.24473223090171814}"
3601,0.24005470,"{""0-1"": 0.24005469679832458}"
3602,0.36568892,"{""0-1"": 0.36568892002105713}"
3603,0.16997054,"{""0-1"": 0.1699705421924591}"
3604,-0.08295213,"{""0-1"": -0.08295212686061859}"
3605,0.06568913,"{""0-1"": 0.06568913161754608}"
3606,0.03831888,"{""0-1"": 0.038318879902362823}"
3607,0.25135088,"{""0-1"": 0.25135087966918945}"
3608,0.29430908,"{""0-1"": 0.2943090796470642}"
3609,0.21627159,"{""0-1"": 0.21627159416675568}"
3610,0.06481773,"{""0-1"": 0.06481773406267166}"
3611,0.00000000,{}
3612,-0.01607994,"{""0-1"": -0.016079943627119064}"
3613,0.18620940,"{""0-1"": 0.18620939552783966}"
3614,0.20474203,"{""0-1"": 0.20474202930927277}"
3615,-0.13684371,"{""0-1"": -0.1368437111377716}"
3616,0.15641716,"{""0-1"": 0.15641716122627258}"
3617,0.22887072,"{""0-1"": 0.2288707196712494}"
3618,0.00000000,{}
3619,0.00000000,{}
3620,0.64328426,"{""0-1"": 0.643284261226654}"
3621,0.36505729,"{""0-1"": 0.3650572896003723}"
3622,0.33569455,"{""0-1"": 0.3356945514678955}"
3623,-0.01992709,"{""0-1"": -0.019927091896533966}"
3624,0.35284299,"{""0-1"": 0.3528429865837097}"
3625,0.99999136,"{""0-1"": 0.9999913573265076}"
3626,0.33233929,"{""0-1"": 0.3323392868041992}"
3627,0.99974680,"{""0-1"": 0.9997467994689941}"
3628,0.20432141,"{""0-1"": 0.20432141423225403}"
3629,0.39215198,"{""0-1"": 0.39215198159217834}"
3630,0.40257004,"{""0-1"": 0.40257003903388977}"
3631,0.01164141,"{""0-1"": 0.011641412042081356}"
3632,0.48786092,"{""0-1"": 0.48786091804504395}"
3633,0.00000000,{}
3634,0.00000000,{}
3635,0.23989834,"{""0-1"": 0.23989833891391754}"
3636,0.25623068,"{""0-1"": 0.2562306821346283}"
3637,0.14917098,"{""0-1"": 0.14917097985744476}"
3638,0.00000000,{}
3639,0.99974680,"{""0-1"": 0.9997467994689941}"
3640,0.08849275,"{""0-1"": 0.088492751121521}"
3641,-0.02157759,"{""0-1"": -0.021577587351202965}"
3642,-0.05330544,"{""0-1"": -0.05330543592572212}"
3643,0.97516292,"{""0-1"": 0.975162923336029}"
3644,0.99999470,"{""0-1"": 0.999994695186615}"
3645,0.47285870,"{""0-1"": 0.4728586971759796}"
3646,0.22370461,"{""0-1"": 0.22370460629463196}"
3647,0.00000000,{}
3648,0.99999124,"{""0-1"": 0.999991238117218}"
3649,0.07685088,"{""0-1"": 0.07685087621212006}"
3650,0.11889055,"{""0-1"": 0.11889055371284485}"
3651,0.99995637,"{""0-1"": 0.9999563694000244}"
3652,0.08335603,"{""0-1"": 0.08335603028535843}"
3653,0.03505879,"{""0-1"": 0.03505878522992134}"
3654,0.19218406,"{""0-1"": 0.19218406081199646}"
3655,0.57464951,"{""0-1"": 0.5746495127677917}"
3656,0.20389692,"{""0-1"": 0.2038969248533249}"
3657,0.38270539,"{""0-1"": 0.3827053904533386}"
3658,0.13232449,"{""0-1"": 0.1323244869709015}"
3659,0.13508864,"{""0-1"": 0.13508863747119904}"
3660,-0.10884469,"{""0-1"": -0.10884469002485275}"
3661,0.25875801,"{""0-1"": 0.258758008480072}"
3662,-0.06628335,"{""0-1"": -0.06628335267305374}"
3663,0.99999774,"{""0-1"": 0.9999977350234985}"
3664,-0.06051519,"{""0-1"": -0.06051518768072128}"
3665,0.08990264,"{""0-1"": 0.08990263938903809}"
3666,-0.01319664,"{""0-1"": -0.01319663506001234}"
3667,0.92189598,"{""0-1"": 0.9218959808349609}"
3668,0.99918807,"{""0-1"": 0.9991880655288696}"
3669,0.22945605,"{""0-1"": 0.22945605218410492}"
3670,0.33233929,"{""0-1"": 0.3323392868041992}"
3671,0.18605830,"{""0-1"": 0.18605829775333405}"
3672,0.39023426,"{""0-1"": 0.3902342617511749}"
3673,0.08060597,"{""0-1"": 0.08060596883296967}"
3674,0.08035327,"{""0-1"": 0.0803532749414444}"
3675,0.99998814,"{""0-1"": 0.9999881386756897}"
3676,0.00000000,{}
3677,0.19737957,"{""0-1"": 0.19737957417964935}"
3678,0.62970072,"{""0-1"": 0.6297007203102112}"
3679,-0.04431958,"{""0-1"": -0.04431958496570587}"
3680,-0.04741789,"{""0-1"": -0.047417886555194855}"
3681,-0.07424822,"{""0-1"": -0.07424821704626083}"
3682,-0.16815527,"{""0-1"": -0.1681552678346634}"
3683,0.24559832,"{""0-1"": 0.24559831619262695}"
3684,-0.02157759,"{""0-1"": -0.021577587351202965}"
3685,-0.08854422,"{""0-1"": -0.08854421973228455}"
3686,0.13085872,"{""0-1"": 0.13085871934890747}"
3687,0.21750909,"{""0-1"": 0.21750909090042114}"
3688,0.38518324,"{""0-1"": 0.3851832449436188}"
3689,0.22768191,"{""0-1"": 0.22768190503120422}"
3690,0.54403806,"{""0-1"": 0.5440380573272705}"
3691,0.08849275,"{""0-1"": 0.088492751121521}"
3692,0.78719687,"{""0-1"": 0.7871968746185303}"
3693,0.00000000,{}
3694,0.01896139,"{""0-1"": 0.01896139234304428}"
3695,0.30985734,"{""0-1"": 0.3098573386669159}"
3696,0.78432840,"{""0-1"": 0.7843284010887146}"
3697,0.02997056,"{""0-1"": 0.02997056394815445}"
3698,0.02956144,"{""0-1"": 0.029561439529061317}"
3699,-0.06051519,"{""0-1"": -0.06051518768072128}"
3700,0.06457118,"{""0-1"": 0.06457117944955826}"
3701,0.30140966,"{""0-1"": 0.30140966176986694}"
3702,0.26960707,"{""0-1"": 0.2696070671081543}"
3703,0.52256179,"{""0-1"": 0.52256178855896}"
3704,0.99999946,"{""0-1"": 0.999999463558197}"
3705,0.59002328,"{""0-1"": 0.5900232791900635}"
3706,0.00000000,{}
3707,-0.01664371,"{""0-1"": -0.016643714159727097}"
3708,0.99999470,"{""0-1"": 0.999994695186615}"
3709,-0.02046779,"{""0-1"": -0.020467787981033325}"
3710,0.02639809,"{""0-1"": 0.02639809250831604}"
3711,0.22130792,"{""0-1"": 0.2213079184293747}"
3712,0.18642330,"{""0-1"": 0.18642330169677734}"
3713,0.09074944,"{""0-1"": 0.09074943512678146}"
3714,0.08804694,"{""0-1"": 0.08804693818092346}"
3715,0.00000000,{}
3716,0.44274729,"{""0-1"": 0.4427472949028015}"
3717,0.05200357,"{""0-1"": 0.052003566175699234}"
3718,0.25550154,"{""0-1"": 0.25550153851509094}"
3719,0.00000000,{}
3720,0.47276121,"{""0-1"": 0.47276121377944946}"
3721,-0.10320779,"{""0-1"": -0.1032077893614769}"
3722,0.37269241,"{""0-1"": 0.37269240617752075}"
3723,0.01487118,"{""0-1"": 0.014871181920170784}"
3724,0.99999309,"{""0-1"": 0.999993085861206}"
3725,0.34609252,"{""0-1"": 0.3460925221443176}"
3726,0.67667377,"{""0-1"": 0.6766737699508667}"
3727,0.04702876,"{""0-1"": 0.04702875763177872}"
3728,0.09074944,"{""0-1"": 0.09074943512678146}"
3729,0.13805725,"{""0-1"": 0.13805724680423737}"
3730,0.20722084,"{""0-1"": 0.20722083747386932}"
3731,0.44621241,"{""0-1"": 0.44621241092681885}"
3732,0.12765333,"{""0-1"": 0.1276533305644989}"
3733,0.04914854,"{""0-1"": 0.049148544669151306}"
3734,0.13817413,"{""0-1"": 0.1381741315126419}"
3735,0.01635607,"{""0-1"": 0.016356073319911957}"
3736,-0.10420925,"{""0-1"": -0.10420925170183182}"
3737,0.03848301,"{""0-1"": 0.03848301246762276}"
3738,0.04808348,"{""0-1"": 0.048083484172821045}"
3739,0.09701878,"{""0-1"": 0.0970187783241272}"
3740,0.20722084,"{""0-1"": 0.20722083747386932}"
3741,0.13947687,"{""0-1"": 0.13947686553001404}"
3742,0.00000000,{}
3743,0.99994314,"{""0-1"": 0.9999431371688843}"
3744,0.16560116,"{""0-1"": 0.16560116410255432}"
3745,0.11534178,"{""0-1"": 0.11534178256988525}"
3746,0.03451395,"{""0-1"": 0.03451394662261009}"
3747,-0.00241808,"{""0-1"": -0.002418078016489744}"
3748,0.25875801,"{""0-1"": 0.258758008480072}"
3749,0.24999459,"{""0-1"": 0.24999459087848663}"
3750,0.03001603,"{""0-1"": 0.030016034841537476}"
3751,0.16573998,"{""0-1"": 0.1657399833202362}"
3752,0.04915783,"{""0-1"": 0.04915782809257507}"
3753,-0.17138653,"{""0-1"": -0.17138652503490448}"
3754,0.31647903,"{""0-1"": 0.31647902727127075}"
3755,0.08796590,"{""0-1"": 0.08796589821577072}"
3756,0.44940391,"{""0-1"": 0.44940391182899475}"
3757,0.03667904,"{""0-1"": 0.03667903691530228}"
3758,0.05606522,"{""0-1"": 0.05606522038578987}"
3759,0.06960248,"{""0-1"": 0.06960248202085495}"
3760,0.00000000,{}
3761,0.13495974,"{""0-1"": 0.13495974242687225}"
3762,0.03155566,"{""0-1"": 0.0315556637942791}"
3763,-0.04492092,"{""0-1"": -0.044920921325683594}"
3764,0.09842481,"{""0-1"": 0.09842481464147568}"
3765,0.08169919,"{""0-1"": 0.0816991925239563}"
3766,0.29772118,"{""0-1"": 0.29772117733955383}"
3767,0.11989497,"{""0-1"": 0.11989496648311615}"
3768,-0.02157759,"{""0-1"": -0.021577587351202965}"
3769,0.33529949,"{""0-1"": 0.3352994918823242}"
3770,0.09356429,"{""0-1"": 0.09356429427862167}"
3771,0.10112365,"{""0-1"": 0.10112365335226059}"
3772,0.57237571,"{""0-1"": 0.5723757147789001}"
3773,0.10214248,"{""0-1"": 0.10214247554540634}"
3774,0.50321090,"{""0-1"": 0.5032109022140503}"
3775,0.72894561,"{""0-1"": 0.7289456129074097}"
3776,-0.16055454,"{""0-1"": -0.16055454313755035}"
3777,-0.00984996,"{""0-1"": -0.00984995998442173}"
3778,0.71226281,"{""0-1"": 0.7122628092765808}"
3779,0.63799810,"{""0-1"": 0.637998104095459}"
3780,0.08316290,"{""0-1"": 0.08316290378570557}"
3781,0.22997001,"{""0-1"": 0.22997000813484192}"
3782,0.74672353,"{""0-1"": 0.7467235326766968}"
3783,0.07503815,"{""0-1"": 0.07503814995288849}"
3784,0.23185289,"{""0-1"": 0.23185288906097412}"
3785,0.20211548,"{""0-1"": 0.2021154761314392}"
3786,-0.00459611,"{""0-1"": -0.004596112295985222}"
3787,-0.17864153,"{""0-1"": -0.17864152789115906}"
3788,-0.01905460,"{""0-1"": -0.019054604694247246}"
3789,0.33675274,"{""0-1"": 0.3367527425289154}"
3790,0.99999070,"{""0-1"": 0.999990701675415}"
3791,0.13618590,"{""0-1"": 0.1361858993768692}"
3792,0.16593422,"{""0-1"": 0.165934219956398}"
3793,0.25816238,"{""0-1"": 0.25816237926483154}"
3794,0.00000000,{}
3795,0.17806964,"{""0-1"": 0.17806963622570038}"
3796,0.03566848,"{""0-1"": 0.03566848114132881}"
3797,0.16270241,"{""0-1"": 0.16270241141319275}"
3798,0.64561617,"{""0-1"": 0.6456161737442017}"
3799,0.07858930,"{""0-1"": 0.0785892978310585}"
3800,0.11819023,"{""0-1"": 0.1181902289390564}"
3801,0.06679539,"{""0-1"": 0.06679539382457733}"
3802,-0.06891873,"{""0-1"": -0.06891873478889465}"
3803,0.31089494,"{""0-1"": 0.3108949363231659}"
3804,0.63866436,"{""0-1"": 0.6386643648147583}"
3805,0.00000000,{}
3806,0.99999338,"{""0-1"": 0.9999933838844299}"
3807,0.63799810,"{""0-1"": 0.637998104095459}"
3808,0.00000000,{}
3809,0.12043159,"{""0-1"": 0.12043158710002899}"
3810,0.13887613,"{""0-1"": 0.13887612521648407}"
3811,0.20003876,"{""0-1"": 0.20003876090049744}"
3812,0.16612695,"{""0-1"": 0.16612695157527924}"
3813,0.29385230,"{""0-1"": 0.293852299451828}"
3814,0.99999434,"{""0-1"": 0.9999943375587463}"
3815,0.20587951,"{""0-1"": 0.20587950944900513}"
3816,0.33295700,"{""0-1"": 0.332956999540329}"
3817,0.19603316,"{""0-1"": 0.19603316485881805}"
3818,0.98751503,"{""0-1"": 0.9875150322914124}"
3819,0.15522732,"{""0-1"": 0.15522731840610504}"
3820,0.64907712,"{""0-1"": 0.6490771174430847}"
3821,0.02429996,"{""0-1"": 0.02429996244609356}"
3822,0.04502013,"{""0-1"": 0.04502013325691223}"
3823,0.11934501,"{""0-1"": 0.11934500932693481}"
3824,0.99974680,"{""0-1"": 0.9997467994689941}"
3825,-0.01492200,"{""0-1"": -0.014921997673809528}"
3826,0.42714292,"{""0-1"": 0.4271429181098938}"
3827,0.18266062,"{""0-1"": 0.18266062438488007}"
3828,0.72867954,"{""0-1"": 0.7286795377731323}"
3829,-0.15126207,"{""0-1"": -0.1512620747089386}"
3830,-0.02686153,"{""0-1"": -0.026861529797315598}"
3831,0.31821027,"{""0-1"": 0.31821027398109436}"
3832,0.62970072,"{""0-1"": 0.6297007203102112}"
3833,0.13006675,"{""0-1"": 0.13006675243377686}"
3834,0.02759185,"{""0-1"": 0.027591848745942116}"
3835,0.03424546,"{""0-1"": 0.034245461225509644}"
3836,0.98669720,"{""0-1"": 0.9866971969604492}"
3837,0.13878752,"{""0-1"": 0.13878752291202545}"
3838,-0.18319467,"{""0-1"": -0.18319466710090637}"
3839,0.06810043,"{""0-1"": 0.06810043007135391}"
3840,0.99996394,"{""0-1"": 0.9999639391899109}"
3841,0.28844342,"{""0-1"": 0.2884434163570404}"
3842,0.22723605,"{""0-1"": 0.2272360473871231}"
3843,0.99918807,"{""0-1"": 0.9991880655288696}"
3844,0.07847687,"{""0-1"": 0.07847686856985092}"
3845,0.97956294,"{""0-1"": 0.9795629382133484}"
3846,0.67880863,"{""0-1"": 0.6788086295127869}"
3847,0.70915115,"{""0-1"": 0.7091511487960815}"
3848,0.05923665,"{""0-1"": 0.05923664569854736}"
3849,0.13135950,"{""0-1"": 0.1313595026731491}"
3850,0.23468597,"{""0-1"": 0.2346859723329544}"
3851,-0.02636275,"{""0-1"": -0.02636275440454483}"
3852,0.49910578,"{""0-1"": 0.4991057813167572}"
3853,0.14642859,"{""0-1"": 0.14642858505249023}"
3854,0.14550941,"{""0-1"": 0.14550940692424774}"
3855,0.48254731,"{""0-1"": 0.4825473129749298}"
3856,0.17829821,"{""0-1"": 0.1782982051372528}"
3857,0.00000000,{}
3858,0.22795828,"{""0-1"": 0.22795827686786652}"
3859,0.24493363,"{""0-1"": 0.24493363499641418}"
3860,-0.06957423,"{""0-1"": -0.06957422941923141}"
3861,0.99999440,"{""0-1"": 0.9999943971633911}"
3862,0.99973685,"{""0-1"": 0.9997368454933167}"
3863,0.99999607,"{""0-1"": 0.9999960660934448}"
3864,0.07414544,"{""0-1"": 0.07414543628692627}"
3865,-0.05898650,"{""0-1"": -0.058986496180295944}"
3866,0.99999887,"{""0-1"": 0.9999988675117493}"
3867,0.62392038,"{""0-1"": 0.6239203810691833}"
3868,-0.02686153,"{""0-1"": -0.026861529797315598}"
3869,0.06679539,"{""0-1"": 0.06679539382457733}"
3870,0.33233929,"{""0-1"": 0.3323392868041992}"
3871,0.26948938,"{""0-1"": 0.2694893777370453}"
3872,0.99999684,"{""0-1"": 0.9999968409538269}"
3873,0.18164442,"{""0-1"": 0.18164442479610443}"
3874,0.13126765,"{""0-1"": 0.13126765191555023}"
3875,0.02584279,"{""0-1"": 0.025842785835266113}"
3876,0.00000000,{}
3877,0.51209182,"{""0-1"": 0.5120918154716492}"
3878,0.05692168,"{""0-1"": 0.05692167580127716}"
3879,0.09537698,"{""0-1"": 0.09537697583436966}"
3880,0.25298390,"{""0-1"": 0.2529838979244232}"
3881,0.02445552,"{""0-1"": 0.024455517530441284}"
3882,0.31089494,"{""0-1"": 0.3108949363231659}"
3883,-0.03625365,"{""0-1"": -0.03625365346670151}"
3884,0.15641716,"{""0-1"": 0.15641716122627258}"
3885,-0.01871252,"{""0-1"": -0.018712524324655533}"
3886,-0.00033741,"{""0-1"": -0.00033740850631147623}"
3887,0.41887704,"{""0-1"": 0.4188770353794098}"
3888,-0.04216160,"{""0-1"": -0.042161598801612854}"
3889,0.99999720,"{""0-1"": 0.9999971985816956}"
3890,0.42154381,"{""0-1"": 0.42154380679130554}"
3891,-0.08718919,"{""0-1"": -0.0871891900897026}"
3892,0.11307482,"{""0-1"": 0.11307482421398163}"
3893,0.00000000,{}
3894,0.02402981,"{""0-1"": 0.024029813706874847}"
3895,0.07056151,"{""0-1"": 0.07056150585412979}"
3896,0.04988205,"{""0-1"": 0.04988204687833786}"
3897,0.34217885,"{""0-1"": 0.3421788513660431}"
3898,0.12538458,"{""0-1"": 0.12538458406925201}"
3899,-0.00991881,"{""0-1"": -0.00991880800575018}"
3900,0.42787760,"{""0-1"": 0.42787760496139526}"
3901,0.10214248,"{""0-1"": 0.10214247554540634}"
3902,0.12136257,"{""0-1"": 0.12136257439851761}"
3903,0.02037012,"{""0-1"": 0.0203701164573431}"
3904,0.58783394,"{""0-1"": 0.5878339409828186}"
3905,0.81646037,"{""0-1"": 0.816460371017456}"
3906,0.06176319,"{""0-1"": 0.06176318973302841}"
3907,0.99918807,"{""0-1"": 0.9991880655288696}"
3908,0.07110070,"{""0-1"": 0.07110069692134857}"
3909,0.28074887,"{""0-1"": 0.2807488739490509}"
3910,0.13751642,"{""0-1"": 0.13751642405986786}"
3911,0.07517024,"{""0-1"": 0.07517024129629135}"
3912,0.08310737,"{""0-1"": 0.0831073746085167}"
3913,0.08241466,"{""0-1"": 0.0824146643280983}"
3914,0.99999946,"{""0-1"": 0.999999463558197}"
3915,0.10813273,"{""0-1"": 0.1081327348947525}"
3916,0.02746582,"{""0-1"": 0.02746582217514515}"
3917,0.93771726,"{""0-1"": 0.9377172589302063}"
3918,0.22795828,"{""0-1"": 0.22795827686786652}"
3919,0.25945431,"{""0-1"": 0.25945430994033813}"
3920,0.19603316,"{""0-1"": 0.19603316485881805}"
3921,0.00000000,{}
3922,-0.02638808,"{""0-1"": -0.026388082653284073}"
3923,-0.04861685,"{""0-1"": -0.04861685261130333}"
3924,0.12068296,"{""0-1"": 0.1206829622387886}"
3925,0.37022611,"{""0-1"": 0.370226114988327}"
3926,0.00000000,{}
3927,0.06901417,"{""0-1"": 0.06901416927576065}"
3928,0.85964835,"{""0-1"": 0.8596483469009399}"
3929,0.10060742,"{""0-1"": 0.10060742497444153}"
3930,0.48147717,"{""0-1"": 0.48147717118263245}"
3931,0.28719637,"{""0-1"": 0.2871963679790497}"
3932,0.15638822,"{""0-1"": 0.15638822317123413}"
3933,0.63641107,"{""0-1"": 0.6364110708236694}"
3934,0.61641133,"{""0-1"": 0.6164113283157349}"
3935,0.16385597,"{""0-1"": 0.16385596990585327}"
3936,0.15641716,"{""0-1"": 0.15641716122627258}"
3937,-0.03238729,"{""0-1"": -0.03238729387521744}"
3938,0.99998206,"{""0-1"": 0.9999820590019226}"
3939,0.01538235,"{""0-1"": 0.015382354147732258}"
3940,0.99998999,"{""0-1"": 0.9999899864196777}"
3941,0.24073336,"{""0-1"": 0.24073335528373718}"
3942,0.20389692,"{""0-1"": 0.2038969248533249}"
3943,0.15342292,"{""0-1"": 0.15342292189598083}"
3944,-0.01626724,"{""0-1"": -0.016267238184809685}"
3945,0.59353328,"{""0-1"": 0.5935332775115967}"
3946,0.03713972,"{""0-1"": 0.03713972494006157}"
3947,0.00000000,{}
3948,-0.00619011,"{""0-1"": -0.0061901104636490345}"
3949,0.26324442,"{""0-1"": 0.2632444202899933}"
3950,0.00000000,{}
3951,0.24364971,"{""0-1"": 0.2436497062444687}"
3952,-0.00073671,"{""0-1"": -0.000736713467631489}"
3953,0.99998587,"{""0-1"": 0.9999858736991882}"
3954,0.28491008,"{""0-1"": 0.28491008281707764}"
3955,0.06263699,"{""0-1"": 0.06263699382543564}"
3956,0.06329336,"{""0-1"": 0.06329336017370224}"
3957,0.03341971,"{""0-1"": 0.03341970592737198}"
3958,0.03282288,"{""0-1"": 0.032822880893945694}"
3959,0.29866379,"{""0-1"": 0.29866379499435425}"
3960,0.37893391,"{""0-1"": 0.3789339065551758}"
3961,0.99829698,"{""0-1"": 0.9982969760894775}"
3962,0.21800381,"{""0-1"": 0.21800380945205688}"
3963,0.07962465,"{""0-1"": 0.07962464541196823}"
3964,0.06808266,"{""0-1"": 0.06808266043663025}"
3965,-0.19688950,"{""0-1"": -0.1968895047903061}"
3966,-0.12099598,"{""0-1"": -0.12099598348140717}"
3967,0.13135950,"{""0-1"": 0.1313595026731491}"
3968,-0.11227641,"{""0-1"": -0.11227641254663467}"
3969,0.15033206,"{""0-1"": 0.15033206343650818}"
3970,0.97311634,"{""0-1"": 0.9731163382530212}"
3971,0.49091062,"{""0-1"": 0.4909106194972992}"
3972,-0.01163834,"{""0-1"": -0.011638336814939976}"
3973,0.20141236,"{""0-1"": 0.2014123648405075}"
3974,0.21334626,"{""0-1"": 0.21334625780582428}"
3975,0.99999422,"{""0-1"": 0.9999942183494568}"
3976,0.46540779,"{""0-1"": 0.4654077887535095}"
3977,0.23600103,"{""0-1"": 0.23600102961063385}"
3978,0.19956496,"{""0-1"": 0.19956496357917786}"
3979,-0.06399380,"{""0-1"": -0.06399380415678024}"
3980,0.01928158,"{""0-1"": 0.019281581044197083}"
3981,0.99998760,"{""0-1"": 0.9999876022338867}"
3982,0.26334301,"{""0-1"": 0.2633430063724518}"
3983,-0.03061448,"{""0-1"": -0.03061448037624359}"
3984,0.16771303,"{""0-1"": 0.16771303117275238}"
3985,0.52581632,"{""0-1"": 0.5258163213729858}"
3986,0.73044944,"{""0-1"": 0.7304494380950928}"
3987,0.08896247,"{""0-1"": 0.08896246552467346}"
3988,0.26591122,"{""0-1"": 0.2659112215042114}"
3989,0.78504252,"{""0-1"": 0.7850425243377686}"
3990,-0.07011191,"{""0-1"": -0.07011190801858902}"
3991,0.14976537,"{""0-1"": 0.14976537227630615}"
3992,0.05514371,"{""0-1"": 0.05514371395111084}"
3993,0.22887072,"{""0-1"": 0.2288707196712494}"
3994,-0.00453447,"{""0-1"": -0.004534468986093998}"
3995,0.09042317,"{""0-1"": 0.09042317420244217}"
3996,-0.05127100,"{""0-1"": -0.051270999014377594}"
3997,0.00000000,{}
3998,0.21388240,"{""0-1"": 0.21388240158557892}"
3999,0.99997878,"{""0-1"": 0.99997878074646}"
4000,0.48115483,"{""0-1"": 0.48115482926368713}"
4001,0.00000000,{}
4002,0.99999577,"{""0-1"": 0.999995768070221}"
4003,0.04264385,"{""0-1"": 0.042643845081329346}"
4004,-0.02584435,"{""0-1"": -0.025844348594546318}"
4005,0.77130651,"{""0-1"": 0.7713065147399902}"
4006,0.84439427,"{""0-1"": 0.8443942666053772}"
4007,0.99998581,"{""0-1"": 0.9999858140945435}"
4008,0.10352731,"{""0-1"": 0.10352731496095657}"
4009,0.69297993,"{""0-1"": 0.6929799318313599}"
4010,0.00000000,{}
4011,0.47086659,"{""0-1"": 0.4708665907382965}"
4012,-0.01621355,"{""0-1"": -0.0162135548889637}"
4013,0.12057897,"{""0-1"": 0.12057897448539734}"
4014,-0.10901661,"{""0-1"": -0.10901661217212677}"
4015,0.10941470,"{""0-1"": 0.10941470414400101}"
4016,0.33663592,"{""0-1"": 0.33663591742515564}"
4017,0.13402021,"{""0-1"": 0.13402020931243896}"
4018,0.59570241,"{""0-1"": 0.5957024097442627}"
4019,0.11209100,"{""0-1"": 0.11209100484848022}"
4020,0.19343528,"{""0-1"": 0.19343528151512146}"
4021,0.02884357,"{""0-1"": 0.02884356863796711}"
4022,-0.02932514,"{""0-1"": -0.029325135052204132}"
4023,0.04840829,"{""0-1"": 0.04840829223394394}"
4024,0.00000000,{}
4025,0.30439213,"{""0-1"": 0.30439212918281555}"
4026,-0.02590806,"{""0-1"": -0.02590806409716606}"
4027,0.29059699,"{""0-1"": 0.29059699177742004}"
4028,0.08787235,"{""0-1"": 0.08787234872579575}"
4029,0.13299538,"{""0-1"": 0.1329953819513321}"
4030,0.00000000,{}
4031,-0.01290445,"{""0-1"": -0.012904447503387928}"
4032,-0.07071753,"{""0-1"": -0.07071752846240997}"
4033,0.99918807,"{""0-1"": 0.9991880655288696}"
4034,0.00000000,{}
4035,0.05112924,"{""0-1"": 0.051129236817359924}"
4036,0.04015467,"{""0-1"": 0.04015466570854187}"
4037,0.99741954,"{""0-1"": 0.997419536113739}"
4038,0.14812854,"{""0-1"": 0.14812853932380676}"
4039,0.99995404,"{""0-1"": 0.9999540448188782}"
4040,-0.02496004,"{""0-1"": -0.02496003732085228}"
4041,0.23190480,"{""0-1"": 0.2319048047065735}"
4042,0.15923953,"{""0-1"": 0.1592395305633545}"
4043,0.16531484,"{""0-1"": 0.16531483829021454}"
4044,0.99992716,"{""0-1"": 0.9999271631240845}"
4045,0.27385706,"{""0-1"": 0.273857057094574}"
4046,0.75724620,"{""0-1"": 0.757246196269989}"
4047,0.30930355,"{""0-1"": 0.30930355191230774}"
4048,0.04107694,"{""0-1"": 0.041076939553022385}"
4049,-0.05328369,"{""0-1"": -0.05328369140625}"
4050,0.42030555,"{""0-1"": 0.4203055500984192}"
4051,0.53424489,"{""0-1"": 0.5342448949813843}"
4052,0.00000000,{}
4053,0.27569976,"{""0-1"": 0.27569976449012756}"
4054,0.28305662,"{""0-1"": 0.2830566167831421}"
4055,0.54403806,"{""0-1"": 0.5440380573272705}"
4056,0.00000000,{}
4057,-0.00503403,"{""0-1"": -0.0050340257585048676}"
4058,0.09588391,"{""0-1"": 0.09588390588760376}"
4059,0.07504025,"{""0-1"": 0.07504025101661682}"
4060,0.99995637,"{""0-1"": 0.9999563694000244}"
4061,0.43097088,"{""0-1"": 0.4309708774089813}"
4062,0.74132025,"{""0-1"": 0.7413202524185181}"
4063,0.05279681,"{""0-1"": 0.05279681086540222}"
4064,0.00000000,{}
4065,0.40667424,"{""0-1"": 0.40667423605918884}"
4066,0.17922132,"{""0-1"": 0.17922131717205048}"
4067,0.19870953,"{""0-1"": 0.19870953261852264}"
4068,0.20265990,"{""0-1"": 0.20265990495681763}"
4069,0.00000000,{}
4070,0.11599285,"{""0-1"": 0.11599285155534744}"
4071,0.99999970,"{""0-1"": 0.9999997019767761}"
4072,0.99998510,"{""0-1"": 0.9999850988388062}"
4073,-0.03025523,"{""0-1"": -0.030255232006311417}"
4074,-0.13321911,"{""0-1"": -0.13321910798549652}"
4075,0.09491820,"{""0-1"": 0.09491819888353348}"
4076,0.06443204,"{""0-1"": 0.0644320398569107}"
4077,0.40696642,"{""0-1"": 0.4069664180278778}"
4078,0.99999726,"{""0-1"": 0.9999972581863403}"
4079,0.17098559,"{""0-1"": 0.17098559439182281}"
4080,0.16755427,"{""0-1"": 0.16755427420139313}"
4081,-0.02339679,"{""0-1"": -0.023396793752908707}"
4082,0.20334485,"{""0-1"": 0.20334485173225403}"
4083,0.06988650,"{""0-1"": 0.06988649815320969}"
4084,0.04778332,"{""0-1"": 0.04778331518173218}"
4085,0.99918807,"{""0-1"": 0.9991880655288696}"
4086,0.20389692,"{""0-1"": 0.2038969248533249}"
4087,-0.02896547,"{""0-1"": -0.028965473175048828}"
4088,0.92853707,"{""0-1"": 0.9285370707511902}"
4089,0.99999285,"{""0-1"": 0.999992847442627}"
4090,0.52538514,"{""0-1"": 0.5253851413726807}"
4091,0.99829698,"{""0-1"": 0.9982969760894775}"
4092,-0.00984996,"{""0-1"": -0.00984995998442173}"
4093,0.66012800,"{""0-1"": 0.6601279973983765}"
4094,0.15096018,"{""0-1"": 0.15096017718315125}"
4095,0.65658289,"{""0-1"": 0.6565828919410706}"
4096,0.54558742,"{""0-1"": 0.545587420463562}"
4097,0.07464834,"{""0-1"": 0.07464834302663803}"
4098,0.11345260,"{""0-1"": 0.11345259845256805}"
4099,0.19203198,"{""0-1"": 0.19203197956085205}"
4100,-0.02912548,"{""0-1"": -0.029125476256012917}"
4102,0.16674183,"{""0-1"": 0.16674183309078217}"
4103,0.23169221,"{""0-1"": 0.23169220983982086}"
4104,0.00000000,{}
4105,0.07720755,"{""0-1"": 0.077207550406456}"
4106,0.00000000,{}
4107,0.26259479,"{""0-1"": 0.2625947892665863}"
4108,-0.12022892,"{""0-1"": -0.12022891640663147}"
4109,0.03533643,"{""0-1"": 0.03533642739057541}"
4110,0.01207898,"{""0-1"": 0.012078977189958096}"
4111,0.00000000,{}
4112,-0.07424822,"{""0-1"": -0.07424821704626083}"
4113,0.08075809,"{""0-1"": 0.08075809478759766}"
4114,0.45983690,"{""0-1"": 0.4598369002342224}"
4115,0.61824739,"{""0-1"": 0.618247389793396}"
4116,-0.06136596,"{""0-1"": -0.06136596202850342}"
4117,-0.07520720,"{""0-1"": -0.07520720362663269}"
4118,0.33532420,"{""0-1"": 0.3353241980075836}"
4119,0.99874252,"{""0-1"": 0.9987425208091736}"
4120,0.17589872,"{""0-1"": 0.1758987158536911}"
4121,-0.01647510,"{""0-1"": -0.016475100070238113}"
4122,0.59096026,"{""0-1"": 0.5909602642059326}"
4123,0.20389692,"{""0-1"": 0.2038969248533249}"
4124,0.18277359,"{""0-1"": 0.18277359008789062}"
4125,0.09482674,"{""0-1"": 0.09482674300670624}"
4126,0.12670392,"{""0-1"": 0.1267039179801941}"
4127,0.43787354,"{""0-1"": 0.4378735423088074}"
4128,-0.03922473,"{""0-1"": -0.03922473266720772}"
4129,0.01829937,"{""0-1"": 0.018299371004104614}"
4130,-0.03347048,"{""0-1"": -0.033470477908849716}"
4131,-0.04293486,"{""0-1"": -0.04293486103415489}"
4132,0.02079845,"{""0-1"": 0.020798446610569954}"
4133,0.99974680,"{""0-1"": 0.9997467994689941}"
4134,0.00000000,{}
4135,0.00000000,{}
4136,0.99999863,"{""0-1"": 0.9999986290931702}"
4137,0.28909767,"{""0-1"": 0.2890976667404175}"
4138,0.20236024,"{""0-1"": 0.20236024260520935}"
4139,0.07006527,"{""0-1"": 0.07006527483463287}"
4140,0.00000000,{}
4141,0.13805725,"{""0-1"": 0.13805724680423737}"
4142,0.47252855,"{""0-1"": 0.4725285470485687}"
4143,0.01662134,"{""0-1"": 0.016621340066194534}"
4144,0.55210584,"{""0-1"": 0.5521058440208435}"
4145,0.15671258,"{""0-1"": 0.1567125767469406}"
4146,0.19122101,"{""0-1"": 0.19122101366519928}"
4147,0.00000000,{}
4148,0.16553834,"{""0-1"": 0.16553834080696106}"
4149,0.15671258,"{""0-1"": 0.1567125767469406}"
4150,0.05622603,"{""0-1"": 0.05622602999210358}"
4151,0.02968614,"{""0-1"": 0.029686138033866882}"
4152,0.00000000,{}
4153,0.00258546,"{""0-1"": 0.002585459966212511}"
4154,0.03526183,"{""0-1"": 0.03526183217763901}"
4155,0.25957650,"{""0-1"": 0.2595764994621277}"
4156,0.56916940,"{""0-1"": 0.5691694021224976}"
4157,0.38920382,"{""0-1"": 0.389203816652298}"
4158,-0.10210212,"{""0-1"": -0.1021021232008934}"
4159,0.19343528,"{""0-1"": 0.19343528151512146}"
4160,0.57260990,"{""0-1"": 0.5726099014282227}"
4161,0.01679909,"{""0-1"": 0.016799094155430794}"
4162,0.15871221,"{""0-1"": 0.1587122082710266}"
4163,0.37685680,"{""0-1"": 0.37685680389404297}"
4164,-0.01490626,"{""0-1"": -0.014906256459653378}"
4165,0.37962219,"{""0-1"": 0.3796221911907196}"
4166,0.02079845,"{""0-1"": 0.020798446610569954}"
4167,0.08149966,"{""0-1"": 0.08149965852499008}"
4168,0.08848001,"{""0-1"": 0.08848001062870026}"
4169,0.06970344,"{""0-1"": 0.06970344483852386}"
4170,0.06472220,"{""0-1"": 0.0647222027182579}"
4171,0.03297447,"{""0-1"": 0.032974474132061005}"
4172,-0.03742738,"{""0-1"": -0.037427376955747604}"
4173,0.14976537,"{""0-1"": 0.14976537227630615}"
4174,0.15641716,"{""0-1"": 0.15641716122627258}"
4175,0.99874252,"{""0-1"": 0.9987425208091736}"
4176,0.04577449,"{""0-1"": 0.045774493366479874}"
4177,1.00000000,"{""0-1"": 1.0}"
4178,0.03350342,"{""0-1"": 0.033503420650959015}"
4179,0.23495132,"{""0-1"": 0.23495131731033325}"
4180,0.00495923,"{""0-1"": 0.004959233105182648}"
4181,0.11142222,"{""0-1"": 0.11142221838235855}"
4182,0.22241828,"{""0-1"": 0.22241827845573425}"
4183,-0.09461242,"{""0-1"": -0.09461241960525513}"
4184,0.99999928,"{""0-1"": 0.9999992847442627}"
4185,0.00000000,{}
4186,0.04293929,"{""0-1"": 0.042939286679029465}"
4187,0.00393119,"{""0-1"": 0.003931188955903053}"
4188,0.99999392,"{""0-1"": 0.9999939203262329}"
4189,0.00953569,"{""0-1"": 0.009535692632198334}"
4190,0.99998432,"{""0-1"": 0.9999843239784241}"
4191,0.01384277,"{""0-1"": 0.013842766173183918}"
4192,-0.05741444,"{""0-1"": -0.05741444230079651}"
4193,0.32046625,"{""0-1"": 0.3204662501811981}"
4194,0.26116624,"{""0-1"": 0.2611662447452545}"
4195,-0.05011953,"{""0-1"": -0.05011953040957451}"
4196,-0.02034314,"{""0-1"": -0.02034313604235649}"
4197,0.59013861,"{""0-1"": 0.5901386141777039}"
4198,0.27442169,"{""0-1"": 0.27442169189453125}"
4199,-0.04312688,"{""0-1"": -0.04312688112258911}"
4200,0.46173230,"{""0-1"": 0.46173229813575745}"
4201,0.04577449,"{""0-1"": 0.045774493366479874}"
4202,0.57310176,"{""0-1"": 0.5731017589569092}"
4203,0.18778807,"{""0-1"": 0.18778806924819946}"
4204,0.51950175,"{""0-1"": 0.5195017457008362}"
4205,0.21627159,"{""0-1"": 0.21627159416675568}"
4206,-0.10311070,"{""0-1"": -0.10311070084571838}"
4207,0.00000000,{}
4208,0.33963326,"{""0-1"": 0.3396332561969757}"
4209,-0.10145144,"{""0-1"": -0.10145144164562225}"
4210,0.56457001,"{""0-1"": 0.5645700097084045}"
4211,-0.04906910,"{""0-1"": -0.04906909912824631}"
4212,0.00000000,{}
4213,0.48379725,"{""0-1"": 0.48379725217819214}"
4214,0.19702879,"{""0-1"": 0.19702878594398499}"
4215,-0.00453447,"{""0-1"": -0.004534468986093998}"
4216,-0.10884469,"{""0-1"": -0.10884469002485275}"
4217,0.84280622,"{""0-1"": 0.8428062200546265}"
4218,0.03441681,"{""0-1"": 0.0344168059527874}"
4219,0.17829821,"{""0-1"": 0.1782982051372528}"
4220,0.20389692,"{""0-1"": 0.2038969248533249}"
4221,0.41550484,"{""0-1"": 0.4155048429965973}"
4222,0.00000000,{}
4223,-0.02981312,"{""0-1"": -0.029813116416335106}"
4224,0.84439427,"{""0-1"": 0.8443942666053772}"
4225,0.03001603,"{""0-1"": 0.030016034841537476}"
4226,0.51085550,"{""0-1"": 0.510855495929718}"
4227,0.18576147,"{""0-1"": 0.1857614666223526}"
4228,0.66827619,"{""0-1"": 0.6682761907577515}"
4229,0.36416113,"{""0-1"": 0.3641611337661743}"
4230,0.05112927,"{""0-1"": 0.05112927034497261}"
4231,0.24877214,"{""0-1"": 0.24877214431762695}"
4232,0.64907712,"{""0-1"": 0.6490771174430847}"
4233,0.13508864,"{""0-1"": 0.13508863747119904}"
4234,0.41711602,"{""0-1"": 0.4171160161495209}"
4235,0.00219543,"{""0-1"": 0.0021954276598989964}"
4236,0.99918807,"{""0-1"": 0.9991880655288696}"
4237,0.00070217,"{""0-1"": 0.0007021655328571796}"
4238,0.30549598,"{""0-1"": 0.3054959774017334}"
4239,0.05514371,"{""0-1"": 0.05514371395111084}"
4240,0.99999475,"{""0-1"": 0.9999947547912598}"
4241,0.29274383,"{""0-1"": 0.29274383187294006}"
4242,0.55210584,"{""0-1"": 0.5521058440208435}"
4243,0.11142222,"{""0-1"": 0.11142221838235855}"
4244,0.22437002,"{""0-1"": 0.22437001764774323}"
4245,0.12069771,"{""0-1"": 0.12069771438837051}"
4246,-0.08515066,"{""0-1"": -0.08515065908432007}"
4247,0.00000000,{}
4248,0.99999279,"{""0-1"": 0.9999927878379822}"
4249,0.45864093,"{""0-1"": 0.4586409330368042}"
4250,0.02997056,"{""0-1"": 0.02997056394815445}"
4251,0.47366193,"{""0-1"": 0.4736619293689728}"
4252,0.00000000,{}
4253,0.12064151,"{""0-1"": 0.12064151465892792}"
4254,0.06419630,"{""0-1"": 0.06419629603624344}"
4255,0.16353545,"{""0-1"": 0.1635354459285736}"
4256,0.17351940,"{""0-1"": 0.17351940274238586}"
4257,0.99999624,"{""0-1"": 0.9999962449073792}"
4258,0.41220969,"{""0-1"": 0.412209689617157}"
4259,-0.01394819,"{""0-1"": -0.013948194682598114}"
4260,0.47623470,"{""0-1"": 0.47623470425605774}"
4261,0.12098034,"{""0-1"": 0.12098034471273422}"
4262,0.08519575,"{""0-1"": 0.08519574999809265}"
4263,0.99874252,"{""0-1"": 0.9987425208091736}"
4264,0.01541336,"{""0-1"": 0.015413360670208931}"
4265,0.24391416,"{""0-1"": 0.2439141571521759}"
4266,0.00000000,{}
4267,0.08060597,"{""0-1"": 0.08060596883296967}"
4268,0.12161988,"{""0-1"": 0.12161988019943237}"
4269,-0.09002855,"{""0-1"": -0.0900285542011261}"
4270,0.21461214,"{""0-1"": 0.21461214125156403}"
4271,0.10943886,"{""0-1"": 0.10943885892629623}"
4272,0.00461501,"{""0-1"": 0.004615006968379021}"
4273,-0.02122922,"{""0-1"": -0.0212292168289423}"
4274,0.02758452,"{""0-1"": 0.02758452109992504}"
4275,0.00000000,{}
4276,0.60573077,"{""0-1"": 0.6057307720184326}"
4277,0.41336209,"{""0-1"": 0.4133620858192444}"
4278,0.67598951,"{""0-1"": 0.6759895086288452}"
4279,-0.00209022,"{""0-1"": -0.0020902249962091446}"
4280,0.52847421,"{""0-1"": 0.5284742116928101}"
4281,-0.05667546,"{""0-1"": -0.05667545646429062}"
4282,0.99974680,"{""0-1"": 0.9997467994689941}"
4283,0.09971026,"{""0-1"": 0.09971026331186295}"
4284,0.00399474,"{""0-1"": 0.003994741477072239}"
4285,0.38270539,"{""0-1"": 0.3827053904533386}"
4286,-0.10886125,"{""0-1"": -0.10886125266551971}"
4287,0.00000000,{}
4288,0.02178116,"{""0-1"": 0.021781157702207565}"
4289,0.19087663,"{""0-1"": 0.19087663292884827}"
4290,0.99974680,"{""0-1"": 0.9997467994689941}"
4291,0.99905455,"{""0-1"": 0.9990545511245728}"
4292,0.21138933,"{""0-1"": 0.21138933300971985}"
4293,-0.07491298,"{""0-1"": -0.07491298019886017}"
4294,0.99998945,"{""0-1"": 0.9999894499778748}"
4295,-0.08686758,"{""0-1"": -0.08686757832765579}"
4296,0.97918808,"{""0-1"": 0.979188084602356}"
4297,0.00000000,{}
4298,0.36311001,"{""0-1"": 0.3631100058555603}"
4299,0.84439427,"{""0-1"": 0.8443942666053772}"
4300,0.32116675,"{""0-1"": 0.3211667537689209}"
4301,0.08670995,"{""0-1"": 0.08670995384454727}"
4302,0.22375920,"{""0-1"": 0.22375920414924622}"
4303,0.21597907,"{""0-1"": 0.21597906947135925}"
4304,0.34134233,"{""0-1"": 0.34134232997894287}"
4305,0.20929417,"{""0-1"": 0.2092941701412201}"
4306,0.38267416,"{""0-1"": 0.3826741576194763}"
4307,0.20473433,"{""0-1"": 0.20473432540893555}"
4308,0.97918808,"{""0-1"": 0.979188084602356}"
4309,-0.02932514,"{""0-1"": -0.029325135052204132}"
4310,0.08896247,"{""0-1"": 0.08896246552467346}"
4311,0.67963099,"{""0-1"": 0.6796309947967529}"
4312,0.05514371,"{""0-1"": 0.05514371395111084}"
4313,0.08024830,"{""0-1"": 0.08024829626083374}"
4314,-0.10370609,"{""0-1"": -0.10370609164237976}"
4315,0.52315050,"{""0-1"": 0.5231505036354065}"
4316,0.09290935,"{""0-1"": 0.09290935099124908}"
4317,0.31143507,"{""0-1"": 0.3114350736141205}"
4318,0.42030549,"{""0-1"": 0.4203054904937744}"
4319,0.99998516,"{""0-1"": 0.9999851584434509}"
4320,-0.11570445,"{""0-1"": -0.11570444703102112}"
4321,0.12544034,"{""0-1"": 0.1254403442144394}"
4322,0.13402021,"{""0-1"": 0.13402020931243896}"
4323,0.30909309,"{""0-1"": 0.30909308791160583}"
4324,-0.03986148,"{""0-1"": -0.03986147791147232}"
4325,0.13508864,"{""0-1"": 0.13508863747119904}"
4326,0.04293929,"{""0-1"": 0.042939286679029465}"
4327,0.16674189,"{""0-1"": 0.16674189269542694}"
4328,0.98449481,"{""0-1"": 0.9844948053359985}"
4329,0.99999481,"{""0-1"": 0.9999948143959045}"
4330,0.99290955,"{""0-1"": 0.9929095506668091}"
4331,0.53109229,"{""0-1"": 0.5310922861099243}"
4332,-0.06217635,"{""0-1"": -0.06217635050415993}"
4333,0.33076975,"{""0-1"": 0.33076974749565125}"
4334,0.23991697,"{""0-1"": 0.23991696536540985}"
4335,0.10352731,"{""0-1"": 0.10352731496095657}"
4336,0.13818005,"{""0-1"": 0.13818004727363586}"
4337,0.34439316,"{""0-1"": 0.34439316391944885}"
4338,0.43097091,"{""0-1"": 0.4309709072113037}"
4339,-0.02157759,"{""0-1"": -0.021577587351202965}"
4340,0.00000000,{}
4341,0.17858946,"{""0-1"": 0.17858946323394775}"
4342,0.02228666,"{""0-1"": 0.022286659106612206}"
4343,0.82533062,"{""0-1"": 0.8253306150436401}"
4344,0.12720515,"{""0-1"": 0.12720514833927155}"
4345,0.30363211,"{""0-1"": 0.30363211035728455}"
4346,-0.14892793,"{""0-1"": -0.14892792701721191}"
4347,0.33161932,"{""0-1"": 0.3316193222999573}"
4348,0.10441582,"{""0-1"": 0.10441581904888153}"
4349,0.99874252,"{""0-1"": 0.9987425208091736}"
4350,0.01538235,"{""0-1"": 0.015382354147732258}"
4351,0.14215215,"{""0-1"": 0.14215214550495148}"
4352,0.22843163,"{""0-1"": 0.22843162715435028}"
4353,0.15973765,"{""0-1"": 0.15973764657974243}"
4354,0.48720071,"{""0-1"": 0.48720070719718933}"
4355,0.39956835,"{""0-1"": 0.3995683491230011}"
4356,0.32740736,"{""0-1"": 0.3274073600769043}"
4357,0.94903713,"{""0-1"": 0.9490371346473694}"
4358,0.22241829,"{""0-1"": 0.22241829335689545}"
4359,0.16263320,"{""0-1"": 0.16263319551944733}"
4360,0.08804694,"{""0-1"": 0.08804693818092346}"
4361,0.00287345,"{""0-1"": 0.0028734540101140738}"
4362,0.44206944,"{""0-1"": 0.4420694410800934}"
4363,-0.04149701,"{""0-1"": -0.04149701073765755}"
4364,0.38222882,"{""0-1"": 0.382228821516037}"
4365,-0.25086570,"{""0-1"": -0.2508656978607178}"
4366,0.10352731,"{""0-1"": 0.10352731496095657}"
4367,0.01078916,"{""0-1"": 0.01078916247934103}"
4368,0.10213064,"{""0-1"": 0.10213063657283783}"
4369,0.05514371,"{""0-1"": 0.05514371395111084}"
4370,-0.05300748,"{""0-1"": -0.05300747603178024}"
4371,0.00448069,"{""0-1"": 0.0044806888327002525}"
4372,0.60468191,"{""0-1"": 0.6046819090843201}"
4373,0.13322480,"{""0-1"": 0.13322480022907257}"
4374,0.20731506,"{""0-1"": 0.20731505751609802}"
4375,0.99999589,"{""0-1"": 0.9999958872795105}"
4376,-0.05995551,"{""0-1"": -0.05995551124215126}"
4377,0.09817404,"{""0-1"": 0.09817403554916382}"
4378,0.04167087,"{""0-1"": 0.041670870035886765}"
4379,-0.01010069,"{""0-1"": -0.010100694373250008}"
4380,0.14048667,"{""0-1"": 0.1404866725206375}"
4381,0.01538235,"{""0-1"": 0.015382354147732258}"
4382,0.00000000,{}
4383,0.06278495,"{""0-1"": 0.06278494745492935}"
4384,0.99918807,"{""0-1"": 0.9991880655288696}"
4385,0.06671553,"{""0-1"": 0.0667155310511589}"
4386,0.54011071,"{""0-1"": 0.54011070728302}"
4387,-0.00003929,"{""0-1"": -3.929436206817627e-05}"
4388,0.00000000,{}
4389,0.13402021,"{""0-1"": 0.13402020931243896}"
4390,0.14293796,"{""0-1"": 0.14293795824050903}"
4391,0.23734136,"{""0-1"": 0.23734135925769806}"
4392,0.25879544,"{""0-1"": 0.25879544019699097}"
4393,0.60573077,"{""0-1"": 0.6057307720184326}"
4394,0.14195591,"{""0-1"": 0.1419559121131897}"
4395,0.22215097,"{""0-1"": 0.22215096652507782}"
4396,0.20114127,"{""0-1"": 0.20114126801490784}"
4397,0.10214248,"{""0-1"": 0.10214247554540634}"
4398,0.07871175,"{""0-1"": 0.07871174812316895}"
4399,0.99998480,"{""0-1"": 0.9999848008155823}"
4400,0.78719687,"{""0-1"": 0.7871968746185303}"
4401,0.18326674,"{""0-1"": 0.183266744017601}"
4402,-0.03096442,"{""0-1"": -0.03096442110836506}"
4403,0.68995833,"{""0-1"": 0.6899583339691162}"
4404,-0.07242174,"{""0-1"": -0.07242173701524734}"
4405,0.01850312,"{""0-1"": 0.01850311830639839}"
4406,0.14917666,"{""0-1"": 0.14917665719985962}"
4407,0.03001603,"{""0-1"": 0.030016034841537476}"
4408,0.34734893,"{""0-1"": 0.3473489284515381}"
4409,0.61445236,"{""0-1"": 0.6144523620605469}"
4410,0.99974680,"{""0-1"": 0.9997467994689941}"
4411,0.25761625,"{""0-1"": 0.257616251707077}"
4412,0.17112498,"{""0-1"": 0.17112497985363007}"
4413,-0.06055022,"{""0-1"": -0.06055021658539772}"
4414,0.53547466,"{""0-1"": 0.5354746580123901}"
4415,0.24615362,"{""0-1"": 0.24615362286567688}"
4416,0.24423641,"{""0-1"": 0.24423640966415405}"
4417,0.11231292,"{""0-1"": 0.1123129203915596}"
4418,0.01487118,"{""0-1"": 0.014871181920170784}"
4419,0.15601780,"{""0-1"": 0.15601779520511627}"
4420,0.11560208,"{""0-1"": 0.11560207605361938}"
4421,-0.08712555,"{""0-1"": -0.08712554723024368}"
4422,-0.03096442,"{""0-1"": -0.03096442110836506}"
4423,0.18069099,"{""0-1"": 0.18069098889827728}"
4424,0.08267416,"{""0-1"": 0.08267416059970856}"
4425,0.60573077,"{""0-1"": 0.6057307720184326}"
4426,0.15933914,"{""0-1"": 0.15933914482593536}"
4427,0.99993312,"{""0-1"": 0.999933123588562}"
4428,0.04927059,"{""0-1"": 0.04927058517932892}"
4429,0.02611412,"{""0-1"": 0.026114124804735184}"
4430,-0.06238641,"{""0-1"": -0.0623864121735096}"
4431,-0.01299511,"{""0-1"": -0.012995105236768723}"
4432,0.96866083,"{""0-1"": 0.968660831451416}"
4433,0.20240743,"{""0-1"": 0.20240743458271027}"
4434,0.14080906,"{""0-1"": 0.1408090591430664}"
4435,-0.21981667,"{""0-1"": -0.2198166698217392}"
4436,0.86333400,"{""0-1"": 0.8633340001106262}"
4437,0.24202135,"{""0-1"": 0.2420213520526886}"
4438,0.02926385,"{""0-1"": 0.029263854026794434}"
4439,0.07831964,"{""0-1"": 0.07831963896751404}"
4440,0.32644489,"{""0-1"": 0.3264448940753937}"
4441,0.12486270,"{""0-1"": 0.12486270070075989}"
4442,0.01804221,"{""0-1"": 0.01804221048951149}"
4443,0.03032135,"{""0-1"": 0.03032134845852852}"
4444,0.12544034,"{""0-1"": 0.1254403442144394}"
4445,0.60653734,"{""0-1"": 0.6065373420715332}"
4446,0.99341220,"{""0-1"": 0.9934121966362}"
4447,0.09121710,"{""0-1"": 0.09121710062026978}"
4448,0.07050166,"{""0-1"": 0.0705016627907753}"
4449,0.07847687,"{""0-1"": 0.07847686856985092}"
4450,0.99999058,"{""0-1"": 0.9999905824661255}"
4451,0.06472220,"{""0-1"": 0.0647222027182579}"
4452,0.56500816,"{""0-1"": 0.5650081634521484}"
4453,0.05304465,"{""0-1"": 0.05304465442895889}"
4454,0.01981454,"{""0-1"": 0.019814537838101387}"
4455,0.00000000,{}
4456,0.10316486,"{""0-1"": 0.10316485911607742}"
4457,-0.01258357,"{""0-1"": -0.012583568692207336}"
4458,0.02051074,"{""0-1"": 0.02051074430346489}"
4459,0.10316486,"{""0-1"": 0.10316485911607742}"
4460,-0.10884469,"{""0-1"": -0.10884469002485275}"
4461,0.10752887,"{""0-1"": 0.10752887278795242}"
4462,0.33495301,"{""0-1"": 0.3349530100822449}"
4463,-0.07520720,"{""0-1"": -0.07520720362663269}"
4464,-0.00710939,"{""0-1"": -0.007109385449439287}"
4465,0.60031694,"{""0-1"": 0.6003169417381287}"
4466,-0.10758755,"{""0-1"": -0.1075875461101532}"
4467,0.06547035,"{""0-1"": 0.06547035276889801}"
4468,-0.01195265,"{""0-1"": -0.011952649801969528}"
4469,0.14961502,"{""0-1"": 0.14961501955986023}"
4470,0.26259479,"{""0-1"": 0.2625947892665863}"
4471,0.10465518,"{""0-1"": 0.1046551764011383}"
4472,0.12669013,"{""0-1"": 0.12669013440608978}"
4473,0.00000000,{}
4474,0.98669720,"{""0-1"": 0.9866971969604492}"
4475,-0.01905460,"{""0-1"": -0.019054604694247246}"
4476,0.99999815,"{""0-1"": 0.999998152256012}"
4477,0.05312415,"{""0-1"": 0.05312415212392807}"
4478,0.03671633,"{""0-1"": 0.03671632707118988}"
4479,0.99999464,"{""0-1"": 0.9999946355819702}"
4480,0.07871175,"{""0-1"": 0.07871174812316895}"
4481,0.04988205,"{""0-1"": 0.04988204687833786}"
4482,0.99992436,"{""0-1"": 0.99992436170578}"
4483,0.99998873,"{""0-1"": 0.9999887347221375}"
4484,0.22545621,"{""0-1"": 0.22545620799064636}"
4485,-0.05691007,"{""0-1"": -0.05691006779670715}"
4486,0.10061108,"{""0-1"": 0.10061107575893402}"
4487,0.99997443,"{""0-1"": 0.9999744296073914}"
4488,0.26955646,"{""0-1"": 0.26955646276474}"
4489,0.20389692,"{""0-1"": 0.2038969248533249}"
4490,0.74287164,"{""0-1"": 0.7428716421127319}"
4491,0.99993312,"{""0-1"": 0.999933123588562}"
4492,0.03343270,"{""0-1"": 0.033432699739933014}"
4493,0.60448813,"{""0-1"": 0.6044881343841553}"
4494,0.00000000,{}
4495,0.01612695,"{""0-1"": 0.016126947477459908}"
4496,0.15219139,"{""0-1"": 0.1521913856267929}"
4497,0.19103134,"{""0-1"": 0.1910313367843628}"
4498,-0.01299511,"{""0-1"": -0.012995105236768723}"
4499,0.38837147,"{""0-1"": 0.38837146759033203}"
4500,0.09754780,"{""0-1"": 0.09754779934883118}"
4501,0.19343528,"{""0-1"": 0.19343528151512146}"
4502,0.10744515,"{""0-1"": 0.10744515061378479}"
4503,0.00000000,{}
4504,-0.02148093,"{""0-1"": -0.021480927243828773}"
4505,0.02037012,"{""0-1"": 0.0203701164573431}"
4506,0.00000000,{}
4507,0.59013861,"{""0-1"": 0.5901386141777039}"
4508,0.99995637,"{""0-1"": 0.9999563694000244}"
4509,0.23908509,"{""0-1"": 0.2390850931406021}"
4510,0.13818005,"{""0-1"": 0.13818004727363586}"
4511,0.16276668,"{""0-1"": 0.16276668012142181}"
4512,-0.07758652,"{""0-1"": -0.07758652418851852}"
4513,0.00000000,{}
4514,-0.03739535,"{""0-1"": -0.03739535063505173}"
4515,-0.10884469,"{""0-1"": -0.10884469002485275}"
4516,0.32772335,"{""0-1"": 0.32772335410118103}"
4517,0.43480369,"{""0-1"": 0.43480369448661804}"
4518,0.09730768,"{""0-1"": 0.09730768203735352}"
4519,0.30022526,"{""0-1"": 0.30022525787353516}"
4520,0.40437356,"{""0-1"": 0.40437355637550354}"
4521,-0.02966054,"{""0-1"": -0.02966054156422615}"
4522,0.16216473,"{""0-1"": 0.16216473281383514}"
4523,0.08327588,"{""0-1"": 0.08327588438987732}"
4524,0.26334301,"{""0-1"": 0.2633430063724518}"
4525,0.24184109,"{""0-1"": 0.24184109270572662}"
4526,0.99994373,"{""0-1"": 0.999943733215332}"
4527,0.04500734,"{""0-1"": 0.045007336884737015}"
4528,0.99829698,"{""0-1"": 0.9982969760894775}"
4529,0.06852750,"{""0-1"": 0.06852750480175018}"
4530,0.13091196,"{""0-1"": 0.1309119611978531}"
4531,0.40795407,"{""0-1"": 0.40795406699180603}"
4532,0.02037012,"{""0-1"": 0.0203701164573431}"
4533,0.02696416,"{""0-1"": 0.026964161545038223}"
4534,-0.04322560,"{""0-1"": -0.043225597590208054}"
4535,0.14255542,"{""0-1"": 0.14255541563034058}"
4536,0.01005568,"{""0-1"": 0.010055678896605968}"
4537,0.14976537,"{""0-1"": 0.14976537227630615}"
4538,-0.13261954,"{""0-1"": -0.13261954486370087}"
4539,0.00000000,{}
4540,0.02611412,"{""0-1"": 0.026114124804735184}"
4541,0.00000000,{}
4542,0.76347566,"{""0-1"": 0.7634756565093994}"
4543,-0.18827616,"{""0-1"": -0.18827615678310394}"
4544,0.43837339,"{""0-1"": 0.4383733868598938}"
4545,-0.13796633,"{""0-1"": -0.1379663348197937}"
4546,0.18629450,"{""0-1"": 0.18629449605941772}"
4547,0.10887198,"{""0-1"": 0.10887198150157928}"
4548,0.44457689,"{""0-1"": 0.4445768892765045}"
4549,0.42030555,"{""0-1"": 0.4203055500984192}"
4550,-0.14684145,"{""0-1"": -0.14684145152568817}"
4551,0.02079845,"{""0-1"": 0.020798446610569954}"
4552,-0.06051519,"{""0-1"": -0.06051518768072128}"
4553,-0.18827616,"{""0-1"": -0.18827615678310394}"
4554,0.11997641,"{""0-1"": 0.11997640877962112}"
4555,0.88902062,"{""0-1"": 0.8890206217765808}"
4556,0.18291649,"{""0-1"": 0.18291649222373962}"
4557,0.00000000,{}
4558,0.00000000,{}
4559,-0.08712555,"{""0-1"": -0.08712554723024368}"
4560,0.06988650,"{""0-1"": 0.06988649815320969}"
4561,0.26896182,"{""0-1"": 0.2689618170261383}"
4562,0.99999523,"{""0-1"": 0.999995231628418}"
4563,0.38279277,"{""0-1"": 0.38279277086257935}"
4564,0.33044863,"{""0-1"": 0.33044862747192383}"
4565,0.24892564,"{""0-1"": 0.24892564117908478}"
4566,0.64019591,"{""0-1"": 0.640195906162262}"
4567,0.05358281,"{""0-1"": 0.0535828098654747}"
4568,0.00000000,{}
4569,0.02514884,"{""0-1"": 0.025148842483758926}"
4570,0.36647174,"{""0-1"": 0.3664717376232147}"
4571,0.15641716,"{""0-1"": 0.15641716122627258}"
4572,0.02528213,"{""0-1"": 0.025282133370637894}"
4573,-0.08155265,"{""0-1"": -0.081552654504776}"
4574,0.52637917,"{""0-1"": 0.5263791680335999}"
4575,0.54191679,"{""0-1"": 0.5419167876243591}"
4576,0.01722453,"{""0-1"": 0.01722453348338604}"
4577,0.36631209,"{""0-1"": 0.36631208658218384}"
4578,0.01883794,"{""0-1"": 0.018837936222553253}"
4579,0.20334485,"{""0-1"": 0.20334485173225403}"
4580,0.99997473,"{""0-1"": 0.9999747276306152}"
4581,-0.05648665,"{""0-1"": -0.05648665130138397}"
4582,0.07622811,"{""0-1"": 0.07622811198234558}"
4583,0.16204947,"{""0-1"": 0.16204947233200073}"
4584,0.11194392,"{""0-1"": 0.11194392293691635}"
4585,0.00070217,"{""0-1"": 0.0007021655328571796}"
4586,-0.02932514,"{""0-1"": -0.029325135052204132}"
4587,0.01487118,"{""0-1"": 0.014871181920170784}"
4588,0.21347082,"{""0-1"": 0.21347081661224365}"
4589,0.11968842,"{""0-1"": 0.11968842148780823}"
4590,0.07886035,"{""0-1"": 0.07886034995317459}"
4591,-0.03004612,"{""0-1"": -0.030046124011278152}"
4592,0.99341226,"{""0-1"": 0.9934122562408447}"
4593,0.99905455,"{""0-1"": 0.9990545511245728}"
4594,0.99999833,"{""0-1"": 0.9999983310699463}"
4595,0.12973216,"{""0-1"": 0.1297321617603302}"
4596,0.99874252,"{""0-1"": 0.9987425208091736}"
4597,0.00000000,{}
4598,-0.03096442,"{""0-1"": -0.03096442110836506}"
4599,-0.00112555,"{""0-1"": -0.0011255475692451}"
4600,0.20114127,"{""0-1"": 0.20114126801490784}"
4601,0.83543241,"{""0-1"": 0.8354324102401733}"
4602,0.99999815,"{""0-1"": 0.999998152256012}"
4603,0.31599423,"{""0-1"": 0.3159942328929901}"
4604,0.48651421,"{""0-1"": 0.48651421070098877}"
4605,0.30044118,"{""0-1"": 0.300441175699234}"
4606,0.36974448,"{""0-1"": 0.3697444796562195}"
4607,0.15988326,"{""0-1"": 0.1598832607269287}"
4608,0.06679539,"{""0-1"": 0.06679539382457733}"
4609,-0.13431910,"{""0-1"": -0.13431909680366516}"
4610,0.28660071,"{""0-1"": 0.2866007089614868}"
4611,0.08056718,"{""0-1"": 0.08056718111038208}"
4612,0.99999005,"{""0-1"": 0.9999900460243225}"
4613,0.14540777,"{""0-1"": 0.1454077661037445}"
4614,0.06479697,"{""0-1"": 0.06479696929454803}"
4615,-0.00167005,"{""0-1"": -0.0016700481064617634}"
4616,0.06657796,"{""0-1"": 0.0665779635310173}"
4617,0.99680400,"{""0-1"": 0.9968039989471436}"
4618,0.05217433,"{""0-1"": 0.05217432603240013}"
4619,0.05514371,"{""0-1"": 0.05514371395111084}"
4620,0.07854612,"{""0-1"": 0.07854612171649933}"
4621,0.99918807,"{""0-1"": 0.9991880655288696}"
4622,0.27442169,"{""0-1"": 0.27442169189453125}"
4623,0.01928158,"{""0-1"": 0.019281581044197083}"
4624,0.03195842,"{""0-1"": 0.03195842355489731}"
4625,0.40251210,"{""0-1"": 0.4025121033191681}"
4626,0.09123702,"{""0-1"": 0.09123701602220535}"
4627,0.13209976,"{""0-1"": 0.13209976255893707}"
4628,0.21278271,"{""0-1"": 0.21278271079063416}"
4629,0.99450403,"{""0-1"": 0.9945040345191956}"
4630,0.99999624,"{""0-1"": 0.9999962449073792}"
4631,0.20564027,"{""0-1"": 0.2056402713060379}"
4632,0.06524242,"{""0-1"": 0.06524242460727692}"
4633,0.13187502,"{""0-1"": 0.13187502324581146}"
4634,0.99918807,"{""0-1"": 0.9991880655288696}"
4635,0.00000000,{}
4636,0.04577449,"{""0-1"": 0.045774493366479874}"
4637,-0.02239713,"{""0-1"": -0.022397134453058243}"
4638,0.31495580,"{""0-1"": 0.31495580077171326}"
4639,0.15522668,"{""0-1"": 0.1552266776561737}"
4640,0.03851038,"{""0-1"": 0.03851037845015526}"
4641,0.99970794,"{""0-1"": 0.9997079372406006}"
4642,0.18861583,"{""0-1"": 0.1886158287525177}"
4643,0.14848484,"{""0-1"": 0.14848484098911285}"
4644,0.50384742,"{""0-1"": 0.5038474202156067}"
4645,0.58405787,"{""0-1"": 0.5840578675270081}"
4646,0.00491327,"{""0-1"": 0.004913266748189926}"
4647,-0.07959045,"{""0-1"": -0.07959045469760895}"
4648,0.20389692,"{""0-1"": 0.2038969248533249}"
4649,0.03623229,"{""0-1"": 0.03623228520154953}"
4650,0.18291649,"{""0-1"": 0.18291649222373962}"
4651,0.08474545,"{""0-1"": 0.08474545180797577}"
4652,0.22010779,"{""0-1"": 0.2201077938079834}"
4653,0.19880632,"{""0-1"": 0.19880631566047668}"
4654,-0.00710939,"{""0-1"": -0.007109385449439287}"
4655,0.12827380,"{""0-1"": 0.12827380001544952}"
4656,0.00000000,{}
4657,0.24238220,"{""0-1"": 0.2423821985721588}"
4658,0.12719193,"{""0-1"": 0.1271919310092926}"
4659,0.40271139,"{""0-1"": 0.4027113914489746}"
4660,-0.02821315,"{""0-1"": -0.028213147073984146}"
4661,0.99874252,"{""0-1"": 0.9987425208091736}"
4662,-0.06051519,"{""0-1"": -0.06051518768072128}"
4663,0.26206368,"{""0-1"": 0.2620636820793152}"
4664,0.04914854,"{""0-1"": 0.049148544669151306}"
4665,0.21287553,"{""0-1"": 0.21287553012371063}"
4666,0.30248681,"{""0-1"": 0.3024868071079254}"
4667,0.02070625,"{""0-1"": 0.02070624567568302}"
4668,-0.10384086,"{""0-1"": -0.10384085774421692}"
4669,0.66289759,"{""0-1"": 0.6628975868225098}"
4670,0.14575878,"{""0-1"": 0.14575877785682678}"
4671,-0.06010939,"{""0-1"": -0.06010939180850983}"
4672,0.00975729,"{""0-1"": 0.00975729338824749}"
4673,0.33233929,"{""0-1"": 0.3323392868041992}"
4674,-0.04776264,"{""0-1"": -0.047762639820575714}"
4675,-0.03594532,"{""0-1"": -0.03594531863927841}"
4676,0.39023426,"{""0-1"": 0.3902342617511749}"
4677,0.36594209,"{""0-1"": 0.3659420907497406}"
4678,0.04577449,"{""0-1"": 0.045774493366479874}"
4679,0.99999350,"{""0-1"": 0.9999935030937195}"
4680,0.08761850,"{""0-1"": 0.08761849999427795}"
4681,0.34091809,"{""0-1"": 0.34091809391975403}"
4682,0.01089702,"{""0-1"": 0.010897018946707249}"
4684,0.28330055,"{""0-1"": 0.2833005487918854}"
4685,0.07854612,"{""0-1"": 0.07854612171649933}"
4686,0.57680535,"{""0-1"": 0.5768053531646729}"
4687,0.16384169,"{""0-1"": 0.16384169459342957}"
4688,0.00000000,{}
4689,0.22542158,"{""0-1"": 0.22542157769203186}"
4690,-0.07009035,"{""0-1"": -0.07009034603834152}"
4691,0.22595526,"{""0-1"": 0.22595526278018951}"
4692,0.67120445,"{""0-1"": 0.6712044477462769}"
4693,0.20731506,"{""0-1"": 0.20731505751609802}"
4694,0.98763841,"{""0-1"": 0.9876384139060974}"
4695,-0.05304924,"{""0-1"": -0.053049236536026}"
4696,-0.01050577,"{""0-1"": -0.010505772195756435}"
4697,-0.09841798,"{""0-1"": -0.0984179824590683}"
4698,0.16515067,"{""0-1"": 0.16515067219734192}"
4699,0.05980923,"{""0-1"": 0.059809230268001556}"
4700,0.01709379,"{""0-1"": 0.01709378883242607}"
4701,0.03273097,"{""0-1"": 0.03273097053170204}"
4702,0.99488747,"{""0-1"": 0.9948874711990356}"
4703,0.88582152,"{""0-1"": 0.885821521282196}"
4704,0.18816665,"{""0-1"": 0.18816664814949036}"
4705,0.19100319,"{""0-1"": 0.19100318849086761}"
4706,0.11958224,"{""0-1"": 0.11958224326372147}"
4707,0.03124181,"{""0-1"": 0.03124181367456913}"
4708,0.00000000,{}
4709,0.05849242,"{""0-1"": 0.058492422103881836}"
4710,-0.01449015,"{""0-1"": -0.01449014525860548}"
4711,0.23808549,"{""0-1"": 0.23808549344539642}"
4712,0.99998587,"{""0-1"": 0.9999858736991882}"
4713,0.08160976,"{""0-1"": 0.08160976320505142}"
4714,0.13637406,"{""0-1"": 0.13637405633926392}"
4715,0.45637691,"{""0-1"": 0.45637691020965576}"
4716,0.33956563,"{""0-1"": 0.339565634727478}"
4717,0.37531978,"{""0-1"": 0.37531977891921997}"
4718,0.22987852,"{""0-1"": 0.2298785150051117}"
4719,0.00000000,{}
4720,0.17379241,"{""0-1"": 0.17379240691661835}"
4721,0.12267175,"{""0-1"": 0.12267175316810608}"
4722,0.69225103,"{""0-1"": 0.6922510266304016}"
4723,0.05332360,"{""0-1"": 0.05332360416650772}"
4724,-0.03208021,"{""0-1"": -0.03208020702004433}"
4725,0.23848067,"{""0-1"": 0.23848067224025726}"
4726,0.54403806,"{""0-1"": 0.5440380573272705}"
4727,-0.09019423,"{""0-1"": -0.0901942327618599}"
4728,0.08914817,"{""0-1"": 0.08914817124605179}"
4729,0.26480699,"{""0-1"": 0.26480698585510254}"
4730,-0.03437494,"{""0-1"": -0.034374937415122986}"
4731,0.99999738,"{""0-1"": 0.9999973773956299}"
4732,0.16311575,"{""0-1"": 0.1631157547235489}"
4733,0.63795871,"{""0-1"": 0.6379587054252625}"
4734,0.00000000,{}
4735,0.05413035,"{""0-1"": 0.05413035303354263}"
4736,0.13031709,"{""0-1"": 0.1303170919418335}"
4737,0.57578689,"{""0-1"": 0.5757868885993958}"
4738,-0.02932514,"{""0-1"": -0.029325135052204132}"
4739,0.08094279,"{""0-1"": 0.0809427946805954}"
4740,0.29042730,"{""0-1"": 0.2904272973537445}"
4741,-0.01449015,"{""0-1"": -0.01449014525860548}"
4742,0.99999523,"{""0-1"": 0.999995231628418}"
4743,0.64235157,"{""0-1"": 0.6423515677452087}"
4744,0.22887072,"{""0-1"": 0.2288707196712494}"
4745,0.99999547,"{""0-1"": 0.9999954700469971}"
4746,0.37299976,"{""0-1"": 0.37299975752830505}"
4747,-0.13974597,"{""0-1"": -0.13974596560001373}"
4748,0.31046960,"{""0-1"": 0.3104695975780487}"
4749,-0.07424822,"{""0-1"": -0.07424821704626083}"
4750,0.00000000,{}
4751,0.99999630,"{""0-1"": 0.9999963045120239}"
4752,0.16356124,"{""0-1"": 0.16356123983860016}"
4753,0.04249950,"{""0-1"": 0.04249949753284454}"
4754,0.37591293,"{""0-1"": 0.37591293454170227}"
4755,0.21130939,"{""0-1"": 0.21130938827991486}"
4756,0.99999249,"{""0-1"": 0.9999924898147583}"
4757,0.00000000,{}
4758,0.05811786,"{""0-1"": 0.05811786279082298}"
4759,0.01679909,"{""0-1"": 0.016799094155430794}"
4760,0.14157468,"{""0-1"": 0.1415746808052063}"
4761,0.22927387,"{""0-1"": 0.22927387058734894}"
4762,0.46560153,"{""0-1"": 0.46560153365135193}"
4763,0.99974680,"{""0-1"": 0.9997467994689941}"
4764,0.20665421,"{""0-1"": 0.20665420591831207}"
4765,0.18313186,"{""0-1"": 0.1831318587064743}"
4766,0.33866397,"{""0-1"": 0.3386639654636383}"
4767,0.02591059,"{""0-1"": 0.02591058798134327}"
4768,0.03851038,"{""0-1"": 0.03851037845015526}"
4769,0.00399474,"{""0-1"": 0.003994741477072239}"
4770,-0.00980385,"{""0-1"": -0.00980384647846222}"
4771,0.01850312,"{""0-1"": 0.01850311830639839}"
4772,0.99999708,"{""0-1"": 0.999997079372406}"
4773,0.16384169,"{""0-1"": 0.16384169459342957}"
4774,0.13726711,"{""0-1"": 0.1372671127319336}"
4775,0.09019307,"{""0-1"": 0.09019307047128677}"
4776,0.06356560,"{""0-1"": 0.06356560438871384}"
4777,0.28731087,"{""0-1"": 0.2873108685016632}"
4778,0.99995637,"{""0-1"": 0.9999563694000244}"
4779,-0.05028342,"{""0-1"": -0.05028342083096504}"
4780,-0.02157759,"{""0-1"": -0.021577587351202965}"
4781,0.00818894,"{""0-1"": 0.008188935928046703}"
4782,0.12849846,"{""0-1"": 0.12849846482276917}"
4783,0.55210584,"{""0-1"": 0.5521058440208435}"
4784,0.65111911,"{""0-1"": 0.6511191129684448}"
4785,0.21673328,"{""0-1"": 0.21673327684402466}"
4786,0.04988205,"{""0-1"": 0.04988204687833786}"
4787,0.09958377,"{""0-1"": 0.09958376735448837}"
4788,0.15671258,"{""0-1"": 0.1567125767469406}"
4789,0.03966628,"{""0-1"": 0.03966628015041351}"
4790,-0.07531676,"{""0-1"": -0.07531675696372986}"
4791,0.98515695,"{""0-1"": 0.9851569533348083}"
4792,0.08310737,"{""0-1"": 0.0831073746085167}"
4793,0.99905455,"{""0-1"": 0.9990545511245728}"
4794,0.01850312,"{""0-1"": 0.01850311830639839}"
4795,0.14215215,"{""0-1"": 0.14215214550495148}"
4796,0.84439427,"{""0-1"": 0.8443942666053772}"
4797,0.84439427,"{""0-1"": 0.8443942666053772}"
4798,0.99918807,"{""0-1"": 0.9991880655288696}"
4799,0.69337851,"{""0-1"": 0.6933785080909729}"
4800,0.14790334,"{""0-1"": 0.14790333807468414}"
4801,0.83373970,"{""0-1"": 0.833739697933197}"
4802,0.57264209,"{""0-1"": 0.5726420879364014}"
4803,0.09035921,"{""0-1"": 0.09035921096801758}"
4804,0.09263566,"{""0-1"": 0.09263566136360168}"
4805,0.10813273,"{""0-1"": 0.1081327348947525}"
4806,0.23468597,"{""0-1"": 0.2346859723329544}"
4807,-0.13539962,"{""0-1"": -0.13539962470531464}"
4808,0.20389692,"{""0-1"": 0.2038969248533249}"
4809,0.20247357,"{""0-1"": 0.20247356593608856}"
4810,-0.02896547,"{""0-1"": -0.028965473175048828}"
4811,0.00000000,{}
4812,-0.04642339,"{""0-1"": -0.04642338678240776}"
4813,0.33282751,"{""0-1"": 0.33282750844955444}"
4814,0.04927059,"{""0-1"": 0.04927058517932892}"
4815,-0.05137025,"{""0-1"": -0.051370251923799515}"
4816,0.25054377,"{""0-1"": 0.2505437731742859}"
4817,0.13089919,"{""0-1"": 0.13089919090270996}"
4818,0.45306906,"{""0-1"": 0.4530690610408783}"
4819,0.26689211,"{""0-1"": 0.26689210534095764}"
4820,0.09638241,"{""0-1"": 0.09638240933418274}"
4821,0.82694328,"{""0-1"": 0.8269432783126831}"
4822,0.38463920,"{""0-1"": 0.3846392035484314}"
4823,0.19343528,"{""0-1"": 0.19343528151512146}"
4824,0.20587951,"{""0-1"": 0.20587950944900513}"
4825,-0.02189646,"{""0-1"": -0.02189646102488041}"
4826,0.11958224,"{""0-1"": 0.11958224326372147}"
4827,0.34463236,"{""0-1"": 0.3446323573589325}"
4828,0.02920295,"{""0-1"": 0.02920294553041458}"
4829,-0.05954335,"{""0-1"": -0.05954335257411003}"
4830,0.99999923,"{""0-1"": 0.9999992251396179}"
4831,-0.00935477,"{""0-1"": -0.009354768320918083}"
4832,-0.12533319,"{""0-1"": -0.12533318996429443}"
4833,0.08197799,"{""0-1"": 0.08197798579931259}"
4834,0.08160976,"{""0-1"": 0.08160976320505142}"
4835,0.99995977,"{""0-1"": 0.9999597668647766}"
4836,-0.01319664,"{""0-1"": -0.01319663506001234}"
4837,-0.02066878,"{""0-1"": -0.02066878229379654}"
4838,0.26994109,"{""0-1"": 0.2699410915374756}"
4839,0.03273097,"{""0-1"": 0.03273097053170204}"
4840,0.27385706,"{""0-1"": 0.273857057094574}"
4841,0.05242690,"{""0-1"": 0.05242689698934555}"
4842,0.15577343,"{""0-1"": 0.15577343106269836}"
4843,0.20731506,"{""0-1"": 0.20731505751609802}"
4844,0.01099662,"{""0-1"": 0.010996615514159203}"
4845,0.33233929,"{""0-1"": 0.3323392868041992}"
4846,0.64575279,"{""0-1"": 0.6457527875900269}"
4847,-0.12099598,"{""0-1"": -0.12099598348140717}"
4848,0.16384169,"{""0-1"": 0.16384169459342957}"
4849,0.20587951,"{""0-1"": 0.20587950944900513}"
4850,0.27221262,"{""0-1"": 0.2722126245498657}"
4851,0.31180885,"{""0-1"": 0.31180885434150696}"
4852,0.05432476,"{""0-1"": 0.054324761033058167}"
4853,0.20361821,"{""0-1"": 0.20361821353435516}"
4854,0.99999744,"{""0-1"": 0.9999974370002747}"
4855,0.14784968,"{""0-1"": 0.1478496789932251}"
4856,0.77594918,"{""0-1"": 0.7759491801261902}"
4857,0.02696416,"{""0-1"": 0.026964161545038223}"
4858,0.09995224,"{""0-1"": 0.09995224326848984}"
4859,0.05514371,"{""0-1"": 0.05514371395111084}"
4860,-0.10884469,"{""0-1"": -0.10884469002485275}"
4861,0.99999577,"{""0-1"": 0.999995768070221}"
4862,0.13044947,"{""0-1"": 0.13044947385787964}"
4863,0.99999171,"{""0-1"": 0.9999917149543762}"
4864,0.09996752,"{""0-1"": 0.09996752440929413}"
4865,0.35794353,"{""0-1"": 0.3579435348510742}"
4866,0.21627159,"{""0-1"": 0.21627159416675568}"
4867,0.33502451,"{""0-1"": 0.33502450585365295}"
4868,0.04927059,"{""0-1"": 0.04927058517932892}"
4869,0.99999475,"{""0-1"": 0.9999947547912598}"
4870,0.15567969,"{""0-1"": 0.15567968785762787}"
4871,0.05811792,"{""0-1"": 0.05811791867017746}"
4872,0.00000000,{}
4873,0.43888906,"{""0-1"": 0.4388890564441681}"
4874,0.53577328,"{""0-1"": 0.5357732772827148}"
4875,0.07857008,"{""0-1"": 0.07857008278369904}"
4876,0.33963326,"{""0-1"": 0.3396332561969757}"
4877,0.99999809,"{""0-1"": 0.9999980926513672}"
4878,0.01722453,"{""0-1"": 0.01722453348338604}"
4879,-0.06055022,"{""0-1"": -0.06055021658539772}"
4880,0.21478957,"{""0-1"": 0.21478956937789917}"
4881,0.08304216,"{""0-1"": 0.08304215967655182}"
4882,0.13258033,"{""0-1"": 0.13258032500743866}"
4883,0.28719637,"{""0-1"": 0.2871963679790497}"
4884,0.15758465,"{""0-1"": 0.15758465230464935}"
4885,0.32363683,"{""0-1"": 0.32363682985305786}"
4886,0.26324442,"{""0-1"": 0.2632444202899933}"
4887,0.09996752,"{""0-1"": 0.09996752440929413}"
4888,-0.01626724,"{""0-1"": -0.016267238184809685}"
4889,0.53778893,"{""0-1"": 0.5377889275550842}"
4890,0.11560208,"{""0-1"": 0.11560207605361938}"
4891,-0.00527980,"{""0-1"": -0.0052798036485910416}"
4892,0.14195591,"{""0-1"": 0.1419559121131897}"
4893,0.07871175,"{""0-1"": 0.07871174812316895}"
4894,0.60011524,"{""0-1"": 0.6001152396202087}"
4895,0.15941837,"{""0-1"": 0.15941837430000305}"
4896,0.18828717,"{""0-1"": 0.1882871687412262}"
4897,0.29961589,"{""0-1"": 0.29961588978767395}"
4898,-0.10689756,"{""0-1"": -0.10689755529165268}"
4899,0.14688915,"{""0-1"": 0.14688915014266968}"
4900,0.22795828,"{""0-1"": 0.22795827686786652}"
4901,0.00000000,{}
4902,-0.00841867,"{""0-1"": -0.008418668061494827}"
4903,-0.07520720,"{""0-1"": -0.07520720362663269}"
4904,0.00000000,{}
4905,0.45500240,"{""0-1"": 0.45500239729881287}"
4906,0.00399474,"{""0-1"": 0.003994741477072239}"
4907,0.28448090,"{""0-1"": 0.28448089957237244}"
4908,0.14053410,"{""0-1"": 0.14053410291671753}"
4909,-0.00094230,"{""0-1"": -0.0009423024021089077}"
4910,0.22843163,"{""0-1"": 0.22843162715435028}"
4911,0.08335603,"{""0-1"": 0.08335603028535843}"
4912,0.12574765,"{""0-1"": 0.1257476508617401}"
4913,0.19723293,"{""0-1"": 0.1972329318523407}"
4914,-0.01227425,"{""0-1"": -0.012274245731532574}"
4915,0.24493363,"{""0-1"": 0.24493363499641418}"
4916,0.73363400,"{""0-1"": 0.7336339950561523}"
4917,0.00000000,{}
4918,-0.06060852,"{""0-1"": -0.060608524829149246}"
4919,-0.02076834,"{""0-1"": -0.020768344402313232}"
4920,0.16416757,"{""0-1"": 0.16416756808757782}"
4921,-0.00767948,"{""0-1"": -0.007679479196667671}"
4922,0.09975886,"{""0-1"": 0.09975885599851608}"
4923,0.79347312,"{""0-1"": 0.7934731245040894}"
4924,0.24597628,"{""0-1"": 0.2459762841463089}"
4925,-0.12099598,"{""0-1"": -0.12099598348140717}"
4926,-0.08270213,"{""0-1"": -0.08270213007926941}"
4927,0.53178680,"{""0-1"": 0.5317867994308472}"
4928,0.02470525,"{""0-1"": 0.024705251678824425}"
4929,0.12066671,"{""0-1"": 0.12066670507192612}"
4930,0.24626467,"{""0-1"": 0.24626466631889343}"
4931,-0.04312805,"{""0-1"": -0.04312805458903313}"
4932,0.00000000,{}
4933,0.08539146,"{""0-1"": 0.08539146184921265}"
4934,0.99998707,"{""0-1"": 0.9999870657920837}"
4935,0.22843163,"{""0-1"": 0.22843162715435028}"
4936,0.20722084,"{""0-1"": 0.20722083747386932}"
4937,-0.06051519,"{""0-1"": -0.06051518768072128}"
4938,0.05980923,"{""0-1"": 0.059809230268001556}"
4939,0.59096026,"{""0-1"": 0.5909602642059326}"
4940,-0.07520720,"{""0-1"": -0.07520720362663269}"
4941,0.04960874,"{""0-1"": 0.0496087446808815}"
4942,0.84876364,"{""0-1"": 0.848763644695282}"
4943,0.99341226,"{""0-1"": 0.9934122562408447}"
4944,0.19154020,"{""0-1"": 0.1915401965379715}"
4945,0.30984744,"{""0-1"": 0.3098474442958832}"
4946,0.26379693,"{""0-1"": 0.26379692554473877}"
4947,0.25963357,"{""0-1"": 0.2596335709095001}"
4948,0.18338916,"{""0-1"": 0.18338915705680847}"
4949,0.26778179,"{""0-1"": 0.2677817940711975}"
4950,0.04455732,"{""0-1"": 0.04455731809139252}"
4951,-0.04428441,"{""0-1"": -0.044284410774707794}"
4952,0.05358944,"{""0-1"": 0.05358944088220596}"
4953,0.14281385,"{""0-1"": 0.14281384646892548}"
4954,0.15522668,"{""0-1"": 0.1552266776561737}"
4955,-0.02996362,"{""0-1"": -0.029963623732328415}"
4956,0.95837158,"{""0-1"": 0.9583715796470642}"
4957,0.99999541,"{""0-1"": 0.9999954104423523}"
4958,0.06403288,"{""0-1"": 0.06403288245201111}"
4959,0.03653308,"{""0-1"": 0.03653308376669884}"
4960,0.48350072,"{""0-1"": 0.48350071907043457}"
4961,0.04355406,"{""0-1"": 0.04355406388640404}"
4962,0.36594209,"{""0-1"": 0.3659420907497406}"
4963,-0.00364055,"{""0-1"": -0.0036405487917363644}"
4964,0.00000000,{}
4965,0.18514684,"{""0-1"": 0.18514683842658997}"
4966,0.07831964,"{""0-1"": 0.07831963896751404}"
4967,0.19597317,"{""0-1"": 0.19597317278385162}"
4968,0.00000000,{}
4969,0.04604441,"{""0-1"": 0.04604440554976463}"
4970,0.99999070,"{""0-1"": 0.999990701675415}"
4971,0.08335603,"{""0-1"": 0.08335603028535843}"
4972,0.22235203,"{""0-1"": 0.2223520278930664}"
4973,-0.02709951,"{""0-1"": -0.027099506929516792}"
4974,0.05918409,"{""0-1"": 0.05918408930301666}"
4975,0.08304216,"{""0-1"": 0.08304215967655182}"
4976,0.27385706,"{""0-1"": 0.273857057094574}"
4977,0.07854612,"{""0-1"": 0.07854612171649933}"
4978,-0.00879582,"{""0-1"": -0.00879582017660141}"
4979,0.80871433,"{""0-1"": 0.8087143301963806}"
4980,0.14642859,"{""0-1"": 0.14642858505249023}"
4981,0.00000000,{}
4982,0.04064535,"{""0-1"": 0.04064534977078438}"
4983,0.23468597,"{""0-1"": 0.2346859723329544}"
4984,0.72138304,"{""0-1"": 0.7213830351829529}"
4985,0.39670506,"{""0-1"": 0.3967050611972809}"
4986,0.22053404,"{""0-1"": 0.2205340415239334}"
4987,0.07831964,"{""0-1"": 0.07831963896751404}"
4988,0.27954021,"{""0-1"": 0.27954021096229553}"
4989,-0.02020407,"{""0-1"": -0.020204072818160057}"
4990,0.03186413,"{""0-1"": 0.03186413273215294}"
4991,0.17923099,"{""0-1"": 0.17923098802566528}"
4992,0.11194848,"{""0-1"": 0.11194848269224167}"
4993,0.01428866,"{""0-1"": 0.014288662001490593}"
4994,0.90657389,"{""0-1"": 0.9065738916397095}"
4995,0.18717204,"{""0-1"": 0.1871720403432846}"
4996,0.08969332,"{""0-1"": 0.08969332277774811}"
4997,0.06280189,"{""0-1"": 0.06280189007520676}"
4998,0.00514780,"{""0-1"": 0.005147802643477917}"
4999,0.19706066,"{""0-1"": 0.19706065952777863}"
5000,1.00000024,"{""0-1"": 1.000000238418579}"
5001,-0.02875556,"{""0-1"": -0.028755556792020798}"
5002,-0.09203262,"{""0-1"": -0.09203261882066727}"
5003,0.14783889,"{""0-1"": 0.14783889055252075}"
5004,0.23099168,"{""0-1"": 0.2309916764497757}"
5005,0.15351522,"{""0-1"": 0.15351521968841553}"
5006,0.63641107,"{""0-1"": 0.6364110708236694}"
5007,0.36540872,"{""0-1"": 0.365408718585968}"
