patient_index,mean_pairwise_cosine,pair_cosines
0,0.43131922,"{""0-1"": 0.9978746175765991, ""0-2"": 0.12922759354114532, ""1-2"": 0.16685545444488525}"
1,-0.00712882,"{""0-1"": -0.004689319990575314, ""0-2"": -0.008320803754031658, ""1-2"": -0.008376335725188255}"
2,0.17336403,"{""0-1"": -0.14531837403774261, ""0-2"": 0.10868073254823685, ""1-2"": 0.5567297339439392}"
3,0.06031336,"{""0-1"": 0.060313355177640915}"
4,0.90206969,"{""0-1"": 0.9020696878433228}"
5,1.00000012,"{""0-1"": 1.0000001192092896}"
6,-0.04085593,"{""0-1"": -0.040855925530195236}"
7,-0.06582544,"{""0-1"": -0.0658254399895668}"
8,0.02175793,"{""0-1"": 0.13692328333854675, ""0-2"": -0.03006008081138134, ""1-2"": -0.041589416563510895}"
9,0.00260436,"{""0-1"": -0.0667603388428688, ""0-2"": 0.02999790757894516, ""1-2"": 0.04457550123333931}"
10,0.00000000,{}
11,1.00000000,"{""0-1"": 1.0}"
12,0.03426970,"{""0-1"": -0.050035372376441956, ""0-2"": -0.016509367153048515, ""1-2"": 0.16935382783412933}"
13,0.16553224,"{""0-1"": 0.3735513985157013, ""0-2"": 0.05809324234724045, ""1-2"": 0.0649520680308342}"
14,-0.00127618,"{""0-1"": 0.029968436807394028, ""0-2"": 0.02547241933643818, ""1-2"": -0.059269391000270844}"
15,0.31411539,"{""0-1"": 0.4830472767353058, ""0-2"": 0.02558761090040207, ""1-2"": 0.43371129035949707}"
16,0.55408275,"{""0-1"": 0.5540827512741089}"
17,0.04535238,"{""0-1"": 0.07812755554914474, ""0-2"": 0.11961641907691956, ""1-2"": -0.06168684735894203}"
18,0.00000000,{}
19,0.19684893,"{""0-1"": 0.2272433340549469, ""0-2"": 0.049370843917131424, ""1-2"": 0.3139325976371765}"
20,0.39013191,"{""0-1"": 0.8426154851913452, ""0-2"": 0.11535938829183578, ""1-2"": 0.21242086589336395}"
21,0.57708759,"{""0-1"": 0.6310034990310669, ""0-2"": 0.30053064227104187, ""1-2"": 0.7997286319732666}"
22,0.01254617,"{""0-1"": 0.034338515251874924, ""0-2"": -0.0381074920296669, ""1-2"": 0.041407499462366104}"
23,0.00000000,{}
24,0.35424796,"{""0-1"": 0.35424795746803284}"
25,0.17069620,"{""0-1"": 0.28198686242103577, ""0-2"": 0.10767246782779694, ""1-2"": 0.1224292740225792}"
26,0.14694606,"{""0-1"": -0.08140485733747482, ""0-2"": 0.402243435382843, ""1-2"": 0.11999958753585815}"
27,0.06600249,"{""0-1"": 0.21610218286514282, ""0-2"": -0.0005499909166246653, ""1-2"": -0.01754472218453884}"
28,0.05178660,"{""0-1"": 0.012394247576594353, ""0-2"": -0.09189451485872269, ""1-2"": 0.23486006259918213}"
29,0.56270301,"{""0-1"": 0.562703013420105}"
30,0.37211887,"{""0-1"": 0.9977074265480042, ""0-2"": 0.06236466392874718, ""1-2"": 0.05628452077507973}"
31,0.26873936,"{""0-1"": 0.9748349189758301, ""0-2"": -0.09623070806264877, ""1-2"": -0.07238613069057465}"
32,-0.02412251,"{""0-1"": -0.17260366678237915, ""0-2"": 0.0012172983260825276, ""1-2"": 0.09901884198188782}"
33,0.25785506,"{""0-1"": 0.25785505771636963}"
34,-0.04729952,"{""0-1"": -0.10065130144357681, ""0-2"": -0.0397150032222271, ""1-2"": -0.0015322555555030704}"
35,0.37970769,"{""0-1"": 0.9995258450508118, ""0-2"": 0.06964891403913498, ""1-2"": 0.06994830071926117}"
36,0.02335576,"{""0-1"": 0.008039667271077633, ""0-2"": 0.15513673424720764, ""1-2"": -0.09310910850763321}"
37,0.07582027,"{""0-1"": 0.07582026720046997}"
38,0.10430805,"{""0-1"": 0.03279424086213112, ""0-2"": 0.259382039308548, ""1-2"": 0.02074786089360714}"
39,0.09329349,"{""0-1"": 0.09682592004537582, ""0-2"": 0.045950766652822495, ""1-2"": 0.13710379600524902}"
40,0.28262662,"{""0-1"": 0.8129228353500366, ""0-2"": 0.02617383375763893, ""1-2"": 0.008783184923231602}"
41,0.06300227,"{""0-1"": 0.14450860023498535, ""0-2"": 0.02335941046476364, ""1-2"": 0.021138809621334076}"
42,0.10887442,"{""0-1"": 0.021049367263913155, ""0-2"": 0.2775222063064575, ""1-2"": 0.028051696717739105}"
43,0.04855811,"{""0-1"": 0.0575915165245533, ""0-2"": 0.043164853006601334, ""1-2"": 0.04491796717047691}"
44,0.02789197,"{""0-1"": 0.027891967445611954}"
45,-0.04394721,"{""0-1"": -0.10871683061122894, ""0-2"": -0.0010251558851450682, ""1-2"": -0.02209964394569397}"
46,0.00325688,"{""0-1"": 0.06473559886217117, ""0-2"": 0.017050612717866898, ""1-2"": -0.07201558351516724}"
47,0.17047302,"{""0-1"": 0.17047302424907684}"
48,0.10349418,"{""0-1"": 0.2544671893119812, ""0-2"": 0.009534776210784912, ""1-2"": 0.04648057743906975}"
49,0.02483987,"{""0-1"": 0.024839868769049644}"
50,0.18351488,"{""0-1"": 0.10998781025409698, ""0-2"": 0.19950097799301147, ""1-2"": 0.24105586111545563}"
51,1.00000000,"{""0-1"": 1.0}"
52,0.99996769,"{""0-1"": 0.9999676942825317}"
53,0.15647601,"{""0-1"": 0.1564760059118271}"
54,0.99663323,"{""0-1"": 0.9966332316398621}"
55,0.31022972,"{""0-1"": 0.8786035776138306, ""0-2"": 0.05823540315032005, ""1-2"": -0.0061498284339904785}"
56,0.18933717,"{""0-1"": -0.05097751319408417, ""0-2"": -0.07937971502542496, ""1-2"": 0.6983687281608582}"
57,0.03511044,"{""0-1"": -0.014309180900454521, ""0-2"": 0.05158819630742073, ""1-2"": 0.06805231422185898}"
58,0.04398977,"{""0-1"": 0.052437588572502136, ""0-2"": 0.056025248020887375, ""1-2"": 0.023506468161940575}"
59,0.04759967,"{""0-1"": 0.0475996695458889}"
60,0.02908496,"{""0-1"": 0.10934697091579437, ""0-2"": -0.0003495608107186854, ""1-2"": -0.02174253761768341}"
61,0.10127964,"{""0-1"": 0.26294833421707153, ""0-2"": 0.009912928566336632, ""1-2"": 0.030977658927440643}"
62,0.99998999,"{""0-1"": 0.9999899864196777}"
63,0.17242809,"{""0-1"": -0.07294072955846786, ""0-2"": 0.037456098943948746, ""1-2"": 0.552768886089325}"
64,0.08872651,"{""0-1"": 0.1640787273645401, ""0-2"": -0.0849856585264206, ""1-2"": 0.18708646297454834}"
65,0.07281296,"{""0-1"": -0.01656435988843441, ""0-2"": 0.13780328631401062, ""1-2"": 0.0971999391913414}"
66,0.03339842,"{""0-1"": 0.051033347845077515, ""0-2"": 0.040753427892923355, ""1-2"": 0.008408487774431705}"
67,-0.01444846,"{""0-1"": 0.027113530784845352, ""0-2"": -0.045974716544151306, ""1-2"": -0.0244841817766428}"
68,-0.02268445,"{""0-1"": -0.022684451192617416}"
69,0.03456716,"{""0-1"": 0.10896629840135574, ""0-2"": 0.04720410704612732, ""1-2"": -0.0524689257144928}"
70,-0.03999310,"{""0-1"": -0.011239437386393547, ""0-2"": 0.0012038142886012793, ""1-2"": -0.10994366556406021}"
71,0.23587828,"{""0-1"": 0.16313375532627106, ""0-2"": -0.0720684826374054, ""1-2"": 0.6165695786476135}"
72,0.13401980,"{""0-1"": -0.040855325758457184, ""0-2"": 0.3925536572933197, ""1-2"": 0.05036107078194618}"
73,0.00028803,"{""0-1"": 0.14841677248477936, ""0-2"": -0.04673760384321213, ""1-2"": -0.1008150726556778}"
74,-0.10353000,"{""0-1"": -0.10353000462055206}"
75,-0.02570803,"{""0-1"": -0.0668475404381752, ""0-2"": 0.03450923040509224, ""1-2"": -0.04478577896952629}"
76,0.16197932,"{""0-1"": 0.1619793176651001}"
77,0.23351946,"{""0-1"": 0.23351946473121643}"
78,0.21014095,"{""0-1"": 0.461393266916275, ""0-2"": 0.12859424948692322, ""1-2"": 0.04043532907962799}"
79,-0.04941131,"{""0-1"": -0.049411311745643616}"
80,0.02522416,"{""0-1"": 0.087696373462677, ""0-2"": -0.04164225235581398, ""1-2"": 0.029618365690112114}"
81,-0.00811037,"{""0-1"": -0.009005464613437653, ""0-2"": -0.02705521509051323, ""1-2"": 0.011729583144187927}"
82,0.01746045,"{""0-1"": 0.017460454255342484}"
83,1.00000012,"{""0-1"": 1.0000001192092896}"
84,0.13379205,"{""0-1"": 0.035779621452093124, ""0-2"": 0.3862774670124054, ""1-2"": -0.020680952817201614}"
85,0.02800680,"{""0-1"": 0.050936292856931686, ""0-2"": 0.06117558851838112, ""1-2"": -0.028091495856642723}"
86,-0.07519328,"{""0-1"": -0.07519327849149704}"
87,0.02022960,"{""0-1"": 0.05620163679122925, ""0-2"": -0.024703610688447952, ""1-2"": 0.0291907861828804}"
88,0.00930153,"{""0-1"": -0.0019004683708772063, ""0-2"": 0.010118520818650723, ""1-2"": 0.019686536863446236}"
89,0.89515424,"{""0-1"": 0.8951542377471924}"
90,-0.05609248,"{""0-1"": -0.08289866894483566, ""0-2"": -0.0061233690939843655, ""1-2"": -0.07925540208816528}"
91,0.02399132,"{""0-1"": 0.0850665271282196, ""0-2"": -0.03591569513082504, ""1-2"": 0.022823140025138855}"
92,0.27464846,"{""0-1"": 0.2746484577655792}"
93,0.06229145,"{""0-1"": 0.08204327523708344, ""0-2"": 0.04647207632660866, ""1-2"": 0.05835900083184242}"
94,0.50455229,"{""0-1"": 0.9477649331092834, ""0-2"": 0.29910436272621155, ""1-2"": 0.266787588596344}"
95,0.01275972,"{""0-1"": 0.06826093047857285, ""0-2"": -0.0333741158246994, ""1-2"": 0.0033923436421900988}"
96,0.03397707,"{""0-1"": 0.11219856142997742, ""0-2"": 0.033438533544540405, ""1-2"": -0.04370589554309845}"
97,0.08489676,"{""0-1"": 0.22846347093582153, ""0-2"": -0.0827023833990097, ""1-2"": 0.10892918705940247}"
98,0.07352156,"{""0-1"": 0.16799670457839966, ""0-2"": -0.10110612958669662, ""1-2"": 0.15367409586906433}"
99,0.00000000,{}
100,-0.04309582,"{""0-1"": -0.14548565447330475, ""0-2"": 0.01142280362546444, ""1-2"": 0.004775379318743944}"
101,0.00062051,"{""0-1"": 0.02606792002916336, ""0-2"": 0.06580988317728043, ""1-2"": -0.09001626819372177}"
102,0.05340320,"{""0-1"": 0.02836264856159687, ""0-2"": 0.1031886488199234, ""1-2"": 0.028658295050263405}"
103,-0.07262796,"{""0-1"": -0.1811520904302597, ""0-2"": -0.03823649510741234, ""1-2"": 0.0015047133201733232}"
104,0.05512165,"{""0-1"": 0.1335274875164032, ""0-2"": 0.05338987708091736, ""1-2"": -0.021552415564656258}"
105,0.49185884,"{""0-1"": 0.4918588399887085}"
106,0.03108060,"{""0-1"": 0.03108060173690319}"
107,-0.00908104,"{""0-1"": 0.11487618833780289, ""0-2"": -0.07138241082429886, ""1-2"": -0.07073689252138138}"
108,-0.00228099,"{""0-1"": -0.0022809929214417934}"
109,0.01539877,"{""0-1"": 0.07532475143671036, ""0-2"": -0.05393172800540924, ""1-2"": 0.0248032845556736}"
110,-0.01517448,"{""0-1"": -0.07458227872848511, ""0-2"": 0.020425118505954742, ""1-2"": 0.00863371230661869}"
111,-0.00221756,"{""0-1"": -0.0022175635676831007}"
112,0.06504405,"{""0-1"": 0.11560610681772232, ""0-2"": -0.07602526247501373, ""1-2"": 0.15555131435394287}"
113,0.12838367,"{""0-1"": 0.4067912697792053, ""0-2"": 0.05939251556992531, ""1-2"": -0.08103276789188385}"
114,0.00000000,{}
115,0.00000000,{}
116,0.43505631,"{""0-1"": 0.9985724091529846, ""0-2"": 0.13523995876312256, ""1-2"": 0.17135655879974365}"
117,0.00201359,"{""0-1"": 0.007740918546915054, ""0-2"": -0.07038532942533493, ""1-2"": 0.06868516653776169}"
118,0.00000000,{}
119,0.42367283,"{""0-1"": 0.4236728250980377}"
120,0.01744252,"{""0-1"": 0.009217078797519207, ""0-2"": -0.0025021694600582123, ""1-2"": 0.045612651854753494}"
121,0.10008323,"{""0-1"": 0.10008323192596436}"
122,-0.02769076,"{""0-1"": -0.05414530262351036, ""0-2"": 0.036953508853912354, ""1-2"": -0.06588047742843628}"
123,0.03069417,"{""0-1"": -0.00716900359839201, ""0-2"": -0.011604536324739456, ""1-2"": 0.1108560636639595}"
124,-0.01458036,"{""0-1"": -0.014580362476408482}"
125,-0.08876486,"{""0-1"": -0.08876486122608185}"
126,-0.00288617,"{""0-1"": -0.09670659154653549, ""0-2"": -0.01750767230987549, ""1-2"": 0.10555575788021088}"
127,0.00000000,{}
128,0.00000000,{}
129,0.83939493,"{""0-1"": 0.8393949270248413}"
130,-0.00754311,"{""0-1"": 0.023577120155096054, ""0-2"": -0.08744922280311584, ""1-2"": 0.04124276712536812}"
131,0.37691978,"{""0-1"": 0.9988043904304504, ""0-2"": 0.0657011941075325, ""1-2"": 0.06625375151634216}"
132,0.00000000,{}
133,0.99999988,"{""0-1"": 0.9999998807907104}"
134,0.32187842,"{""0-1"": -0.08921874314546585, ""0-2"": 0.4408082664012909, ""1-2"": 0.6140457391738892}"
135,0.09400831,"{""0-1"": 0.15632669627666473, ""0-2"": 0.09501838684082031, ""1-2"": 0.030679851770401}"
136,-0.03137804,"{""0-1"": -0.06755348294973373, ""0-2"": -0.02858838438987732, ""1-2"": 0.0020077512599527836}"
137,0.17788979,"{""0-1"": 0.5142992734909058, ""0-2"": -0.08187825977802277, ""1-2"": 0.1012483611702919}"
138,0.04394650,"{""0-1"": 0.08944743871688843, ""0-2"": -0.0032249195501208305, ""1-2"": 0.045616984367370605}"
139,-0.05087501,"{""0-1"": -0.05087500810623169}"
140,-0.03610692,"{""0-1"": -0.06358110904693604, ""0-2"": -0.0368727445602417, ""1-2"": -0.007866903208196163}"
141,0.00325688,"{""0-1"": 0.06473559886217117, ""0-2"": 0.017050612717866898, ""1-2"": -0.07201558351516724}"
142,0.99580830,"{""0-1"": 0.9958083033561707}"
143,0.25120926,"{""0-1"": 0.2512092590332031}"
144,0.98696256,"{""0-1"": 0.9869625568389893}"
145,-0.04750573,"{""0-1"": -0.09069906175136566, ""0-2"": -0.03631960228085518, ""1-2"": -0.015498530119657516}"
146,0.00834149,"{""0-1"": 0.07326631247997284, ""0-2"": 0.014114219695329666, ""1-2"": -0.06235605105757713}"
147,0.52295169,"{""0-1"": 0.8410077095031738, ""0-2"": 0.4088248312473297, ""1-2"": 0.319022536277771}"
148,0.46127412,"{""0-1"": 0.461274117231369}"
149,1.00000024,"{""0-1"": 1.000000238418579}"
150,0.20242842,"{""0-1"": 0.2024284154176712}"
151,0.10599447,"{""0-1"": 0.10599447041749954}"
152,0.45077164,"{""0-1"": 0.4784408211708069, ""0-2"": 0.38356414437294006, ""1-2"": 0.4903099536895752}"
153,0.09958174,"{""0-1"": -0.044259827584028244, ""0-2"": 0.024156898260116577, ""1-2"": 0.3188481628894806}"
154,0.01770695,"{""0-1"": 0.017706947401165962}"
155,0.02022960,"{""0-1"": 0.05620163679122925, ""0-2"": -0.024703610688447952, ""1-2"": 0.0291907861828804}"
156,0.06457411,"{""0-1"": 0.06457411497831345}"
157,0.33007406,"{""0-1"": 0.08945246040821075, ""0-2"": 0.05135511979460716, ""1-2"": 0.849414587020874}"
158,0.19396579,"{""0-1"": 0.19396579265594482}"
159,-0.20969151,"{""0-1"": -0.20969150960445404}"
160,-0.02412251,"{""0-1"": -0.17260366678237915, ""0-2"": 0.0012172983260825276, ""1-2"": 0.09901884198188782}"
161,-0.04576951,"{""0-1"": -0.10030452907085419, ""0-2"": -0.04964721202850342, ""1-2"": 0.012643212452530861}"
162,0.49390326,"{""0-1"": 0.4904286563396454, ""0-2"": 0.37850281596183777, ""1-2"": 0.6127783060073853}"
163,0.25224478,"{""0-1"": 0.7546294331550598, ""0-2"": 0.03771785646677017, ""1-2"": -0.03561294078826904}"
164,0.01100018,"{""0-1"": -0.07894425094127655, ""0-2"": 0.062300924211740494, ""1-2"": 0.0496438667178154}"
165,0.06957674,"{""0-1"": 0.2793944180011749, ""0-2"": -0.09580505639314651, ""1-2"": 0.025140855461359024}"
166,0.04525164,"{""0-1"": 0.09126397222280502, ""0-2"": 0.021371230483055115, ""1-2"": 0.023119719699025154}"
167,0.11476091,"{""0-1"": 0.11476091295480728}"
168,-0.04750573,"{""0-1"": -0.09069906175136566, ""0-2"": -0.03631960228085518, ""1-2"": -0.015498530119657516}"
169,0.00000000,{}
170,-0.06357973,"{""0-1"": -0.0635797306895256}"
171,0.37970769,"{""0-1"": 0.9995258450508118, ""0-2"": 0.06964891403913498, ""1-2"": 0.06994830071926117}"
172,0.00000000,{}
173,0.08347683,"{""0-1"": 0.08347682654857635}"
174,0.04826264,"{""0-1"": 0.08210229873657227, ""0-2"": 0.037548843771219254, ""1-2"": 0.02513677068054676}"
175,0.25651552,"{""0-1"": -0.0021474133245646954, ""0-2"": -0.022721856832504272, ""1-2"": 0.7944158315658569}"
176,-0.01728964,"{""0-1"": 0.020123234018683434, ""0-2"": 0.0383111909031868, ""1-2"": -0.11030333489179611}"
177,0.02172650,"{""0-1"": 0.021726496517658234}"
178,0.01615066,"{""0-1"": 0.016150660812854767}"
179,0.31082441,"{""0-1"": -0.01732102409005165, ""0-2"": -0.021498657763004303, ""1-2"": 0.9712929129600525}"
180,-0.04750573,"{""0-1"": -0.09069906175136566, ""0-2"": -0.03631960228085518, ""1-2"": -0.015498530119657516}"
181,0.03977217,"{""0-1"": -0.011836686171591282, ""0-2"": 0.14292046427726746, ""1-2"": -0.01176726445555687}"
182,-0.00154859,"{""0-1"": 0.0017504519782960415, ""0-2"": -0.03255721554160118, ""1-2"": 0.026160990819334984}"
183,0.11267522,"{""0-1"": 0.014024696312844753, ""0-2"": 0.3079424798488617, ""1-2"": 0.01605847477912903}"
184,-0.01676437,"{""0-1"": -0.11672651022672653, ""0-2"": 0.04952555149793625, ""1-2"": 0.016907835379242897}"
185,-0.00680656,"{""0-1"": 0.049037571996450424, ""0-2"": -0.03691186383366585, ""1-2"": -0.03254539892077446}"
186,-0.00348034,"{""0-1"": 0.03207247331738472, ""0-2"": -0.05059552565217018, ""1-2"": 0.008082028478384018}"
187,-0.01855916,"{""0-1"": -0.02402072213590145, ""0-2"": -0.00714037474244833, ""1-2"": -0.024516385048627853}"
188,0.23973243,"{""0-1"": 0.4224351644515991, ""0-2"": 0.05932086706161499, ""1-2"": 0.2374412566423416}"
189,0.34272328,"{""0-1"": 0.05929860845208168, ""0-2"": 0.2537446618080139, ""1-2"": 0.7151265740394592}"
190,0.45715356,"{""0-1"": 0.4571535587310791}"
191,0.04968577,"{""0-1"": 0.0496857687830925}"
192,0.50044590,"{""0-1"": 0.5004459023475647}"
193,0.15579653,"{""0-1"": 0.15579652786254883}"
194,0.05817719,"{""0-1"": -0.046284269541502, ""0-2"": 0.11738121509552002, ""1-2"": 0.10343461483716965}"
195,-0.01880354,"{""0-1"": 0.04042034596204758, ""0-2"": 0.07651660591363907, ""1-2"": -0.1733475774526596}"
196,0.03043291,"{""0-1"": -0.03920966759324074, ""0-2"": -0.10351109504699707, ""1-2"": 0.23401950299739838}"
197,0.35323790,"{""0-1"": 0.35323789715766907}"
198,0.04706129,"{""0-1"": 0.1852547526359558, ""0-2"": -0.1457899957895279, ""1-2"": 0.10171911120414734}"
199,0.30935219,"{""0-1"": 0.30935218930244446}"
200,0.05815397,"{""0-1"": -0.023316945880651474, ""0-2"": 0.21087299287319183, ""1-2"": -0.013094131834805012}"
201,-0.01522874,"{""0-1"": -0.0483819916844368, ""0-2"": 0.05262315645813942, ""1-2"": -0.049927398562431335}"
202,0.02904342,"{""0-1"": 0.15920390188694, ""0-2"": -0.04672364890575409, ""1-2"": -0.025350000709295273}"
203,0.04456987,"{""0-1"": 0.010298219509422779, ""0-2"": 0.013715393841266632, ""1-2"": 0.10969600081443787}"
204,-0.07771640,"{""0-1"": -0.33057916164398193, ""0-2"": -0.0010029033292084932, ""1-2"": 0.09843286126852036}"
205,0.02837324,"{""0-1"": -0.14122800529003143, ""0-2"": -0.26169323921203613, ""1-2"": 0.488040953874588}"
206,0.56258339,"{""0-1"": 0.5625833868980408}"
207,0.32996731,"{""0-1"": 0.6489735245704651, ""0-2"": 0.27227264642715454, ""1-2"": 0.06865575909614563}"
208,-0.03778108,"{""0-1"": -0.029849650338292122, ""0-2"": 0.004041201435029507, ""1-2"": -0.08753479272127151}"
209,0.12177597,"{""0-1"": 0.11295655369758606, ""0-2"": 0.031554531306028366, ""1-2"": 0.22081682085990906}"
210,0.00000000,{}
211,0.46127412,"{""0-1"": 0.461274117231369}"
212,-0.00754624,"{""0-1"": 0.011903896927833557, ""0-2"": 0.04503273963928223, ""1-2"": -0.07957535982131958}"
213,0.05375089,"{""0-1"": 0.053750887513160706}"
214,0.19517770,"{""0-1"": 0.5629270076751709, ""0-2"": -0.003874791320413351, ""1-2"": 0.02648087777197361}"
215,0.00000000,{}
216,0.89673531,"{""0-1"": 0.8967353105545044}"
217,0.04600016,"{""0-1"": 0.06121291220188141, ""0-2"": -0.05716286227107048, ""1-2"": 0.13395044207572937}"
218,0.00141376,"{""0-1"": -0.0010268634650856256, ""0-2"": 0.006066807545721531, ""1-2"": -0.0007986635901033878}"
219,0.99999988,"{""0-1"": 0.9999998807907104}"
220,0.02275143,"{""0-1"": 0.08930368721485138, ""0-2"": 0.01841815561056137, ""1-2"": -0.03946756199002266}"
221,0.14351371,"{""0-1"": 0.3072241544723511, ""0-2"": -0.0915793851017952, ""1-2"": 0.21489635109901428}"
222,0.00723398,"{""0-1"": 0.02045222744345665, ""0-2"": -0.04522223398089409, ""1-2"": 0.04647194594144821}"
223,0.40978693,"{""0-1"": 0.8427907824516296, ""0-2"": 0.4529836177825928, ""1-2"": -0.06641360372304916}"
224,-0.01795062,"{""0-1"": -0.020662344992160797, ""0-2"": -0.02216838113963604, ""1-2"": -0.01102114375680685}"
225,0.05295524,"{""0-1"": 0.03332031890749931, ""0-2"": 0.03402429819107056, ""1-2"": 0.09152111411094666}"
226,0.17242809,"{""0-1"": -0.07294072955846786, ""0-2"": 0.037456098943948746, ""1-2"": 0.552768886089325}"
227,0.03156104,"{""0-1"": -0.00818431656807661, ""0-2"": 0.05099222809076309, ""1-2"": 0.051875196397304535}"
228,-0.03792952,"{""0-1"": -0.09880564361810684, ""0-2"": 0.018909567967057228, ""1-2"": -0.03389248624444008}"
229,-0.02413161,"{""0-1"": 0.13832533359527588, ""0-2"": -0.14673873782157898, ""1-2"": -0.06398142874240875}"
230,0.54252857,"{""0-1"": 0.28807228803634644, ""0-2"": 0.48039138317108154, ""1-2"": 0.8591220378875732}"
231,0.92302930,"{""0-1"": 0.9230293035507202}"
232,0.07596826,"{""0-1"": 0.03532104939222336, ""0-2"": -0.00737630994990468, ""1-2"": 0.19996005296707153}"
233,-0.00221756,"{""0-1"": -0.0022175635676831007}"
234,0.14989206,"{""0-1"": 0.3878898024559021, ""0-2"": -0.007693846710026264, ""1-2"": 0.06948022544384003}"
235,0.00000000,{}
236,0.00114734,"{""0-1"": 0.00114733527880162}"
237,0.08110892,"{""0-1"": 0.06948582828044891, ""0-2"": -0.018958352506160736, ""1-2"": 0.19279927015304565}"
238,0.03075843,"{""0-1"": 0.0587787963449955, ""0-2"": 0.008828842081129551, ""1-2"": 0.024667661637067795}"
239,1.00000012,"{""0-1"": 1.0000001192092896}"
240,0.29680994,"{""0-1"": 0.29680994153022766}"
241,0.17745673,"{""0-1"": 0.5090067982673645, ""0-2"": -0.04373231902718544, ""1-2"": 0.06709571927785873}"
242,0.51652360,"{""0-1"": 0.5165235996246338}"
243,0.17204815,"{""0-1"": 0.023518841713666916, ""0-2"": 0.06774596869945526, ""1-2"": 0.42487964034080505}"
244,0.34146178,"{""0-1"": 0.34146177768707275}"
245,0.01681174,"{""0-1"": 0.06176665052771568, ""0-2"": 0.011155697517096996, ""1-2"": -0.022487131878733635}"
246,0.42492148,"{""0-1"": 0.4249214828014374}"
247,0.97287714,"{""0-1"": 0.9728771448135376}"
248,0.17599726,"{""0-1"": 0.17599725723266602}"
249,0.12566303,"{""0-1"": 0.2933356463909149, ""0-2"": 0.056550282984972, ""1-2"": 0.02710317075252533}"
250,-0.01632778,"{""0-1"": -0.01632777787744999}"
251,0.08783410,"{""0-1"": 0.08783410489559174}"
252,-0.06325378,"{""0-1"": -0.14386285841464996, ""0-2"": -0.039177604019641876, ""1-2"": -0.006720869801938534}"
253,0.00000000,{}
254,-0.02428819,"{""0-1"": -0.13861355185508728, ""0-2"": -0.007847142405807972, ""1-2"": 0.07359611988067627}"
255,0.66775173,"{""0-1"": 0.6677517294883728}"
256,-0.00173836,"{""0-1"": 0.15862053632736206, ""0-2"": -0.13634566962718964, ""1-2"": -0.027489952743053436}"
257,0.33186626,"{""0-1"": 0.6985779404640198, ""0-2"": 0.3008993864059448, ""1-2"": -0.003878539428114891}"
258,0.09379811,"{""0-1"": 0.09379810839891434}"
259,0.02724863,"{""0-1"": 0.10159782320261002, ""0-2"": -0.076620914041996, ""1-2"": 0.05676897615194321}"
260,0.09278202,"{""0-1"": -0.02707429975271225, ""0-2"": 0.1740802675485611, ""1-2"": 0.13134008646011353}"
261,0.54781717,"{""0-1"": 0.5478171706199646}"
262,-0.05820857,"{""0-1"": -0.11578035354614258, ""0-2"": -0.06243177503347397, ""1-2"": 0.00358643289655447}"
263,1.00000012,"{""0-1"": 1.0000001192092896}"
264,0.00290581,"{""0-1"": 0.052873849868774414, ""0-2"": -0.05253974348306656, ""1-2"": 0.008383329957723618}"
265,-0.03634686,"{""0-1"": -0.036346856504678726}"
266,-0.03134422,"{""0-1"": -0.06173305958509445, ""0-2"": -0.036438703536987305, ""1-2"": 0.004139097407460213}"
267,-0.03655420,"{""0-1"": -0.19454990327358246, ""0-2"": 0.11350750178098679, ""1-2"": -0.028620194643735886}"
268,0.13102887,"{""0-1"": 0.4987351596355438, ""0-2"": -0.07752909511327744, ""1-2"": -0.028119465336203575}"
269,0.67866947,"{""0-1"": 0.8703222274780273, ""0-2"": 0.5365164875984192, ""1-2"": 0.6291697025299072}"
270,-0.01008990,"{""0-1"": -0.07256564497947693, ""0-2"": -0.022161319851875305, ""1-2"": 0.06445727497339249}"
271,0.00957372,"{""0-1"": -0.005690410733222961, ""0-2"": -0.002907359506934881, ""1-2"": 0.03731892257928848}"
272,0.07852728,"{""0-1"": 0.13659369945526123, ""0-2"": 0.04569564759731293, ""1-2"": 0.05329248681664467}"
273,-0.01893907,"{""0-1"": -0.06199823319911957, ""0-2"": 0.04117889702320099, ""1-2"": -0.03599786013364792}"
274,0.02119624,"{""0-1"": 0.019332947209477425, ""0-2"": 0.10232165455818176, ""1-2"": -0.058065880089998245}"
275,0.29181463,"{""0-1"": 0.2918146252632141}"
276,0.17420802,"{""0-1"": -0.2133459746837616, ""0-2"": 0.046785835176706314, ""1-2"": 0.6891841888427734}"
277,0.03428943,"{""0-1"": 0.03428942710161209}"
278,0.21549933,"{""0-1"": -0.014599388465285301, ""0-2"": 0.6368616223335266, ""1-2"": 0.024235764518380165}"
279,0.20101377,"{""0-1"": 0.36968299746513367, ""0-2"": 0.026393136009573936, ""1-2"": 0.20696517825126648}"
280,0.12126224,"{""0-1"": -0.11372720450162888, ""0-2"": 0.009561183862388134, ""1-2"": 0.4679527282714844}"
281,0.87250310,"{""0-1"": 0.8725031018257141}"
282,0.00838808,"{""0-1"": 0.07747922092676163, ""0-2"": -0.06341294944286346, ""1-2"": 0.011097968555986881}"
283,0.36524156,"{""0-1"": 0.9463045001029968, ""0-2"": 0.22537055611610413, ""1-2"": -0.07595036923885345}"
284,0.39554727,"{""0-1"": 0.3955472707748413}"
285,-0.05070376,"{""0-1"": -0.11733593046665192, ""0-2"": -0.02167845144867897, ""1-2"": -0.013096898794174194}"
286,0.00000000,{}
287,0.00000000,{}
288,0.98992115,"{""0-1"": 0.9899211525917053}"
289,0.05435961,"{""0-1"": 0.010445903055369854, ""0-2"": 0.09041006863117218, ""1-2"": 0.06222284957766533}"
290,0.24692363,"{""0-1"": 0.19934453070163727, ""0-2"": 0.5805329084396362, ""1-2"": -0.03910653665661812}"
291,-0.03500817,"{""0-1"": -0.07336639612913132, ""0-2"": -0.03302230313420296, ""1-2"": 0.0013641887344419956}"
292,0.06269034,"{""0-1"": 0.0097430981695652, ""0-2"": 0.0695500299334526, ""1-2"": 0.10877788811922073}"
293,0.00431409,"{""0-1"": -0.03917551040649414, ""0-2"": 0.05695206671953201, ""1-2"": -0.004834272433072329}"
294,0.36944949,"{""0-1"": 0.9969265460968018, ""0-2"": 0.06137795373797417, ""1-2"": 0.05004396662116051}"
295,-0.00068136,"{""0-1"": -0.024175958707928658, ""0-2"": -0.013539065606892109, ""1-2"": 0.0356709361076355}"
296,0.00325688,"{""0-1"": 0.06473559886217117, ""0-2"": 0.017050612717866898, ""1-2"": -0.07201558351516724}"
297,-0.00706274,"{""0-1"": -0.03619896247982979, ""0-2"": -0.019570009782910347, ""1-2"": 0.03458075225353241}"
298,0.01763547,"{""0-1"": 0.017635468393564224}"
299,-0.01448303,"{""0-1"": -0.014483029954135418}"
300,0.02495146,"{""0-1"": 0.09245746582746506, ""0-2"": -0.02964726835489273, ""1-2"": 0.012044191360473633}"
301,0.04398977,"{""0-1"": 0.052437588572502136, ""0-2"": 0.056025248020887375, ""1-2"": 0.023506468161940575}"
302,0.38747582,"{""0-1"": 0.3874758183956146}"
303,0.00000000,{}
304,0.17815386,"{""0-1"": 0.16319701075553894, ""0-2"": 0.1789291352033615, ""1-2"": 0.19233544170856476}"
305,0.02229778,"{""0-1"": 0.015480183996260166, ""0-2"": 0.028423232957720757, ""1-2"": 0.022989921271800995}"
306,0.99007082,"{""0-1"": 0.9900708198547363}"
307,0.37885025,"{""0-1"": 0.9991989135742188, ""0-2"": 0.06915050745010376, ""1-2"": 0.06820133328437805}"
308,0.09538584,"{""0-1"": 0.2373632937669754, ""0-2"": -0.058896150439977646, ""1-2"": 0.10769037902355194}"
309,0.19979865,"{""0-1"": -0.09848955273628235, ""0-2"": 0.059774793684482574, ""1-2"": 0.6381106972694397}"
310,0.38507214,"{""0-1"": 0.1033458262681961, ""0-2"": 0.9733532667160034, ""1-2"": 0.07851732522249222}"
311,0.02757060,"{""0-1"": 0.07793331891298294, ""0-2"": 0.013431570492684841, ""1-2"": -0.008653097786009312}"
312,0.11853991,"{""0-1"": 0.12164290249347687, ""0-2"": 0.06853315979242325, ""1-2"": 0.16544367372989655}"
313,-0.01210496,"{""0-1"": 0.07372847944498062, ""0-2"": -0.00279172882437706, ""1-2"": -0.10725162923336029}"
314,0.45829825,"{""0-1"": 0.4995967149734497, ""0-2"": 0.7047299742698669, ""1-2"": 0.17056804895401}"
315,0.00000000,{}
316,0.05340320,"{""0-1"": 0.02836264856159687, ""0-2"": 0.1031886488199234, ""1-2"": 0.028658295050263405}"
317,0.13122053,"{""0-1"": 0.31838172674179077, ""0-2"": -0.07816708087921143, ""1-2"": 0.1534469574689865}"
318,-0.00990191,"{""0-1"": -0.02426222711801529, ""0-2"": -0.035575173795223236, ""1-2"": 0.03013167902827263}"
319,0.29258418,"{""0-1"": 0.2925841808319092}"
320,0.00710238,"{""0-1"": -0.09281895309686661, ""0-2"": 0.06602153182029724, ""1-2"": 0.04810456186532974}"
321,0.04065311,"{""0-1"": 0.047649551182985306, ""0-2"": 0.05779523029923439, ""1-2"": 0.01651456020772457}"
322,0.00000000,{}
323,-0.02476647,"{""0-1"": -0.048967815935611725, ""0-2"": 0.04110831394791603, ""1-2"": -0.0664399042725563}"
324,0.99289566,"{""0-1"": 0.9928956627845764}"
325,0.99998999,"{""0-1"": 0.9999899864196777}"
326,0.06789474,"{""0-1"": -0.10081856697797775, ""0-2"": -0.07275683432817459, ""1-2"": 0.37725961208343506}"
327,0.06239046,"{""0-1"": 0.022391995415091515, ""0-2"": -0.010081573389470577, ""1-2"": 0.17486095428466797}"
328,0.06712886,"{""0-1"": -0.04173317551612854, ""0-2"": 0.24053557217121124, ""1-2"": 0.002584193367511034}"
329,0.00037569,"{""0-1"": 0.00037569133564829826}"
330,-0.02628874,"{""0-1"": -0.02628873661160469}"
331,0.11284226,"{""0-1"": 0.2046264261007309, ""0-2"": 0.0011009721783921123, ""1-2"": 0.13279937207698822}"
332,0.37300714,"{""0-1"": 0.9973853826522827, ""0-2"": 0.0618833564221859, ""1-2"": 0.0597526915371418}"
333,0.16553224,"{""0-1"": 0.3735513985157013, ""0-2"": 0.05809324234724045, ""1-2"": 0.0649520680308342}"
334,0.23351946,"{""0-1"": 0.23351946473121643}"
335,0.00000000,{}
336,1.00000024,"{""0-1"": 1.000000238418579}"
337,-0.06388963,"{""0-1"": -0.057861022651195526, ""0-2"": -0.21316631138324738, ""1-2"": 0.07935845851898193}"
338,0.24794975,"{""0-1"": 0.2479497492313385}"
339,-0.10353000,"{""0-1"": -0.10353000462055206}"
340,-0.02881608,"{""0-1"": -0.02881607785820961}"
341,-0.00242234,"{""0-1"": -0.13393841683864594, ""0-2"": 0.10006769746541977, ""1-2"": 0.02660369873046875}"
342,-0.02812693,"{""0-1"": -0.02979910373687744, ""0-2"": -0.08291012793779373, ""1-2"": 0.0283284280449152}"
343,0.12823491,"{""0-1"": 0.14706699550151825, ""0-2"": 0.25334376096725464, ""1-2"": -0.015706028789281845}"
344,0.13535856,"{""0-1"": 0.1353585571050644}"
345,0.12544497,"{""0-1"": 0.48834723234176636, ""0-2"": -0.09102854877710342, ""1-2"": -0.020983785390853882}"
346,-0.10284971,"{""0-1"": -0.10284971445798874}"
347,0.12994900,"{""0-1"": 0.12994900345802307}"
348,-0.16959193,"{""0-1"": -0.16959193348884583}"
349,-0.02213737,"{""0-1"": -0.022137371823191643}"
350,-0.00775695,"{""0-1"": -0.05969825014472008, ""0-2"": -0.008503105491399765, ""1-2"": 0.04493049532175064}"
351,0.19396579,"{""0-1"": 0.19396579265594482}"
352,-0.01693263,"{""0-1"": 0.09216964244842529, ""0-2"": -0.057099051773548126, ""1-2"": -0.08586849272251129}"
353,0.32345840,"{""0-1"": 0.06981483846902847, ""0-2"": 0.027172137051820755, ""1-2"": 0.8733882308006287}"
354,0.99998999,"{""0-1"": 0.9999899864196777}"
355,0.00000000,{}
356,-0.04093146,"{""0-1"": -0.18499161303043365, ""0-2"": 0.09160139411687851, ""1-2"": -0.029404161497950554}"
357,0.79527724,"{""0-1"": 0.7952772378921509}"
358,0.46127412,"{""0-1"": 0.461274117231369}"
359,0.48319513,"{""0-1"": 0.48319512605667114}"
360,0.01527308,"{""0-1"": 0.015273076482117176}"
361,0.57779783,"{""0-1"": 0.5777978301048279}"
362,0.37509539,"{""0-1"": 0.9967834949493408, ""0-2"": 0.07038509100675583, ""1-2"": 0.058117590844631195}"
363,-0.06325378,"{""0-1"": -0.14386285841464996, ""0-2"": -0.039177604019641876, ""1-2"": -0.006720869801938534}"
364,0.75833321,"{""0-1"": 0.7583332061767578}"
365,-0.02231074,"{""0-1"": -0.015453093685209751, ""0-2"": 0.08251020312309265, ""1-2"": -0.1339893341064453}"
366,0.06808900,"{""0-1"": 0.04531684145331383, ""0-2"": 0.23981322348117828, ""1-2"": -0.08086305856704712}"
367,0.98990077,"{""0-1"": 0.9899007678031921}"
368,-0.04750573,"{""0-1"": -0.09069906175136566, ""0-2"": -0.03631960228085518, ""1-2"": -0.015498530119657516}"
369,0.07672981,"{""0-1"": 0.1190854161977768, ""0-2"": 0.07793138176202774, ""1-2"": 0.033172640949487686}"
370,-0.00612875,"{""0-1"": -0.07495399564504623, ""0-2"": 0.07738067209720612, ""1-2"": -0.02081291377544403}"
371,0.25120926,"{""0-1"": 0.2512092590332031}"
372,0.24879972,"{""0-1"": 0.8162344098091125, ""0-2"": -0.02009001560509205, ""1-2"": -0.04974524676799774}"
373,0.21511194,"{""0-1"": -0.1394907534122467, ""0-2"": -0.03114170953631401, ""1-2"": 0.8159682750701904}"
374,0.96316534,"{""0-1"": 0.9631653428077698}"
375,0.31005203,"{""0-1"": -0.041986722499132156, ""0-2"": 0.024357032030820847, ""1-2"": 0.9477857947349548}"
376,0.05279262,"{""0-1"": 0.08834811300039291, ""0-2"": 0.048004209995269775, ""1-2"": 0.02202552556991577}"
377,0.04284542,"{""0-1"": -0.04164326936006546, ""0-2"": 0.1835062950849533, ""1-2"": -0.013326762244105339}"
378,0.75850934,"{""0-1"": 0.7585093379020691}"
379,0.02240928,"{""0-1"": -0.04285675659775734, ""0-2"": 0.012150845490396023, ""1-2"": 0.09793373942375183}"
380,-0.00138304,"{""0-1"": -0.02306264452636242, ""0-2"": 0.039638374000787735, ""1-2"": -0.020724862813949585}"
381,0.26026819,"{""0-1"": -0.07175355404615402, ""0-2"": 0.04651981219649315, ""1-2"": 0.8060383200645447}"
382,0.08083769,"{""0-1"": 0.0808376893401146}"
383,-0.03251021,"{""0-1"": -0.02638833038508892, ""0-2"": -0.02339613065123558, ""1-2"": -0.04774617403745651}"
384,0.48319513,"{""0-1"": 0.48319512605667114}"
385,0.19883826,"{""0-1"": -0.12644003331661224, ""0-2"": 0.12314695119857788, ""1-2"": 0.599807858467102}"
386,-0.05609248,"{""0-1"": -0.08289866894483566, ""0-2"": -0.0061233690939843655, ""1-2"": -0.07925540208816528}"
387,0.12365737,"{""0-1"": 0.27594947814941406, ""0-2"": -0.07549966871738434, ""1-2"": 0.1705223023891449}"
388,0.00984450,"{""0-1"": 0.09413401782512665, ""0-2"": -0.08893779665231705, ""1-2"": 0.024337265640497208}"
389,0.29853111,"{""0-1"": -0.02857574261724949, ""0-2"": 0.0340837799012661, ""1-2"": 0.8900852799415588}"
390,-0.04867267,"{""0-1"": 0.05377793312072754, ""0-2"": -0.14177735149860382, ""1-2"": -0.05801858380436897}"
391,0.54691839,"{""0-1"": 0.5469183921813965}"
392,0.05268385,"{""0-1"": 0.07697292417287827, ""0-2"": 0.06633475422859192, ""1-2"": 0.014743870124220848}"
393,-0.02772671,"{""0-1"": -0.02998165972530842, ""0-2"": 0.05617509409785271, ""1-2"": -0.10937356948852539}"
394,0.04227903,"{""0-1"": 0.026283426210284233, ""0-2"": -0.04584162309765816, ""1-2"": 0.14639528095722198}"
395,0.06576910,"{""0-1"": 0.38072261214256287, ""0-2"": -0.13823066651821136, ""1-2"": -0.045184653252363205}"
396,0.30290294,"{""0-1"": 0.3029029369354248}"
397,0.10109708,"{""0-1"": 0.10109708458185196}"
398,0.48988617,"{""0-1"": 0.9381530284881592, ""0-2"": 0.23018503189086914, ""1-2"": 0.30132046341896057}"
399,0.00546978,"{""0-1"": -0.05571148544549942, ""0-2"": 0.05056636780500412, ""1-2"": 0.02155444771051407}"
400,0.17010532,"{""0-1"": -0.07438475638628006, ""0-2"": 0.4339473247528076, ""1-2"": 0.15075337886810303}"
401,0.18428491,"{""0-1"": 0.18428491055965424}"
402,0.00000000,{}
403,-0.03003246,"{""0-1"": -0.010172294452786446, ""0-2"": 0.012280789203941822, ""1-2"": -0.09220586717128754}"
404,0.10994210,"{""0-1"": 0.1640259474515915, ""0-2"": 0.06240175664424896, ""1-2"": 0.10339859873056412}"
405,0.06510654,"{""0-1"": 0.06510654091835022}"
406,0.02149291,"{""0-1"": -0.11474323272705078, ""0-2"": 0.09326206892728806, ""1-2"": 0.08595988899469376}"
407,0.53058582,"{""0-1"": 0.7408240437507629, ""0-2"": 0.49944621324539185, ""1-2"": 0.3514871895313263}"
408,0.12318954,"{""0-1"": -0.012882208451628685, ""0-2"": 0.26726096868515015, ""1-2"": 0.11518986523151398}"
409,-0.00155061,"{""0-1"": -0.001550614950247109}"
410,0.99999988,"{""0-1"": 0.9999998807907104}"
411,0.10681238,"{""0-1"": -0.00014561493298970163, ""0-2"": 0.31631582975387573, ""1-2"": 0.0042669204995036125}"
412,0.00000000,{}
413,0.99289566,"{""0-1"": 0.9928956627845764}"
414,0.54584366,"{""0-1"": 0.5458436608314514}"
415,0.08187780,"{""0-1"": 0.13871757686138153, ""0-2"": 0.11669325828552246, ""1-2"": -0.009777430444955826}"
416,0.13079150,"{""0-1"": 0.13079150021076202}"
417,-0.00895113,"{""0-1"": -0.07216497510671616, ""0-2"": 0.0018407913157716393, ""1-2"": 0.04347078874707222}"
418,0.10281247,"{""0-1"": 0.28332430124282837, ""0-2"": -0.11453516781330109, ""1-2"": 0.13964828848838806}"
419,0.95481086,"{""0-1"": 0.9548108577728271}"
420,0.00000000,{}
421,0.30402580,"{""0-1"": 0.304025799036026}"
422,-0.01026330,"{""0-1"": -0.010263302363455296}"
423,-0.04921305,"{""0-1"": -0.08920680731534958, ""0-2"": -0.07231360673904419, ""1-2"": 0.013881276361644268}"
424,0.00549978,"{""0-1"": 0.010336221195757389, ""0-2"": -0.0015497488202527165, ""1-2"": 0.007712881080806255}"
425,0.99998999,"{""0-1"": 0.9999899864196777}"
426,0.07962838,"{""0-1"": 0.39437389373779297, ""0-2"": -0.03218783810734749, ""1-2"": -0.12330090999603271}"
427,0.18721728,"{""0-1"": -0.10002724826335907, ""0-2"": -0.11321437358856201, ""1-2"": 0.7748934626579285}"
428,0.10788075,"{""0-1"": 0.2125196009874344, ""0-2"": 0.03660455718636513, ""1-2"": 0.07451807707548141}"
429,-0.04412316,"{""0-1"": -0.024932799860835075, ""0-2"": 0.0032360500190407038, ""1-2"": -0.11067274212837219}"
430,0.23452894,"{""0-1"": 0.23452894389629364}"
431,0.01482552,"{""0-1"": 0.014825515449047089}"
432,0.26018077,"{""0-1"": 0.2601807713508606}"
433,0.38685854,"{""0-1"": 0.9509537220001221, ""0-2"": 0.25127023458480835, ""1-2"": -0.04164832830429077}"
434,0.00000000,{}
435,0.09809346,"{""0-1"": 0.16136452555656433, ""0-2"": -0.08668632805347443, ""1-2"": 0.21960216760635376}"
436,-0.00811037,"{""0-1"": -0.009005464613437653, ""0-2"": -0.02705521509051323, ""1-2"": 0.011729583144187927}"
437,0.99504900,"{""0-1"": 0.995048999786377}"
438,-0.01101667,"{""0-1"": 0.06486799567937851, ""0-2"": -0.05823098123073578, ""1-2"": -0.03968701884150505}"
439,-0.01632778,"{""0-1"": -0.01632777787744999}"
440,0.37691978,"{""0-1"": 0.9988043904304504, ""0-2"": 0.0657011941075325, ""1-2"": 0.06625375151634216}"
441,0.95052969,"{""0-1"": 0.9505296945571899}"
442,0.04087302,"{""0-1"": -0.022788075730204582, ""0-2"": 0.04518399387598038, ""1-2"": 0.10022315382957458}"
443,0.35132951,"{""0-1"": 0.44461995363235474, ""0-2"": 0.23968149721622467, ""1-2"": 0.3696870803833008}"
444,0.13683428,"{""0-1"": 0.1368342787027359}"
445,0.05843407,"{""0-1"": 0.05843406915664673}"
446,-0.04085593,"{""0-1"": -0.040855925530195236}"
447,0.00000000,{}
448,0.10978110,"{""0-1"": 0.10978110134601593}"
449,0.23351946,"{""0-1"": 0.23351946473121643}"
450,0.18773459,"{""0-1"": 0.527478814125061, ""0-2"": -0.10112231224775314, ""1-2"": 0.13684725761413574}"
451,-0.00609242,"{""0-1"": 0.013834353536367416, ""0-2"": -0.043632153421640396, ""1-2"": 0.01152053289115429}"
452,0.34146178,"{""0-1"": 0.34146177768707275}"
453,0.74151272,"{""0-1"": 0.7415127158164978}"
454,0.01088915,"{""0-1"": -0.01053133700042963, ""0-2"": 0.010631301440298557, ""1-2"": 0.032567478716373444}"
455,0.10631340,"{""0-1"": 0.10631339997053146}"
456,0.14849136,"{""0-1"": 0.027832401916384697, ""0-2"": 0.09758374094963074, ""1-2"": 0.3200579285621643}"
457,-0.01793381,"{""0-1"": -0.0697443038225174, ""0-2"": -0.01641853153705597, ""1-2"": 0.03236139565706253}"
458,0.00000000,{}
459,-0.03815438,"{""0-1"": 0.011659960262477398, ""0-2"": -0.11245658993721008, ""1-2"": -0.013666501268744469}"
460,0.57766694,"{""0-1"": 0.5776669383049011}"
461,0.01418121,"{""0-1"": 0.05755361542105675, ""0-2"": 0.019075367599725723, ""1-2"": -0.034085363149642944}"
462,0.06376180,"{""0-1"": 0.02151460386812687, ""0-2"": 0.11836555600166321, ""1-2"": 0.051405251026153564}"
463,0.01230273,"{""0-1"": 0.013140713796019554, ""0-2"": 0.002098634373396635, ""1-2"": 0.021668842062354088}"
464,-0.01716160,"{""0-1"": 0.07029278576374054, ""0-2"": -0.0347566194832325, ""1-2"": -0.08702097833156586}"
465,0.02546329,"{""0-1"": 0.0667414590716362, ""0-2"": 0.02410126104950905, ""1-2"": -0.014452862553298473}"
466,0.26143522,"{""0-1"": 0.6409797072410583, ""0-2"": -0.01698899455368519, ""1-2"": 0.16031496226787567}"
467,-0.05820416,"{""0-1"": -0.11484473198652267, ""0-2"": -0.10925918817520142, ""1-2"": 0.04949142783880234}"
468,0.01167870,"{""0-1"": -0.02661115676164627, ""0-2"": 0.010419287718832493, ""1-2"": 0.051227979362010956}"
469,-0.02157392,"{""0-1"": -0.02157391794025898}"
470,0.03150893,"{""0-1"": -0.07620161026716232, ""0-2"": 0.08585024625062943, ""1-2"": 0.08487814664840698}"
471,0.08048278,"{""0-1"": 0.08048278093338013}"
472,0.05340320,"{""0-1"": 0.02836264856159687, ""0-2"": 0.1031886488199234, ""1-2"": 0.028658295050263405}"
473,1.00000000,"{""0-1"": 1.0}"
474,0.04409699,"{""0-1"": 0.005518777761608362, ""0-2"": 0.015393922105431557, ""1-2"": 0.1113782599568367}"
475,0.34025702,"{""0-1"": 0.34025701880455017}"
476,0.65881542,"{""0-1"": 0.4891706705093384, ""0-2"": 0.4912700653076172, ""1-2"": 0.9960055351257324}"
477,0.30521664,"{""0-1"": -3.449669384281151e-05, ""0-2"": 0.8644580841064453, ""1-2"": 0.05122632905840874}"
478,0.02724863,"{""0-1"": 0.10159782320261002, ""0-2"": -0.076620914041996, ""1-2"": 0.05676897615194321}"
479,0.00000000,{}
480,0.40744701,"{""0-1"": 0.4074470102787018}"
481,0.04089239,"{""0-1"": 0.23664900660514832, ""0-2"": -0.07398220896720886, ""1-2"": -0.03998963534832001}"
482,0.99999988,"{""0-1"": 0.9999998807907104}"
483,0.31109649,"{""0-1"": 0.8493347764015198, ""0-2"": 0.04423636570572853, ""1-2"": 0.03971831500530243}"
484,0.03102110,"{""0-1"": -0.05345902964472771, ""0-2"": 0.06586703658103943, ""1-2"": 0.0806552991271019}"
485,0.26143522,"{""0-1"": 0.6409797072410583, ""0-2"": -0.01698899455368519, ""1-2"": 0.16031496226787567}"
486,0.04992171,"{""0-1"": 0.14458192884922028, ""0-2"": -0.018347663804888725, ""1-2"": 0.023530857637524605}"
487,-0.06686642,"{""0-1"": -0.1394602209329605, ""0-2"": -0.03830242529511452, ""1-2"": -0.022836606949567795}"
488,0.80835181,"{""0-1"": 0.8083518147468567}"
489,0.02724863,"{""0-1"": 0.10159782320261002, ""0-2"": -0.076620914041996, ""1-2"": 0.05676897615194321}"
490,0.08562026,"{""0-1"": 0.17930422723293304, ""0-2"": 0.06225455179810524, ""1-2"": 0.015301994048058987}"
491,0.00474322,"{""0-1"": 0.018323196098208427, ""0-2"": -0.05301665514707565, ""1-2"": 0.048923105001449585}"
492,0.00000000,{}
493,-0.03898667,"{""0-1"": -0.03898667171597481}"
494,0.45352290,"{""0-1"": 0.2938631474971771, ""0-2"": 0.24714727699756622, ""1-2"": 0.8195582628250122}"
495,0.02724863,"{""0-1"": 0.10159782320261002, ""0-2"": -0.076620914041996, ""1-2"": 0.05676897615194321}"
496,0.03224966,"{""0-1"": 0.022171519696712494, ""0-2"": 0.032384391874074936, ""1-2"": 0.042193055152893066}"
497,0.07868747,"{""0-1"": -0.05245219171047211, ""0-2"": 0.10121400654315948, ""1-2"": 0.18730060756206512}"
498,0.11095316,"{""0-1"": 0.23407453298568726, ""0-2"": 0.0374486967921257, ""1-2"": 0.061336252838373184}"
499,0.26948592,"{""0-1"": 0.7209533452987671, ""0-2"": 0.020786968991160393, ""1-2"": 0.06671744585037231}"
500,0.05064292,"{""0-1"": -0.024834614247083664, ""0-2"": 0.09228706359863281, ""1-2"": 0.08447630703449249}"
501,0.20913824,"{""0-1"": 0.675217866897583, ""0-2"": -0.019378114491701126, ""1-2"": -0.028425035998225212}"
502,0.11894165,"{""0-1"": 0.21534837782382965, ""0-2"": 0.095017209649086, ""1-2"": 0.04645936191082001}"
503,-0.07771640,"{""0-1"": -0.33057916164398193, ""0-2"": -0.0010029033292084932, ""1-2"": 0.09843286126852036}"
504,-0.04859749,"{""0-1"": -0.05882955342531204, ""0-2"": -0.012512129731476307, ""1-2"": -0.0744507759809494}"
505,0.19488356,"{""0-1"": 0.760540783405304, ""0-2"": -0.1104925349354744, ""1-2"": -0.06539756804704666}"
506,0.06449973,"{""0-1"": 0.06449972838163376}"
507,0.02724863,"{""0-1"": 0.10159782320261002, ""0-2"": -0.076620914041996, ""1-2"": 0.05676897615194321}"
508,0.19396579,"{""0-1"": 0.19396579265594482}"
509,-0.06616745,"{""0-1"": -0.20314699411392212, ""0-2"": -0.08611946552991867, ""1-2"": 0.090764120221138}"
510,0.07132136,"{""0-1"": -0.026083432137966156, ""0-2"": 0.22179275751113892, ""1-2"": 0.018254760652780533}"
511,0.10866941,"{""0-1"": 0.02515272982418537, ""0-2"": 0.05385448783636093, ""1-2"": 0.2470010221004486}"
512,1.00000012,"{""0-1"": 1.0000001192092896}"
513,-0.04403494,"{""0-1"": -0.17014266550540924, ""0-2"": -0.09338535368442535, ""1-2"": 0.1314231902360916}"
514,0.19504264,"{""0-1"": -0.06028180941939354, ""0-2"": 0.5336384773254395, ""1-2"": 0.11177124828100204}"
515,-0.01796105,"{""0-1"": 0.04012870416045189, ""0-2"": -0.042537618428468704, ""1-2"": -0.051474232226610184}"
516,-0.04119243,"{""0-1"": 0.01320449449121952, ""0-2"": -0.20938128232955933, ""1-2"": 0.07259950041770935}"
517,0.34915372,"{""0-1"": 0.9750686883926392, ""0-2"": 0.1208237037062645, ""1-2"": -0.048431217670440674}"
518,0.41218394,"{""0-1"": 0.8897848129272461, ""0-2"": 0.388807475566864, ""1-2"": -0.04204047843813896}"
519,0.00000000,{}
520,-0.00035247,"{""0-1"": -0.010677511803805828, ""0-2"": 0.03426595777273178, ""1-2"": -0.0246458537876606}"
521,0.08347683,"{""0-1"": 0.08347682654857635}"
522,0.17645261,"{""0-1"": 0.2876042425632477, ""0-2"": 0.008409406058490276, ""1-2"": 0.2333441823720932}"
523,0.37885025,"{""0-1"": 0.9991989135742188, ""0-2"": 0.06915050745010376, ""1-2"": 0.06820133328437805}"
524,0.05812308,"{""0-1"": 0.05812307819724083}"
525,0.37700833,"{""0-1"": 0.9973553419113159, ""0-2"": 0.06847585737705231, ""1-2"": 0.0651937946677208}"
526,0.17047302,"{""0-1"": 0.17047302424907684}"
527,0.01634789,"{""0-1"": -0.002823291113600135, ""0-2"": 0.018804479390382767, ""1-2"": 0.03306247293949127}"
528,0.05393745,"{""0-1"": 0.029506435617804527, ""0-2"": 0.021863838657736778, ""1-2"": 0.11044207960367203}"
529,0.02438729,"{""0-1"": 0.04151546582579613, ""0-2"": 0.015587070025503635, ""1-2"": 0.016059324145317078}"
530,0.11187982,"{""0-1"": 0.4009256660938263, ""0-2"": -0.060954827815294266, ""1-2"": -0.004331379197537899}"
531,0.03238284,"{""0-1"": 0.18308885395526886, ""0-2"": -0.01583128795027733, ""1-2"": -0.0701090544462204}"
532,0.08187976,"{""0-1"": 0.17015372216701508, ""0-2"": -0.03754626214504242, ""1-2"": 0.11303182691335678}"
533,0.11005811,"{""0-1"": 0.11005810648202896}"
534,0.05222635,"{""0-1"": 0.07428697496652603, ""0-2"": -0.035490404814481735, ""1-2"": 0.11788249015808105}"
535,0.14517698,"{""0-1"": 0.42011457681655884, ""0-2"": 0.004658740945160389, ""1-2"": 0.010757630690932274}"
536,-0.00254125,"{""0-1"": -0.03623433783650398, ""0-2"": -0.0441523976624012, ""1-2"": 0.07276299595832825}"
537,0.04920901,"{""0-1"": 0.06632225960493088, ""0-2"": 0.029910912737250328, ""1-2"": 0.051393866539001465}"
538,0.01938279,"{""0-1"": -0.07046143710613251, ""0-2"": 0.08509846776723862, ""1-2"": 0.04351133480668068}"
539,0.09379811,"{""0-1"": 0.09379810839891434}"
540,0.55578214,"{""0-1"": 0.5557821393013}"
541,-0.00245058,"{""0-1"": -0.002450581407174468}"
542,0.38832203,"{""0-1"": 0.38832202553749084}"
543,-0.05149413,"{""0-1"": -0.07457299530506134, ""0-2"": -0.039409250020980835, ""1-2"": -0.04050014913082123}"
544,0.12318954,"{""0-1"": -0.012882208451628685, ""0-2"": 0.26726096868515015, ""1-2"": 0.11518986523151398}"
545,0.10349418,"{""0-1"": 0.2544671893119812, ""0-2"": 0.009534776210784912, ""1-2"": 0.04648057743906975}"
546,0.02096575,"{""0-1"": 0.037853341549634933, ""0-2"": 0.0028343461453914642, ""1-2"": 0.022209567949175835}"
547,0.99998999,"{""0-1"": 0.9999899864196777}"
548,-0.05011399,"{""0-1"": -0.050113994628190994}"
549,-0.02676446,"{""0-1"": -0.026764456182718277}"
550,0.18513335,"{""0-1"": 0.18513335287570953}"
551,0.16421838,"{""0-1"": 0.02224802039563656, ""0-2"": -0.04187686741352081, ""1-2"": 0.512283980846405}"
552,0.64079463,"{""0-1"": 0.6407946348190308}"
553,0.41962242,"{""0-1"": 0.41962242126464844}"
554,0.25001920,"{""0-1"": 0.3612402081489563, ""0-2"": 0.041105762124061584, ""1-2"": 0.34771162271499634}"
555,0.28295788,"{""0-1"": -0.06876442581415176, ""0-2"": -0.053927890956401825, ""1-2"": 0.9715659618377686}"
556,0.99999988,"{""0-1"": 0.9999998807907104}"
557,0.07481562,"{""0-1"": 0.07481561601161957}"
558,0.08951747,"{""0-1"": 0.139257550239563, ""0-2"": 0.05651259049773216, ""1-2"": 0.07278226315975189}"
559,0.09078841,"{""0-1"": -0.018978897482156754, ""0-2"": -0.03604907914996147, ""1-2"": 0.32739320397377014}"
560,0.00000000,{}
561,0.95958495,"{""0-1"": 0.9595849514007568}"
562,0.00000000,{}
563,0.23351946,"{""0-1"": 0.23351946473121643}"
564,0.00000000,{}
565,0.75085616,"{""0-1"": 0.7508561611175537}"
566,-0.03898667,"{""0-1"": -0.03898667171597481}"
567,0.01275972,"{""0-1"": 0.06826093047857285, ""0-2"": -0.0333741158246994, ""1-2"": 0.0033923436421900988}"
568,0.99735278,"{""0-1"": 0.9973527789115906}"
569,-0.03069505,"{""0-1"": 0.15005771815776825, ""0-2"": -0.07690058648586273, ""1-2"": -0.1652422696352005}"
570,-0.01632778,"{""0-1"": -0.01632777787744999}"
571,0.33435228,"{""0-1"": 0.06595059484243393, ""0-2"": 0.04787920415401459, ""1-2"": 0.889227032661438}"
572,0.00315130,"{""0-1"": 0.05176273733377457, ""0-2"": -0.06831660121679306, ""1-2"": 0.026007773354649544}"
573,-0.03832645,"{""0-1"": -0.07493418455123901, ""0-2"": -0.06450043618679047, ""1-2"": 0.024455271661281586}"
574,0.03484478,"{""0-1"": 0.19537223875522614, ""0-2"": -0.03270164504647255, ""1-2"": -0.05813625827431679}"
575,0.13569558,"{""0-1"": 0.3393913209438324, ""0-2"": -0.0819648951292038, ""1-2"": 0.14966030418872833}"
576,0.06398930,"{""0-1"": 0.0639892965555191}"
577,0.84736228,"{""0-1"": 0.8473622798919678}"
578,-0.11025004,"{""0-1"": 0.021539578214287758, ""0-2"": -0.3503688871860504, ""1-2"": -0.0019208092708140612}"
579,-0.00252017,"{""0-1"": -0.05622411519289017, ""0-2"": 0.03628213703632355, ""1-2"": 0.012381480075418949}"
580,0.24522409,"{""0-1"": 0.24522408843040466}"
581,0.21732591,"{""0-1"": 0.21732591092586517}"
582,0.38832203,"{""0-1"": 0.38832202553749084}"
584,-0.01703377,"{""0-1"": -0.01703377068042755}"
585,0.00476751,"{""0-1"": -0.06952569633722305, ""0-2"": 0.017633160576224327, ""1-2"": 0.0661950558423996}"
586,0.96773654,"{""0-1"": 0.967736542224884}"
587,-0.02045664,"{""0-1"": -0.03680504113435745, ""0-2"": -0.0696844533085823, ""1-2"": 0.045119572430849075}"
588,0.00000000,{}
589,-0.02571497,"{""0-1"": -0.0861779972910881, ""0-2"": -0.022283121943473816, ""1-2"": 0.03131619468331337}"
590,0.04967469,"{""0-1"": 0.045692674815654755, ""0-2"": 0.05508606508374214, ""1-2"": 0.04824533313512802}"
591,0.02971321,"{""0-1"": 0.05767156183719635, ""0-2"": 0.03125166893005371, ""1-2"": 0.00021639197075273842}"
592,-0.05057182,"{""0-1"": -0.009701892733573914, ""0-2"": 0.028575489297509193, ""1-2"": -0.17058904469013214}"
593,-0.00878101,"{""0-1"": 0.035748258233070374, ""0-2"": -0.04863515496253967, ""1-2"": -0.013456137850880623}"
594,0.29191105,"{""0-1"": 0.010340643115341663, ""0-2"": -0.03213929012417793, ""1-2"": 0.8975318074226379}"
595,-0.12851154,"{""0-1"": -0.018183019012212753, ""0-2"": -0.36228305101394653, ""1-2"": -0.005068546626716852}"
596,0.02077877,"{""0-1"": 0.00860534142702818, ""0-2"": 0.10537925362586975, ""1-2"": -0.05164829641580582}"
597,0.00566552,"{""0-1"": 0.13072381913661957, ""0-2"": -0.11383777111768723, ""1-2"": 0.00011049945169361308}"
598,0.32466493,"{""0-1"": 0.9536352753639221, ""0-2"": -0.017378458753228188, ""1-2"": 0.037737973034381866}"
599,0.03432402,"{""0-1"": 0.08406366407871246, ""0-2"": -0.018385695293545723, ""1-2"": 0.037294089794158936}"
600,0.36181728,"{""0-1"": 0.14307953417301178, ""0-2"": 0.05458294600248337, ""1-2"": 0.8877893686294556}"
601,-0.05300093,"{""0-1"": -0.0462392121553421, ""0-2"": 0.011738757602870464, ""1-2"": -0.12450234591960907}"
602,0.00000000,{}
603,0.10721490,"{""0-1"": 0.1974097639322281, ""0-2"": 0.1529553085565567, ""1-2"": -0.028720363974571228}"
604,0.06471664,"{""0-1"": 0.18193180859088898, ""0-2"": -0.009304535575211048, ""1-2"": 0.021522633731365204}"
605,0.06709379,"{""0-1"": -0.1384996771812439, ""0-2"": 0.24314145743846893, ""1-2"": 0.09663959592580795}"
606,0.29853111,"{""0-1"": -0.02857574261724949, ""0-2"": 0.0340837799012661, ""1-2"": 0.8900852799415588}"
607,0.59527612,"{""0-1"": 0.5952761173248291}"
608,0.99996769,"{""0-1"": 0.9999676942825317}"
609,0.10349418,"{""0-1"": 0.2544671893119812, ""0-2"": 0.009534776210784912, ""1-2"": 0.04648057743906975}"
610,0.22314821,"{""0-1"": 0.06974657624959946, ""0-2"": -0.05391550064086914, ""1-2"": 0.6536135673522949}"
611,0.43205129,"{""0-1"": 0.8843370079994202, ""0-2"": 0.06456243991851807, ""1-2"": 0.3472544252872467}"
612,0.00000000,{}
613,0.99996769,"{""0-1"": 0.9999676942825317}"
614,0.03775889,"{""0-1"": 0.1495102196931839, ""0-2"": -0.04275555908679962, ""1-2"": 0.006522000301629305}"
615,0.11206599,"{""0-1"": 0.11206598579883575}"
616,-0.01973848,"{""0-1"": -0.08565063029527664, ""0-2"": 0.08962157368659973, ""1-2"": -0.06318637728691101}"
617,-0.01243104,"{""0-1"": -0.08905723690986633, ""0-2"": -0.016582109034061432, ""1-2"": 0.06834623217582703}"
618,0.08347683,"{""0-1"": 0.08347682654857635}"
619,0.02483987,"{""0-1"": 0.024839868769049644}"
620,0.07695836,"{""0-1"": 0.24954691529273987, ""0-2"": 0.07675538957118988, ""1-2"": -0.09542721509933472}"
621,0.99998629,"{""0-1"": 0.9999862909317017}"
622,0.00000000,{}
624,0.01539877,"{""0-1"": 0.07532475143671036, ""0-2"": -0.05393172800540924, ""1-2"": 0.0248032845556736}"
625,0.09688855,"{""0-1"": 0.19408471882343292, ""0-2"": 0.08729609847068787, ""1-2"": 0.009284839034080505}"
626,0.05594602,"{""0-1"": 0.12300257384777069, ""0-2"": 0.05177217349410057, ""1-2"": -0.006936701945960522}"
627,0.09329349,"{""0-1"": 0.09682592004537582, ""0-2"": 0.045950766652822495, ""1-2"": 0.13710379600524902}"
628,0.02283625,"{""0-1"": 0.04558214172720909, ""0-2"": 0.06021666154265404, ""1-2"": -0.0372900515794754}"
629,0.00551037,"{""0-1"": -0.08534558117389679, ""0-2"": -0.04991721361875534, ""1-2"": 0.15179391205310822}"
630,0.00000000,{}
631,-0.03932047,"{""0-1"": -0.10840822011232376, ""0-2"": -0.007488710805773735, ""1-2"": -0.002064487664029002}"
632,0.30950394,"{""0-1"": -0.024909885600209236, ""0-2"": -0.020479921251535416, ""1-2"": 0.973901629447937}"
633,0.98372769,"{""0-1"": 0.9837276935577393}"
634,0.92236763,"{""0-1"": 0.9223676323890686}"
635,0.07872992,"{""0-1"": 0.13632285594940186, ""0-2"": -0.04387025907635689, ""1-2"": 0.14373716711997986}"
636,0.99372274,"{""0-1"": 0.9937227368354797}"
637,0.06042243,"{""0-1"": 0.11854671686887741, ""0-2"": 0.03211575001478195, ""1-2"": 0.030604828149080276}"
638,0.09379811,"{""0-1"": 0.09379810839891434}"
639,0.26503032,"{""0-1"": 0.2650303244590759}"
640,0.23452894,"{""0-1"": 0.23452894389629364}"
641,0.06931081,"{""0-1"": 0.06931081414222717}"
642,1.00000000,"{""0-1"": 1.0}"
643,0.00000000,{}
644,0.13041046,"{""0-1"": 0.30885785818099976, ""0-2"": 0.139369934797287, ""1-2"": -0.0569964200258255}"
645,-0.01884478,"{""0-1"": -0.15405645966529846, ""0-2"": 0.03724748268723488, ""1-2"": 0.0602746419608593}"
646,0.04204651,"{""0-1"": 0.04204650595784187}"
647,0.42367283,"{""0-1"": 0.4236728250980377}"
648,0.01687809,"{""0-1"": -0.052635181695222855, ""0-2"": 0.03673981502652168, ""1-2"": 0.06652962416410446}"
649,0.02621237,"{""0-1"": -0.04487697035074234, ""0-2"": 0.004284493625164032, ""1-2"": 0.11922959238290787}"
650,0.14125013,"{""0-1"": 0.1417553424835205, ""0-2"": 0.10004269331693649, ""1-2"": 0.1819523572921753}"
651,-0.02268445,"{""0-1"": -0.022684451192617416}"
652,0.00180234,"{""0-1"": -0.04399242624640465, ""0-2"": 0.04498182237148285, ""1-2"": 0.0044176289811730385}"
653,0.99999982,"{""0-1"": 0.9999998211860657}"
654,0.15131065,"{""0-1"": 0.15131065249443054}"
655,0.00401374,"{""0-1"": 0.12217225134372711, ""0-2"": -0.09812913835048676, ""1-2"": -0.012001881375908852}"
656,0.15217453,"{""0-1"": 0.12967292964458466, ""0-2"": -0.09432020038366318, ""1-2"": 0.4211708605289459}"
657,0.19531847,"{""0-1"": -0.06804387271404266, ""0-2"": -0.06410025805234909, ""1-2"": 0.7180995345115662}"
658,0.16642622,"{""0-1"": -0.07073014229536057, ""0-2"": 0.1523868888616562, ""1-2"": 0.417621910572052}"
659,0.16608328,"{""0-1"": 0.060116153210401535, ""0-2"": 0.3230046033859253, ""1-2"": 0.11512906849384308}"
660,0.50024606,"{""0-1"": 0.3373383581638336, ""0-2"": 0.18120861053466797, ""1-2"": 0.9821912050247192}"
661,0.93501610,"{""0-1"": 0.9350160956382751}"
662,0.06576910,"{""0-1"": 0.38072261214256287, ""0-2"": -0.13823066651821136, ""1-2"": -0.045184653252363205}"
663,0.03554359,"{""0-1"": 0.09980622678995132, ""0-2"": -0.06765619665384293, ""1-2"": 0.07448073476552963}"
664,0.36816743,"{""0-1"": 0.06583759933710098, ""0-2"": 0.2845594882965088, ""1-2"": 0.7541052103042603}"
665,0.10349418,"{""0-1"": 0.2544671893119812, ""0-2"": 0.009534776210784912, ""1-2"": 0.04648057743906975}"
666,-0.03371921,"{""0-1"": -0.002827276010066271, ""0-2"": 0.0030834716744720936, ""1-2"": -0.10141381621360779}"
667,0.99999988,"{""0-1"": 0.9999998807907104}"
668,0.31651694,"{""0-1"": 0.3165169358253479}"
669,0.35323790,"{""0-1"": 0.35323789715766907}"
670,1.00000012,"{""0-1"": 1.0000001192092896}"
671,0.08835787,"{""0-1"": 0.11340087652206421, ""0-2"": 0.10538622736930847, ""1-2"": 0.04628651961684227}"
672,0.42331930,"{""0-1"": 0.9973248839378357, ""0-2"": 0.11911379545927048, ""1-2"": 0.15351922810077667}"
673,-0.15267614,"{""0-1"": -0.15267613530158997}"
674,0.02381150,"{""0-1"": 0.023811500519514084}"
675,0.38719651,"{""0-1"": 0.12767936289310455, ""0-2"": 0.19138562679290771, ""1-2"": 0.842524528503418}"
676,-0.10353000,"{""0-1"": -0.10353000462055206}"
677,-0.00509105,"{""0-1"": -0.010401996783912182, ""0-2"": -0.009245646186172962, ""1-2"": 0.004374487791210413}"
678,0.03728686,"{""0-1"": -0.04180927202105522, ""0-2"": 0.17662201821804047, ""1-2"": -0.02295217663049698}"
679,0.00000000,{}
680,0.01751338,"{""0-1"": 0.06549257040023804, ""0-2"": -0.044335633516311646, ""1-2"": 0.031383216381073}"
681,0.41088447,"{""0-1"": 0.41088446974754333}"
682,0.66165423,"{""0-1"": 0.6616542339324951}"
683,0.18513335,"{""0-1"": 0.18513335287570953}"
684,-0.01806903,"{""0-1"": -0.1299598664045334, ""0-2"": 0.090898297727108, ""1-2"": -0.015145513229072094}"
685,0.67169762,"{""0-1"": 0.6716976165771484}"
686,0.15914510,"{""0-1"": 0.15914510190486908}"
687,-0.09037994,"{""0-1"": -0.09037993848323822}"
688,0.00707478,"{""0-1"": 0.013592749834060669, ""0-2"": -0.004728792700916529, ""1-2"": 0.012360378168523312}"
689,0.16188076,"{""0-1"": 0.5236130952835083, ""0-2"": -0.012828536331653595, ""1-2"": -0.025142276659607887}"
690,1.00000000,"{""0-1"": 1.0}"
691,-0.02075825,"{""0-1"": 0.022026343271136284, ""0-2"": -0.04725700616836548, ""1-2"": -0.037044089287519455}"
692,-0.01596639,"{""0-1"": -0.1126859188079834, ""0-2"": 0.01607857085764408, ""1-2"": 0.048708174377679825}"
693,0.16985017,"{""0-1"": 0.1990354359149933, ""0-2"": 0.07583167403936386, ""1-2"": 0.23468340933322906}"
694,0.99999982,"{""0-1"": 0.9999998211860657}"
695,0.99999994,"{""0-1"": 0.9999999403953552}"
696,0.33490040,"{""0-1"": 0.02172495424747467, ""0-2"": 0.06771842390298843, ""1-2"": 0.9152578115463257}"
697,-0.04563505,"{""0-1"": -0.0062127192504704, ""0-2"": -0.11828841269016266, ""1-2"": -0.012404016219079494}"
698,0.34427270,"{""0-1"": 0.05062957480549812, ""0-2"": 0.011148986406624317, ""1-2"": 0.9710395336151123}"
699,0.07816884,"{""0-1"": 0.058578748255968094, ""0-2"": 0.16445709764957428, ""1-2"": 0.011470682919025421}"
700,-0.03882282,"{""0-1"": -0.0665440484881401, ""0-2"": -0.04210672155022621, ""1-2"": -0.007817699573934078}"
701,-0.02270781,"{""0-1"": -0.0776732787489891, ""0-2"": -0.0020951079204678535, ""1-2"": 0.011644956655800343}"
702,0.04873891,"{""0-1"": 0.16484464704990387, ""0-2"": 0.03991615027189255, ""1-2"": -0.05854406952857971}"
703,0.07042672,"{""0-1"": 0.035077519714832306, ""0-2"": 0.08397804945707321, ""1-2"": 0.0922246053814888}"
704,0.05279262,"{""0-1"": 0.08834811300039291, ""0-2"": 0.048004209995269775, ""1-2"": 0.02202552556991577}"
705,0.18097121,"{""0-1"": 0.0733458399772644, ""0-2"": 0.4580938220024109, ""1-2"": 0.011473972350358963}"
706,0.05239912,"{""0-1"": 0.05239911749958992}"
707,0.05268385,"{""0-1"": 0.07697292417287827, ""0-2"": 0.06633475422859192, ""1-2"": 0.014743870124220848}"
708,0.02763384,"{""0-1"": 0.019914187490940094, ""0-2"": 0.04828719422221184, ""1-2"": 0.014700149185955524}"
709,0.14332273,"{""0-1"": -0.028965367004275322, ""0-2"": -0.07690807431936264, ""1-2"": 0.5358416438102722}"
710,0.00000000,{}
711,0.01919970,"{""0-1"": 0.01919970102608204}"
712,0.42548779,"{""0-1"": 0.6997831463813782, ""0-2"": 0.013167295604944229, ""1-2"": 0.563512921333313}"
713,0.00410102,"{""0-1"": 0.018156014382839203, ""0-2"": -0.03426695987582207, ""1-2"": 0.02841399610042572}"
714,0.02961336,"{""0-1"": 0.02961336262524128}"
715,0.34002357,"{""0-1"": 0.26336613297462463, ""0-2"": 0.5381444692611694, ""1-2"": 0.2185601145029068}"
716,0.40105158,"{""0-1"": 0.4215455949306488, ""0-2"": 0.4198780059814453, ""1-2"": 0.3617311418056488}"
717,0.99996769,"{""0-1"": 0.9999676942825317}"
718,-0.00142764,"{""0-1"": -0.0014276388101279736}"
719,0.28810645,"{""0-1"": -0.0003103897615801543, ""0-2"": 0.7360431551933289, ""1-2"": 0.1285865753889084}"
720,0.08525656,"{""0-1"": -0.11723575741052628, ""0-2"": 0.11911196261644363, ""1-2"": 0.2538934648036957}"
721,0.28231324,"{""0-1"": -0.07996772229671478, ""0-2"": -0.0661456510424614, ""1-2"": 0.9930530786514282}"
722,0.03785311,"{""0-1"": 0.11952628940343857, ""0-2"": 0.052906133234500885, ""1-2"": -0.05887310206890106}"
723,-0.05538861,"{""0-1"": 0.03496613726019859, ""0-2"": -0.13699589669704437, ""1-2"": -0.0641360729932785}"
724,0.00325688,"{""0-1"": 0.06473559886217117, ""0-2"": 0.017050612717866898, ""1-2"": -0.07201558351516724}"
725,-0.10353000,"{""0-1"": -0.10353000462055206}"
726,0.24353529,"{""0-1"": 0.507169783115387, ""0-2"": 0.105957992374897, ""1-2"": 0.11747808754444122}"
727,-0.02289016,"{""0-1"": 0.04394756257534027, ""0-2"": -0.12488197535276413, ""1-2"": 0.012263946235179901}"
728,0.03647492,"{""0-1"": 0.1539461314678192, ""0-2"": -0.02820291556417942, ""1-2"": -0.01631845533847809}"
729,0.05145199,"{""0-1"": 0.07001401484012604, ""0-2"": 0.04930008947849274, ""1-2"": 0.03504186123609543}"
730,0.00000000,{}
731,0.41360482,"{""0-1"": 0.09887614101171494, ""0-2"": 0.18332672119140625, ""1-2"": 0.9586116075515747}"
732,-0.03519379,"{""0-1"": -0.12484080344438553, ""0-2"": 0.038936417549848557, ""1-2"": -0.019676996394991875}"
733,1.00000012,"{""0-1"": 1.0000001192092896}"
734,0.26785327,"{""0-1"": 0.7287275791168213, ""0-2"": 0.0023836984764784575, ""1-2"": 0.07244853675365448}"
735,0.21581933,"{""0-1"": 0.6431307196617126, ""0-2"": 0.01895066909492016, ""1-2"": -0.014623395167291164}"
736,0.15914510,"{""0-1"": 0.15914510190486908}"
737,0.00879287,"{""0-1"": 0.007881345227360725, ""0-2"": 0.011783111840486526, ""1-2"": 0.00671416288241744}"
738,-0.00839926,"{""0-1"": -0.008399264886975288}"
739,0.12522073,"{""0-1"": 0.12522073090076447}"
740,0.11405183,"{""0-1"": 0.11405183374881744}"
741,0.10615545,"{""0-1"": 0.09165206551551819, ""0-2"": 0.08661495894193649, ""1-2"": 0.14019933342933655}"
742,0.15825284,"{""0-1"": -0.09212730824947357, ""0-2"": -0.14799053966999054, ""1-2"": 0.7148763537406921}"
743,0.00000000,{}
744,0.06023875,"{""0-1"": -0.039797525852918625, ""0-2"": 0.1350274533033371, ""1-2"": 0.08548633009195328}"
745,0.13454396,"{""0-1"": -0.023965511471033096, ""0-2"": 0.28402525186538696, ""1-2"": 0.1435721516609192}"
746,0.74713200,"{""0-1"": 0.7471320033073425}"
747,0.13797856,"{""0-1"": 0.42235803604125977, ""0-2"": 0.06975649297237396, ""1-2"": -0.07817886024713516}"
748,-0.03778108,"{""0-1"": -0.029849650338292122, ""0-2"": 0.004041201435029507, ""1-2"": -0.08753479272127151}"
749,0.00000000,{}
750,0.74713200,"{""0-1"": 0.7471320033073425}"
751,0.06620381,"{""0-1"": 0.06620381027460098}"
752,0.24879972,"{""0-1"": 0.8162344098091125, ""0-2"": -0.02009001560509205, ""1-2"": -0.04974524676799774}"
753,0.34224410,"{""0-1"": 0.007962179370224476, ""0-2"": 0.07124236226081848, ""1-2"": 0.9475277662277222}"
754,0.02614371,"{""0-1"": 0.10292448103427887, ""0-2"": -0.047818318009376526, ""1-2"": 0.023324981331825256}"
755,-0.01817022,"{""0-1"": -0.060037095099687576, ""0-2"": -0.011965067125856876, ""1-2"": 0.017491502687335014}"
756,0.26143522,"{""0-1"": 0.6409797072410583, ""0-2"": -0.01698899455368519, ""1-2"": 0.16031496226787567}"
757,0.18882967,"{""0-1"": 0.04160478711128235, ""0-2"": 0.39330291748046875, ""1-2"": 0.13158129155635834}"
758,-0.06582544,"{""0-1"": -0.0658254399895668}"
759,0.25207433,"{""0-1"": -0.01305971760302782, ""0-2"": -0.12456868588924408, ""1-2"": 0.8938513994216919}"
760,0.00325688,"{""0-1"": 0.06473559886217117, ""0-2"": 0.017050612717866898, ""1-2"": -0.07201558351516724}"
761,0.07493516,"{""0-1"": 0.12204568088054657, ""0-2"": -0.02467651106417179, ""1-2"": 0.1274363100528717}"
762,0.99999988,"{""0-1"": 0.9999998807907104}"
763,0.16197932,"{""0-1"": 0.1619793176651001}"
764,0.40618014,"{""0-1"": 0.40618014335632324}"
765,0.08083769,"{""0-1"": 0.0808376893401146}"
766,0.02763384,"{""0-1"": 0.019914187490940094, ""0-2"": 0.04828719422221184, ""1-2"": 0.014700149185955524}"
767,0.11443224,"{""0-1"": 0.05824033170938492, ""0-2"": 0.06393089890480042, ""1-2"": 0.22112548351287842}"
768,0.00000000,{}
769,0.85389233,"{""0-1"": 0.8538923263549805}"
770,0.33977064,"{""0-1"": 0.02970384806394577, ""0-2"": 0.09098382294178009, ""1-2"": 0.8986242413520813}"
771,0.10887442,"{""0-1"": 0.021049367263913155, ""0-2"": 0.2775222063064575, ""1-2"": 0.028051696717739105}"
772,0.35529099,"{""0-1"": 0.06048448011279106, ""0-2"": 0.06459414213895798, ""1-2"": 0.9407943487167358}"
773,0.05128232,"{""0-1"": 0.00198093568906188, ""0-2"": 0.038477685302495956, ""1-2"": 0.11338834464550018}"
774,0.01482552,"{""0-1"": 0.014825515449047089}"
775,0.16225633,"{""0-1"": 0.3375686705112457, ""0-2"": 0.13323798775672913, ""1-2"": 0.01596231944859028}"
776,0.00000000,{}
777,-0.04859749,"{""0-1"": -0.05882955342531204, ""0-2"": -0.012512129731476307, ""1-2"": -0.0744507759809494}"
778,0.23038050,"{""0-1"": -0.05092521756887436, ""0-2"": -0.06208057701587677, ""1-2"": 0.8041473031044006}"
779,0.05905987,"{""0-1"": 0.0013437374727800488, ""0-2"": 0.058067504316568375, ""1-2"": 0.11776836961507797}"
780,0.99998629,"{""0-1"": 0.9999862909317017}"
781,0.98990077,"{""0-1"": 0.9899007678031921}"
782,0.42882824,"{""0-1"": 0.998113751411438, ""0-2"": 0.12114069610834122, ""1-2"": 0.1672302633523941}"
783,0.04826264,"{""0-1"": 0.08210229873657227, ""0-2"": 0.037548843771219254, ""1-2"": 0.02513677068054676}"
784,0.99635375,"{""0-1"": 0.9963537454605103}"
785,0.08831889,"{""0-1"": -0.05310574546456337, ""0-2"": 0.27380773425102234, ""1-2"": 0.044254668056964874}"
786,0.37856357,"{""0-1"": 0.29762062430381775, ""0-2"": 0.7377287745475769, ""1-2"": 0.1003413200378418}"
787,0.06207726,"{""0-1"": -0.011931231245398521, ""0-2"": 0.005052925553172827, ""1-2"": 0.19311009347438812}"
788,-0.02655668,"{""0-1"": -0.08720990270376205, ""0-2"": -0.039553020149469376, ""1-2"": 0.047092873603105545}"
789,0.05971285,"{""0-1"": 0.05971285328269005}"
790,0.43128443,"{""0-1"": 0.43128442764282227}"
791,0.99999797,"{""0-1"": 0.9999979734420776}"
792,0.51119732,"{""0-1"": 0.8609513640403748, ""0-2"": 0.3471931219100952, ""1-2"": 0.3254474699497223}"
793,-0.02675133,"{""0-1"": -0.040880851447582245, ""0-2"": 0.02882462367415428, ""1-2"": -0.06819777190685272}"
794,0.02542838,"{""0-1"": -0.05073683336377144, ""0-2"": 0.18628397583961487, ""1-2"": -0.05926200747489929}"
795,0.28693347,"{""0-1"": 0.017697056755423546, ""0-2"": -0.020945947617292404, ""1-2"": 0.8640493154525757}"
796,-0.01518003,"{""0-1"": -0.015180034562945366}"
797,0.39961318,"{""0-1"": 0.4899439215660095, ""0-2"": 0.04226182401180267, ""1-2"": 0.6666337847709656}"
798,0.00926730,"{""0-1"": -0.07460751384496689, ""0-2"": 0.09506535530090332, ""1-2"": 0.007344066631048918}"
799,0.55477500,"{""0-1"": 0.5547749996185303}"
800,0.08522407,"{""0-1"": 0.13829375803470612, ""0-2"": -0.12965638935565948, ""1-2"": 0.24703484773635864}"
801,-0.02099388,"{""0-1"": -0.013402589596807957, ""0-2"": 0.021787235513329506, ""1-2"": -0.07136627286672592}"
802,0.00000000,{}
803,-0.03242623,"{""0-1"": -0.06099634990096092, ""0-2"": -0.05351182445883751, ""1-2"": 0.0172294732183218}"
804,0.18551883,"{""0-1"": 0.18551883101463318}"
805,0.08784331,"{""0-1"": 0.08784330636262894}"
806,0.05268385,"{""0-1"": 0.07697292417287827, ""0-2"": 0.06633475422859192, ""1-2"": 0.014743870124220848}"
807,0.07304907,"{""0-1"": 0.46692922711372375, ""0-2"": -0.14245645701885223, ""1-2"": -0.10532554984092712}"
808,-0.03048064,"{""0-1"": -0.05769485607743263, ""0-2"": -0.04170941561460495, ""1-2"": 0.00796233955770731}"
809,0.37710741,"{""0-1"": 0.3771074116230011}"
810,0.00239597,"{""0-1"": -0.08060932904481888, ""0-2"": 0.04362913966178894, ""1-2"": 0.04416811093688011}"
811,-0.06325378,"{""0-1"": -0.14386285841464996, ""0-2"": -0.039177604019641876, ""1-2"": -0.006720869801938534}"
812,0.07827985,"{""0-1"": 0.04713171347975731, ""0-2"": 0.06963362544775009, ""1-2"": 0.1180742159485817}"
813,0.09942112,"{""0-1"": 0.10968203842639923, ""0-2"": 0.0883328914642334, ""1-2"": 0.10024842619895935}"
814,0.00000000,{}
815,0.12246156,"{""0-1"": 0.4699810743331909, ""0-2"": -0.0939018651843071, ""1-2"": -0.008694537915289402}"
816,0.00000000,{}
817,0.34421571,"{""0-1"": 0.9341977834701538, ""0-2"": 0.03358187898993492, ""1-2"": 0.06486747413873672}"
818,0.65840834,"{""0-1"": 0.6584083437919617}"
819,-0.00600052,"{""0-1"": -0.04205431789159775, ""0-2"": 0.02825085073709488, ""1-2"": -0.004198088310658932}"
820,0.02789197,"{""0-1"": 0.027891967445611954}"
821,0.01971363,"{""0-1"": -0.01762828230857849, ""0-2"": 0.040085338056087494, ""1-2"": 0.036683835089206696}"
822,-0.04119243,"{""0-1"": 0.01320449449121952, ""0-2"": -0.20938128232955933, ""1-2"": 0.07259950041770935}"
823,0.05620464,"{""0-1"": -0.09084215015172958, ""0-2"": 0.2716931700706482, ""1-2"": -0.012237105518579483}"
824,-0.00473314,"{""0-1"": 0.04755118861794472, ""0-2"": -0.15294532477855682, ""1-2"": 0.09119471907615662}"
825,0.36861441,"{""0-1"": 0.6454743146896362, ""0-2"": 0.22538362443447113, ""1-2"": 0.23498529195785522}"
826,0.21730887,"{""0-1"": 0.37593063712120056, ""0-2"": 0.03737789765000343, ""1-2"": 0.23861806094646454}"
827,-0.01161819,"{""0-1"": -0.052423860877752304, ""0-2"": -0.09506265074014664, ""1-2"": 0.11263194680213928}"
828,0.97274673,"{""0-1"": 0.972746729850769}"
829,0.99562562,"{""0-1"": 0.9956256151199341}"
830,0.31828635,"{""0-1"": 0.05861951410770416, ""0-2"": 0.0455869659781456, ""1-2"": 0.8506525754928589}"
831,0.00172891,"{""0-1"": 0.006167151965200901, ""0-2"": -0.014179853722453117, ""1-2"": 0.013199442066252232}"
832,0.00000000,{}
833,0.16850636,"{""0-1"": 0.12223885208368301, ""0-2"": 0.23330813646316528, ""1-2"": 0.1499720960855484}"
834,-0.00300785,"{""0-1"": -0.054562758654356, ""0-2"": 0.07231854647397995, ""1-2"": -0.026779349893331528}"
835,0.01835033,"{""0-1"": 0.018350334838032722}"
836,0.31453810,"{""0-1"": 0.0022232523187994957, ""0-2"": 0.01750612072646618, ""1-2"": 0.923884928226471}"
837,0.28315425,"{""0-1"": 0.2831542491912842}"
838,0.00000000,{}
839,-0.00553870,"{""0-1"": 0.07233580201864243, ""0-2"": -0.09059927612543106, ""1-2"": 0.0016473743598908186}"
840,0.12823491,"{""0-1"": 0.14706699550151825, ""0-2"": 0.25334376096725464, ""1-2"": -0.015706028789281845}"
841,-0.03821966,"{""0-1"": 0.03496674448251724, ""0-2"": -0.14458733797073364, ""1-2"": -0.005038371775299311}"
842,-0.05879281,"{""0-1"": -0.017153354361653328, ""0-2"": -0.11280372738838196, ""1-2"": -0.04642133414745331}"
843,0.15577012,"{""0-1"": 0.43204164505004883, ""0-2"": -0.0910910964012146, ""1-2"": 0.12635980546474457}"
844,0.04719571,"{""0-1"": 0.047195710241794586}"
845,-0.15267614,"{""0-1"": -0.15267613530158997}"
846,-0.03189108,"{""0-1"": -0.03443443402647972, ""0-2"": 0.05918863043189049, ""1-2"": -0.12042742967605591}"
847,0.00000000,{}
848,0.99997330,"{""0-1"": 0.9999732971191406}"
849,0.66775173,"{""0-1"": 0.6677517294883728}"
850,-0.03253618,"{""0-1"": -0.07521135360002518, ""0-2"": -0.034359462559223175, ""1-2"": 0.011962268501520157}"
851,0.12994900,"{""0-1"": 0.12994900345802307}"
852,-0.10843469,"{""0-1"": -0.11038912832736969, ""0-2"": -0.24953605234622955, ""1-2"": 0.03462109714746475}"
853,0.03164342,"{""0-1"": -0.07402559369802475, ""0-2"": 0.08794709295034409, ""1-2"": 0.08100876957178116}"
854,0.08745203,"{""0-1"": 0.2534863352775574, ""0-2"": -0.011389422230422497, ""1-2"": 0.02025916799902916}"
855,0.37404665,"{""0-1"": 0.9986822605133057, ""0-2"": 0.06500022858381271, ""1-2"": 0.058457449078559875}"
856,0.97882676,"{""0-1"": 0.9788267612457275}"
857,0.33752782,"{""0-1"": 0.06076585873961449, ""0-2"": 0.11006800085306168, ""1-2"": 0.8417496085166931}"
858,-0.00366290,"{""0-1"": -0.012044842354953289, ""0-2"": -0.0046236552298069, ""1-2"": 0.005679791793227196}"
859,0.37808278,"{""0-1"": 0.36001619696617126, ""0-2"": 0.05395416542887688, ""1-2"": 0.7202779650688171}"
860,0.00000000,{}
861,-0.01322157,"{""0-1"": 0.018976284191012383, ""0-2"": -0.10204128921031952, ""1-2"": 0.043400298804044724}"
862,0.22850273,"{""0-1"": 0.22932103276252747, ""0-2"": 0.106541208922863, ""1-2"": 0.3496459424495697}"
863,0.11443802,"{""0-1"": 0.1144380196928978}"
864,0.99289566,"{""0-1"": 0.9928956627845764}"
865,0.01577262,"{""0-1"": 0.018181482329964638, ""0-2"": -0.02207101136445999, ""1-2"": 0.05120740085840225}"
866,0.37353451,"{""0-1"": 0.9678659439086914, ""0-2"": 0.19238363206386566, ""1-2"": -0.03964604064822197}"
867,0.08327621,"{""0-1"": 0.361208975315094, ""0-2"": -0.10392747074365616, ""1-2"": -0.007452887482941151}"
868,0.12483284,"{""0-1"": 0.12483283877372742}"
869,0.04673792,"{""0-1"": 0.005310865584760904, ""0-2"": 0.019250161945819855, ""1-2"": 0.11565272510051727}"
870,0.13285148,"{""0-1"": 0.339713454246521, ""0-2"": -0.004619685001671314, ""1-2"": 0.06346067786216736}"
871,0.09465718,"{""0-1"": 0.13617199659347534, ""0-2"": -0.0057703605853021145, ""1-2"": 0.15356990694999695}"
872,-0.07771640,"{""0-1"": -0.33057916164398193, ""0-2"": -0.0010029033292084932, ""1-2"": 0.09843286126852036}"
873,0.00000000,{}
874,-0.04895522,"{""0-1"": -0.03451602905988693, ""0-2"": -0.05081320181488991, ""1-2"": -0.06153643876314163}"
875,0.05340320,"{""0-1"": 0.02836264856159687, ""0-2"": 0.1031886488199234, ""1-2"": 0.028658295050263405}"
876,0.06803690,"{""0-1"": -0.04485100135207176, ""0-2"": 0.20039862394332886, ""1-2"": 0.048563066869974136}"
877,-0.02487059,"{""0-1"": -0.05336777865886688, ""0-2"": -0.022157205268740654, ""1-2"": 0.0009132205741479993}"
878,0.01393915,"{""0-1"": 0.0607878603041172, ""0-2"": 0.002873356221243739, ""1-2"": -0.021843764930963516}"
879,0.57708759,"{""0-1"": 0.6310034990310669, ""0-2"": 0.30053064227104187, ""1-2"": 0.7997286319732666}"
880,0.34146178,"{""0-1"": 0.34146177768707275}"
881,-0.02364778,"{""0-1"": -0.02364778332412243}"
882,-0.05402028,"{""0-1"": -0.1094113141298294, ""0-2"": -0.11128867417573929, ""1-2"": 0.058639153838157654}"
883,-0.01039100,"{""0-1"": -0.05334796383976936, ""0-2"": 0.014261260628700256, ""1-2"": 0.007913701236248016}"
884,-0.01192537,"{""0-1"": -0.09468312561511993, ""0-2"": 0.06639780849218369, ""1-2"": -0.007490804884582758}"
885,-0.00047462,"{""0-1"": -0.018356701359152794, ""0-2"": 0.01666017435491085, ""1-2"": 0.000272677862085402}"
886,0.10276836,"{""0-1"": 0.23149414360523224, ""0-2"": 0.109153613448143, ""1-2"": -0.032342664897441864}"
887,0.10349418,"{""0-1"": 0.2544671893119812, ""0-2"": 0.009534776210784912, ""1-2"": 0.04648057743906975}"
888,0.00172891,"{""0-1"": 0.006167151965200901, ""0-2"": -0.014179853722453117, ""1-2"": 0.013199442066252232}"
889,0.09379811,"{""0-1"": 0.09379810839891434}"
890,0.10349418,"{""0-1"": 0.2544671893119812, ""0-2"": 0.009534776210784912, ""1-2"": 0.04648057743906975}"
891,0.06658171,"{""0-1"": 0.1567537635564804, ""0-2"": 0.038359057158231735, ""1-2"": 0.004632310941815376}"
892,0.31656301,"{""0-1"": 0.07504531741142273, ""0-2"": 0.44486749172210693, ""1-2"": 0.42977622151374817}"
893,0.37756286,"{""0-1"": 0.9991487264633179, ""0-2"": 0.06785760074853897, ""1-2"": 0.06568226218223572}"
894,0.20410988,"{""0-1"": -0.012007858604192734, ""0-2"": 0.24518650770187378, ""1-2"": 0.37915098667144775}"
895,0.99728370,"{""0-1"": 0.9972836971282959}"
896,0.03776784,"{""0-1"": 0.020609837025403976, ""0-2"": 0.0813210979104042, ""1-2"": 0.011372574605047703}"
897,0.08783410,"{""0-1"": 0.08783410489559174}"
898,-0.11039317,"{""0-1"": -0.23774079978466034, ""0-2"": -0.063090480864048, ""1-2"": -0.030348218977451324}"
899,0.01763926,"{""0-1"": 0.18532174825668335, ""0-2"": -0.05277983099222183, ""1-2"": -0.07962413877248764}"
900,0.04540854,"{""0-1"": 0.03151921182870865, ""0-2"": -0.02636449597775936, ""1-2"": 0.13107089698314667}"
901,0.00879287,"{""0-1"": 0.007881345227360725, ""0-2"": 0.011783111840486526, ""1-2"": 0.00671416288241744}"
902,1.00000024,"{""0-1"": 1.000000238418579}"
903,0.00000000,{}
904,0.04360225,"{""0-1"": 0.04916982352733612, ""0-2"": 0.10410823673009872, ""1-2"": -0.022471321746706963}"
905,-0.02213737,"{""0-1"": -0.022137371823191643}"
906,0.37972844,"{""0-1"": 0.37972843647003174}"
907,0.00887719,"{""0-1"": 0.008310608565807343, ""0-2"": -0.004037680570036173, ""1-2"": 0.022358635440468788}"
908,-0.07958032,"{""0-1"": -0.08908546715974808, ""0-2"": 0.0030814888887107372, ""1-2"": -0.15273697674274445}"
909,-0.03947049,"{""0-1"": 0.024390054866671562, ""0-2"": -0.10677040368318558, ""1-2"": -0.03603113442659378}"
910,-0.00519296,"{""0-1"": -0.07147117704153061, ""0-2"": 0.014982637017965317, ""1-2"": 0.04090966656804085}"
911,0.38420321,"{""0-1"": 0.036931272596120834, ""0-2"": 0.297712504863739, ""1-2"": 0.8179658651351929}"
912,0.38143623,"{""0-1"": 0.06710580736398697, ""0-2"": 0.17677226662635803, ""1-2"": 0.9004306197166443}"
913,0.49402985,"{""0-1"": 0.49402984976768494}"
914,0.39691651,"{""0-1"": 0.9500813484191895, ""0-2"": 0.18666043877601624, ""1-2"": 0.054007742553949356}"
915,0.05501590,"{""0-1"": 0.09359688311815262, ""0-2"": 0.07673200219869614, ""1-2"": -0.005281183868646622}"
916,-0.02840607,"{""0-1"": -0.06722782552242279, ""0-2"": 0.014246383681893349, ""1-2"": -0.03223678097128868}"
917,-0.07311018,"{""0-1"": -0.05229037255048752, ""0-2"": -0.05917660519480705, ""1-2"": -0.10786356776952744}"
918,0.99996769,"{""0-1"": 0.9999676942825317}"
919,0.00000000,{}
920,0.02203699,"{""0-1"": 0.046028561890125275, ""0-2"": 0.009980724193155766, ""1-2"": 0.01010169554501772}"
921,0.14081665,"{""0-1"": 0.15156255662441254, ""0-2"": -0.013457666151225567, ""1-2"": 0.2843450605869293}"
922,-0.00400445,"{""0-1"": 0.027053462341427803, ""0-2"": 0.031455039978027344, ""1-2"": -0.07052183896303177}"
923,0.00000000,{}
924,0.26849694,"{""0-1"": 0.6038392186164856, ""0-2"": 0.12435778230428696, ""1-2"": 0.07729382812976837}"
925,-0.02001416,"{""0-1"": -0.061781272292137146, ""0-2"": 0.03159027174115181, ""1-2"": -0.02985147200524807}"
926,0.25344735,"{""0-1"": 0.25344735383987427}"
927,0.35724188,"{""0-1"": 0.7183456420898438, ""0-2"": 0.23641471564769745, ""1-2"": 0.11696527153253555}"
928,0.42882824,"{""0-1"": 0.998113751411438, ""0-2"": 0.12114069610834122, ""1-2"": 0.1672302633523941}"
929,0.27251567,"{""0-1"": 0.574155867099762, ""0-2"": 0.1694050282239914, ""1-2"": 0.07398611307144165}"
930,0.31924876,"{""0-1"": 0.9078142046928406, ""0-2"": 0.01820257492363453, ""1-2"": 0.031729500740766525}"
931,0.05975408,"{""0-1"": 0.059754081070423126}"
932,0.01702334,"{""0-1"": -0.07237742841243744, ""0-2"": -0.14499366283416748, ""1-2"": 0.2684411108493805}"
933,0.37585869,"{""0-1"": 0.9961907267570496, ""0-2"": 0.06834235787391663, ""1-2"": 0.06304298341274261}"
934,0.02603612,"{""0-1"": -0.04523303732275963, ""0-2"": -0.09779512882232666, ""1-2"": 0.22113654017448425}"
935,0.42331930,"{""0-1"": 0.9973248839378357, ""0-2"": 0.11911379545927048, ""1-2"": 0.15351922810077667}"
936,0.07481562,"{""0-1"": 0.07481561601161957}"
937,0.09330867,"{""0-1"": 0.006676386576145887, ""0-2"": 0.06302589923143387, ""1-2"": 0.2102237194776535}"
938,0.07246090,"{""0-1"": -0.0538170263171196, ""0-2"": 0.07830490916967392, ""1-2"": 0.1928948163986206}"
939,0.12823491,"{""0-1"": 0.14706699550151825, ""0-2"": 0.25334376096725464, ""1-2"": -0.015706028789281845}"
940,0.23973243,"{""0-1"": 0.4224351644515991, ""0-2"": 0.05932086706161499, ""1-2"": 0.2374412566423416}"
941,0.15655891,"{""0-1"": -0.0897342637181282, ""0-2"": 0.4823315441608429, ""1-2"": 0.07707945257425308}"
942,0.04541218,"{""0-1"": -0.09698622673749924, ""0-2"": 0.2712368667125702, ""1-2"": -0.038014113903045654}"
943,0.47849321,"{""0-1"": 0.49133065342903137, ""0-2"": 0.10626567900180817, ""1-2"": 0.8378832936286926}"
944,0.00000000,{}
945,0.02022960,"{""0-1"": 0.05620163679122925, ""0-2"": -0.024703610688447952, ""1-2"": 0.0291907861828804}"
946,0.00266307,"{""0-1"": 0.004929906688630581, ""0-2"": -0.012065451592206955, ""1-2"": 0.015124750323593616}"
947,0.55477500,"{""0-1"": 0.5547749996185303}"
948,0.00204730,"{""0-1"": 0.0020472954493016005}"
949,-0.01809346,"{""0-1"": -0.08405205607414246, ""0-2"": 0.07376137375831604, ""1-2"": -0.04398969188332558}"
950,0.12578952,"{""0-1"": 0.12578952312469482}"
951,0.14750926,"{""0-1"": -0.10323455929756165, ""0-2"": 0.4841967225074768, ""1-2"": 0.061565615236759186}"
952,0.23567869,"{""0-1"": 0.6428834795951843, ""0-2"": 0.06102537363767624, ""1-2"": 0.003127203555777669}"
953,0.99999994,"{""0-1"": 0.9999999403953552}"
954,0.32780620,"{""0-1"": 0.3278062045574188}"
955,-0.06402165,"{""0-1"": -0.06402165442705154}"
956,0.43505631,"{""0-1"": 0.9985724091529846, ""0-2"": 0.13523995876312256, ""1-2"": 0.17135655879974365}"
957,0.02979582,"{""0-1"": 0.007780540268868208, ""0-2"": 0.14130756258964539, ""1-2"": -0.05970064550638199}"
958,0.00037569,"{""0-1"": 0.00037569133564829826}"
959,0.16458681,"{""0-1"": -0.10907803475856781, ""0-2"": -0.1860055774450302, ""1-2"": 0.7888440489768982}"
960,0.99998999,"{""0-1"": 0.9999899864196777}"
961,0.05760589,"{""0-1"": 0.06533912569284439, ""0-2"": 0.07913560420274734, ""1-2"": 0.028342926874756813}"
962,0.03569198,"{""0-1"": 0.10216505080461502, ""0-2"": -0.022278785705566406, ""1-2"": 0.02718966081738472}"
963,0.35363157,"{""0-1"": 0.20732228457927704, ""0-2"": 0.751193106174469, ""1-2"": 0.10237930715084076}"
964,-0.10242679,"{""0-1"": -0.09098009765148163, ""0-2"": -0.13464078307151794, ""1-2"": -0.08165949583053589}"
965,0.05563632,"{""0-1"": 0.022041985765099525, ""0-2"": 0.010820041410624981, ""1-2"": 0.13404692709445953}"
966,-0.00771301,"{""0-1"": -0.08620866388082504, ""0-2"": 0.042628273367881775, ""1-2"": 0.020441358909010887}"
967,0.09522273,"{""0-1"": 0.09522272646427155}"
968,0.02172650,"{""0-1"": 0.021726496517658234}"
969,0.21014783,"{""0-1"": 0.030738333240151405, ""0-2"": 0.019277581945061684, ""1-2"": 0.5804275870323181}"
970,0.07152809,"{""0-1"": 0.07152809202671051}"
971,0.37497659,"{""0-1"": 0.9989392161369324, ""0-2"": 0.06665526330471039, ""1-2"": 0.05933529883623123}"
972,0.00000000,{}
973,-0.01617121,"{""0-1"": -0.060349129140377045, ""0-2"": 0.036884892731904984, ""1-2"": -0.02504938654601574}"
974,0.17599726,"{""0-1"": 0.17599725723266602}"
975,-0.05149413,"{""0-1"": -0.07457299530506134, ""0-2"": -0.039409250020980835, ""1-2"": -0.04050014913082123}"
976,-0.01817022,"{""0-1"": -0.060037095099687576, ""0-2"": -0.011965067125856876, ""1-2"": 0.017491502687335014}"
977,0.04305853,"{""0-1"": 0.04142608493566513, ""0-2"": 0.008112871088087559, ""1-2"": 0.07963662594556808}"
978,0.00091760,"{""0-1"": -0.006717244628816843, ""0-2"": -0.019862955436110497, ""1-2"": 0.02933300845324993}"
979,0.72272015,"{""0-1"": 0.7227201461791992}"
980,0.00325688,"{""0-1"": 0.06473559886217117, ""0-2"": 0.017050612717866898, ""1-2"": -0.07201558351516724}"
981,-0.00155061,"{""0-1"": -0.001550614950247109}"
982,0.01879702,"{""0-1"": -0.051307037472724915, ""0-2"": 0.10319625586271286, ""1-2"": 0.004501852672547102}"
983,0.00315130,"{""0-1"": 0.05176273733377457, ""0-2"": -0.06831660121679306, ""1-2"": 0.026007773354649544}"
984,0.04323025,"{""0-1"": 0.11080333590507507, ""0-2"": 0.03933514654636383, ""1-2"": -0.020447727292776108}"
985,0.22338274,"{""0-1"": 0.4108521044254303, ""0-2"": -0.016991781070828438, ""1-2"": 0.27628788352012634}"
986,-0.04520015,"{""0-1"": -0.04520014673471451}"
987,0.44862330,"{""0-1"": 0.44862329959869385}"
988,0.02511089,"{""0-1"": 0.025110894814133644}"
989,0.31656301,"{""0-1"": 0.07504531741142273, ""0-2"": 0.44486749172210693, ""1-2"": 0.42977622151374817}"
990,0.03159296,"{""0-1"": -0.01761735789477825, ""0-2"": 0.12788669764995575, ""1-2"": -0.015490452758967876}"
991,0.54008216,"{""0-1"": 0.5400821566581726}"
992,0.54581000,"{""0-1"": 0.953276515007019, ""0-2"": 0.2988864481449127, ""1-2"": 0.385267049074173}"
993,0.13500432,"{""0-1"": 0.503017246723175, ""0-2"": -0.08138195425271988, ""1-2"": -0.016622330993413925}"
994,-0.05009904,"{""0-1"": -0.04293568432331085, ""0-2"": -0.09347473829984665, ""1-2"": -0.01388671062886715}"
995,-0.05889191,"{""0-1"": -0.121371790766716, ""0-2"": 0.01013103500008583, ""1-2"": -0.06543497741222382}"
996,0.06001718,"{""0-1"": 0.0600171759724617}"
997,0.03156104,"{""0-1"": -0.00818431656807661, ""0-2"": 0.05099222809076309, ""1-2"": 0.051875196397304535}"
998,0.05620120,"{""0-1"": 0.028538212180137634, ""0-2"": -0.030531633645296097, ""1-2"": 0.17059703171253204}"
999,0.10994210,"{""0-1"": 0.1640259474515915, ""0-2"": 0.06240175664424896, ""1-2"": 0.10339859873056412}"
1000,0.25827539,"{""0-1"": 0.2582753896713257}"
1001,0.42705667,"{""0-1"": 0.19741147756576538, ""0-2"": 0.11688750237226486, ""1-2"": 0.9668710231781006}"
1002,0.99580830,"{""0-1"": 0.9958083033561707}"
1003,-0.05606611,"{""0-1"": -0.10019484907388687, ""0-2"": 0.05884413793683052, ""1-2"": -0.12684762477874756}"
1004,0.36576274,"{""0-1"": 0.5934686064720154, ""0-2"": 0.43601396679878235, ""1-2"": 0.06780565530061722}"
1005,0.70658207,"{""0-1"": 0.7065820693969727}"
1006,0.12466035,"{""0-1"": 0.16805706918239594, ""0-2"": -0.11454343795776367, ""1-2"": 0.32046741247177124}"
1007,-0.08650105,"{""0-1"": -0.08650105446577072}"
1008,-0.04293435,"{""0-1"": -0.14642760157585144, ""0-2"": -0.031190630048513412, ""1-2"": 0.04881518334150314}"
1009,0.09064578,"{""0-1"": 0.22095614671707153, ""0-2"": 0.03499326854944229, ""1-2"": 0.01598791591823101}"
1010,-0.00515290,"{""0-1"": -0.06655847281217575, ""0-2"": 0.05288385599851608, ""1-2"": -0.0017840872751548886}"
1011,0.66775173,"{""0-1"": 0.6677517294883728}"
1012,-0.03786381,"{""0-1"": 0.02176356129348278, ""0-2"": -0.08994778990745544, ""1-2"": -0.045407190918922424}"
1013,0.15827722,"{""0-1"": 0.08920495212078094, ""0-2"": -0.08070626854896545, ""1-2"": 0.46633297204971313}"
1014,0.03100037,"{""0-1"": 0.0568370595574379, ""0-2"": -0.023897774517536163, ""1-2"": 0.06006181240081787}"
1015,0.99998999,"{""0-1"": 0.9999899864196777}"
1016,0.07304907,"{""0-1"": 0.46692922711372375, ""0-2"": -0.14245645701885223, ""1-2"": -0.10532554984092712}"
1017,-0.02213737,"{""0-1"": -0.022137371823191643}"
1018,0.02373148,"{""0-1"": 0.023731479421257973}"
1019,0.04382282,"{""0-1"": -0.016376033425331116, ""0-2"": 0.15932606160640717, ""1-2"": -0.01148155890405178}"
1020,0.14225674,"{""0-1"": 0.05378274992108345, ""0-2"": -0.09722746163606644, ""1-2"": 0.47021493315696716}"
1021,-0.02340807,"{""0-1"": -0.20242516696453094, ""0-2"": 0.13651426136493683, ""1-2"": -0.0043133036233484745}"
1022,0.01746045,"{""0-1"": 0.017460454255342484}"
1023,-0.01588342,"{""0-1"": -0.015883417800068855}"
1024,-0.05734196,"{""0-1"": -0.06442839652299881, ""0-2"": -0.022733619436621666, ""1-2"": -0.08486387133598328}"
1025,0.03475137,"{""0-1"": 0.09661846607923508, ""0-2"": 0.06918755173683167, ""1-2"": -0.06155190244317055}"
1026,0.99998999,"{""0-1"": 0.9999899864196777}"
1027,0.10756794,"{""0-1"": 0.10756794363260269}"
1028,0.06098549,"{""0-1"": 0.04915326088666916, ""0-2"": 0.18307268619537354, ""1-2"": -0.049269478768110275}"
1029,0.78990084,"{""0-1"": 0.7899008393287659}"
1030,0.26195797,"{""0-1"": 0.91124427318573, ""0-2"": -0.044660527259111404, ""1-2"": -0.08070983737707138}"
1031,-0.05955253,"{""0-1"": -0.04584458842873573, ""0-2"": -0.0946282371878624, ""1-2"": -0.0381847620010376}"
1032,0.77815557,"{""0-1"": 0.7781555652618408}"
1033,0.18490171,"{""0-1"": 0.3496624827384949, ""0-2"": 0.01256290078163147, ""1-2"": 0.19247974455356598}"
1034,0.33664820,"{""0-1"": 0.33664819598197937}"
1035,0.02330815,"{""0-1"": 0.08528566360473633, ""0-2"": -0.08066004514694214, ""1-2"": 0.06529884040355682}"
1036,0.43350080,"{""0-1"": 0.4335007965564728}"
1037,0.12994900,"{""0-1"": 0.12994900345802307}"
1038,0.99999994,"{""0-1"": 0.9999999403953552}"
1039,0.25827539,"{""0-1"": 0.2582753896713257}"
1040,0.15177857,"{""0-1"": 0.46319499611854553, ""0-2"": -0.07436880469322205, ""1-2"": 0.06650950759649277}"
1041,1.00000012,"{""0-1"": 1.0000001192092896}"
1042,0.01212851,"{""0-1"": -0.05878674238920212, ""0-2"": 0.0790492594242096, ""1-2"": 0.01612302102148533}"
1043,0.89660031,"{""0-1"": 0.8966003060340881}"
1044,0.11161306,"{""0-1"": 0.029451433569192886, ""0-2"": -0.011507152579724789, ""1-2"": 0.31689488887786865}"
1045,0.17823241,"{""0-1"": 0.26807862520217896, ""0-2"": 0.08402948826551437, ""1-2"": 0.18258912861347198}"
1046,0.99289566,"{""0-1"": 0.9928956627845764}"
1047,0.10671875,"{""0-1"": 0.06921951472759247, ""0-2"": 0.2211885005235672, ""1-2"": 0.02974824793636799}"
1048,0.29821052,"{""0-1"": 0.826653778553009, ""0-2"": 0.05391089990735054, ""1-2"": 0.014066895470023155}"
1049,0.24653423,"{""0-1"": 0.4721592366695404, ""0-2"": 0.11197911947965622, ""1-2"": 0.15546433627605438}"
1050,-0.08520643,"{""0-1"": -0.21345387399196625, ""0-2"": -0.05262650176882744, ""1-2"": 0.01046107430011034}"
1051,0.06311180,"{""0-1"": 0.14789463579654694, ""0-2"": 0.021257048472762108, ""1-2"": 0.020183704793453217}"
1052,0.18109426,"{""0-1"": 0.3899065852165222, ""0-2"": 0.011370446532964706, ""1-2"": 0.14200575649738312}"
1053,0.00159489,"{""0-1"": 0.0015948852524161339}"
1054,0.84570813,"{""0-1"": 0.8457081317901611}"
1055,0.00000000,{}
1056,0.22365613,"{""0-1"": 0.22365613281726837}"
1057,-0.01846798,"{""0-1"": -0.09491956979036331, ""0-2"": -0.03997527435421944, ""1-2"": 0.07949091494083405}"
1058,0.89673531,"{""0-1"": 0.8967353105545044}"
1059,0.20974442,"{""0-1"": 0.15852677822113037, ""0-2"": 0.15584337711334229, ""1-2"": 0.3148631155490875}"
1060,1.00000012,"{""0-1"": 1.0000001192092896}"
1061,0.34388459,"{""0-1"": -0.0010637579252943397, ""0-2"": 0.045095909386873245, ""1-2"": 0.9876216053962708}"
1062,0.00325688,"{""0-1"": 0.06473559886217117, ""0-2"": 0.017050612717866898, ""1-2"": -0.07201558351516724}"
1063,-0.00432732,"{""0-1"": -0.0703892931342125, ""0-2"": 0.03275005891919136, ""1-2"": 0.024657288566231728}"
1064,0.03405996,"{""0-1"": 0.08992564678192139, ""0-2"": 0.01305481605231762, ""1-2"": -0.0008005917770788074}"
1065,0.45925227,"{""0-1"": 0.03776510804891586, ""0-2"": 0.5867666006088257, ""1-2"": 0.7532250881195068}"
1066,0.00325688,"{""0-1"": 0.06473559886217117, ""0-2"": 0.017050612717866898, ""1-2"": -0.07201558351516724}"
1067,0.09868832,"{""0-1"": 0.08236207813024521, ""0-2"": 0.18758715689182281, ""1-2"": 0.02611573040485382}"
1068,0.18336262,"{""0-1"": 0.08442430943250656, ""0-2"": 0.3155020475387573, ""1-2"": 0.1501614898443222}"
1069,0.01245140,"{""0-1"": -0.034737229347229004, ""0-2"": 0.048566076904535294, ""1-2"": 0.023525353521108627}"
1070,0.40519119,"{""0-1"": 0.1823035627603531, ""0-2"": 0.953059732913971, ""1-2"": 0.08021026849746704}"
1071,0.07900122,"{""0-1"": 0.1006147637963295, ""0-2"": 0.040590763092041016, ""1-2"": 0.09579813480377197}"
1072,1.00000024,"{""0-1"": 1.000000238418579}"
1073,0.00000000,{}
1074,0.92665493,"{""0-1"": 0.9266549348831177}"
1075,0.14191743,"{""0-1"": 0.11875511705875397, ""0-2"": 0.03564819321036339, ""1-2"": 0.2713489830493927}"
1076,-0.02238472,"{""0-1"": -0.03154793381690979, ""0-2"": 0.0024091308005154133, ""1-2"": -0.038015350699424744}"
1077,1.00000012,"{""0-1"": 1.0000001192092896}"
1078,0.37970769,"{""0-1"": 0.9995258450508118, ""0-2"": 0.06964891403913498, ""1-2"": 0.06994830071926117}"
1079,-0.04585270,"{""0-1"": -0.07603426277637482, ""0-2"": -0.032319989055395126, ""1-2"": -0.029203852638602257}"
1080,0.01759595,"{""0-1"": 0.024394024163484573, ""0-2"": 0.019885338842868805, ""1-2"": 0.00850848387926817}"
1081,0.00000000,{}
1082,0.02022960,"{""0-1"": 0.05620163679122925, ""0-2"": -0.024703610688447952, ""1-2"": 0.0291907861828804}"
1083,0.01599987,"{""0-1"": 0.006025914568454027, ""0-2"": 0.05141300708055496, ""1-2"": -0.00943931844085455}"
1084,-0.04621918,"{""0-1"": -0.030454441905021667, ""0-2"": 0.010180998593568802, ""1-2"": -0.11838409304618835}"
1085,1.00000012,"{""0-1"": 1.0000001192092896}"
1086,0.15578437,"{""0-1"": 0.15578436851501465}"
1087,0.99998999,"{""0-1"": 0.9999899864196777}"
1088,0.19547733,"{""0-1"": -0.08879847824573517, ""0-2"": -0.08687291294336319, ""1-2"": 0.7621033787727356}"
1089,-0.01616975,"{""0-1"": -0.016169754788279533}"
1090,-0.03061573,"{""0-1"": -0.030615726485848427}"
1091,0.27671722,"{""0-1"": 0.7691781520843506, ""0-2"": 0.06518786400556564, ""1-2"": -0.004214359913021326}"
1092,-0.04750573,"{""0-1"": -0.09069906175136566, ""0-2"": -0.03631960228085518, ""1-2"": -0.015498530119657516}"
1093,0.33392991,"{""0-1"": 0.9199814796447754, ""0-2"": 0.030642619356513023, ""1-2"": 0.0511656291782856}"
1094,0.02605978,"{""0-1"": 0.025625178590416908, ""0-2"": 0.005262555554509163, ""1-2"": 0.04729161411523819}"
1095,0.02345746,"{""0-1"": -0.13407684862613678, ""0-2"": 0.09281551092863083, ""1-2"": 0.11163372546434402}"
1096,1.00000024,"{""0-1"": 1.000000238418579}"
1097,-0.03634686,"{""0-1"": -0.036346856504678726}"
1098,0.00000000,{}
1099,0.12483284,"{""0-1"": 0.12483283877372742}"
1100,-0.02748679,"{""0-1"": -0.04083012044429779, ""0-2"": 0.006903624627739191, ""1-2"": -0.048533860594034195}"
1101,0.00000000,{}
1102,0.00000000,{}
1103,0.18513335,"{""0-1"": 0.18513335287570953}"
1104,0.02511089,"{""0-1"": 0.025110894814133644}"
1105,0.30521664,"{""0-1"": -3.449669384281151e-05, ""0-2"": 0.8644580841064453, ""1-2"": 0.05122632905840874}"
1106,0.02961336,"{""0-1"": 0.02961336262524128}"
1107,0.49575916,"{""0-1"": 0.49575915932655334}"
1108,0.82680416,"{""0-1"": 0.8268041610717773}"
1109,0.00172891,"{""0-1"": 0.006167151965200901, ""0-2"": -0.014179853722453117, ""1-2"": 0.013199442066252232}"
1110,-0.05915940,"{""0-1"": -0.05915939807891846}"
1111,0.10010627,"{""0-1"": 0.10010626912117004}"
1112,0.87211168,"{""0-1"": 0.8721116781234741}"
1113,0.02508273,"{""0-1"": 0.01965644396841526, ""0-2"": 0.01744202710688114, ""1-2"": 0.03814971446990967}"
1114,0.47767097,"{""0-1"": 0.47767096757888794}"
1115,0.00000000,{}
1116,0.15091127,"{""0-1"": 0.4475075304508209, ""0-2"": -0.0768141821026802, ""1-2"": 0.0820404663681984}"
1117,0.01763926,"{""0-1"": 0.18532174825668335, ""0-2"": -0.05277983099222183, ""1-2"": -0.07962413877248764}"
1118,0.65400851,"{""0-1"": 0.6540085077285767}"
1119,0.02438729,"{""0-1"": 0.04151546582579613, ""0-2"": 0.015587070025503635, ""1-2"": 0.016059324145317078}"
1120,0.43205129,"{""0-1"": 0.8843370079994202, ""0-2"": 0.06456243991851807, ""1-2"": 0.3472544252872467}"
1121,0.41506714,"{""0-1"": 0.1195400282740593, ""0-2"": 0.2079334557056427, ""1-2"": 0.9177279472351074}"
1122,0.65861514,"{""0-1"": 0.7301733493804932, ""0-2"": 0.7570895552635193, ""1-2"": 0.4885825216770172}"
1123,0.23544295,"{""0-1"": 0.23544295132160187}"
1124,0.07070504,"{""0-1"": 0.06588628143072128, ""0-2"": -0.10789620876312256, ""1-2"": 0.25412505865097046}"
1125,0.54343170,"{""0-1"": 0.5434316992759705}"
1126,0.12992148,"{""0-1"": 0.12992148101329803}"
1127,0.00000000,{}
1128,0.09400831,"{""0-1"": 0.15632669627666473, ""0-2"": 0.09501838684082031, ""1-2"": 0.030679851770401}"
1129,0.96989322,"{""0-1"": 0.969893217086792}"
1130,0.02145758,"{""0-1"": 0.021457582712173462}"
1131,0.28015077,"{""0-1"": 0.038552090525627136, ""0-2"": 0.22117294371128082, ""1-2"": 0.5807272791862488}"
1132,0.24356805,"{""0-1"": 0.2435680478811264}"
1133,-0.01782640,"{""0-1"": 0.0043084463104605675, ""0-2"": -0.08313023298978806, ""1-2"": 0.025342576205730438}"
1134,-0.01515270,"{""0-1"": -0.049259476363658905, ""0-2"": -0.015760177746415138, ""1-2"": 0.019561542198061943}"
1135,0.08835787,"{""0-1"": 0.11340087652206421, ""0-2"": 0.10538622736930847, ""1-2"": 0.04628651961684227}"
1136,0.00000000,{}
1137,0.99996769,"{""0-1"": 0.9999676942825317}"
1138,-0.02880433,"{""0-1"": -0.0746530145406723, ""0-2"": 0.10403543710708618, ""1-2"": -0.11579541116952896}"
1139,0.52295169,"{""0-1"": 0.8410077095031738, ""0-2"": 0.4088248312473297, ""1-2"": 0.319022536277771}"
1140,0.01369350,"{""0-1"": 0.028960848227143288, ""0-2"": 0.022219926118850708, ""1-2"": -0.010100264102220535}"
1141,0.37516804,"{""0-1"": 0.8078612685203552, ""0-2"": 0.33935970067977905, ""1-2"": -0.021716848015785217}"
1142,0.09329349,"{""0-1"": 0.09682592004537582, ""0-2"": 0.045950766652822495, ""1-2"": 0.13710379600524902}"
1143,-0.04750573,"{""0-1"": -0.09069906175136566, ""0-2"": -0.03631960228085518, ""1-2"": -0.015498530119657516}"
1144,-0.06841429,"{""0-1"": -0.06841429322957993}"
1145,0.00000000,{}
1146,0.09870295,"{""0-1"": -0.0962730422616005, ""0-2"": 0.039038561284542084, ""1-2"": 0.35334333777427673}"
1147,0.25866893,"{""0-1"": 0.2586689293384552}"
1148,1.00000000,"{""0-1"": 1.0}"
1149,0.03224966,"{""0-1"": 0.022171519696712494, ""0-2"": 0.032384391874074936, ""1-2"": 0.042193055152893066}"
1150,0.08162947,"{""0-1"": 0.224510058760643, ""0-2"": -0.1733091175556183, ""1-2"": 0.19368746876716614}"
1151,0.08677055,"{""0-1"": 0.17973463237285614, ""0-2"": 0.04186760261654854, ""1-2"": 0.038709428161382675}"
1152,0.98493004,"{""0-1"": 0.9849300384521484}"
1153,-0.02896199,"{""0-1"": -0.003206114051863551, ""0-2"": -0.056723009794950485, ""1-2"": -0.02695685625076294}"
1154,-0.11798190,"{""0-1"": -0.1268247812986374, ""0-2"": -0.09857388585805893, ""1-2"": -0.1285470426082611}"
1155,0.04271857,"{""0-1"": 0.04271857067942619}"
1156,-0.01257651,"{""0-1"": -0.08760643005371094, ""0-2"": 0.022895677015185356, ""1-2"": 0.026981228962540627}"
1157,0.55408275,"{""0-1"": 0.5540827512741089}"
1158,0.40721775,"{""0-1"": 0.18727174401283264, ""0-2"": 0.08687441051006317, ""1-2"": 0.9475070834159851}"
1159,0.73304433,"{""0-1"": 0.7330443263053894}"
1160,0.95499092,"{""0-1"": 0.9549909234046936}"
1161,0.99998999,"{""0-1"": 0.9999899864196777}"
1162,0.00000000,{}
1163,0.00000000,{}
1164,0.12823491,"{""0-1"": 0.14706699550151825, ""0-2"": 0.25334376096725464, ""1-2"": -0.015706028789281845}"
1165,0.93356711,"{""0-1"": 0.9335671067237854}"
1166,0.00000000,{}
1167,0.00000000,{}
1168,-0.01508661,"{""0-1"": 0.07088644802570343, ""0-2"": -0.13016954064369202, ""1-2"": 0.0140232490375638}"
1169,0.00835646,"{""0-1"": 0.012926653027534485, ""0-2"": -0.0052721756510436535, ""1-2"": 0.017414914444088936}"
1170,0.05130369,"{""0-1"": -0.012765461578965187, ""0-2"": 0.12545913457870483, ""1-2"": 0.04121740162372589}"
1171,0.07754526,"{""0-1"": 0.07754525542259216}"
1172,0.10206999,"{""0-1"": -0.028001485392451286, ""0-2"": -0.04454605281352997, ""1-2"": 0.378757506608963}"
1173,0.23167917,"{""0-1"": 0.11174570024013519, ""0-2"": 0.5480045080184937, ""1-2"": 0.03528730943799019}"
1174,-0.01632778,"{""0-1"": -0.01632777787744999}"
1175,0.37613505,"{""0-1"": 0.141045480966568, ""0-2"": 0.9325991272926331, ""1-2"": 0.05476052686572075}"
1176,-0.00811037,"{""0-1"": -0.009005464613437653, ""0-2"": -0.02705521509051323, ""1-2"": 0.011729583144187927}"
1177,0.32327366,"{""0-1"": 0.4796845614910126, ""0-2"": 0.4211198687553406, ""1-2"": 0.06901654601097107}"
1178,-0.10881785,"{""0-1"": -0.1648929864168167, ""0-2"": -0.01872848905622959, ""1-2"": -0.14283207058906555}"
1179,-0.02765245,"{""0-1"": -0.059089675545692444, ""0-2"": 0.009149177931249142, ""1-2"": -0.03301684185862541}"
1180,-0.12220024,"{""0-1"": -0.12220023572444916}"
1181,-0.04389664,"{""0-1"": -0.06513870507478714, ""0-2"": 0.031143179163336754, ""1-2"": -0.09769439697265625}"
1182,-0.02491283,"{""0-1"": -0.060091614723205566, ""0-2"": -0.023782148957252502, ""1-2"": 0.009135259315371513}"
1183,0.12164689,"{""0-1"": 0.04177422076463699, ""0-2"": 0.2222975194454193, ""1-2"": 0.10086893290281296}"
1184,0.20492685,"{""0-1"": 0.20492684841156006}"
1185,-0.02213737,"{""0-1"": -0.022137371823191643}"
1186,0.30504198,"{""0-1"": 0.04222293198108673, ""0-2"": 0.028881151229143143, ""1-2"": 0.8440218567848206}"
1187,0.77815557,"{""0-1"": 0.7781555652618408}"
1188,0.06783824,"{""0-1"": 0.3129681348800659, ""0-2"": -0.08713172376155853, ""1-2"": -0.022321702912449837}"
1189,0.83939493,"{""0-1"": 0.8393949270248413}"
1190,0.16205793,"{""0-1"": 0.5006700754165649, ""0-2"": -0.015161057002842426, ""1-2"": 0.0006647697882726789}"
1191,0.99999988,"{""0-1"": 0.9999998807907104}"
1192,0.14947603,"{""0-1"": 0.20263385772705078, ""0-2"": 0.07215104252099991, ""1-2"": 0.17364318668842316}"
1193,-0.04421676,"{""0-1"": -0.038698937743902206, ""0-2"": 0.05228698253631592, ""1-2"": -0.146238312125206}"
1194,0.02724863,"{""0-1"": 0.10159782320261002, ""0-2"": -0.076620914041996, ""1-2"": 0.05676897615194321}"
1195,0.98017645,"{""0-1"": 0.9801764488220215}"
1196,0.11206599,"{""0-1"": 0.11206598579883575}"
1197,0.20659410,"{""0-1"": 0.5190173387527466, ""0-2"": 0.06151654198765755, ""1-2"": 0.03924842178821564}"
1198,-0.13494338,"{""0-1"": -0.1349433809518814}"
1199,0.43473571,"{""0-1"": 0.357391893863678, ""0-2"": 0.8631060123443604, ""1-2"": 0.083709217607975}"
1200,0.06440205,"{""0-1"": 0.15487705171108246, ""0-2"": 0.05104087293148041, ""1-2"": -0.012711782939732075}"
1201,0.84821820,"{""0-1"": 0.8482182025909424}"
1202,0.04235884,"{""0-1"": -0.049302637577056885, ""0-2"": 0.08504674583673477, ""1-2"": 0.09133241325616837}"
1203,0.84738708,"{""0-1"": 0.8473870754241943}"
1204,0.00000000,{}
1205,0.01561586,"{""0-1"": 0.0011054568458348513, ""0-2"": -0.07292631268501282, ""1-2"": 0.11866842955350876}"
1206,0.00000000,{}
1207,0.01230273,"{""0-1"": 0.013140713796019554, ""0-2"": 0.002098634373396635, ""1-2"": 0.021668842062354088}"
1208,0.00000000,{}
1209,-0.11092884,"{""0-1"": -0.11092884093523026}"
1210,0.13025329,"{""0-1"": 0.13025328516960144}"
1211,0.08670027,"{""0-1"": 0.10517887026071548, ""0-2"": 0.1474069356918335, ""1-2"": 0.007515011355280876}"
1212,0.32233131,"{""0-1"": 0.3223313093185425}"
1213,0.07800377,"{""0-1"": 0.15380649268627167, ""0-2"": 0.10230626165866852, ""1-2"": -0.022101448848843575}"
1214,0.66358876,"{""0-1"": 0.6635887622833252}"
1215,0.00390410,"{""0-1"": -0.015902644023299217, ""0-2"": 0.0658477321267128, ""1-2"": -0.03823278099298477}"
1216,0.99728370,"{""0-1"": 0.9972836971282959}"
1217,0.98812240,"{""0-1"": 0.9881224036216736}"
1218,0.35004586,"{""0-1"": -0.007301862817257643, ""0-2"": 0.9913973212242126, ""1-2"": 0.06604211032390594}"
1219,0.10994210,"{""0-1"": 0.1640259474515915, ""0-2"": 0.06240175664424896, ""1-2"": 0.10339859873056412}"
1220,-0.02340162,"{""0-1"": 0.12194610387086868, ""0-2"": -0.11148785054683685, ""1-2"": -0.08066312223672867}"
1221,0.12578952,"{""0-1"": 0.12578952312469482}"
1222,0.15825284,"{""0-1"": -0.09212730824947357, ""0-2"": -0.14799053966999054, ""1-2"": 0.7148763537406921}"
1223,0.00318670,"{""0-1"": 0.1384866088628769, ""0-2"": -0.11208824068307877, ""1-2"": -0.016838273033499718}"
1224,0.14738820,"{""0-1"": 0.14738820493221283}"
1225,0.55570496,"{""0-1"": 0.3568324148654938, ""0-2"": 0.35179686546325684, ""1-2"": 0.9584856033325195}"
1226,0.12608529,"{""0-1"": 0.3179382085800171, ""0-2"": -0.008024835959076881, ""1-2"": 0.06834250688552856}"
1227,0.05976498,"{""0-1"": 0.10661645978689194, ""0-2"": -0.1310875564813614, ""1-2"": 0.20376604795455933}"
1228,0.24356805,"{""0-1"": 0.2435680478811264}"
1229,0.12526935,"{""0-1"": 0.511104166507721, ""0-2"": 0.04867955669760704, ""1-2"": -0.1839756816625595}"
1230,1.00000000,"{""0-1"": 1.0}"
1231,0.03253613,"{""0-1"": -0.022903671488165855, ""0-2"": 0.04216046631336212, ""1-2"": 0.07835158705711365}"
1232,0.00000000,{}
1233,0.37015052,"{""0-1"": 0.8635172247886658, ""0-2"": 1.606720434210729e-05, ""1-2"": 0.24691826105117798}"
1234,0.07570268,"{""0-1"": 0.09096624702215195, ""0-2"": 0.12373950332403183, ""1-2"": 0.012402298860251904}"
1235,0.38507214,"{""0-1"": 0.1033458262681961, ""0-2"": 0.9733532667160034, ""1-2"": 0.07851732522249222}"
1236,-0.03027892,"{""0-1"": -0.005757230333983898, ""0-2"": -0.14500269293785095, ""1-2"": 0.05992317572236061}"
1237,-0.06658001,"{""0-1"": -0.056148678064346313, ""0-2"": -0.036631904542446136, ""1-2"": -0.10695946216583252}"
1238,0.00834149,"{""0-1"": 0.07326631247997284, ""0-2"": 0.014114219695329666, ""1-2"": -0.06235605105757713}"
1239,0.10871359,"{""0-1"": 0.010347049683332443, ""0-2"": 0.09820011258125305, ""1-2"": 0.21759361028671265}"
1240,0.27738196,"{""0-1"": 0.277381956577301}"
1241,0.99999994,"{""0-1"": 0.9999999403953552}"
1242,-0.04720560,"{""0-1"": -0.07859180867671967, ""0-2"": 0.07086002081632614, ""1-2"": -0.13388502597808838}"
1243,0.03538988,"{""0-1"": -0.04093978554010391, ""0-2"": -0.04313603416085243, ""1-2"": 0.19024544954299927}"
1244,0.30950394,"{""0-1"": -0.024909885600209236, ""0-2"": -0.020479921251535416, ""1-2"": 0.973901629447937}"
1245,-0.01632778,"{""0-1"": -0.01632777787744999}"
1246,0.09177005,"{""0-1"": 0.009896775707602501, ""0-2"": 0.09470909088850021, ""1-2"": 0.17070427536964417}"
1247,0.00000000,{}
1248,0.09401987,"{""0-1"": 0.09401987493038177}"
1249,0.01135734,"{""0-1"": -0.07248818874359131, ""0-2"": 0.059711188077926636, ""1-2"": 0.04684903472661972}"
1250,0.32866131,"{""0-1"": 0.10204879194498062, ""0-2"": -0.03457850590348244, ""1-2"": 0.9185136556625366}"
1251,0.11686242,"{""0-1"": 0.023363884538412094, ""0-2"": 0.31446340680122375, ""1-2"": 0.012759954668581486}"
1252,0.53788585,"{""0-1"": 0.3103289008140564, ""0-2"": 0.3887377083301544, ""1-2"": 0.9145909547805786}"
1253,0.03272137,"{""0-1"": 0.006272835191339254, ""0-2"": 0.06849049031734467, ""1-2"": 0.023400798439979553}"
1254,0.03674851,"{""0-1"": 0.03951480984687805, ""0-2"": 0.051453523337841034, ""1-2"": 0.01927720569074154}"
1255,0.08021292,"{""0-1"": 0.06940113753080368, ""0-2"": 0.08745235949754715, ""1-2"": 0.08378525823354721}"
1256,0.08303190,"{""0-1"": 0.23393577337265015, ""0-2"": -0.04211186245083809, ""1-2"": 0.05727178230881691}"
1257,0.04968577,"{""0-1"": 0.0496857687830925}"
1258,0.01045091,"{""0-1"": 0.010450907982885838}"
1259,0.04746314,"{""0-1"": 0.07330064475536346, ""0-2"": 0.030545447021722794, ""1-2"": 0.038543328642845154}"
1260,0.01539877,"{""0-1"": 0.07532475143671036, ""0-2"": -0.05393172800540924, ""1-2"": 0.0248032845556736}"
1261,0.31974435,"{""0-1"": 0.03702184930443764, ""0-2"": 0.8979964256286621, ""1-2"": 0.02421477623283863}"
1262,0.06398930,"{""0-1"": 0.0639892965555191}"
1263,0.95665854,"{""0-1"": 0.9566585421562195}"
1264,0.58205295,"{""0-1"": 0.5314812064170837, ""0-2"": 0.46892493963241577, ""1-2"": 0.7457526922225952}"
1265,-0.04729952,"{""0-1"": -0.10065130144357681, ""0-2"": -0.0397150032222271, ""1-2"": -0.0015322555555030704}"
1266,0.00924397,"{""0-1"": 0.020839963108301163, ""0-2"": 0.0015117955626919866, ""1-2"": 0.005380143411457539}"
1267,0.02511089,"{""0-1"": 0.025110894814133644}"
1268,0.05512165,"{""0-1"": 0.1335274875164032, ""0-2"": 0.05338987708091736, ""1-2"": -0.021552415564656258}"
1269,0.03428943,"{""0-1"": 0.03428942710161209}"
1270,0.05223438,"{""0-1"": 0.052234381437301636}"
1271,0.38832203,"{""0-1"": 0.38832202553749084}"
1272,0.46487260,"{""0-1"": 0.4648725986480713}"
1273,-0.05187343,"{""0-1"": -0.05187343433499336}"
1274,0.20242842,"{""0-1"": 0.2024284154176712}"
1275,0.03213721,"{""0-1"": 0.018703173846006393, ""0-2"": 0.0001968875149032101, ""1-2"": 0.07751157134771347}"
1276,0.28549568,"{""0-1"": 0.033374637365341187, ""0-2"": 0.028835445642471313, ""1-2"": 0.7942769527435303}"
1277,0.99597454,"{""0-1"": 0.9959745407104492}"
1278,0.09616294,"{""0-1"": -0.0242354404181242, ""0-2"": 0.016681615263223648, ""1-2"": 0.29604265093803406}"
1279,-0.02860040,"{""0-1"": -0.019740484654903412, ""0-2"": 0.040403977036476135, ""1-2"": -0.10646470636129379}"
1280,0.00315130,"{""0-1"": 0.05176273733377457, ""0-2"": -0.06831660121679306, ""1-2"": 0.026007773354649544}"
1281,0.11384733,"{""0-1"": 0.11384733021259308}"
1282,0.46487260,"{""0-1"": 0.4648725986480713}"
1283,-0.00477857,"{""0-1"": -0.05231405049562454, ""0-2"": 0.034393083304166794, ""1-2"": 0.0035852575674653053}"
1284,0.09252927,"{""0-1"": 0.05761027708649635, ""0-2"": 0.0910964086651802, ""1-2"": 0.12888111174106598}"
1285,-0.00574701,"{""0-1"": -0.013343123719096184, ""0-2"": 0.026905175298452377, ""1-2"": -0.030803082510828972}"
1286,0.78072530,"{""0-1"": 0.7807253003120422}"
1287,-0.09145088,"{""0-1"": -0.19671446084976196, ""0-2"": -0.09723952412605286, ""1-2"": 0.019601348787546158}"
1288,-0.09480227,"{""0-1"": -0.09480226784944534}"
1289,0.13377315,"{""0-1"": 0.34920135140419006, ""0-2"": -0.08916216343641281, ""1-2"": 0.14128024876117706}"
1290,0.01115775,"{""0-1"": 0.04449544847011566, ""0-2"": 0.015153010375797749, ""1-2"": -0.026175199076533318}"
1291,0.18448306,"{""0-1"": 0.564537763595581, ""0-2"": -0.09881574660539627, ""1-2"": 0.0877271518111229}"
1292,0.33528468,"{""0-1"": 0.33528468012809753}"
1293,0.07270628,"{""0-1"": 0.07270628213882446}"
1294,0.79585207,"{""0-1"": 0.7958520650863647}"
1295,0.12572922,"{""0-1"": 0.12572921812534332}"
1296,0.48772717,"{""0-1"": 0.48772716522216797}"
1297,0.29374257,"{""0-1"": 0.3513908386230469, ""0-2"": 0.18175455927848816, ""1-2"": 0.3480823040008545}"
1298,-0.03619683,"{""0-1"": -0.013109991326928139, ""0-2"": -0.08438079804182053, ""1-2"": -0.011099711991846561}"
1299,0.00000000,{}
1300,0.10061068,"{""0-1"": 0.32567542791366577, ""0-2"": -0.022310415282845497, ""1-2"": -0.0015329787274822593}"
1301,0.20236969,"{""0-1"": 0.6887132525444031, ""0-2"": -0.05701540783047676, ""1-2"": -0.024588771164417267}"
1302,0.06655134,"{""0-1"": 0.3032624423503876, ""0-2"": -0.03241133317351341, ""1-2"": -0.07119709998369217}"
1303,0.98992115,"{""0-1"": 0.9899211525917053}"
1304,0.37513370,"{""0-1"": 0.999221920967102, ""0-2"": 0.06232687830924988, ""1-2"": 0.06385230273008347}"
1305,0.38746451,"{""0-1"": 0.13533064723014832, ""0-2"": 0.8558956384658813, ""1-2"": 0.171167254447937}"
1306,0.16356809,"{""0-1"": -0.10208097845315933, ""0-2"": 0.012235891073942184, ""1-2"": 0.5805493593215942}"
1307,0.98773807,"{""0-1"": 0.9877380728721619}"
1308,0.15694015,"{""0-1"": -0.016584347933530807, ""0-2"": -0.05585494637489319, ""1-2"": 0.5432597398757935}"
1309,0.45690387,"{""0-1"": 0.456903874874115}"
1310,0.00000000,{}
1311,0.74713200,"{""0-1"": 0.7471320033073425}"
1312,0.11759807,"{""0-1"": 0.11759807169437408}"
1313,0.66961211,"{""0-1"": 0.6696121096611023}"
1314,0.97002029,"{""0-1"": 0.9700202941894531}"
1315,0.02178827,"{""0-1"": 0.04736858233809471, ""0-2"": 0.015328481793403625, ""1-2"": 0.002667758148163557}"
1316,0.05905987,"{""0-1"": 0.0013437374727800488, ""0-2"": 0.058067504316568375, ""1-2"": 0.11776836961507797}"
1317,-0.02893968,"{""0-1"": -0.028939682990312576}"
1318,0.08290188,"{""0-1"": 0.2800023555755615, ""0-2"": -0.01089193020015955, ""1-2"": -0.020404772832989693}"
1319,0.08375446,"{""0-1"": 0.08375445753335953}"
1320,-0.02707752,"{""0-1"": -0.06320445239543915, ""0-2"": -0.026723714545369148, ""1-2"": 0.008695617318153381}"
1321,0.01522049,"{""0-1"": 0.01869688555598259, ""0-2"": 0.012513541616499424, ""1-2"": 0.01445102784782648}"
1322,0.07872992,"{""0-1"": 0.13632285594940186, ""0-2"": -0.04387025907635689, ""1-2"": 0.14373716711997986}"
1323,0.30402580,"{""0-1"": 0.304025799036026}"
1324,0.07270628,"{""0-1"": 0.07270628213882446}"
1325,0.13604734,"{""0-1"": 0.05003555119037628, ""0-2"": 0.18110184371471405, ""1-2"": 0.1770046353340149}"
1326,0.00966838,"{""0-1"": -0.03568559139966965, ""0-2"": 0.0509820319712162, ""1-2"": 0.013708705082535744}"
1327,-0.02660239,"{""0-1"": -0.02929244562983513, ""0-2"": 0.05619904026389122, ""1-2"": -0.10671376436948776}"
1328,0.99289566,"{""0-1"": 0.9928956627845764}"
1329,-0.01841223,"{""0-1"": -0.08557329326868057, ""0-2"": 0.024815620854496956, ""1-2"": 0.005520994774997234}"
1330,-0.05003680,"{""0-1"": -0.13524313271045685, ""0-2"": -0.05166660621762276, ""1-2"": 0.03679933026432991}"
1331,0.01094492,"{""0-1"": -0.07550323754549026, ""0-2"": 0.007115447893738747, ""1-2"": 0.10122254490852356}"
1332,-0.03105954,"{""0-1"": -0.024338532239198685, ""0-2"": 0.016253085806965828, ""1-2"": -0.0850931853055954}"
1333,0.13160620,"{""0-1"": -0.015298948623239994, ""0-2"": 0.14841721951961517, ""1-2"": 0.2617003321647644}"
1334,0.16220983,"{""0-1"": -0.005407869350165129, ""0-2"": 0.005741821136325598, ""1-2"": 0.48629555106163025}"
1335,0.05971285,"{""0-1"": 0.05971285328269005}"
1336,0.75833321,"{""0-1"": 0.7583332061767578}"
1337,0.12534755,"{""0-1"": 0.3349064588546753, ""0-2"": -0.0948503315448761, ""1-2"": 0.1359865367412567}"
1338,-0.07606127,"{""0-1"": -0.09200762212276459, ""0-2"": 0.012914573773741722, ""1-2"": -0.14909076690673828}"
1339,-0.03468733,"{""0-1"": 0.07626180350780487, ""0-2"": -0.11266797035932541, ""1-2"": -0.06765580922365189}"
1340,0.23452894,"{""0-1"": 0.23452894389629364}"
1341,0.00140534,"{""0-1"": 0.09061276167631149, ""0-2"": -0.016787994652986526, ""1-2"": -0.06960875540971756}"
1342,0.08771734,"{""0-1"": -0.017201891168951988, ""0-2"": 0.11845811456441879, ""1-2"": 0.1618957817554474}"
1343,-0.17242801,"{""0-1"": -0.17242801189422607}"
1344,0.06803690,"{""0-1"": -0.04485100135207176, ""0-2"": 0.20039862394332886, ""1-2"": 0.048563066869974136}"
1345,-0.11033217,"{""0-1"": -0.21377286314964294, ""0-2"": -0.051185548305511475, ""1-2"": -0.0660380870103836}"
1346,0.04427537,"{""0-1"": -0.03629542514681816, ""0-2"": 0.010579755529761314, ""1-2"": 0.15854178369045258}"
1347,-0.06733382,"{""0-1"": -0.099877268075943, ""0-2"": -0.08130574971437454, ""1-2"": -0.020818429067730904}"
1348,0.31493329,"{""0-1"": 0.9026034474372864, ""0-2"": 0.016694536432623863, ""1-2"": 0.02550189569592476}"
1349,-0.02578452,"{""0-1"": -0.06989223510026932, ""0-2"": 0.0011118963593617082, ""1-2"": -0.008573227562010288}"
1350,0.14101960,"{""0-1"": 0.09139098972082138, ""0-2"": 0.04588545486330986, ""1-2"": 0.2857823669910431}"
1351,0.00164980,"{""0-1"": 0.0016497959150001407}"
1352,0.00000000,{}
1353,-0.02412251,"{""0-1"": -0.17260366678237915, ""0-2"": 0.0012172983260825276, ""1-2"": 0.09901884198188782}"
1354,0.36912479,"{""0-1"": 0.6400983929634094, ""0-2"": -0.012297140434384346, ""1-2"": 0.479573130607605}"
1355,0.03272137,"{""0-1"": 0.006272835191339254, ""0-2"": 0.06849049031734467, ""1-2"": 0.023400798439979553}"
1356,0.23025558,"{""0-1"": -0.007918146438896656, ""0-2"": -0.07129058241844177, ""1-2"": 0.769975483417511}"
1357,0.10887442,"{""0-1"": 0.021049367263913155, ""0-2"": 0.2775222063064575, ""1-2"": 0.028051696717739105}"
1358,0.20285624,"{""0-1"": 0.3802299201488495, ""0-2"": 0.0765223354101181, ""1-2"": 0.1518164575099945}"
1359,0.86078018,"{""0-1"": 0.8607801795005798}"
1360,0.00000000,{}
1361,0.15853485,"{""0-1"": 0.4957887828350067, ""0-2"": -0.03405284136533737, ""1-2"": 0.013868609443306923}"
1362,0.03177663,"{""0-1"": -0.02081240527331829, ""0-2"": -0.12956921756267548, ""1-2"": 0.2457115203142166}"
1363,0.01063141,"{""0-1"": 0.010631413199007511}"
1364,0.03432402,"{""0-1"": 0.08406366407871246, ""0-2"": -0.018385695293545723, ""1-2"": 0.037294089794158936}"
1365,0.13778472,"{""0-1"": 0.20674386620521545, ""0-2"": 0.003922635223716497, ""1-2"": 0.20268765091896057}"
1366,0.39352081,"{""0-1"": 0.17009121179580688, ""0-2"": 0.0929267406463623, ""1-2"": 0.9175444841384888}"
1367,0.26800821,"{""0-1"": -0.11274436116218567, ""0-2"": -0.05046083778142929, ""1-2"": 0.9672298431396484}"
1368,-0.20042571,"{""0-1"": -0.20042571425437927}"
1369,0.00000000,{}
1370,0.05128232,"{""0-1"": 0.00198093568906188, ""0-2"": 0.038477685302495956, ""1-2"": 0.11338834464550018}"
1371,0.65881542,"{""0-1"": 0.4891706705093384, ""0-2"": 0.4912700653076172, ""1-2"": 0.9960055351257324}"
1372,0.44791580,"{""0-1"": 0.20905563235282898, ""0-2"": 0.17185048758983612, ""1-2"": 0.962841272354126}"
1373,0.00000000,{}
1374,0.09751993,"{""0-1"": 0.09751992672681808}"
1375,0.14654891,"{""0-1"": 0.14654891192913055}"
1376,-0.01518003,"{""0-1"": -0.015180034562945366}"
1377,0.50717148,"{""0-1"": 0.33555179834365845, ""0-2"": 0.20198622345924377, ""1-2"": 0.983976423740387}"
1378,-0.06967660,"{""0-1"": -0.06967660039663315}"
1379,-0.01290496,"{""0-1"": 0.04543310031294823, ""0-2"": -0.11486193537712097, ""1-2"": 0.030713969841599464}"
1380,0.44041494,"{""0-1"": 0.4404149353504181}"
1381,0.11353198,"{""0-1"": 0.3472479581832886, ""0-2"": -0.06673222780227661, ""1-2"": 0.06008022278547287}"
1382,0.92665493,"{""0-1"": 0.9266549348831177}"
1383,-0.00631392,"{""0-1"": -0.026413699612021446, ""0-2"": -0.009832959622144699, ""1-2"": 0.017304886132478714}"
1384,0.99728370,"{""0-1"": 0.9972836971282959}"
1385,0.79348373,"{""0-1"": 0.7934837341308594}"
1386,0.02810958,"{""0-1"": 0.08767189830541611, ""0-2"": -0.022788939997553825, ""1-2"": 0.019445791840553284}"
1387,0.20242842,"{""0-1"": 0.2024284154176712}"
1388,0.00000000,{}
1389,-0.13527562,"{""0-1"": -0.14758524298667908, ""0-2"": -0.09358517080545425, ""1-2"": -0.16465644538402557}"
1390,0.43128443,"{""0-1"": 0.43128442764282227}"
1391,0.40586004,"{""0-1"": 0.405860036611557}"
1392,1.00000024,"{""0-1"": 1.000000238418579}"
1393,0.08538013,"{""0-1"": 0.2190026342868805, ""0-2"": -0.10045687854290009, ""1-2"": 0.13759464025497437}"
1394,0.07086462,"{""0-1"": 0.08346445858478546, ""0-2"": 0.1048998013138771, ""1-2"": 0.024229589849710464}"
1395,0.16013372,"{""0-1"": -0.13967858254909515, ""0-2"": 0.0030120471492409706, ""1-2"": 0.6170676946640015}"
1396,0.58103840,"{""0-1"": 0.8957054018974304, ""0-2"": 0.37371447682380676, ""1-2"": 0.473695307970047}"
1397,0.66961211,"{""0-1"": 0.6696121096611023}"
1398,0.05340320,"{""0-1"": 0.02836264856159687, ""0-2"": 0.1031886488199234, ""1-2"": 0.028658295050263405}"
1399,0.10086013,"{""0-1"": -0.017454471439123154, ""0-2"": -0.0021339799277484417, ""1-2"": 0.32216882705688477}"
1400,0.03156104,"{""0-1"": -0.00818431656807661, ""0-2"": 0.05099222809076309, ""1-2"": 0.051875196397304535}"
1401,0.26068762,"{""0-1"": 0.7375746369361877, ""0-2"": -0.03231615200638771, ""1-2"": 0.07680437713861465}"
1402,0.40497236,"{""0-1"": 0.8607628345489502, ""0-2"": 0.1882477104663849, ""1-2"": 0.16590653359889984}"
1403,-0.00908104,"{""0-1"": 0.11487618833780289, ""0-2"": -0.07138241082429886, ""1-2"": -0.07073689252138138}"
1404,0.08633263,"{""0-1"": 0.08633262664079666}"
1405,0.29989549,"{""0-1"": 0.8510802984237671, ""0-2"": 0.022191941738128662, ""1-2"": 0.026414215564727783}"
1406,0.00000000,{}
1407,0.99998999,"{""0-1"": 0.9999899864196777}"
1408,-0.18354012,"{""0-1"": -0.18354012072086334}"
1409,0.27847851,"{""0-1"": -0.08905898779630661, ""0-2"": 0.062196508049964905, ""1-2"": 0.8622980117797852}"
1410,0.23125026,"{""0-1"": 0.23125025629997253}"
1411,0.00164980,"{""0-1"": 0.0016497959150001407}"
1412,-0.01722967,"{""0-1"": 0.046691421419382095, ""0-2"": 0.054656948894262314, ""1-2"": -0.15303738415241241}"
1413,0.97864795,"{""0-1"": 0.9786479473114014}"
1414,0.00000000,{}
1415,0.10429325,"{""0-1"": 0.1663704514503479, ""0-2"": 0.02322986349463463, ""1-2"": 0.12327944487333298}"
1416,0.99999988,"{""0-1"": 0.9999998807907104}"
1417,0.04182213,"{""0-1"": 0.028318608179688454, ""0-2"": 0.08933646231889725, ""1-2"": 0.007811332121491432}"
1418,-0.03767773,"{""0-1"": -0.023623108863830566, ""0-2"": -0.017861798405647278, ""1-2"": -0.07154828310012817}"
1419,-0.01370431,"{""0-1"": -0.05397378280758858, ""0-2"": -0.04888540506362915, ""1-2"": 0.0617462694644928}"
1420,-0.05230658,"{""0-1"": -0.05230657756328583}"
1421,0.17336852,"{""0-1"": -0.06183959171175957, ""0-2"": -0.02787676639854908, ""1-2"": 0.6098219156265259}"
1422,0.10349418,"{""0-1"": 0.2544671893119812, ""0-2"": 0.009534776210784912, ""1-2"": 0.04648057743906975}"
1423,0.05246597,"{""0-1"": 0.13104435801506042, ""0-2"": 0.020265856757760048, ""1-2"": 0.006087707821279764}"
1424,0.22782368,"{""0-1"": 0.4710811674594879, ""0-2"": 0.06705281138420105, ""1-2"": 0.1453370600938797}"
1425,0.12731502,"{""0-1"": -0.005544603336602449, ""0-2"": 0.3552831709384918, ""1-2"": 0.032206494361162186}"
1426,0.01654369,"{""0-1"": 0.015751836821436882, ""0-2"": -0.010656345635652542, ""1-2"": 0.04453558847308159}"
1427,-0.10284971,"{""0-1"": -0.10284971445798874}"
1428,0.05544742,"{""0-1"": 0.04509759321808815, ""0-2"": 0.13010244071483612, ""1-2"": -0.008857771754264832}"
1429,0.05815397,"{""0-1"": -0.023316945880651474, ""0-2"": 0.21087299287319183, ""1-2"": -0.013094131834805012}"
1430,-0.01782640,"{""0-1"": 0.0043084463104605675, ""0-2"": -0.08313023298978806, ""1-2"": 0.025342576205730438}"
1431,0.08525800,"{""0-1"": 0.058012593537569046, ""0-2"": 0.03699266538023949, ""1-2"": 0.16076873242855072}"
1432,0.22297633,"{""0-1"": 0.14631180465221405, ""0-2"": 0.3750959634780884, ""1-2"": 0.1475212275981903}"
1433,0.07906258,"{""0-1"": 0.2131306529045105, ""0-2"": -0.047259192913770676, ""1-2"": 0.07131627947092056}"
1434,0.00000000,{}
1435,0.15091127,"{""0-1"": 0.4475075304508209, ""0-2"": -0.0768141821026802, ""1-2"": 0.0820404663681984}"
1436,0.38507214,"{""0-1"": 0.1033458262681961, ""0-2"": 0.9733532667160034, ""1-2"": 0.07851732522249222}"
1437,0.99996769,"{""0-1"": 0.9999676942825317}"
1438,0.81125897,"{""0-1"": 0.8112589716911316}"
1439,-0.07896576,"{""0-1"": -0.18203936517238617, ""0-2"": -0.04045390337705612, ""1-2"": -0.014404000714421272}"
1440,-0.04750573,"{""0-1"": -0.09069906175136566, ""0-2"": -0.03631960228085518, ""1-2"": -0.015498530119657516}"
1441,0.42331930,"{""0-1"": 0.9973248839378357, ""0-2"": 0.11911379545927048, ""1-2"": 0.15351922810077667}"
1442,0.10994210,"{""0-1"": 0.1640259474515915, ""0-2"": 0.06240175664424896, ""1-2"": 0.10339859873056412}"
1443,0.04089689,"{""0-1"": 0.008439512923359871, ""0-2"": 0.11286704242229462, ""1-2"": 0.0013841261388733983}"
1444,0.10769652,"{""0-1"": 0.04445963352918625, ""0-2"": 0.23053781688213348, ""1-2"": 0.048092104494571686}"
1445,0.01550755,"{""0-1"": 0.09607837349176407, ""0-2"": -0.05384819209575653, ""1-2"": 0.004292483441531658}"
1446,0.19004830,"{""0-1"": 0.48689398169517517, ""0-2"": -0.030745014548301697, ""1-2"": 0.11399593204259872}"
1447,-0.01040943,"{""0-1"": -0.06957611441612244, ""0-2"": 0.028734581544995308, ""1-2"": 0.009613237343728542}"
1448,0.35531725,"{""0-1"": 0.09051410108804703, ""0-2"": 0.16103672981262207, ""1-2"": 0.8144009113311768}"
1449,0.07584908,"{""0-1"": 0.22261430323123932, ""0-2"": 0.10456309467554092, ""1-2"": -0.09963016957044601}"
1450,0.90864700,"{""0-1"": 0.9086470007896423}"
1451,0.09090890,"{""0-1"": 0.09271861612796783, ""0-2"": 0.026959894225001335, ""1-2"": 0.15304820239543915}"
1452,0.01672311,"{""0-1"": 0.0017546077724546194, ""0-2"": 0.020663786679506302, ""1-2"": 0.027750950306653976}"
1453,-0.00008250,"{""0-1"": 0.056191880255937576, ""0-2"": -0.08050872385501862, ""1-2"": 0.02406933531165123}"
1454,0.10650653,"{""0-1"": 0.24679376184940338, ""0-2"": 0.007877706550061703, ""1-2"": 0.06484811753034592}"
1455,0.99999994,"{""0-1"": 0.9999999403953552}"
1456,0.01770695,"{""0-1"": 0.017706947401165962}"
1457,0.00084781,"{""0-1"": -0.015179437585175037, ""0-2"": -0.00614725798368454, ""1-2"": 0.023870116099715233}"
1458,0.99996769,"{""0-1"": 0.9999676942825317}"
1459,0.00000000,{}
1460,-0.00790706,"{""0-1"": -0.02887880429625511, ""0-2"": 0.07049469649791718, ""1-2"": -0.06533708423376083}"
1461,0.15146218,"{""0-1"": 0.15146218240261078}"
1462,0.03958090,"{""0-1"": 0.039580896496772766}"
1463,0.57766694,"{""0-1"": 0.5776669383049011}"
1464,0.00172891,"{""0-1"": 0.006167151965200901, ""0-2"": -0.014179853722453117, ""1-2"": 0.013199442066252232}"
1465,0.81259787,"{""0-1"": 0.8125978708267212}"
1466,-0.05162682,"{""0-1"": -0.051626820117235184}"
1467,0.37326739,"{""0-1"": 0.9987047910690308, ""0-2"": 0.06426388025283813, ""1-2"": 0.05683349445462227}"
1468,-0.04174066,"{""0-1"": 0.07390674203634262, ""0-2"": -0.13439516723155975, ""1-2"": -0.06473354250192642}"
1469,-0.04013287,"{""0-1"": -0.05947452411055565, ""0-2"": -0.04201234504580498, ""1-2"": -0.01891174353659153}"
1470,-0.07758286,"{""0-1"": -0.134116530418396, ""0-2"": -0.04420260339975357, ""1-2"": -0.054429441690444946}"
1471,-0.38101974,"{""0-1"": -0.3810197412967682}"
1472,0.30054530,"{""0-1"": -0.055943362414836884, ""0-2"": 0.6141493320465088, ""1-2"": 0.34342992305755615}"
1473,0.03392083,"{""0-1"": 0.03392082825303078}"
1474,0.00325688,"{""0-1"": 0.06473559886217117, ""0-2"": 0.017050612717866898, ""1-2"": -0.07201558351516724}"
1475,0.10495399,"{""0-1"": 0.011453300714492798, ""0-2"": 0.259190171957016, ""1-2"": 0.04421849548816681}"
1476,0.35249569,"{""0-1"": 0.15632744133472443, ""0-2"": 0.12509724497795105, ""1-2"": 0.7760623693466187}"
1477,0.08303400,"{""0-1"": 0.21062377095222473, ""0-2"": 0.0272552240639925, ""1-2"": 0.011223006062209606}"
1478,-0.10459156,"{""0-1"": -0.1484702229499817, ""0-2"": -0.07276672124862671, ""1-2"": -0.09253773838281631}"
1479,0.99996769,"{""0-1"": 0.9999676942825317}"
1480,-0.09878780,"{""0-1"": -0.15146572887897491, ""0-2"": -0.11319500207901001, ""1-2"": -0.0317026749253273}"
1481,0.20836370,"{""0-1"": 0.14542913436889648, ""0-2"": 0.019473394379019737, ""1-2"": 0.4601885676383972}"
1482,0.29191105,"{""0-1"": 0.010340643115341663, ""0-2"": -0.03213929012417793, ""1-2"": 0.8975318074226379}"
1483,0.26265714,"{""0-1"": 0.26265713572502136}"
1484,0.00325688,"{""0-1"": 0.06473559886217117, ""0-2"": 0.017050612717866898, ""1-2"": -0.07201558351516724}"
1485,0.02897694,"{""0-1"": 0.06690429896116257, ""0-2"": -0.017444469034671783, ""1-2"": 0.037470992654561996}"
1486,0.20308851,"{""0-1"": 0.46707555651664734, ""0-2"": 0.08903929591178894, ""1-2"": 0.05315067246556282}"
1487,0.08279664,"{""0-1"": 0.08279664069414139}"
1488,0.36751905,"{""0-1"": 0.5149716734886169, ""0-2"": 0.3185334801673889, ""1-2"": 0.26905199885368347}"
1489,0.24885200,"{""0-1"": 0.015322609804570675, ""0-2"": 0.4064323604106903, ""1-2"": 0.3248010277748108}"
1490,0.37497659,"{""0-1"": 0.9989392161369324, ""0-2"": 0.06665526330471039, ""1-2"": 0.05933529883623123}"
1491,0.04336989,"{""0-1"": 0.0975642204284668, ""0-2"": 0.025753367692232132, ""1-2"": 0.006792078260332346}"
1492,0.28881929,"{""0-1"": 0.008750063367187977, ""0-2"": 0.9865866899490356, ""1-2"": -0.1288788765668869}"
1493,0.00000000,{}
1494,0.03063570,"{""0-1"": 0.0025282532442361116, ""0-2"": 0.1166607141494751, ""1-2"": -0.027281858026981354}"
1495,-0.01990345,"{""0-1"": 0.07621696591377258, ""0-2"": -0.18950963020324707, ""1-2"": 0.0535823218524456}"
1496,0.00000000,{}
1497,0.12246156,"{""0-1"": 0.4699810743331909, ""0-2"": -0.0939018651843071, ""1-2"": -0.008694537915289402}"
1498,0.38747582,"{""0-1"": 0.3874758183956146}"
1499,0.38832203,"{""0-1"": 0.38832202553749084}"
1500,0.37700833,"{""0-1"": 0.9973553419113159, ""0-2"": 0.06847585737705231, ""1-2"": 0.0651937946677208}"
1501,0.99999994,"{""0-1"": 0.9999999403953552}"
1502,0.00000000,{}
1503,-0.09878780,"{""0-1"": -0.15146572887897491, ""0-2"": -0.11319500207901001, ""1-2"": -0.0317026749253273}"
1504,0.04719571,"{""0-1"": 0.047195710241794586}"
1505,0.18711306,"{""0-1"": 0.06236429139971733, ""0-2"": 0.23365555703639984, ""1-2"": 0.2653193175792694}"
1506,0.51017141,"{""0-1"": 0.5101714134216309}"
1507,0.91879267,"{""0-1"": 0.9187926650047302}"
1508,0.07428212,"{""0-1"": 0.13791990280151367, ""0-2"": 0.04789726808667183, ""1-2"": 0.03702918812632561}"
1509,0.99999869,"{""0-1"": 0.9999986886978149}"
1510,0.24856718,"{""0-1"": 0.017807843163609505, ""0-2"": -0.0611763596534729, ""1-2"": 0.7890700697898865}"
1511,0.00857672,"{""0-1"": 0.022449111565947533, ""0-2"": -0.004869807977229357, ""1-2"": 0.00815085880458355}"
1512,0.08590399,"{""0-1"": 0.3363352417945862, ""0-2"": -0.05428823083639145, ""1-2"": -0.024335037916898727}"
1513,0.07948078,"{""0-1"": -0.024520697072148323, ""0-2"": 0.12280537188053131, ""1-2"": 0.14015765488147736}"
1514,-0.09140005,"{""0-1"": -0.09140004962682724}"
1515,0.19370346,"{""0-1"": 0.3314052224159241, ""0-2"": 0.07371746003627777, ""1-2"": 0.17598770558834076}"
1516,0.25344735,"{""0-1"": 0.25344735383987427}"
1517,0.99996769,"{""0-1"": 0.9999676942825317}"
1518,-0.06432952,"{""0-1"": -0.12669213116168976, ""0-2"": -0.04683409258723259, ""1-2"": -0.019462324678897858}"
1519,0.04130529,"{""0-1"": 0.0681077390909195, ""0-2"": -0.0395648255944252, ""1-2"": 0.09537295997142792}"
1520,0.10349418,"{""0-1"": 0.2544671893119812, ""0-2"": 0.009534776210784912, ""1-2"": 0.04648057743906975}"
1521,0.01599987,"{""0-1"": 0.006025914568454027, ""0-2"": 0.05141300708055496, ""1-2"": -0.00943931844085455}"
1522,0.00000000,{}
1523,0.06026756,"{""0-1"": -0.04331112280488014, ""0-2"": 0.06147344782948494, ""1-2"": 0.16264036297798157}"
1524,-0.06325378,"{""0-1"": -0.14386285841464996, ""0-2"": -0.039177604019641876, ""1-2"": -0.006720869801938534}"
1525,-0.07311018,"{""0-1"": -0.05229037255048752, ""0-2"": -0.05917660519480705, ""1-2"": -0.10786356776952744}"
1526,0.97707099,"{""0-1"": 0.9770709872245789}"
1527,0.39822993,"{""0-1"": 0.3982299268245697}"
1528,0.01599361,"{""0-1"": -0.030557962134480476, ""0-2"": 0.004711809568107128, ""1-2"": 0.07382697612047195}"
1529,0.00444163,"{""0-1"": 0.05049610882997513, ""0-2"": -0.0229796115309, ""1-2"": -0.014191610738635063}"
1530,0.23351946,"{""0-1"": 0.23351946473121643}"
1531,-0.00503268,"{""0-1"": 0.02603374794125557, ""0-2"": 0.04001396521925926, ""1-2"": -0.0811457484960556}"
1532,0.11845404,"{""0-1"": 0.10811030864715576, ""0-2"": 0.188195139169693, ""1-2"": 0.05905668064951897}"
1533,-0.03588311,"{""0-1"": 0.020937416702508926, ""0-2"": -0.1281222552061081, ""1-2"": -0.0004644771688617766}"
1534,0.02387027,"{""0-1"": 0.02387027069926262}"
1535,0.11910065,"{""0-1"": 0.026352908462285995, ""0-2"": -0.09074874222278595, ""1-2"": 0.42169779539108276}"
1536,0.28577882,"{""0-1"": 0.8429161906242371, ""0-2"": -0.022705432027578354, ""1-2"": 0.037125688046216965}"
1537,0.00325688,"{""0-1"": 0.06473559886217117, ""0-2"": 0.017050612717866898, ""1-2"": -0.07201558351516724}"
1538,0.02333286,"{""0-1"": 0.023332860320806503}"
1539,-0.03362617,"{""0-1"": -0.06865163892507553, ""0-2"": -0.04443519189953804, ""1-2"": 0.01220832671970129}"
1540,0.95221275,"{""0-1"": 0.9522127509117126}"
1541,0.13695801,"{""0-1"": 0.33914613723754883, ""0-2"": -0.06944785267114639, ""1-2"": 0.14117573201656342}"
1542,0.42286393,"{""0-1"": 0.2968515455722809, ""0-2"": 0.5258870124816895, ""1-2"": 0.44585323333740234}"
1543,-0.01200864,"{""0-1"": -0.023409882560372353, ""0-2"": 0.012754240073263645, ""1-2"": -0.025370292365550995}"
1544,0.00260436,"{""0-1"": -0.0667603388428688, ""0-2"": 0.02999790757894516, ""1-2"": 0.04457550123333931}"
1545,-0.02951597,"{""0-1"": -0.10987509042024612, ""0-2"": 0.009445865638554096, ""1-2"": 0.011881301179528236}"
1546,0.26503032,"{""0-1"": 0.2650303244590759}"
1547,0.11524650,"{""0-1"": 0.08875277638435364, ""0-2"": 0.23217584192752838, ""1-2"": 0.02481088601052761}"
1548,0.99999994,"{""0-1"": 0.9999999403953552}"
1549,1.00000012,"{""0-1"": 1.0000001192092896}"
1550,0.02340147,"{""0-1"": 0.025842292234301567, ""0-2"": 0.04869833588600159, ""1-2"": -0.004336207173764706}"
1551,0.23576191,"{""0-1"": 0.23576191067695618}"
1552,0.24692363,"{""0-1"": 0.19934453070163727, ""0-2"": 0.5805329084396362, ""1-2"": -0.03910653665661812}"
1553,0.32492585,"{""0-1"": 0.08118300884962082, ""0-2"": 0.463902086019516, ""1-2"": 0.42969244718551636}"
1554,0.06457411,"{""0-1"": 0.06457411497831345}"
1555,0.97529316,"{""0-1"": 0.9752931594848633}"
1556,0.20417796,"{""0-1"": -0.06627176702022552, ""0-2"": 0.5680260062217712, ""1-2"": 0.11077963560819626}"
1557,0.24903664,"{""0-1"": 0.24903663992881775}"
1558,0.34866954,"{""0-1"": 0.0922512412071228, ""0-2"": 0.8236858248710632, ""1-2"": 0.13007155060768127}"
1559,0.02633656,"{""0-1"": 0.05978347733616829, ""0-2"": -0.043707918375730515, ""1-2"": 0.06293410807847977}"
1560,0.23081572,"{""0-1"": 0.5245541334152222, ""0-2"": 0.02972383424639702, ""1-2"": 0.13816918432712555}"
1561,0.52443938,"{""0-1"": 0.4042139947414398, ""0-2"": 0.516905665397644, ""1-2"": 0.6521984934806824}"
1562,0.09868832,"{""0-1"": 0.08236207813024521, ""0-2"": 0.18758715689182281, ""1-2"": 0.02611573040485382}"
1563,-0.03620158,"{""0-1"": -0.09070617705583572, ""0-2"": -0.03390488028526306, ""1-2"": 0.016006330028176308}"
1564,0.28302256,"{""0-1"": 0.13607311248779297, ""0-2"": 0.021490275859832764, ""1-2"": 0.6915042996406555}"
1565,0.18021291,"{""0-1"": 0.6593075394630432, ""0-2"": -0.05659162253141403, ""1-2"": -0.06207718327641487}"
1566,0.36012652,"{""0-1"": 0.059040483087301254, ""0-2"": 0.059173911809921265, ""1-2"": 0.9621651768684387}"
1567,-0.01448303,"{""0-1"": -0.014483029954135418}"
1568,-0.00300785,"{""0-1"": -0.054562758654356, ""0-2"": 0.07231854647397995, ""1-2"": -0.026779349893331528}"
1569,0.35724188,"{""0-1"": 0.7183456420898438, ""0-2"": 0.23641471564769745, ""1-2"": 0.11696527153253555}"
1570,0.03928680,"{""0-1"": 0.038835376501083374, ""0-2"": 0.05718323960900307, ""1-2"": 0.02184179425239563}"
1571,-0.00221756,"{""0-1"": -0.0022175635676831007}"
1572,-0.08324672,"{""0-1"": -0.08324671536684036}"
1573,-0.02959395,"{""0-1"": -0.12266089022159576, ""0-2"": 0.08058401197195053, ""1-2"": -0.046704985201358795}"
1574,0.15288132,"{""0-1"": 0.15288132429122925}"
1575,0.03444630,"{""0-1"": -0.17757242918014526, ""0-2"": 0.06570029258728027, ""1-2"": 0.21521103382110596}"
1576,0.31270087,"{""0-1"": 0.8419137001037598, ""0-2"": 0.10848716646432877, ""1-2"": -0.012298250570893288}"
1577,0.10289685,"{""0-1"": 0.3394422233104706, ""0-2"": -0.07234524190425873, ""1-2"": 0.04159357771277428}"
1578,-0.03930123,"{""0-1"": -0.1447581648826599, ""0-2"": 0.08110611140727997, ""1-2"": -0.05425164848566055}"
1579,0.17139603,"{""0-1"": -0.005596680101007223, ""0-2"": 0.06243724748492241, ""1-2"": 0.4573475122451782}"
1580,0.21220271,"{""0-1"": 0.7729718685150146, ""0-2"": -0.0837164968252182, ""1-2"": -0.05264722928404808}"
1581,0.10491779,"{""0-1"": 0.3967897891998291, ""0-2"": -0.08883105963468552, ""1-2"": 0.006794653832912445}"
1582,0.09540011,"{""0-1"": 0.21025726199150085, ""0-2"": 0.05946960672736168, ""1-2"": 0.016473466530442238}"
1583,0.09666966,"{""0-1"": -0.31655609607696533, ""0-2"": -0.38078591227531433, ""1-2"": 0.9873510003089905}"
1584,0.97529316,"{""0-1"": 0.9752931594848633}"
1585,-0.00175509,"{""0-1"": -0.0017550925258547068}"
1586,-0.00044004,"{""0-1"": -0.0004400352481752634}"
1587,0.28231324,"{""0-1"": -0.07996772229671478, ""0-2"": -0.0661456510424614, ""1-2"": 0.9930530786514282}"
1588,0.42882824,"{""0-1"": 0.998113751411438, ""0-2"": 0.12114069610834122, ""1-2"": 0.1672302633523941}"
1589,-0.00922883,"{""0-1"": -0.009228833019733429}"
1590,0.23450018,"{""0-1"": 0.04204685613512993, ""0-2"": 0.28251171112060547, ""1-2"": 0.37894198298454285}"
1591,0.36751905,"{""0-1"": 0.5149716734886169, ""0-2"": 0.3185334801673889, ""1-2"": 0.26905199885368347}"
1592,-0.02564875,"{""0-1"": -0.025648752227425575}"
1593,-0.00265880,"{""0-1"": 0.034639760851860046, ""0-2"": -3.599300544010475e-05, ""1-2"": -0.04258015751838684}"
1594,0.30177806,"{""0-1"": 0.0023340319748967886, ""0-2"": -0.05001423880457878, ""1-2"": 0.9530143737792969}"
1595,-0.03390605,"{""0-1"": -0.006392961367964745, ""0-2"": -0.007536919787526131, ""1-2"": -0.08778827637434006}"
1596,1.00000024,"{""0-1"": 1.000000238418579}"
1597,-0.11025004,"{""0-1"": 0.021539578214287758, ""0-2"": -0.3503688871860504, ""1-2"": -0.0019208092708140612}"
1598,0.99999988,"{""0-1"": 0.9999998807907104}"
1599,0.49951109,"{""0-1"": 0.49951109290122986}"
1600,-0.06582544,"{""0-1"": -0.0658254399895668}"
1601,0.34532933,"{""0-1"": 0.028835274279117584, ""0-2"": 0.11614492535591125, ""1-2"": 0.8910077810287476}"
1602,0.01770695,"{""0-1"": 0.017706947401165962}"
1603,0.02183618,"{""0-1"": 0.2453504353761673, ""0-2"": -0.16451239585876465, ""1-2"": -0.015329509042203426}"
1604,0.11511225,"{""0-1"": 0.11511225253343582}"
1605,-0.04307243,"{""0-1"": -0.013950483873486519, ""0-2"": -0.1442582756280899, ""1-2"": 0.0289914608001709}"
1606,0.25404407,"{""0-1"": 0.6457058191299438, ""0-2"": 0.028996441513299942, ""1-2"": 0.0874299481511116}"
1607,-0.02555891,"{""0-1"": -0.06863799691200256, ""0-2"": 0.031487736850976944, ""1-2"": -0.03952647000551224}"
1608,-0.09392773,"{""0-1"": -0.09392773360013962}"
1609,-0.03266230,"{""0-1"": -0.20828647911548615, ""0-2"": 0.10592968016862869, ""1-2"": 0.004369887989014387}"
1610,0.12566303,"{""0-1"": 0.2933356463909149, ""0-2"": 0.056550282984972, ""1-2"": 0.02710317075252533}"
1611,0.99999869,"{""0-1"": 0.9999986886978149}"
1612,0.13917828,"{""0-1"": 0.13917827606201172}"
1613,0.22066696,"{""0-1"": 0.03186701238155365, ""0-2"": -0.033973392099142075, ""1-2"": 0.6641072630882263}"
1614,0.00172891,"{""0-1"": 0.006167151965200901, ""0-2"": -0.014179853722453117, ""1-2"": 0.013199442066252232}"
1615,0.99999988,"{""0-1"": 0.9999998807907104}"
1616,0.01722547,"{""0-1"": 0.10895994305610657, ""0-2"": 0.08079205453395844, ""1-2"": -0.1380755752325058}"
1617,1.00000012,"{""0-1"": 1.0000001192092896}"
1618,0.32452211,"{""0-1"": 0.9716997146606445, ""0-2"": 0.10094048827886581, ""1-2"": -0.09907388687133789}"
1619,0.00000000,{}
1620,0.30867127,"{""0-1"": 0.010733122937381268, ""0-2"": -0.011984968557953835, ""1-2"": 0.9272656440734863}"
1621,0.12318954,"{""0-1"": -0.012882208451628685, ""0-2"": 0.26726096868515015, ""1-2"": 0.11518986523151398}"
1622,-0.05577812,"{""0-1"": -0.044613782316446304, ""0-2"": -0.01853853277862072, ""1-2"": -0.10418203473091125}"
1623,0.01019615,"{""0-1"": -0.06851571798324585, ""0-2"": -0.04746050015091896, ""1-2"": 0.14656466245651245}"
1624,-0.00191846,"{""0-1"": -0.026908081024885178, ""0-2"": 0.024503841996192932, ""1-2"": -0.0033511340152472258}"
1625,0.07270628,"{""0-1"": 0.07270628213882446}"
1626,0.00172891,"{""0-1"": 0.006167151965200901, ""0-2"": -0.014179853722453117, ""1-2"": 0.013199442066252232}"
1627,0.00000000,{}
1628,0.01763547,"{""0-1"": 0.017635468393564224}"
1629,0.99983436,"{""0-1"": 0.9998343586921692}"
1630,0.02724863,"{""0-1"": 0.10159782320261002, ""0-2"": -0.076620914041996, ""1-2"": 0.05676897615194321}"
1631,0.25632938,"{""0-1"": 0.08234081417322159, ""0-2"": 0.066315196454525, ""1-2"": 0.6203321218490601}"
1632,0.99996769,"{""0-1"": 0.9999676942825317}"
1633,0.00038836,"{""0-1"": -0.155662402510643, ""0-2"": 0.04925702512264252, ""1-2"": 0.10757044702768326}"
1634,0.99289566,"{""0-1"": 0.9928956627845764}"
1635,0.27816921,"{""0-1"": 0.80876624584198, ""0-2"": -0.017638113349676132, ""1-2"": 0.043379489332437515}"
1636,0.50780958,"{""0-1"": 0.507809579372406}"
1637,0.29754785,"{""0-1"": 0.297547847032547}"
1638,0.04531866,"{""0-1"": 0.1783713847398758, ""0-2"": 0.026886984705924988, ""1-2"": -0.06930238008499146}"
1639,0.13479111,"{""0-1"": 0.28663843870162964, ""0-2"": -0.09693489223718643, ""1-2"": 0.21466979384422302}"
1640,0.05830203,"{""0-1"": 0.09205117076635361, ""0-2"": 0.05754917860031128, ""1-2"": 0.025305740535259247}"
1641,0.00069224,"{""0-1"": -0.016620740294456482, ""0-2"": 0.014909312129020691, ""1-2"": 0.0037881445605307817}"
1642,0.99999994,"{""0-1"": 0.9999999403953552}"
1643,-0.00008250,"{""0-1"": 0.056191880255937576, ""0-2"": -0.08050872385501862, ""1-2"": 0.02406933531165123}"
1644,0.03091054,"{""0-1"": 0.07498762756586075, ""0-2"": 0.00645022839307785, ""1-2"": 0.011293771676719189}"
1645,-0.00041731,"{""0-1"": -0.05349764600396156, ""0-2"": 0.03476828709244728, ""1-2"": 0.01747741736471653}"
1646,0.14947603,"{""0-1"": 0.20263385772705078, ""0-2"": 0.07215104252099991, ""1-2"": 0.17364318668842316}"
1647,-0.01803160,"{""0-1"": -0.11949318647384644, ""0-2"": 0.04435008019208908, ""1-2"": 0.021048320457339287}"
1648,0.38368410,"{""0-1"": 0.38368409872055054}"
1649,0.36912479,"{""0-1"": 0.6400983929634094, ""0-2"": -0.012297140434384346, ""1-2"": 0.479573130607605}"
1650,-0.01221536,"{""0-1"": -0.012215361930429935}"
1651,0.10491779,"{""0-1"": 0.3967897891998291, ""0-2"": -0.08883105963468552, ""1-2"": 0.006794653832912445}"
1652,-0.02995183,"{""0-1"": -0.11264972388744354, ""0-2"": 0.0562591478228569, ""1-2"": -0.03346492722630501}"
1653,0.38507214,"{""0-1"": 0.1033458262681961, ""0-2"": 0.9733532667160034, ""1-2"": 0.07851732522249222}"
1654,0.04480490,"{""0-1"": 0.12749463319778442, ""0-2"": -0.05279095098376274, ""1-2"": 0.05971100553870201}"
1655,-0.03702735,"{""0-1"": -0.09021154046058655, ""0-2"": -0.10179311037063599, ""1-2"": 0.08092259615659714}"
1656,0.00000000,{}
1657,-0.11535798,"{""0-1"": 0.026981329545378685, ""0-2"": -0.3598800599575043, ""1-2"": -0.013175217434763908}"
1658,0.27671722,"{""0-1"": 0.7691781520843506, ""0-2"": 0.06518786400556564, ""1-2"": -0.004214359913021326}"
1659,0.98372769,"{""0-1"": 0.9837276935577393}"
1660,0.24879972,"{""0-1"": 0.8162344098091125, ""0-2"": -0.02009001560509205, ""1-2"": -0.04974524676799774}"
1661,0.97002029,"{""0-1"": 0.9700202941894531}"
1662,-0.00730895,"{""0-1"": 0.2623932361602783, ""0-2"": -0.220145583152771, ""1-2"": -0.06417449563741684}"
1663,0.99379623,"{""0-1"": 0.9937962293624878}"
1664,0.23351946,"{""0-1"": 0.23351946473121643}"
1665,0.03910003,"{""0-1"": -0.012904333882033825, ""0-2"": 0.15094947814941406, ""1-2"": -0.020745044574141502}"
1666,0.00579387,"{""0-1"": 0.008365103043615818, ""0-2"": -0.023594316095113754, ""1-2"": 0.03261081129312515}"
1667,-0.00068136,"{""0-1"": -0.024175958707928658, ""0-2"": -0.013539065606892109, ""1-2"": 0.0356709361076355}"
1668,0.02261249,"{""0-1"": 0.04208081215620041, ""0-2"": 0.051652636379003525, ""1-2"": -0.025895973667502403}"
1669,0.94922066,"{""0-1"": 0.9492206573486328}"
1670,0.99999791,"{""0-1"": 0.9999979138374329}"
1671,0.49185884,"{""0-1"": 0.4918588399887085}"
1672,0.03435717,"{""0-1"": -0.06508196145296097, ""0-2"": 0.1193329319357872, ""1-2"": 0.04882053658366203}"
1673,-0.05475799,"{""0-1"": -0.11883247643709183, ""0-2"": -0.03947770223021507, ""1-2"": -0.005963803268969059}"
1674,-0.00118492,"{""0-1"": -0.013212235644459724, ""0-2"": -0.0800146833062172, ""1-2"": 0.08967216312885284}"
1675,0.13729084,"{""0-1"": -0.022912926971912384, ""0-2"": 0.09044691175222397, ""1-2"": 0.3443385362625122}"
1676,-0.01632778,"{""0-1"": -0.01632777787744999}"
1677,0.12241197,"{""0-1"": 0.04575689882040024, ""0-2"": 0.3129690885543823, ""1-2"": 0.008509916253387928}"
1678,0.17701224,"{""0-1"": -0.03994246572256088, ""0-2"": 0.04782753810286522, ""1-2"": 0.5231516361236572}"
1679,0.00107775,"{""0-1"": 0.08146499842405319, ""0-2"": -0.06644994765520096, ""1-2"": -0.011781805194914341}"
1680,0.00000000,{}
1681,1.00000024,"{""0-1"": 1.000000238418579}"
1682,0.03534719,"{""0-1"": 0.035347189754247665}"
1683,0.00000000,{}
1684,0.05153703,"{""0-1"": 0.00802401453256607, ""0-2"": 0.027416031807661057, ""1-2"": 0.11917103081941605}"
1685,0.01369350,"{""0-1"": 0.028960848227143288, ""0-2"": 0.022219926118850708, ""1-2"": -0.010100264102220535}"
1686,0.00000000,{}
1687,0.46127412,"{""0-1"": 0.461274117231369}"
1688,0.03737670,"{""0-1"": 0.03860241547226906, ""0-2"": 0.045071858912706375, ""1-2"": 0.028455816209316254}"
1689,0.06042243,"{""0-1"": 0.11854671686887741, ""0-2"": 0.03211575001478195, ""1-2"": 0.030604828149080276}"
1690,0.99999797,"{""0-1"": 0.9999979734420776}"
1691,0.02076162,"{""0-1"": 0.05417289957404137, ""0-2"": -0.04535355791449547, ""1-2"": 0.053465526551008224}"
1692,0.00325688,"{""0-1"": 0.06473559886217117, ""0-2"": 0.017050612717866898, ""1-2"": -0.07201558351516724}"
1693,-0.00213286,"{""0-1"": -0.0021328553557395935}"
1694,0.15132131,"{""0-1"": 0.4778701066970825, ""0-2"": 0.025538548827171326, ""1-2"": -0.049444712698459625}"
1695,-0.00296590,"{""0-1"": -0.03310364484786987, ""0-2"": 0.024103496223688126, ""1-2"": 0.00010244014265481383}"
1696,0.04053220,"{""0-1"": 0.022459082305431366, ""0-2"": 0.046580616384744644, ""1-2"": 0.05255691334605217}"
1697,0.35724188,"{""0-1"": 0.7183456420898438, ""0-2"": 0.23641471564769745, ""1-2"": 0.11696527153253555}"
1698,0.15224467,"{""0-1"": 0.1978955715894699, ""0-2"": 0.042227018624544144, ""1-2"": 0.21661141514778137}"
1699,-0.09861188,"{""0-1"": -0.09861188381910324}"
1700,0.28020798,"{""0-1"": 0.6514276266098022, ""0-2"": 0.10540978610515594, ""1-2"": 0.08378652483224869}"
1701,0.39109407,"{""0-1"": 0.08691316097974777, ""0-2"": 0.9904467463493347, ""1-2"": 0.0959223061800003}"
1702,0.59286708,"{""0-1"": 0.5928670763969421}"
1703,0.99999994,"{""0-1"": 0.9999999403953552}"
1704,0.96411538,"{""0-1"": 0.9641153812408447}"
1705,0.16806023,"{""0-1"": 0.16806022822856903}"
1706,0.05243393,"{""0-1"": 0.20890799164772034, ""0-2"": 0.049432434141635895, ""1-2"": -0.10103863477706909}"
1707,0.40678060,"{""0-1"": 0.28807875514030457, ""0-2"": 0.7501046657562256, ""1-2"": 0.18215838074684143}"
1708,0.80210257,"{""0-1"": 0.8021025657653809}"
1709,0.39100969,"{""0-1"": 0.39100968837738037}"
1710,0.04712387,"{""0-1"": 0.094574473798275, ""0-2"": 0.06786877661943436, ""1-2"": -0.021071648225188255}"
1711,0.43258020,"{""0-1"": 0.43258020281791687}"
1712,0.96230894,"{""0-1"": 0.962308943271637}"
1713,0.00000000,{}
1714,0.10594789,"{""0-1"": 0.1582975685596466, ""0-2"": 0.049306340515613556, ""1-2"": 0.11023975908756256}"
1715,0.07383708,"{""0-1"": 0.2078906148672104, ""0-2"": -0.04725299030542374, ""1-2"": 0.06087362766265869}"
1716,0.48825072,"{""0-1"": 0.5537391304969788, ""0-2"": 0.34713372588157654, ""1-2"": 0.5638793110847473}"
1717,0.00172891,"{""0-1"": 0.006167151965200901, ""0-2"": -0.014179853722453117, ""1-2"": 0.013199442066252232}"
1718,0.00325688,"{""0-1"": 0.06473559886217117, ""0-2"": 0.017050612717866898, ""1-2"": -0.07201558351516724}"
1719,-0.04849959,"{""0-1"": -0.053475622087717056, ""0-2"": -0.0006109702517278492, ""1-2"": -0.09141217917203903}"
1720,0.04092697,"{""0-1"": 0.002545834518969059, ""0-2"": -0.006959285121411085, ""1-2"": 0.1271943747997284}"
1721,-0.04439102,"{""0-1"": -0.2434854805469513, ""0-2"": -0.00888863019645214, ""1-2"": 0.11920106410980225}"
1722,0.03127011,"{""0-1"": -0.11376124620437622, ""0-2"": 0.08827309310436249, ""1-2"": 0.11929848790168762}"
1723,0.09169705,"{""0-1"": 0.09169705212116241}"
1724,0.05268385,"{""0-1"": 0.07697292417287827, ""0-2"": 0.06633475422859192, ""1-2"": 0.014743870124220848}"
1725,-0.04348802,"{""0-1"": -0.10736045241355896, ""0-2"": 0.008652251213788986, ""1-2"": -0.03175584599375725}"
1726,0.10839134,"{""0-1"": 0.3008327782154083, ""0-2"": -0.03776424750685692, ""1-2"": 0.06210550293326378}"
1727,-0.03352242,"{""0-1"": -0.1514178365468979, ""0-2"": 0.05573911592364311, ""1-2"": -0.004888554103672504}"
1728,0.08396784,"{""0-1"": 0.04078421741724014, ""0-2"": 0.06329841911792755, ""1-2"": 0.1478208750486374}"
1729,-0.04026660,"{""0-1"": -0.11582362651824951, ""0-2"": -0.03187193721532822, ""1-2"": 0.026895752176642418}"
1730,0.03162361,"{""0-1"": 0.09443482756614685, ""0-2"": 0.07037661969661713, ""1-2"": -0.06994062662124634}"
1731,0.82523119,"{""0-1"": 0.8252311944961548}"
1732,-0.02901476,"{""0-1"": -0.029227841645479202, ""0-2"": -0.025457214564085007, ""1-2"": -0.032359231263399124}"
1733,-0.02055073,"{""0-1"": -0.0434669554233551, ""0-2"": 0.010742622427642345, ""1-2"": -0.028927866369485855}"
1734,0.65881542,"{""0-1"": 0.4891706705093384, ""0-2"": 0.4912700653076172, ""1-2"": 0.9960055351257324}"
1735,0.99998999,"{""0-1"": 0.9999899864196777}"
1736,0.37837520,"{""0-1"": 0.7160837650299072, ""0-2"": 0.3902967572212219, ""1-2"": 0.02874508872628212}"
1737,0.19853639,"{""0-1"": 0.3745107352733612, ""0-2"": 0.09766040742397308, ""1-2"": 0.1234380230307579}"
1738,0.13866477,"{""0-1"": -0.007083469070494175, ""0-2"": -0.07347104698419571, ""1-2"": 0.4965488314628601}"
1739,0.06872494,"{""0-1"": 0.1136421337723732, ""0-2"": -0.11642374843358994, ""1-2"": 0.20895643532276154}"
1740,0.02934486,"{""0-1"": 0.04579836130142212, ""0-2"": 0.0033014120999723673, ""1-2"": 0.03893481567502022}"
1741,0.30913052,"{""0-1"": 0.3091305196285248}"
1742,0.33409960,"{""0-1"": -0.010824000462889671, ""0-2"": 0.9926510453224182, ""1-2"": 0.02047174610197544}"
1743,0.00000000,{}
1744,0.99636602,"{""0-1"": 0.996366024017334}"
1745,0.10662105,"{""0-1"": 0.32826924324035645, ""0-2"": 0.03164254128932953, ""1-2"": -0.04004863277077675}"
1746,0.00459534,"{""0-1"": 0.2405797392129898, ""0-2"": -0.10207807272672653, ""1-2"": -0.124715656042099}"
1747,-0.00775417,"{""0-1"": 0.011211156845092773, ""0-2"": -0.02892339788377285, ""1-2"": -0.00555026950314641}"
1748,0.25115184,"{""0-1"": 0.0646103098988533, ""0-2"": 0.607352077960968, ""1-2"": 0.08149314671754837}"
1749,1.00000012,"{""0-1"": 1.0000001192092896}"
1750,0.17539775,"{""0-1"": 0.032066021114587784, ""0-2"": 0.45743051171302795, ""1-2"": 0.036696720868349075}"
1751,0.24964769,"{""0-1"": 0.07428430765867233, ""0-2"": 0.05380431190133095, ""1-2"": 0.6208544373512268}"
1752,0.06931971,"{""0-1"": 0.056296203285455704, ""0-2"": 0.001363042974844575, ""1-2"": 0.15029989182949066}"
1753,-0.00815300,"{""0-1"": -0.06874077767133713, ""0-2"": 0.039856258779764175, ""1-2"": 0.004425532650202513}"
1754,0.04385854,"{""0-1"": 0.006238294765353203, ""0-2"": 0.22809885442256927, ""1-2"": -0.10276151448488235}"
1755,0.93272775,"{""0-1"": 0.9327277541160583}"
1756,0.21310396,"{""0-1"": 0.21310396492481232}"
1757,-0.10353000,"{""0-1"": -0.10353000462055206}"
1758,0.99998999,"{""0-1"": 0.9999899864196777}"
1759,0.11305146,"{""0-1"": 0.2659336030483246, ""0-2"": 0.03115740232169628, ""1-2"": 0.04206337034702301}"
1760,0.92665493,"{""0-1"": 0.9266549348831177}"
1761,0.02387027,"{""0-1"": 0.02387027069926262}"
1762,-0.02558956,"{""0-1"": -0.04750480875372887, ""0-2"": 0.06482839584350586, ""1-2"": -0.09409226477146149}"
1763,0.44687322,"{""0-1"": 0.9864591956138611, ""0-2"": 0.16296927630901337, ""1-2"": 0.1911911815404892}"
1764,0.12743984,"{""0-1"": 0.27777889370918274, ""0-2"": -0.20038536190986633, ""1-2"": 0.30492597818374634}"
1765,-0.00174097,"{""0-1"": -0.025036919862031937, ""0-2"": 0.015053152106702328, ""1-2"": 0.004760844632983208}"
1766,0.03357059,"{""0-1"": 0.032975103706121445, ""0-2"": 0.046274155378341675, ""1-2"": 0.02146250195801258}"
1767,-0.02183001,"{""0-1"": -0.07875277101993561, ""0-2"": 0.030171236023306847, ""1-2"": -0.01690850406885147}"
1768,0.05320275,"{""0-1"": -0.0021834722720086575, ""0-2"": 0.04072744771838188, ""1-2"": 0.12106426805257797}"
1769,0.05223438,"{""0-1"": 0.052234381437301636}"
1770,0.02724863,"{""0-1"": 0.10159782320261002, ""0-2"": -0.076620914041996, ""1-2"": 0.05676897615194321}"
1771,0.25150535,"{""0-1"": 0.8232463598251343, ""0-2"": -0.006667058449238539, ""1-2"": -0.06206326559185982}"
1772,0.01539877,"{""0-1"": 0.07532475143671036, ""0-2"": -0.05393172800540924, ""1-2"": 0.0248032845556736}"
1773,0.01329145,"{""0-1"": -0.09599284827709198, ""0-2"": 0.054275766015052795, ""1-2"": 0.0815914198756218}"
1774,0.24147275,"{""0-1"": 0.2148543894290924, ""0-2"": 0.22912825644016266, ""1-2"": 0.28043559193611145}"
1775,0.07381956,"{""0-1"": 0.07381955534219742}"
1776,0.83588636,"{""0-1"": 0.8358863592147827}"
1777,0.99189699,"{""0-1"": 0.9918969869613647}"
1778,0.18857834,"{""0-1"": 0.18857833743095398}"
1779,-0.02576659,"{""0-1"": 0.15023796260356903, ""0-2"": -0.07060571014881134, ""1-2"": -0.1569320112466812}"
1780,0.05340320,"{""0-1"": 0.02836264856159687, ""0-2"": 0.1031886488199234, ""1-2"": 0.028658295050263405}"
1781,0.43417925,"{""0-1"": 0.43417924642562866}"
1782,-0.00300785,"{""0-1"": -0.054562758654356, ""0-2"": 0.07231854647397995, ""1-2"": -0.026779349893331528}"
1783,-0.03713069,"{""0-1"": -0.0371306948363781}"
1784,0.06752333,"{""0-1"": -0.10696972161531448, ""0-2"": 0.12404567003250122, ""1-2"": 0.18549403548240662}"
1785,0.31397985,"{""0-1"": 0.36307892203330994, ""0-2"": 0.6680811643600464, ""1-2"": -0.08922052383422852}"
1786,0.19055481,"{""0-1"": 0.6530874967575073, ""0-2"": -0.0724869817495346, ""1-2"": -0.008936083875596523}"
1787,0.00748863,"{""0-1"": -0.04701986536383629, ""0-2"": 0.1136779859662056, ""1-2"": -0.04419221729040146}"
1788,0.01556094,"{""0-1"": 0.13006681203842163, ""0-2"": -0.15272678434848785, ""1-2"": 0.06934278458356857}"
1789,0.04730585,"{""0-1"": 0.04730585217475891}"
1790,0.15343827,"{""0-1"": 0.6533110737800598, ""0-2"": -0.07622424513101578, ""1-2"": -0.11677201837301254}"
1791,0.13454396,"{""0-1"": -0.023965511471033096, ""0-2"": 0.28402525186538696, ""1-2"": 0.1435721516609192}"
1792,0.25827539,"{""0-1"": 0.2582753896713257}"
1793,0.49951109,"{""0-1"": 0.49951109290122986}"
1794,0.25779063,"{""0-1"": 0.25779062509536743}"
1795,0.00000000,{}
1796,0.11794562,"{""0-1"": 0.3114340603351593, ""0-2"": -0.08675225079059601, ""1-2"": 0.12915503978729248}"
1797,0.10381497,"{""0-1"": 0.10848860442638397, ""0-2"": 0.08277538418769836, ""1-2"": 0.12018092721700668}"
1798,0.02908496,"{""0-1"": 0.10934697091579437, ""0-2"": -0.0003495608107186854, ""1-2"": -0.02174253761768341}"
1799,0.05789940,"{""0-1"": 0.19503310322761536, ""0-2"": -0.08794086426496506, ""1-2"": 0.06660596281290054}"
1800,-0.03509903,"{""0-1"": -0.06328024715185165, ""0-2"": -0.018896188586950302, ""1-2"": -0.023120664060115814}"
1801,0.99007082,"{""0-1"": 0.9900708198547363}"
1802,0.02508273,"{""0-1"": 0.01965644396841526, ""0-2"": 0.01744202710688114, ""1-2"": 0.03814971446990967}"
1803,0.02706249,"{""0-1"": -0.08762247115373611, ""0-2"": 0.07126869261264801, ""1-2"": 0.09754125773906708}"
1804,0.15536797,"{""0-1"": 0.15536797046661377}"
1805,0.46127412,"{""0-1"": 0.461274117231369}"
1806,0.03611958,"{""0-1"": 0.12976191937923431, ""0-2"": 0.09040575474500656, ""1-2"": -0.11180894076824188}"
1807,1.00000024,"{""0-1"": 1.000000238418579}"
1808,0.08905460,"{""0-1"": 0.3201523721218109, ""0-2"": -0.028198366984725, ""1-2"": -0.024790210649371147}"
1809,0.05268385,"{""0-1"": 0.07697292417287827, ""0-2"": 0.06633475422859192, ""1-2"": 0.014743870124220848}"
1810,-0.06728459,"{""0-1"": -0.06294849514961243, ""0-2"": -0.13481368124485016, ""1-2"": -0.004091586917638779}"
1811,0.28428583,"{""0-1"": 0.013851773925125599, ""0-2"": 0.7874406576156616, ""1-2"": 0.05156504735350609}"
1812,0.99504900,"{""0-1"": 0.995048999786377}"
1813,-0.05552286,"{""0-1"": -0.17269065976142883, ""0-2"": -0.05118793621659279, ""1-2"": 0.05731000751256943}"
1814,-0.01793381,"{""0-1"": -0.0697443038225174, ""0-2"": -0.01641853153705597, ""1-2"": 0.03236139565706253}"
1815,0.04410845,"{""0-1"": 0.1486666053533554, ""0-2"": -0.05316944420337677, ""1-2"": 0.03682820126414299}"
1816,0.74713200,"{""0-1"": 0.7471320033073425}"
1817,0.02483987,"{""0-1"": 0.024839868769049644}"
1818,0.98255110,"{""0-1"": 0.982551097869873}"
1819,0.14059959,"{""0-1"": 0.1405995935201645}"
1820,0.99999791,"{""0-1"": 0.9999979138374329}"
1821,-0.01632778,"{""0-1"": -0.01632777787744999}"
1822,-0.01515270,"{""0-1"": -0.049259476363658905, ""0-2"": -0.015760177746415138, ""1-2"": 0.019561542198061943}"
1823,0.33291376,"{""0-1"": 0.1314914971590042, ""0-2"": 0.09447623044252396, ""1-2"": 0.7727735638618469}"
1824,0.14019472,"{""0-1"": -0.09360414743423462, ""0-2"": 0.15172645449638367, ""1-2"": 0.3624618649482727}"
1825,0.02333286,"{""0-1"": 0.023332860320806503}"
1826,0.05905987,"{""0-1"": 0.0013437374727800488, ""0-2"": 0.058067504316568375, ""1-2"": 0.11776836961507797}"
1827,-0.03713069,"{""0-1"": -0.0371306948363781}"
1828,0.99999636,"{""0-1"": 0.9999963641166687}"
1829,-0.03794420,"{""0-1"": -0.06981176137924194, ""0-2"": -0.04464790225028992, ""1-2"": 0.0006270722951740026}"
1830,0.02438729,"{""0-1"": 0.04151546582579613, ""0-2"": 0.015587070025503635, ""1-2"": 0.016059324145317078}"
1831,0.38507214,"{""0-1"": 0.1033458262681961, ""0-2"": 0.9733532667160034, ""1-2"": 0.07851732522249222}"
1832,0.99998999,"{""0-1"": 0.9999899864196777}"
1833,0.08522407,"{""0-1"": 0.13829375803470612, ""0-2"": -0.12965638935565948, ""1-2"": 0.24703484773635864}"
1834,0.01763926,"{""0-1"": 0.18532174825668335, ""0-2"": -0.05277983099222183, ""1-2"": -0.07962413877248764}"
1835,0.06620381,"{""0-1"": 0.06620381027460098}"
1836,0.00000000,{}
1837,0.13652801,"{""0-1"": 0.45988523960113525, ""0-2"": -0.054906535893678665, ""1-2"": 0.00460533844307065}"
1838,0.01418074,"{""0-1"": -0.037582989782094955, ""0-2"": 0.051176346838474274, ""1-2"": 0.02894887700676918}"
1839,0.05340320,"{""0-1"": 0.02836264856159687, ""0-2"": 0.1031886488199234, ""1-2"": 0.028658295050263405}"
1840,0.65400851,"{""0-1"": 0.6540085077285767}"
1841,0.49951109,"{""0-1"": 0.49951109290122986}"
1842,-0.10353000,"{""0-1"": -0.10353000462055206}"
1843,0.06366711,"{""0-1"": 0.34281226992607117, ""0-2"": 0.026782799512147903, ""1-2"": -0.1785937398672104}"
1844,0.03910003,"{""0-1"": -0.012904333882033825, ""0-2"": 0.15094947814941406, ""1-2"": -0.020745044574141502}"
1845,0.01397801,"{""0-1"": 0.039479248225688934, ""0-2"": 0.06313187628984451, ""1-2"": -0.06067710742354393}"
1846,0.37970769,"{""0-1"": 0.9995258450508118, ""0-2"": 0.06964891403913498, ""1-2"": 0.06994830071926117}"
1847,0.30950394,"{""0-1"": -0.024909885600209236, ""0-2"": -0.020479921251535416, ""1-2"": 0.973901629447937}"
1848,0.81259787,"{""0-1"": 0.8125978708267212}"
1849,0.08260198,"{""0-1"": 0.19796645641326904, ""0-2"": 0.030846064910292625, ""1-2"": 0.018993420526385307}"
1850,0.57766694,"{""0-1"": 0.5776669383049011}"
1851,0.04982113,"{""0-1"": -0.034246545284986496, ""0-2"": 0.15776684880256653, ""1-2"": 0.025943094864487648}"
1852,0.97002029,"{""0-1"": 0.9700202941894531}"
1853,0.26428775,"{""0-1"": 0.05979498103260994, ""0-2"": 0.6546635627746582, ""1-2"": 0.07840471714735031}"
1854,0.17188808,"{""0-1"": -0.10376285761594772, ""0-2"": 0.5833107233047485, ""1-2"": 0.03611638769507408}"
1855,0.04569380,"{""0-1"": 0.027431108057498932, ""0-2"": 0.055588122457265854, ""1-2"": 0.05406217277050018}"
1856,-0.12586120,"{""0-1"": -0.12586119771003723}"
1857,0.11066893,"{""0-1"": 0.11066893488168716}"
1858,0.15247544,"{""0-1"": -0.05240342393517494, ""0-2"": -0.026788247749209404, ""1-2"": 0.5366179943084717}"
1859,0.01548773,"{""0-1"": -0.0380711555480957, ""0-2"": 0.08498995751142502, ""1-2"": -0.00045559965656138957}"
1860,-0.01515270,"{""0-1"": -0.049259476363658905, ""0-2"": -0.015760177746415138, ""1-2"": 0.019561542198061943}"
1861,-0.01757357,"{""0-1"": -0.0846123993396759, ""0-2"": 0.0030371358152478933, ""1-2"": 0.02885456010699272}"
1862,0.30949322,"{""0-1"": 0.003135841339826584, ""0-2"": 0.039876122027635574, ""1-2"": 0.8854677081108093}"
1863,0.23973158,"{""0-1"": 0.2397315800189972}"
1864,-0.02772671,"{""0-1"": -0.02998165972530842, ""0-2"": 0.05617509409785271, ""1-2"": -0.10937356948852539}"
1865,0.11146544,"{""0-1"": -0.0025021343026310205, ""0-2"": 0.295802503824234, ""1-2"": 0.04109596088528633}"
1866,-0.00122845,"{""0-1"": -0.001228448934853077}"
1867,0.04673792,"{""0-1"": 0.005310865584760904, ""0-2"": 0.019250161945819855, ""1-2"": 0.11565272510051727}"
1868,0.09868876,"{""0-1"": -0.006937588565051556, ""0-2"": -5.6205208238679916e-05, ""1-2"": 0.3030600845813751}"
1869,1.00000012,"{""0-1"": 1.0000001192092896}"
1870,0.42587206,"{""0-1"": 0.9980387687683105, ""0-2"": 0.12221737205982208, ""1-2"": 0.1573600322008133}"
1871,0.10662105,"{""0-1"": 0.32826924324035645, ""0-2"": 0.03164254128932953, ""1-2"": -0.04004863277077675}"
1872,0.01053506,"{""0-1"": -0.048286933451890945, ""0-2"": 0.10498479753732681, ""1-2"": -0.025092672556638718}"
1873,0.02724863,"{""0-1"": 0.10159782320261002, ""0-2"": -0.076620914041996, ""1-2"": 0.05676897615194321}"
1874,0.97565216,"{""0-1"": 0.9756521582603455}"
1875,0.00172891,"{""0-1"": 0.006167151965200901, ""0-2"": -0.014179853722453117, ""1-2"": 0.013199442066252232}"
1876,0.03378171,"{""0-1"": 0.050405967980623245, ""0-2"": 0.022627821192145348, ""1-2"": 0.028311342000961304}"
1877,0.05984535,"{""0-1"": 0.05984535068273544}"
1878,-0.01703377,"{""0-1"": -0.01703377068042755}"
1879,0.38075775,"{""0-1"": 0.9992547035217285, ""0-2"": 0.07057357579469681, ""1-2"": 0.07244496047496796}"
1880,-0.00228099,"{""0-1"": -0.0022809929214417934}"
1881,-0.03868696,"{""0-1"": -0.01668768934905529, ""0-2"": -0.06506805121898651, ""1-2"": -0.0343051515519619}"
1882,0.97882676,"{""0-1"": 0.9788267612457275}"
1883,0.04719571,"{""0-1"": 0.047195710241794586}"
1884,0.02709897,"{""0-1"": 0.06680968403816223, ""0-2"": 0.024469982832670212, ""1-2"": -0.009982751682400703}"
1885,0.01607484,"{""0-1"": -0.060312625020742416, ""0-2"": 0.07056931406259537, ""1-2"": 0.037967830896377563}"
1886,1.00000012,"{""0-1"": 1.0000001192092896}"
1887,0.06398930,"{""0-1"": 0.0639892965555191}"
1888,0.23138595,"{""0-1"": -0.11209005117416382, ""0-2"": 0.06352705508470535, ""1-2"": 0.7427208423614502}"
1889,0.32952201,"{""0-1"": 0.901942789554596, ""0-2"": 0.018629001453518867, ""1-2"": 0.06799423694610596}"
1890,0.33325492,"{""0-1"": 0.06224621459841728, ""0-2"": 0.13171249628067017, ""1-2"": 0.805806040763855}"
1891,0.10429325,"{""0-1"": 0.1663704514503479, ""0-2"": 0.02322986349463463, ""1-2"": 0.12327944487333298}"
1892,0.33824974,"{""0-1"": 0.45150449872016907, ""0-2"": -0.014771263115108013, ""1-2"": 0.5780159831047058}"
1893,0.00988971,"{""0-1"": -0.029081324115395546, ""0-2"": -0.025585070252418518, ""1-2"": 0.08433551341295242}"
1894,0.05268385,"{""0-1"": 0.07697292417287827, ""0-2"": 0.06633475422859192, ""1-2"": 0.014743870124220848}"
1895,0.12647507,"{""0-1"": 0.19932852685451508, ""0-2"": -0.1796490103006363, ""1-2"": 0.35974568128585815}"
1896,0.06440205,"{""0-1"": 0.15487705171108246, ""0-2"": 0.05104087293148041, ""1-2"": -0.012711782939732075}"
1897,0.06269860,"{""0-1"": 0.04814941808581352, ""0-2"": 0.13351084291934967, ""1-2"": 0.0064355372451245785}"
1898,0.00000000,{}
1899,0.56736093,"{""0-1"": 0.9853507876396179, ""0-2"": 0.3770787715911865, ""1-2"": 0.33965322375297546}"
1900,0.13604734,"{""0-1"": 0.05003555119037628, ""0-2"": 0.18110184371471405, ""1-2"": 0.1770046353340149}"
1901,0.01283441,"{""0-1"": 0.10329242050647736, ""0-2"": -0.08999409526586533, ""1-2"": 0.025204917415976524}"
1902,0.00000000,{}
1903,-0.01632778,"{""0-1"": -0.01632777787744999}"
1904,-0.05082817,"{""0-1"": -0.1883416473865509, ""0-2"": 0.05320790037512779, ""1-2"": -0.017350757494568825}"
1905,0.13259678,"{""0-1"": 0.13259677588939667}"
1906,-0.04119243,"{""0-1"": 0.01320449449121952, ""0-2"": -0.20938128232955933, ""1-2"": 0.07259950041770935}"
1907,0.14444180,"{""0-1"": 0.14444179832935333}"
1908,0.99999869,"{""0-1"": 0.9999986886978149}"
1909,0.99999934,"{""0-1"": 0.9999993443489075}"
1910,-0.02412251,"{""0-1"": -0.17260366678237915, ""0-2"": 0.0012172983260825276, ""1-2"": 0.09901884198188782}"
1911,0.02022960,"{""0-1"": 0.05620163679122925, ""0-2"": -0.024703610688447952, ""1-2"": 0.0291907861828804}"
1912,0.30108577,"{""0-1"": 0.0192037895321846, ""0-2"": 0.05483824387192726, ""1-2"": 0.8292152881622314}"
1913,-0.03468427,"{""0-1"": -0.0021447953768074512, ""0-2"": -0.07775374501943588, ""1-2"": -0.024154262617230415}"
1914,0.04398977,"{""0-1"": 0.052437588572502136, ""0-2"": 0.056025248020887375, ""1-2"": 0.023506468161940575}"
1915,0.22294347,"{""0-1"": -0.11306574940681458, ""0-2"": -0.10046209394931793, ""1-2"": 0.8823582530021667}"
1916,0.07270628,"{""0-1"": 0.07270628213882446}"
1917,0.65400851,"{""0-1"": 0.6540085077285767}"
1918,0.22624733,"{""0-1"": 0.05658562108874321, ""0-2"": -0.02312750183045864, ""1-2"": 0.6452838778495789}"
1919,0.11095316,"{""0-1"": 0.23407453298568726, ""0-2"": 0.0374486967921257, ""1-2"": 0.061336252838373184}"
1920,0.18318579,"{""0-1"": 0.18318578600883484}"
1921,0.04186723,"{""0-1"": -0.017755666747689247, ""0-2"": 0.1554306298494339, ""1-2"": -0.012073258869349957}"
1922,0.25204009,"{""0-1"": 0.4020291864871979, ""0-2"": 0.3730044662952423, ""1-2"": -0.018913375213742256}"
1923,0.11353198,"{""0-1"": 0.3472479581832886, ""0-2"": -0.06673222780227661, ""1-2"": 0.06008022278547287}"
1924,0.06627108,"{""0-1"": 0.3024149537086487, ""0-2"": -0.0776403471827507, ""1-2"": -0.02596135623753071}"
1925,0.81125897,"{""0-1"": 0.8112589716911316}"
1926,0.30406655,"{""0-1"": -0.08176371455192566, ""0-2"": 0.21520937979221344, ""1-2"": 0.7787539958953857}"
1927,0.37034333,"{""0-1"": 0.9947006702423096, ""0-2"": 0.06406302005052567, ""1-2"": 0.052266303449869156}"
1928,0.59286708,"{""0-1"": 0.5928670763969421}"
1929,0.99587846,"{""0-1"": 0.9958784580230713}"
1930,0.67967725,"{""0-1"": 0.6796772480010986}"
1931,0.02167840,"{""0-1"": -0.11071829497814178, ""0-2"": -0.09156090021133423, ""1-2"": 0.2673144042491913}"
1932,0.01967129,"{""0-1"": 0.10547731071710587, ""0-2"": -0.0782693549990654, ""1-2"": 0.03180592879652977}"
1933,0.00000000,{}
1934,0.49282983,"{""0-1"": 0.492829829454422}"
1935,0.09747260,"{""0-1"": 0.05604063346982002, ""0-2"": 0.11541422456502914, ""1-2"": 0.120962955057621}"
1936,0.41929520,"{""0-1"": 0.3850908577442169, ""0-2"": 0.10162664204835892, ""1-2"": 0.7711681127548218}"
1937,0.01331149,"{""0-1"": 0.1256668120622635, ""0-2"": -0.09638141095638275, ""1-2"": 0.010649066418409348}"
1938,0.00000000,{}
1939,0.18992648,"{""0-1"": 0.1443067193031311, ""0-2"": 0.2502695918083191, ""1-2"": 0.1752031296491623}"
1940,0.03224966,"{""0-1"": 0.022171519696712494, ""0-2"": 0.032384391874074936, ""1-2"": 0.042193055152893066}"
1941,0.29162129,"{""0-1"": 0.2640523314476013, ""0-2"": 0.6723645925521851, ""1-2"": -0.061553068459033966}"
1942,0.07270628,"{""0-1"": 0.07270628213882446}"
1943,0.26021612,"{""0-1"": 0.804974377155304, ""0-2"": 0.06672634184360504, ""1-2"": -0.09105234593153}"
1944,0.07270628,"{""0-1"": 0.07270628213882446}"
1945,0.35562830,"{""0-1"": 0.22574511170387268, ""0-2"": 0.7358642220497131, ""1-2"": 0.10527556389570236}"
1946,0.21608046,"{""0-1"": 0.2160804569721222}"
1947,0.58493751,"{""0-1"": 0.5849375128746033}"
1948,0.99996769,"{""0-1"": 0.9999676942825317}"
1949,0.07270628,"{""0-1"": 0.07270628213882446}"
1950,-0.04421676,"{""0-1"": -0.038698937743902206, ""0-2"": 0.05228698253631592, ""1-2"": -0.146238312125206}"
1951,0.08356885,"{""0-1"": 0.21162818372249603, ""0-2"": 0.020755529403686523, ""1-2"": 0.018322844058275223}"
1952,0.15879856,"{""0-1"": 0.6163778901100159, ""0-2"": -0.09765055030584335, ""1-2"": -0.04233165830373764}"
1953,0.23452894,"{""0-1"": 0.23452894389629364}"
1954,0.03272137,"{""0-1"": 0.006272835191339254, ""0-2"": 0.06849049031734467, ""1-2"": 0.023400798439979553}"
1955,0.00452697,"{""0-1"": 0.04957965761423111, ""0-2"": 0.028656313195824623, ""1-2"": -0.06465505063533783}"
1956,0.11234289,"{""0-1"": 0.055497609078884125, ""0-2"": 0.1176343485713005, ""1-2"": 0.16389672458171844}"
1957,0.45161480,"{""0-1"": 0.4516147971153259}"
1958,0.02800680,"{""0-1"": 0.050936292856931686, ""0-2"": 0.06117558851838112, ""1-2"": -0.028091495856642723}"
1959,0.00325688,"{""0-1"": 0.06473559886217117, ""0-2"": 0.017050612717866898, ""1-2"": -0.07201558351516724}"
1960,0.02878018,"{""0-1"": -0.07924137264490128, ""0-2"": 0.19301991164684296, ""1-2"": -0.02743799053132534}"
1961,-0.05279660,"{""0-1"": -0.13205228745937347, ""0-2"": -0.04932590574026108, ""1-2"": 0.02298840321600437}"
1962,0.75085616,"{""0-1"": 0.7508561611175537}"
1963,-0.00908104,"{""0-1"": 0.11487618833780289, ""0-2"": -0.07138241082429886, ""1-2"": -0.07073689252138138}"
1964,0.04826264,"{""0-1"": 0.08210229873657227, ""0-2"": 0.037548843771219254, ""1-2"": 0.02513677068054676}"
1965,0.37691978,"{""0-1"": 0.9988043904304504, ""0-2"": 0.0657011941075325, ""1-2"": 0.06625375151634216}"
1966,0.28873151,"{""0-1"": 0.3548978269100189, ""0-2"": 0.33925309777259827, ""1-2"": 0.1720435917377472}"
1967,0.02051907,"{""0-1"": 0.048956021666526794, ""0-2"": 0.03980720788240433, ""1-2"": -0.02720600739121437}"
1968,-0.01616975,"{""0-1"": -0.016169754788279533}"
1969,-0.02395545,"{""0-1"": -0.023955445736646652}"
1970,0.03981157,"{""0-1"": 0.04109996184706688, ""0-2"": 0.04920721799135208, ""1-2"": 0.029127543792128563}"
1971,0.66662514,"{""0-1"": 0.6666251420974731}"
1972,0.99592733,"{""0-1"": 0.9959273338317871}"
1973,0.19004020,"{""0-1"": 0.019682297483086586, ""0-2"": 0.019633356481790543, ""1-2"": 0.5308049321174622}"
1974,0.07483397,"{""0-1"": 0.3145737051963806, ""0-2"": -0.09735042601823807, ""1-2"": 0.007278624922037125}"
1975,0.02596099,"{""0-1"": -0.007641085423529148, ""0-2"": -0.052593741565942764, ""1-2"": 0.13811780512332916}"
1976,0.13407105,"{""0-1"": 0.13407105207443237}"
1977,0.01257007,"{""0-1"": -0.009446988813579082, ""0-2"": -0.027374839410185814, ""1-2"": 0.07453203946352005}"
1978,-0.01171515,"{""0-1"": -0.043598420917987823, ""0-2"": 0.05717926099896431, ""1-2"": -0.04872630164027214}"
1979,-0.08149869,"{""0-1"": -0.12881027162075043, ""0-2"": -0.0924883782863617, ""1-2"": -0.023197432979941368}"
1980,0.09902075,"{""0-1"": 0.24446803331375122, ""0-2"": 0.052611157298088074, ""1-2"": -1.6934554878389463e-05}"
1981,0.41260611,"{""0-1"": 0.9131931662559509, ""0-2"": 0.3566327691078186, ""1-2"": -0.032007597386837006}"
1982,0.11086977,"{""0-1"": 0.4817539155483246, ""0-2"": -0.035790201276540756, ""1-2"": -0.1133543998003006}"
1983,-0.15688743,"{""0-1"": -0.15688742697238922}"
1984,-0.04515059,"{""0-1"": -0.09885605424642563, ""0-2"": -0.11356717348098755, ""1-2"": 0.07697146385908127}"
1985,0.34146178,"{""0-1"": 0.34146177768707275}"
1986,0.38747582,"{""0-1"": 0.3874758183956146}"
1987,0.00170277,"{""0-1"": -0.0050438628531992435, ""0-2"": 0.0008052960620261729, ""1-2"": 0.009346875362098217}"
1988,0.12598132,"{""0-1"": 0.16004560887813568, ""0-2"": 0.03342641517519951, ""1-2"": 0.1844719499349594}"
1989,0.05444535,"{""0-1"": -0.018819889053702354, ""0-2"": 0.17307615280151367, ""1-2"": 0.009079793468117714}"
1990,0.02335211,"{""0-1"": 0.02606738731265068, ""0-2"": 0.003280940465629101, ""1-2"": 0.040708016604185104}"
1991,0.06390204,"{""0-1"": 0.2559214234352112, ""0-2"": 0.012000622227787971, ""1-2"": -0.07621593773365021}"
1992,0.06176285,"{""0-1"": 0.005395806860178709, ""0-2"": 0.05551114305853844, ""1-2"": 0.12438160181045532}"
1993,0.03392083,"{""0-1"": 0.03392082825303078}"
1994,0.16984512,"{""0-1"": 0.2331237643957138, ""0-2"": 0.3510841429233551, ""1-2"": -0.07467254251241684}"
1995,0.11691492,"{""0-1"": 0.3070143163204193, ""0-2"": -0.09021995961666107, ""1-2"": 0.13395041227340698}"
1996,0.37691978,"{""0-1"": 0.9988043904304504, ""0-2"": 0.0657011941075325, ""1-2"": 0.06625375151634216}"
1997,0.08187780,"{""0-1"": 0.13871757686138153, ""0-2"": 0.11669325828552246, ""1-2"": -0.009777430444955826}"
1998,-0.03035437,"{""0-1"": 0.0433540865778923, ""0-2"": -0.13315406441688538, ""1-2"": -0.0012631351128220558}"
1999,-0.04085593,"{""0-1"": -0.040855925530195236}"
2000,-0.01632778,"{""0-1"": -0.01632777787744999}"
2001,0.00000000,{}
2002,0.15666637,"{""0-1"": 0.1566663682460785}"
2003,0.99999934,"{""0-1"": 0.9999993443489075}"
2004,0.23351946,"{""0-1"": 0.23351946473121643}"
2005,0.08743045,"{""0-1"": 0.0874304473400116}"
2006,0.00942661,"{""0-1"": -0.00355411134660244, ""0-2"": 0.05101464316248894, ""1-2"": -0.01918071322143078}"
2007,0.49185884,"{""0-1"": 0.4918588399887085}"
2008,0.30476531,"{""0-1"": 0.42362120747566223, ""0-2"": 0.09950943291187286, ""1-2"": 0.39116528630256653}"
2009,0.23285828,"{""0-1"": 0.5924127697944641, ""0-2"": 0.06254520267248154, ""1-2"": 0.0436168797314167}"
2010,-0.01819826,"{""0-1"": 0.022377068176865578, ""0-2"": -0.08283025771379471, ""1-2"": 0.005858403630554676}"
2011,0.00000000,{}
2012,0.00000000,{}
2013,-0.04750573,"{""0-1"": -0.09069906175136566, ""0-2"": -0.03631960228085518, ""1-2"": -0.015498530119657516}"
2014,-0.03253618,"{""0-1"": -0.07521135360002518, ""0-2"": -0.034359462559223175, ""1-2"": 0.011962268501520157}"
2015,-0.03073351,"{""0-1"": -0.09669194370508194, ""0-2"": 0.06687909364700317, ""1-2"": -0.06238768994808197}"
2016,0.03272137,"{""0-1"": 0.006272835191339254, ""0-2"": 0.06849049031734467, ""1-2"": 0.023400798439979553}"
2017,0.05265975,"{""0-1"": -0.12478481233119965, ""0-2"": -0.06598791480064392, ""1-2"": 0.3487519919872284}"
2018,0.63850331,"{""0-1"": 0.6385033130645752}"
2019,-0.02725533,"{""0-1"": 0.017699526622891426, ""0-2"": -0.02614874392747879, ""1-2"": -0.0733167752623558}"
2020,0.03913135,"{""0-1"": 0.04778803139925003, ""0-2"": 0.09204089641571045, ""1-2"": -0.022434864193201065}"
2021,0.36585801,"{""0-1"": 0.1859702616930008, ""0-2"": 0.43905290961265564, ""1-2"": 0.4725508689880371}"
2022,0.00000000,{}
2023,0.05032248,"{""0-1"": -0.028117623180150986, ""0-2"": -0.09208245575428009, ""1-2"": 0.271167516708374}"
2024,0.03272137,"{""0-1"": 0.006272835191339254, ""0-2"": 0.06849049031734467, ""1-2"": 0.023400798439979553}"
2025,0.95499092,"{""0-1"": 0.9549909234046936}"
2026,0.03357564,"{""0-1"": 0.033575642853975296}"
2027,0.35724188,"{""0-1"": 0.7183456420898438, ""0-2"": 0.23641471564769745, ""1-2"": 0.11696527153253555}"
2028,0.16222702,"{""0-1"": 0.0248712208122015, ""0-2"": 0.27859166264533997, ""1-2"": 0.18321816623210907}"
2029,0.02339746,"{""0-1"": 0.1162930354475975, ""0-2"": -0.03516164422035217, ""1-2"": -0.010939002968370914}"
2030,-0.09480227,"{""0-1"": -0.09480226784944534}"
2031,0.11131904,"{""0-1"": 0.06844408065080643, ""0-2"": 0.26690950989723206, ""1-2"": -0.0013964645331725478}"
2032,0.14017215,"{""0-1"": 0.06338468939065933, ""0-2"": 0.3409915864467621, ""1-2"": 0.01614016480743885}"
2033,-0.00230673,"{""0-1"": -0.0023067344445735216}"
2034,0.00794874,"{""0-1"": -0.08842188119888306, ""0-2"": 0.06641475111246109, ""1-2"": 0.04585336148738861}"
2035,0.00000000,{}
2036,0.01207902,"{""0-1"": -0.057574305683374405, ""0-2"": 0.11990445852279663, ""1-2"": -0.026093099266290665}"
2037,0.30422203,"{""0-1"": -0.03152596578001976, ""0-2"": -0.027844777330756187, ""1-2"": 0.9720368385314941}"
2038,0.07097511,"{""0-1"": -0.002272746991366148, ""0-2"": 0.19729875028133392, ""1-2"": 0.01789931394159794}"
2039,0.12598132,"{""0-1"": 0.16004560887813568, ""0-2"": 0.03342641517519951, ""1-2"": 0.1844719499349594}"
2040,0.04291384,"{""0-1"": 0.09245375543832779, ""0-2"": 0.051455412060022354, ""1-2"": -0.015167634934186935}"
2041,0.05785539,"{""0-1"": 0.15322835743427277, ""0-2"": 0.010446950793266296, ""1-2"": 0.009890859015285969}"
2042,0.03224966,"{""0-1"": 0.022171519696712494, ""0-2"": 0.032384391874074936, ""1-2"": 0.042193055152893066}"
2043,-0.05599905,"{""0-1"": -0.05141646787524223, ""0-2"": -0.10269795358181, ""1-2"": -0.013882731087505817}"
2044,0.07990353,"{""0-1"": 0.17263294756412506, ""0-2"": 0.025239592418074608, ""1-2"": 0.04183805361390114}"
2045,-0.00789194,"{""0-1"": 0.10094704478979111, ""0-2"": -0.09040335565805435, ""1-2"": -0.03421952202916145}"
2046,0.00037569,"{""0-1"": 0.00037569133564829826}"
2047,-0.01375879,"{""0-1"": 0.03698429837822914, ""0-2"": -0.048440512269735336, ""1-2"": -0.0298201534897089}"
2048,0.99999988,"{""0-1"": 0.9999998807907104}"
2049,-0.00110658,"{""0-1"": -0.13785146176815033, ""0-2"": 0.0015914865070953965, ""1-2"": 0.13294023275375366}"
2050,0.06563708,"{""0-1"": -0.11668530106544495, ""0-2"": -0.010036599822342396, ""1-2"": 0.3236331343650818}"
2051,-0.03778108,"{""0-1"": -0.029849650338292122, ""0-2"": 0.004041201435029507, ""1-2"": -0.08753479272127151}"
2052,0.08548237,"{""0-1"": 0.08548236638307571}"
2053,0.91220963,"{""0-1"": 0.9122096300125122}"
2054,0.99999869,"{""0-1"": 0.9999986886978149}"
2055,-0.01338577,"{""0-1"": -0.013385769911110401}"
2056,0.99998999,"{""0-1"": 0.9999899864196777}"
2057,0.71247077,"{""0-1"": 0.7124707698822021}"
2058,0.39616126,"{""0-1"": 0.3957171142101288, ""0-2"": 0.006230340339243412, ""1-2"": 0.7865363359451294}"
2059,-0.04750573,"{""0-1"": -0.09069906175136566, ""0-2"": -0.03631960228085518, ""1-2"": -0.015498530119657516}"
2060,0.05046094,"{""0-1"": 0.10422564297914505, ""0-2"": 0.049835771322250366, ""1-2"": -0.0026786031667143106}"
2061,0.29129376,"{""0-1"": 0.010715434327721596, ""0-2"": 0.8214743733406067, ""1-2"": 0.041691482067108154}"
2062,0.06221651,"{""0-1"": 0.06221650540828705}"
2063,0.34561725,"{""0-1"": 0.575600266456604, ""0-2"": 0.01325999666005373, ""1-2"": 0.4479914903640747}"
2064,-0.01632778,"{""0-1"": -0.01632777787744999}"
2065,0.00000000,{}
2066,-0.02925923,"{""0-1"": -0.08466501533985138, ""0-2"": 0.04882641136646271, ""1-2"": -0.051939092576503754}"
2067,0.01599987,"{""0-1"": 0.006025914568454027, ""0-2"": 0.05141300708055496, ""1-2"": -0.00943931844085455}"
2068,-0.01632778,"{""0-1"": -0.01632777787744999}"
2069,0.99767685,"{""0-1"": 0.9976768493652344}"
2070,-0.03061573,"{""0-1"": -0.030615726485848427}"
2071,0.17204815,"{""0-1"": 0.023518841713666916, ""0-2"": 0.06774596869945526, ""1-2"": 0.42487964034080505}"
2072,0.04957412,"{""0-1"": 0.007032986730337143, ""0-2"": 0.02966010384261608, ""1-2"": 0.11202926933765411}"
2073,0.46894556,"{""0-1"": 0.46894556283950806}"
2074,0.19537944,"{""0-1"": 0.5772953033447266, ""0-2"": -0.11005803942680359, ""1-2"": 0.11890105903148651}"
2075,0.14162551,"{""0-1"": 0.1416255086660385}"
2076,-0.05474745,"{""0-1"": -0.06689617037773132, ""0-2"": 0.0022108310367912054, ""1-2"": -0.09955700486898422}"
2077,-0.00134450,"{""0-1"": -0.12894925475120544, ""0-2"": 0.10533933341503143, ""1-2"": 0.019576409831643105}"
2078,0.18644141,"{""0-1"": 0.11678417026996613, ""0-2"": 0.13368850946426392, ""1-2"": 0.30885154008865356}"
2079,-0.08199885,"{""0-1"": -0.08199884742498398}"
2080,0.99999982,"{""0-1"": 0.9999998211860657}"
2081,-0.04501228,"{""0-1"": -0.040095943957567215, ""0-2"": 0.007411733269691467, ""1-2"": -0.10235261917114258}"
2082,0.98081779,"{""0-1"": 0.9808177947998047}"
2083,0.09329349,"{""0-1"": 0.09682592004537582, ""0-2"": 0.045950766652822495, ""1-2"": 0.13710379600524902}"
2084,0.17085665,"{""0-1"": 0.4322223663330078, ""0-2"": 0.04205754026770592, ""1-2"": 0.03829004615545273}"
2085,0.00772508,"{""0-1"": 0.14563384652137756, ""0-2"": -0.03513890132308006, ""1-2"": -0.08731969445943832}"
2086,0.10381120,"{""0-1"": 0.09654134511947632, ""0-2"": 0.07630649954080582, ""1-2"": 0.13858574628829956}"
2087,0.05905987,"{""0-1"": 0.0013437374727800488, ""0-2"": 0.058067504316568375, ""1-2"": 0.11776836961507797}"
2088,0.16944108,"{""0-1"": 0.1236204281449318, ""0-2"": 0.1625683456659317, ""1-2"": 0.22213447093963623}"
2089,-0.04729952,"{""0-1"": -0.10065130144357681, ""0-2"": -0.0397150032222271, ""1-2"": -0.0015322555555030704}"
2090,0.06601032,"{""0-1"": 0.09423622488975525, ""0-2"": 0.047806516289711, ""1-2"": 0.05598822981119156}"
2091,0.63476229,"{""0-1"": 0.6347622871398926}"
2092,0.34011900,"{""0-1"": 0.34011900424957275}"
2093,0.00000000,{}
2094,0.09329349,"{""0-1"": 0.09682592004537582, ""0-2"": 0.045950766652822495, ""1-2"": 0.13710379600524902}"
2095,-0.00262577,"{""0-1"": -0.091000497341156, ""0-2"": 0.06734786182641983, ""1-2"": 0.015775317326188087}"
2096,0.71852112,"{""0-1"": 0.7185211181640625}"
2097,-0.02294269,"{""0-1"": -0.08000212162733078, ""0-2"": -0.0357598140835762, ""1-2"": 0.04693387448787689}"
2098,0.05203056,"{""0-1"": 0.0002924992295447737, ""0-2"": 0.1032300740480423, ""1-2"": 0.052569106221199036}"
2099,0.17369164,"{""0-1"": -0.024289192631840706, ""0-2"": 0.17483554780483246, ""1-2"": 0.37052857875823975}"
2100,-0.01616975,"{""0-1"": -0.016169754788279533}"
2101,-0.02253157,"{""0-1"": 0.025396978482604027, ""0-2"": -0.007227501831948757, ""1-2"": -0.08576418459415436}"
2102,0.06334646,"{""0-1"": 0.19198796153068542, ""0-2"": -0.027446459978818893, ""1-2"": 0.02549787424504757}"
2103,0.00000000,{}
2104,-0.02079973,"{""0-1"": -0.027722829952836037, ""0-2"": -0.011807482689619064, ""1-2"": -0.022868866100907326}"
2105,0.01577262,"{""0-1"": 0.018181482329964638, ""0-2"": -0.02207101136445999, ""1-2"": 0.05120740085840225}"
2106,0.39287700,"{""0-1"": 0.9327427744865417, ""0-2"": 0.19371941685676575, ""1-2"": 0.052168816328048706}"
2107,-0.01705570,"{""0-1"": -0.06138807162642479, ""0-2"": -0.005846310872584581, ""1-2"": 0.01606728322803974}"
2108,0.03958090,"{""0-1"": 0.039580896496772766}"
2109,0.01363767,"{""0-1"": -0.025034280493855476, ""0-2"": -0.07443735748529434, ""1-2"": 0.14038465917110443}"
2110,0.06647299,"{""0-1"": 0.20489215850830078, ""0-2"": -0.018786462023854256, ""1-2"": 0.013313285075128078}"
2111,-0.04180111,"{""0-1"": -0.04180110618472099}"
2112,0.03717103,"{""0-1"": 0.005197783466428518, ""0-2"": 0.06412772089242935, ""1-2"": 0.04218759015202522}"
2113,-0.18354012,"{""0-1"": -0.18354012072086334}"
2114,0.01817437,"{""0-1"": 0.009160739369690418, ""0-2"": -0.039262574166059494, ""1-2"": 0.08462493866682053}"
2115,0.00000000,{}
2116,0.10349418,"{""0-1"": 0.2544671893119812, ""0-2"": 0.009534776210784912, ""1-2"": 0.04648057743906975}"
2117,0.01063141,"{""0-1"": 0.010631413199007511}"
2118,0.37211887,"{""0-1"": 0.9977074265480042, ""0-2"": 0.06236466392874718, ""1-2"": 0.05628452077507973}"
2119,0.00000000,{}
2120,-0.01026330,"{""0-1"": -0.010263302363455296}"
2121,-0.09480227,"{""0-1"": -0.09480226784944534}"
2122,0.00173132,"{""0-1"": -0.011377645656466484, ""0-2"": 0.07786822319030762, ""1-2"": -0.06129661202430725}"
2123,-0.00300785,"{""0-1"": -0.054562758654356, ""0-2"": 0.07231854647397995, ""1-2"": -0.026779349893331528}"
2124,0.95749104,"{""0-1"": 0.9574910402297974}"
2125,0.49185056,"{""0-1"": 0.27901917695999146, ""0-2"": 0.7327662706375122, ""1-2"": 0.4637662470340729}"
2126,-0.04180111,"{""0-1"": -0.04180110618472099}"
2127,0.05740819,"{""0-1"": -0.03244169056415558, ""0-2"": 0.09714294224977493, ""1-2"": 0.10752332210540771}"
2128,0.36303620,"{""0-1"": 0.026792168617248535, ""0-2"": 0.16899001598358154, ""1-2"": 0.8933264017105103}"
2129,0.28218160,"{""0-1"": 0.1856687068939209, ""0-2"": 0.6118175387382507, ""1-2"": 0.04905854910612106}"
2130,-0.07217991,"{""0-1"": -0.03000440075993538, ""0-2"": -0.1578492671251297, ""1-2"": -0.028686070814728737}"
2131,0.03605540,"{""0-1"": 0.0037153749726712704, ""0-2"": 0.08767503499984741, ""1-2"": 0.01677578128874302}"
2132,1.00000024,"{""0-1"": 1.000000238418579}"
2133,-0.00882176,"{""0-1"": -0.04007767513394356, ""0-2"": -0.014410577714443207, ""1-2"": 0.02802295982837677}"
2134,0.08708663,"{""0-1"": 0.13607549667358398, ""0-2"": 0.13338404893875122, ""1-2"": -0.008199669420719147}"
2135,0.01369350,"{""0-1"": 0.028960848227143288, ""0-2"": 0.022219926118850708, ""1-2"": -0.010100264102220535}"
2136,-0.06167630,"{""0-1"": -0.1448148488998413, ""0-2"": -0.05887451767921448, ""1-2"": 0.018660468980669975}"
2137,-0.03213298,"{""0-1"": -0.05419667065143585, ""0-2"": -0.018428994342684746, ""1-2"": -0.023773277178406715}"
2138,0.09411240,"{""0-1"": 0.12495803833007812, ""0-2"": 0.09915037453174591, ""1-2"": 0.05822879821062088}"
2139,0.43505631,"{""0-1"": 0.9985724091529846, ""0-2"": 0.13523995876312256, ""1-2"": 0.17135655879974365}"
2140,0.80687662,"{""0-1"": 0.9128507971763611, ""0-2"": 0.8422090411186218, ""1-2"": 0.6655700206756592}"
2141,-0.00980273,"{""0-1"": -0.03393759950995445, ""0-2"": -0.007321791257709265, ""1-2"": 0.011851214803755283}"
2142,0.00000000,{}
2143,0.04525836,"{""0-1"": -0.027087990194559097, ""0-2"": 0.17553319036960602, ""1-2"": -0.012670107185840607}"
2144,0.12718216,"{""0-1"": 0.049211107194423676, ""0-2"": 0.09446921199560165, ""1-2"": 0.23786616325378418}"
2145,0.43089476,"{""0-1"": 0.43089476227760315}"
2146,0.00000000,{}
2147,0.03549638,"{""0-1"": -0.15374606847763062, ""0-2"": 0.033977631479501724, ""1-2"": 0.2262575626373291}"
2148,0.38832203,"{""0-1"": 0.38832202553749084}"
2149,0.10349418,"{""0-1"": 0.2544671893119812, ""0-2"": 0.009534776210784912, ""1-2"": 0.04648057743906975}"
2150,0.89660031,"{""0-1"": 0.8966003060340881}"
2151,0.09379811,"{""0-1"": 0.09379810839891434}"
2152,0.00000000,{}
2153,0.52234083,"{""0-1"": 0.5223408341407776}"
2154,-0.07416181,"{""0-1"": -0.07416181266307831}"
2155,0.05209457,"{""0-1"": 0.06273357570171356, ""0-2"": -0.04214336723089218, ""1-2"": 0.1356934905052185}"
2156,0.15429499,"{""0-1"": 0.41281697154045105, ""0-2"": -0.08156843483448029, ""1-2"": 0.13163642585277557}"
2157,-0.14468753,"{""0-1"": -0.14468753337860107}"
2158,0.00000000,{}
2159,0.06156889,"{""0-1"": 0.013635524548590183, ""0-2"": 0.0425138957798481, ""1-2"": 0.1285572350025177}"
2160,-0.06885287,"{""0-1"": -0.11677908897399902, ""0-2"": -0.08535762131214142, ""1-2"": -0.004421889781951904}"
2161,0.09411240,"{""0-1"": 0.12495803833007812, ""0-2"": 0.09915037453174591, ""1-2"": 0.05822879821062088}"
2162,0.00000000,{}
2163,0.10334935,"{""0-1"": -0.09765266627073288, ""0-2"": 0.013182385824620724, ""1-2"": 0.39451831579208374}"
2164,-0.04928052,"{""0-1"": -0.03364511579275131, ""0-2"": 0.011258314363658428, ""1-2"": -0.12545476853847504}"
2165,0.13839199,"{""0-1"": 0.13839198648929596}"
2166,0.00172891,"{""0-1"": 0.006167151965200901, ""0-2"": -0.014179853722453117, ""1-2"": 0.013199442066252232}"
2167,0.00242913,"{""0-1"": 0.03713448345661163, ""0-2"": -0.029578495770692825, ""1-2"": -0.0002685965155251324}"
2168,0.34388459,"{""0-1"": -0.0010637579252943397, ""0-2"": 0.045095909386873245, ""1-2"": 0.9876216053962708}"
2169,0.00000000,{}
2170,0.01369350,"{""0-1"": 0.028960848227143288, ""0-2"": 0.022219926118850708, ""1-2"": -0.010100264102220535}"
2171,0.84542865,"{""0-1"": 0.8454286456108093}"
2172,1.00000012,"{""0-1"": 1.0000001192092896}"
2173,0.00325688,"{""0-1"": 0.06473559886217117, ""0-2"": 0.017050612717866898, ""1-2"": -0.07201558351516724}"
2174,-0.07096345,"{""0-1"": -0.07096344977617264}"
2175,-0.02412775,"{""0-1"": -0.03848454728722572, ""0-2"": -0.034375131130218506, ""1-2"": 0.00047641678247600794}"
2176,0.02382307,"{""0-1"": 0.023823071271181107}"
2177,0.05268385,"{""0-1"": 0.07697292417287827, ""0-2"": 0.06633475422859192, ""1-2"": 0.014743870124220848}"
2178,0.34700700,"{""0-1"": 0.717698335647583, ""0-2"": 0.18350887298583984, ""1-2"": 0.13981378078460693}"
2179,0.00157186,"{""0-1"": -0.05150124430656433, ""0-2"": 0.023844169452786446, ""1-2"": 0.032372668385505676}"
2180,0.58604848,"{""0-1"": 0.5860484838485718}"
2181,0.00000000,{}
2182,-0.06395446,"{""0-1"": -0.14926978945732117, ""0-2"": 0.02356126345694065, ""1-2"": -0.0661548525094986}"
2183,0.10008323,"{""0-1"": 0.10008323192596436}"
2184,-0.03596437,"{""0-1"": -0.07215167582035065, ""0-2"": 0.01811724714934826, ""1-2"": -0.0538586750626564}"
2185,0.82986331,"{""0-1"": 0.8298633098602295}"
2186,0.49951109,"{""0-1"": 0.49951109290122986}"
2187,0.03184089,"{""0-1"": -0.030818844214081764, ""0-2"": -0.0019080457277595997, ""1-2"": 0.12824957072734833}"
2188,0.39906901,"{""0-1"": 0.09073028713464737, ""0-2"": 0.13375553488731384, ""1-2"": 0.9727212190628052}"
2189,0.02689715,"{""0-1"": 0.02689715288579464}"
2190,0.05084672,"{""0-1"": -0.0071310605853796005, ""0-2"": 0.01727043278515339, ""1-2"": 0.14240078628063202}"
2191,0.35895023,"{""0-1"": 0.031297992914915085, ""0-2"": 0.9567061066627502, ""1-2"": 0.0888466015458107}"
2192,0.44706616,"{""0-1"": 0.44706615805625916}"
2193,-0.02971692,"{""0-1"": -0.03087645396590233, ""0-2"": -0.022823868319392204, ""1-2"": -0.03545043244957924}"
2194,-0.05003900,"{""0-1"": -0.035480793565511703, ""0-2"": 0.010107900947332382, ""1-2"": -0.12474410235881805}"
2195,0.00000000,{}
2196,0.22180039,"{""0-1"": -0.0868927538394928, ""0-2"": -0.019827671349048615, ""1-2"": 0.7721216082572937}"
2197,0.96681356,"{""0-1"": 0.9668135643005371}"
2198,0.00436575,"{""0-1"": -0.03554990515112877, ""0-2"": -0.004051276482641697, ""1-2"": 0.052698422223329544}"
2199,-0.02006025,"{""0-1"": -0.014202430844306946, ""0-2"": -0.01104806736111641, ""1-2"": -0.03493024781346321}"
2200,0.08455307,"{""0-1"": 0.1575198620557785, ""0-2"": -0.04927016794681549, ""1-2"": 0.14540952444076538}"
2201,-0.02637028,"{""0-1"": -0.10243858397006989, ""0-2"": -0.03987428918480873, ""1-2"": 0.06320202350616455}"
2202,0.03449442,"{""0-1"": 0.08369115740060806, ""0-2"": 0.009424837306141853, ""1-2"": 0.01036725752055645}"
2203,0.09464905,"{""0-1"": -0.03487057238817215, ""0-2"": 0.07469837367534637, ""1-2"": 0.24411936104297638}"
2204,0.00000000,{}
2205,0.00723398,"{""0-1"": 0.02045222744345665, ""0-2"": -0.04522223398089409, ""1-2"": 0.04647194594144821}"
2206,0.99999988,"{""0-1"": 0.9999998807907104}"
2207,0.03568687,"{""0-1"": -0.01433663908392191, ""0-2"": 0.0357234925031662, ""1-2"": 0.08567376434803009}"
2208,0.07281256,"{""0-1"": 0.07281255722045898}"
2209,0.03702693,"{""0-1"": 0.03702692687511444}"
2210,0.10281275,"{""0-1"": -0.06891193240880966, ""0-2"": 0.3797239065170288, ""1-2"": -0.0023737188894301653}"
2211,0.00000000,{}
2212,-0.05321981,"{""0-1"": -0.136955127120018, ""0-2"": -0.029623188078403473, ""1-2"": 0.0069188824854791164}"
2213,-0.02344673,"{""0-1"": -0.04970227926969528, ""0-2"": -0.07690899074077606, ""1-2"": 0.05627106502652168}"
2214,0.61080784,"{""0-1"": 0.6108078360557556}"
2215,-0.00221756,"{""0-1"": -0.0022175635676831007}"
2216,0.15290988,"{""0-1"": 0.2727268636226654, ""0-2"": 0.114476278424263, ""1-2"": 0.07152649760246277}"
2217,0.83092207,"{""0-1"": 0.8309220671653748}"
2218,0.05059033,"{""0-1"": 0.031563661992549896, ""0-2"": 0.0800662711262703, ""1-2"": 0.04014105349779129}"
2219,0.00159489,"{""0-1"": 0.0015948852524161339}"
2220,-0.02103463,"{""0-1"": -0.18710823357105255, ""0-2"": 0.1242363303899765, ""1-2"": -0.000231999481911771}"
2221,-0.01769314,"{""0-1"": -0.0218658484518528, ""0-2"": 0.0019840842578560114, ""1-2"": -0.03319764509797096}"
2222,0.15612173,"{""0-1"": 0.15612173080444336}"
2223,0.08922052,"{""0-1"": -0.09067445993423462, ""0-2"": 0.3609846532344818, ""1-2"": -0.0026486190035939217}"
2224,0.94922066,"{""0-1"": 0.9492206573486328}"
2225,0.98493004,"{""0-1"": 0.9849300384521484}"
2226,0.98081779,"{""0-1"": 0.9808177947998047}"
2227,0.03728686,"{""0-1"": -0.04180927202105522, ""0-2"": 0.17662201821804047, ""1-2"": -0.02295217663049698}"
2228,0.00000000,{}
2229,1.00000012,"{""0-1"": 1.0000001192092896}"
2230,0.26596892,"{""0-1"": 0.3269295394420624, ""0-2"": 0.23586152493953705, ""1-2"": 0.23511570692062378}"
2231,-0.01841223,"{""0-1"": -0.08557329326868057, ""0-2"": 0.024815620854496956, ""1-2"": 0.005520994774997234}"
2232,0.19777669,"{""0-1"": 0.5476157069206238, ""0-2"": -0.03441350907087326, ""1-2"": 0.08012787252664566}"
2233,0.16228995,"{""0-1"": 0.1295262575149536, ""0-2"": -0.08993705362081528, ""1-2"": 0.4472806453704834}"
2234,-0.04750573,"{""0-1"": -0.09069906175136566, ""0-2"": -0.03631960228085518, ""1-2"": -0.015498530119657516}"
2235,0.06507357,"{""0-1"": 0.06507357209920883}"
2236,0.10429325,"{""0-1"": 0.1663704514503479, ""0-2"": 0.02322986349463463, ""1-2"": 0.12327944487333298}"
2237,0.10887442,"{""0-1"": 0.021049367263913155, ""0-2"": 0.2775222063064575, ""1-2"": 0.028051696717739105}"
2238,0.05415684,"{""0-1"": 0.1068955808877945, ""0-2"": 0.015939882025122643, ""1-2"": 0.039635058492422104}"
2239,0.03525417,"{""0-1"": 0.02934841625392437, ""0-2"": 0.04916289821267128, ""1-2"": 0.02725120447576046}"
2240,-0.01999899,"{""0-1"": -0.031822577118873596, ""0-2"": -0.0811012014746666, ""1-2"": 0.052926793694496155}"
2241,0.10706941,"{""0-1"": 0.23643431067466736, ""0-2"": -0.0781172513961792, ""1-2"": 0.1628911793231964}"
2242,0.07304907,"{""0-1"": 0.46692922711372375, ""0-2"": -0.14245645701885223, ""1-2"": -0.10532554984092712}"
2243,-0.01448303,"{""0-1"": -0.014483029954135418}"
2244,0.46487260,"{""0-1"": 0.4648725986480713}"
2245,0.15030853,"{""0-1"": 0.1503085345029831}"
2246,0.06576910,"{""0-1"": 0.38072261214256287, ""0-2"": -0.13823066651821136, ""1-2"": -0.045184653252363205}"
2247,0.06815324,"{""0-1"": -0.035266950726509094, ""0-2"": 0.0774879977107048, ""1-2"": 0.1622386872768402}"
2248,-0.06462577,"{""0-1"": -0.06303225457668304, ""0-2"": 0.04715404286980629, ""1-2"": -0.1779991090297699}"
2249,-0.00922883,"{""0-1"": -0.009228833019733429}"
2250,0.02874610,"{""0-1"": 0.01681484654545784, ""0-2"": 0.05950948968529701, ""1-2"": 0.00991394929587841}"
2251,0.10756232,"{""0-1"": -0.0464169941842556, ""0-2"": -0.023925388231873512, ""1-2"": 0.3930293321609497}"
2252,0.09379811,"{""0-1"": 0.09379810839891434}"
2253,0.05224566,"{""0-1"": 0.05224565789103508}"
2254,0.31147505,"{""0-1"": 0.7939900159835815, ""0-2"": 0.19816723465919495, ""1-2"": -0.05773210525512695}"
2255,-0.02355169,"{""0-1"": -0.22727106511592865, ""0-2"": -0.06427758932113647, ""1-2"": 0.22089359164237976}"
2256,0.18321154,"{""0-1"": 0.3476032614707947, ""0-2"": 0.039741430431604385, ""1-2"": 0.16228993237018585}"
2258,1.00000012,"{""0-1"": 1.0000001192092896}"
2259,0.00000000,{}
2260,0.06063080,"{""0-1"": 0.06063080206513405}"
2261,0.00172891,"{""0-1"": 0.006167151965200901, ""0-2"": -0.014179853722453117, ""1-2"": 0.013199442066252232}"
2262,0.90343606,"{""0-1"": 0.9034360647201538}"
2263,-0.06136215,"{""0-1"": -0.06250687688589096, ""0-2"": -0.025943484157323837, ""1-2"": -0.09563609957695007}"
2264,0.20602755,"{""0-1"": 0.206027552485466}"
2265,0.00000000,{}
2266,0.13802421,"{""0-1"": 0.3206369876861572, ""0-2"": 0.007506977766752243, ""1-2"": 0.08592867106199265}"
2267,-0.01345285,"{""0-1"": -0.04155583679676056, ""0-2"": -0.029110915958881378, ""1-2"": 0.030308207497000694}"
2268,0.38866225,"{""0-1"": 0.0866912454366684, ""0-2"": 0.8868623375892639, ""1-2"": 0.1924331784248352}"
2269,-0.05230658,"{""0-1"": -0.05230657756328583}"
2270,0.04435240,"{""0-1"": 0.192832812666893, ""0-2"": 0.04070346802473068, ""1-2"": -0.10047906637191772}"
2271,0.34146178,"{""0-1"": 0.34146177768707275}"
2272,0.05815397,"{""0-1"": -0.023316945880651474, ""0-2"": 0.21087299287319183, ""1-2"": -0.013094131834805012}"
2273,-0.01605870,"{""0-1"": -0.020113782957196236, ""0-2"": -0.0045216260477900505, ""1-2"": -0.023540688678622246}"
2274,-0.09861188,"{""0-1"": -0.09861188381910324}"
2275,0.11647478,"{""0-1"": 0.11647477746009827}"
2276,0.97529316,"{""0-1"": 0.9752931594848633}"
2277,0.01186338,"{""0-1"": 0.048339784145355225, ""0-2"": 0.00461265305057168, ""1-2"": -0.01736229844391346}"
2278,0.08949821,"{""0-1"": 0.08949821442365646}"
2279,0.62242204,"{""0-1"": 0.6224220395088196}"
2280,0.08165096,"{""0-1"": 0.1036394014954567, ""0-2"": -0.10869347304105759, ""1-2"": 0.25000694394111633}"
2281,0.37092204,"{""0-1"": 0.3863236606121063, ""0-2"": 0.6433669924736023, ""1-2"": 0.08307545632123947}"
2282,-0.04119243,"{""0-1"": 0.01320449449121952, ""0-2"": -0.20938128232955933, ""1-2"": 0.07259950041770935}"
2283,-0.00593884,"{""0-1"": -0.04029972851276398, ""0-2"": -0.02389400266110897, ""1-2"": 0.04637720808386803}"
2284,0.00325688,"{""0-1"": 0.06473559886217117, ""0-2"": 0.017050612717866898, ""1-2"": -0.07201558351516724}"
2285,0.57294536,"{""0-1"": 0.7436084747314453, ""0-2"": 0.5613659620285034, ""1-2"": 0.41386163234710693}"
2286,0.00038540,"{""0-1"": 0.0003854036913253367}"
2287,0.01238338,"{""0-1"": 0.019224001094698906, ""0-2"": 0.0005165862967260182, ""1-2"": 0.017409564927220345}"
2288,0.74713200,"{""0-1"": 0.7471320033073425}"
2289,0.37092204,"{""0-1"": 0.3863236606121063, ""0-2"": 0.6433669924736023, ""1-2"": 0.08307545632123947}"
2290,0.02083795,"{""0-1"": 0.006062033120542765, ""0-2"": 0.18107730150222778, ""1-2"": -0.12462548166513443}"
2291,0.17316081,"{""0-1"": 0.17316080629825592}"
2292,0.22744353,"{""0-1"": 0.49673768877983093, ""0-2"": 0.09822005033493042, ""1-2"": 0.08737285435199738}"
2293,0.64579964,"{""0-1"": 0.6457996368408203}"
2294,0.05443454,"{""0-1"": 0.18140830099582672, ""0-2"": 0.00041577155934646726, ""1-2"": -0.018520452082157135}"
2295,0.02648095,"{""0-1"": 0.031304314732551575, ""0-2"": -0.04941071569919586, ""1-2"": 0.09754925966262817}"
2296,1.00000012,"{""0-1"": 1.0000001192092896}"
2297,0.07256627,"{""0-1"": 0.07256627082824707}"
2298,0.32757780,"{""0-1"": 0.9247020483016968, ""0-2"": -0.010243491269648075, ""1-2"": 0.0682748481631279}"
2299,0.32251140,"{""0-1"": 0.3225114047527313}"
2300,0.37417444,"{""0-1"": 0.9964631795883179, ""0-2"": 0.07097293436527252, ""1-2"": 0.05508720502257347}"
2301,0.54584366,"{""0-1"": 0.5458436608314514}"
2302,-0.04137006,"{""0-1"": -0.053613100200891495, ""0-2"": -0.08281388878822327, ""1-2"": 0.012316820211708546}"
2303,0.95481086,"{""0-1"": 0.9548108577728271}"
2304,0.00000000,{}
2305,0.00000000,{}
2306,0.00000000,{}
2307,0.99999982,"{""0-1"": 0.9999998211860657}"
2308,-0.09878780,"{""0-1"": -0.15146572887897491, ""0-2"": -0.11319500207901001, ""1-2"": -0.0317026749253273}"
2309,-0.02268445,"{""0-1"": -0.022684451192617416}"
2310,0.02483987,"{""0-1"": 0.024839868769049644}"
2311,0.19078673,"{""0-1"": 0.19078673422336578}"
2312,0.18336262,"{""0-1"": 0.08442430943250656, ""0-2"": 0.3155020475387573, ""1-2"": 0.1501614898443222}"
2313,0.25866893,"{""0-1"": 0.2586689293384552}"
2314,0.04968577,"{""0-1"": 0.0496857687830925}"
2315,-0.05162682,"{""0-1"": -0.051626820117235184}"
2316,0.97529316,"{""0-1"": 0.9752931594848633}"
2317,0.16560322,"{""0-1"": -0.14099189639091492, ""0-2"": 0.048298340290784836, ""1-2"": 0.5895032286643982}"
2318,-0.05744827,"{""0-1"": -0.004409273155033588, ""0-2"": -0.043836046010255814, ""1-2"": -0.124099500477314}"
2319,0.74713200,"{""0-1"": 0.7471320033073425}"
2320,-0.03103551,"{""0-1"": -0.024865517392754555, ""0-2"": 0.06969790905714035, ""1-2"": -0.13793893158435822}"
2321,0.15132131,"{""0-1"": 0.4778701066970825, ""0-2"": 0.025538548827171326, ""1-2"": -0.049444712698459625}"
2322,0.07409948,"{""0-1"": -0.03290377929806709, ""0-2"": 0.21188704669475555, ""1-2"": 0.04331517964601517}"
2323,0.05691595,"{""0-1"": 0.012990840710699558, ""0-2"": 0.07396020740270615, ""1-2"": 0.08379680663347244}"
2324,0.99999988,"{""0-1"": 0.9999998807907104}"
2325,0.12483284,"{""0-1"": 0.12483283877372742}"
2326,0.19440237,"{""0-1"": 0.5258255004882812, ""0-2"": 0.063749298453331, ""1-2"": -0.0063676852732896805}"
2327,0.03435717,"{""0-1"": -0.06508196145296097, ""0-2"": 0.1193329319357872, ""1-2"": 0.04882053658366203}"
2328,0.03224966,"{""0-1"": 0.022171519696712494, ""0-2"": 0.032384391874074936, ""1-2"": 0.042193055152893066}"
2329,0.00000000,{}
2330,0.16144748,"{""0-1"": 0.17896459996700287, ""0-2"": 0.10308568924665451, ""1-2"": 0.20229215919971466}"
2331,0.07937351,"{""0-1"": 0.11138357222080231, ""0-2"": 0.07223528623580933, ""1-2"": 0.05450167879462242}"
2332,-0.06616745,"{""0-1"": -0.20314699411392212, ""0-2"": -0.08611946552991867, ""1-2"": 0.090764120221138}"
2333,0.15132131,"{""0-1"": 0.4778701066970825, ""0-2"": 0.025538548827171326, ""1-2"": -0.049444712698459625}"
2334,0.03432402,"{""0-1"": 0.08406366407871246, ""0-2"": -0.018385695293545723, ""1-2"": 0.037294089794158936}"
2335,0.10029391,"{""0-1"": -0.21194671094417572, ""0-2"": -0.037250787019729614, ""1-2"": 0.5500792264938354}"
2336,0.11476091,"{""0-1"": 0.11476091295480728}"
2337,0.65400851,"{""0-1"": 0.6540085077285767}"
2338,0.97002029,"{""0-1"": 0.9700202941894531}"
2339,0.41435069,"{""0-1"": 0.4726105332374573, ""0-2"": 0.7834253311157227, ""1-2"": -0.012983782216906548}"
2340,0.05233000,"{""0-1"": -0.018570834770798683, ""0-2"": 0.06112191081047058, ""1-2"": 0.11443892121315002}"
2341,0.10557699,"{""0-1"": 0.06848162412643433, ""0-2"": 0.2714821398258209, ""1-2"": -0.02323278598487377}"
2342,0.01988657,"{""0-1"": 0.18422098457813263, ""0-2"": -0.044114720076322556, ""1-2"": -0.08044656366109848}"
2343,-0.04288584,"{""0-1"": -0.18376196920871735, ""0-2"": 0.06647325307130814, ""1-2"": -0.011368808336555958}"
2344,-0.04412316,"{""0-1"": -0.024932799860835075, ""0-2"": 0.0032360500190407038, ""1-2"": -0.11067274212837219}"
2345,-0.09135519,"{""0-1"": -0.09135518968105316}"
2346,0.04237865,"{""0-1"": 0.27791687846183777, ""0-2"": -0.10547766089439392, ""1-2"": -0.04530327767133713}"
2347,0.25120926,"{""0-1"": 0.2512092590332031}"
2348,-0.01039100,"{""0-1"": -0.05334796383976936, ""0-2"": 0.014261260628700256, ""1-2"": 0.007913701236248016}"
2349,0.04968577,"{""0-1"": 0.0496857687830925}"
2350,0.12775825,"{""0-1"": 0.12775824964046478}"
2351,-0.03411998,"{""0-1"": -0.03411997854709625}"
2352,0.00000000,{}
2353,-0.01337423,"{""0-1"": 0.026032043620944023, ""0-2"": -0.08336232602596283, ""1-2"": 0.017207587137818336}"
2354,-0.02826586,"{""0-1"": -0.02269400656223297, ""0-2"": -0.026720037683844566, ""1-2"": -0.03538354113698006}"
2355,0.07195245,"{""0-1"": 0.12133155763149261, ""0-2"": 0.11187420785427094, ""1-2"": -0.017348414286971092}"
2356,0.04535428,"{""0-1"": -0.03167834132909775, ""0-2"": 0.18028663098812103, ""1-2"": -0.01254543662071228}"
2357,-0.05239858,"{""0-1"": -0.10753755271434784, ""0-2"": 0.03853345289826393, ""1-2"": -0.08819165080785751}"
2358,0.10512214,"{""0-1"": 0.08969288319349289, ""0-2"": 0.05584767088294029, ""1-2"": 0.16982586681842804}"
2359,0.04968577,"{""0-1"": 0.0496857687830925}"
2360,-0.01632778,"{""0-1"": -0.01632777787744999}"
2361,0.32567114,"{""0-1"": 0.000545340939424932, ""0-2"": -0.009303927421569824, ""1-2"": 0.9857720136642456}"
2362,0.00000000,{}
2363,-0.01632778,"{""0-1"": -0.01632777787744999}"
2364,0.04820274,"{""0-1"": 0.055108532309532166, ""0-2"": 0.010264190845191479, ""1-2"": 0.0792354866862297}"
2365,0.01275972,"{""0-1"": 0.06826093047857285, ""0-2"": -0.0333741158246994, ""1-2"": 0.0033923436421900988}"
2366,0.05013292,"{""0-1"": 0.12811025977134705, ""0-2"": 0.05452512577176094, ""1-2"": -0.03223662078380585}"
2367,0.10495399,"{""0-1"": 0.011453300714492798, ""0-2"": 0.259190171957016, ""1-2"": 0.04421849548816681}"
2368,0.01770695,"{""0-1"": 0.017706947401165962}"
2369,0.13105980,"{""0-1"": 0.375244677066803, ""0-2"": 0.020241709426045418, ""1-2"": -0.002306985203176737}"
2370,0.01283441,"{""0-1"": 0.10329242050647736, ""0-2"": -0.08999409526586533, ""1-2"": 0.025204917415976524}"
2371,-0.03323670,"{""0-1"": -0.030667118728160858, ""0-2"": -0.009930550120770931, ""1-2"": -0.05911243334412575}"
2372,0.37685639,"{""0-1"": 0.13529101014137268, ""0-2"": 0.05312303453683853, ""1-2"": 0.942155122756958}"
2373,0.09563386,"{""0-1"": 0.24836930632591248, ""0-2"": -0.09525256603956223, ""1-2"": 0.13378483057022095}"
2374,-0.03468733,"{""0-1"": 0.07626180350780487, ""0-2"": -0.11266797035932541, ""1-2"": -0.06765580922365189}"
2375,0.00000000,{}
2376,0.03389731,"{""0-1"": 0.049467116594314575, ""0-2"": 0.036043282598257065, ""1-2"": 0.01618153601884842}"
2377,0.99999988,"{""0-1"": 0.9999998807907104}"
2378,0.11070695,"{""0-1"": 0.1885751634836197, ""0-2"": -0.027906732633709908, ""1-2"": 0.17145241796970367}"
2379,0.41744815,"{""0-1"": 0.9679282307624817, ""0-2"": 0.1885305941104889, ""1-2"": 0.09588561207056046}"
2380,0.15269779,"{""0-1"": -0.10363151133060455, ""0-2"": 0.5073562860488892, ""1-2"": 0.05436859652400017}"
2381,-0.02628874,"{""0-1"": -0.02628873661160469}"
2382,0.25479274,"{""0-1"": -0.033067137002944946, ""0-2"": -0.1034395769238472, ""1-2"": 0.9008849263191223}"
2383,0.29803009,"{""0-1"": 0.6440889835357666, ""0-2"": 0.0861562117934227, ""1-2"": 0.16384507715702057}"
2384,0.00000000,{}
2385,0.04232169,"{""0-1"": 0.07700926065444946, ""0-2"": 0.03952617570757866, ""1-2"": 0.01042963471263647}"
2386,0.06132043,"{""0-1"": -0.032839253544807434, ""0-2"": 0.17234744131565094, ""1-2"": 0.04445309564471245}"
2387,0.07672981,"{""0-1"": 0.1190854161977768, ""0-2"": 0.07793138176202774, ""1-2"": 0.033172640949487686}"
2388,-0.03436104,"{""0-1"": -0.06489765644073486, ""0-2"": -0.03123190626502037, ""1-2"": -0.006953557021915913}"
2389,0.22278277,"{""0-1"": -0.02448224648833275, ""0-2"": 0.20188769698143005, ""1-2"": 0.4909428656101227}"
2390,0.99999982,"{""0-1"": 0.9999998211860657}"
2391,-0.00155061,"{""0-1"": -0.001550614950247109}"
2392,0.01746045,"{""0-1"": 0.017460454255342484}"
2393,0.40744701,"{""0-1"": 0.4074470102787018}"
2394,-0.00068136,"{""0-1"": -0.024175958707928658, ""0-2"": -0.013539065606892109, ""1-2"": 0.0356709361076355}"
2395,0.99999994,"{""0-1"": 0.9999999403953552}"
2396,0.41962242,"{""0-1"": 0.41962242126464844}"
2397,0.13643737,"{""0-1"": 0.30741119384765625, ""0-2"": 0.015011374838650227, ""1-2"": 0.08688952773809433}"
2398,0.08226382,"{""0-1"": 0.4050944745540619, ""0-2"": 0.057485807687044144, ""1-2"": -0.2157888114452362}"
2399,-0.04281650,"{""0-1"": -0.010769586078822613, ""0-2"": 0.021232787519693375, ""1-2"": -0.13891269266605377}"
2400,0.01369350,"{""0-1"": 0.028960848227143288, ""0-2"": 0.022219926118850708, ""1-2"": -0.010100264102220535}"
2401,0.04673792,"{""0-1"": 0.005310865584760904, ""0-2"": 0.019250161945819855, ""1-2"": 0.11565272510051727}"
2402,0.12578952,"{""0-1"": 0.12578952312469482}"
2403,0.25344735,"{""0-1"": 0.25344735383987427}"
2404,-0.00155061,"{""0-1"": -0.001550614950247109}"
2405,0.37535864,"{""0-1"": 0.9966323971748352, ""0-2"": 0.07773857563734055, ""1-2"": 0.05170494690537453}"
2406,-0.02259723,"{""0-1"": -0.022597230970859528}"
2407,0.00000000,{}
2408,0.25347450,"{""0-1"": 0.037357982248067856, ""0-2"": -0.01994463801383972, ""1-2"": 0.7430101633071899}"
2409,0.02542838,"{""0-1"": -0.05073683336377144, ""0-2"": 0.18628397583961487, ""1-2"": -0.05926200747489929}"
2410,0.21154708,"{""0-1"": -0.012676560319960117, ""0-2"": 0.06586185842752457, ""1-2"": 0.5814559459686279}"
2411,0.01726226,"{""0-1"": -0.020159408450126648, ""0-2"": 0.08975178748369217, ""1-2"": -0.017805593088269234}"
2412,0.03113014,"{""0-1"": 0.10101889818906784, ""0-2"": 0.013955236412584782, ""1-2"": -0.02158372849225998}"
2413,0.00000000,{}
2414,-0.09878780,"{""0-1"": -0.15146572887897491, ""0-2"": -0.11319500207901001, ""1-2"": -0.0317026749253273}"
2415,-0.02772671,"{""0-1"": -0.02998165972530842, ""0-2"": 0.05617509409785271, ""1-2"": -0.10937356948852539}"
2416,0.17945984,"{""0-1"": 0.39696580171585083, ""0-2"": 0.01881641522049904, ""1-2"": 0.12259730696678162}"
2417,1.00000012,"{""0-1"": 1.0000001192092896}"
2418,0.05221586,"{""0-1"": 0.052215855568647385}"
2419,0.15655891,"{""0-1"": -0.0897342637181282, ""0-2"": 0.4823315441608429, ""1-2"": 0.07707945257425308}"
2420,0.50780958,"{""0-1"": 0.507809579372406}"
2421,-0.01875966,"{""0-1"": -0.025437815114855766, ""0-2"": 0.0047772228717803955, ""1-2"": -0.035618387162685394}"
2422,-0.04750573,"{""0-1"": -0.09069906175136566, ""0-2"": -0.03631960228085518, ""1-2"": -0.015498530119657516}"
2423,0.26250650,"{""0-1"": 0.9535186886787415, ""0-2"": -0.06010540947318077, ""1-2"": -0.10589379072189331}"
2424,0.11833185,"{""0-1"": 0.11833184957504272}"
2425,0.01063141,"{""0-1"": 0.010631413199007511}"
2426,-0.00278051,"{""0-1"": 0.08740821480751038, ""0-2"": -0.02932262420654297, ""1-2"": -0.06642711162567139}"
2427,0.00000000,{}
2428,0.00000000,{}
2429,0.99998999,"{""0-1"": 0.9999899864196777}"
2430,0.37700833,"{""0-1"": 0.9973553419113159, ""0-2"": 0.06847585737705231, ""1-2"": 0.0651937946677208}"
2431,0.56823021,"{""0-1"": 0.5682302117347717}"
2432,0.07121004,"{""0-1"": 0.04183761030435562, ""0-2"": 0.011408040300011635, ""1-2"": 0.16038447618484497}"
2433,0.02172650,"{""0-1"": 0.021726496517658234}"
2434,0.41407203,"{""0-1"": 0.9753933548927307, ""0-2"": 0.1265292763710022, ""1-2"": 0.14029346406459808}"
2435,0.63850331,"{""0-1"": 0.6385033130645752}"
2436,0.01392272,"{""0-1"": -0.03839927166700363, ""0-2"": 0.07063472270965576, ""1-2"": 0.009532698430120945}"
2437,0.97002029,"{""0-1"": 0.9700202941894531}"
2438,0.19396579,"{""0-1"": 0.19396579265594482}"
2439,0.26143522,"{""0-1"": 0.6409797072410583, ""0-2"": -0.01698899455368519, ""1-2"": 0.16031496226787567}"
2440,0.32511162,"{""0-1"": 0.46848949790000916, ""0-2"": 0.399890661239624, ""1-2"": 0.10695469379425049}"
2441,0.43131922,"{""0-1"": 0.9978746175765991, ""0-2"": 0.12922759354114532, ""1-2"": 0.16685545444488525}"
2442,0.99999994,"{""0-1"": 0.9999999403953552}"
2443,0.85374677,"{""0-1"": 0.853746771812439}"
2444,-0.04030414,"{""0-1"": -0.06699685007333755, ""0-2"": -0.0014984372537583113, ""1-2"": -0.05241711810231209}"
2445,0.15496319,"{""0-1"": 0.2098211795091629, ""0-2"": 0.06405254453420639, ""1-2"": 0.1910158395767212}"
2446,0.02339746,"{""0-1"": 0.1162930354475975, ""0-2"": -0.03516164422035217, ""1-2"": -0.010939002968370914}"
2447,0.17274549,"{""0-1"": -0.007277380675077438, ""0-2"": -0.01817670837044716, ""1-2"": 0.54369056224823}"
2448,0.99773765,"{""0-1"": 0.9977376461029053}"
2449,0.48319513,"{""0-1"": 0.48319512605667114}"
2450,-0.02338864,"{""0-1"": -0.08984740078449249, ""0-2"": 0.005161340348422527, ""1-2"": 0.0145201301202178}"
2451,-0.01713813,"{""0-1"": -0.017138132825493813}"
2452,0.04271857,"{""0-1"": 0.04271857067942619}"
2453,0.14693060,"{""0-1"": 0.21121814846992493, ""0-2"": 0.1048959419131279, ""1-2"": 0.12467771768569946}"
2454,0.15445055,"{""0-1"": 0.4196772575378418, ""0-2"": -0.085072360932827, ""1-2"": 0.12874676287174225}"
2455,0.32973847,"{""0-1"": 0.32973846793174744}"
2456,0.06440205,"{""0-1"": 0.15487705171108246, ""0-2"": 0.05104087293148041, ""1-2"": -0.012711782939732075}"
2457,0.23351946,"{""0-1"": 0.23351946473121643}"
2458,0.04109177,"{""0-1"": 0.020592505112290382, ""0-2"": 0.002878105966374278, ""1-2"": 0.09980469197034836}"
2459,0.05725338,"{""0-1"": 0.34815657138824463, ""0-2"": -0.16902224719524384, ""1-2"": -0.0073741949163377285}"
2460,0.04387339,"{""0-1"": 0.04266462102532387, ""0-2"": 0.06126996874809265, ""1-2"": 0.027685582637786865}"
2461,-0.02850398,"{""0-1"": -0.05535805970430374, ""0-2"": -0.04472064599394798, ""1-2"": 0.014566779136657715}"
2462,0.02570028,"{""0-1"": -0.12173926085233688, ""0-2"": 0.05376060679554939, ""1-2"": 0.14507950842380524}"
2463,0.02022960,"{""0-1"": 0.05620163679122925, ""0-2"": -0.024703610688447952, ""1-2"": 0.0291907861828804}"
2464,0.27602585,"{""0-1"": 0.06856710463762283, ""0-2"": 0.3276808559894562, ""1-2"": 0.4318296015262604}"
2465,0.00325688,"{""0-1"": 0.06473559886217117, ""0-2"": 0.017050612717866898, ""1-2"": -0.07201558351516724}"
2466,0.32867869,"{""0-1"": 0.09271511435508728, ""0-2"": 0.8554947972297668, ""1-2"": 0.03782615438103676}"
2467,0.27661314,"{""0-1"": -0.014485552906990051, ""0-2"": -0.035483699291944504, ""1-2"": 0.8798086643218994}"
2468,0.10147921,"{""0-1"": 0.06714412569999695, ""0-2"": 0.24722261726856232, ""1-2"": -0.009929107502102852}"
2469,0.37353451,"{""0-1"": 0.9678659439086914, ""0-2"": 0.19238363206386566, ""1-2"": -0.03964604064822197}"
2470,-0.00315099,"{""0-1"": 0.050068750977516174, ""0-2"": -0.08060131967067719, ""1-2"": 0.02107960358262062}"
2471,0.04826264,"{""0-1"": 0.08210229873657227, ""0-2"": 0.037548843771219254, ""1-2"": 0.02513677068054676}"
2472,0.06822678,"{""0-1"": -0.06571104377508163, ""0-2"": -0.08514361828565598, ""1-2"": 0.35553500056266785}"
2473,0.15227661,"{""0-1"": 0.3991474211215973, ""0-2"": 0.0344725102186203, ""1-2"": 0.023209884762763977}"
2474,0.00295342,"{""0-1"": 0.04459439963102341, ""0-2"": -0.07574077695608139, ""1-2"": 0.04000664874911308}"
2475,0.99999988,"{""0-1"": 0.9999998807907104}"
2476,0.37182844,"{""0-1"": 0.0707324668765068, ""0-2"": 0.15742722153663635, ""1-2"": 0.887325644493103}"
2477,0.50143301,"{""0-1"": 0.5014330148696899}"
2478,0.14660565,"{""0-1"": 0.03166358917951584, ""0-2"": 0.3907236158847809, ""1-2"": 0.017429746687412262}"
2479,0.45161480,"{""0-1"": 0.4516147971153259}"
2480,0.40367713,"{""0-1"": 0.07304355502128601, ""0-2"": 0.2836678922176361, ""1-2"": 0.8543199300765991}"
2481,0.98684078,"{""0-1"": 0.9868407845497131}"
2482,0.03295496,"{""0-1"": 0.1451510190963745, ""0-2"": -0.0328500010073185, ""1-2"": -0.013436125591397285}"
2483,0.23672086,"{""0-1"": 0.6404450535774231, ""0-2"": -0.00980539619922638, ""1-2"": 0.07952293008565903}"
2484,0.12994900,"{""0-1"": 0.12994900345802307}"
2485,0.25761748,"{""0-1"": 0.5587766766548157, ""0-2"": 0.1524827629327774, ""1-2"": 0.061593011021614075}"
2486,0.39100969,"{""0-1"": 0.39100968837738037}"
2487,0.99996769,"{""0-1"": 0.9999676942825317}"
2488,0.08087253,"{""0-1"": -0.04647240787744522, ""0-2"": 0.26459017395973206, ""1-2"": 0.024499833583831787}"
2489,0.37970769,"{""0-1"": 0.9995258450508118, ""0-2"": 0.06964891403913498, ""1-2"": 0.06994830071926117}"
2490,0.01849455,"{""0-1"": 0.05001547560095787, ""0-2"": -0.03686369210481644, ""1-2"": 0.042331863194704056}"
2491,0.03947639,"{""0-1"": 0.1316899061203003, ""0-2"": 0.014212798327207565, ""1-2"": -0.02747352607548237}"
2492,0.18155988,"{""0-1"": 0.07032709568738937, ""0-2"": 0.05130917206406593, ""1-2"": 0.4230433702468872}"
2493,0.22965822,"{""0-1"": 0.3481132984161377, ""0-2"": 0.13950872421264648, ""1-2"": 0.20135262608528137}"
2494,0.01527251,"{""0-1"": -0.05980171263217926, ""0-2"": 0.12264716625213623, ""1-2"": -0.01702791452407837}"
2495,0.17448185,"{""0-1"": 0.39315706491470337, ""0-2"": -0.013209863565862179, ""1-2"": 0.14349834620952606}"
2496,0.12578952,"{""0-1"": 0.12578952312469482}"
2497,0.00000000,{}
2498,0.23019198,"{""0-1"": -0.06018906459212303, ""0-2"": 0.631473958492279, ""1-2"": 0.11929105222225189}"
2499,0.00829410,"{""0-1"": 0.00829409807920456}"
2500,0.00000000,{}
2501,0.35724188,"{""0-1"": 0.7183456420898438, ""0-2"": 0.23641471564769745, ""1-2"": 0.11696527153253555}"
2502,0.01953294,"{""0-1"": 0.033871885389089584, ""0-2"": -0.055146925151348114, ""1-2"": 0.07987385988235474}"
2503,0.99998629,"{""0-1"": 0.9999862909317017}"
2504,0.05869529,"{""0-1"": 0.3470928370952606, ""0-2"": -0.13296085596084595, ""1-2"": -0.03804612532258034}"
2505,0.02907396,"{""0-1"": -0.045027799904346466, ""0-2"": 0.14512237906455994, ""1-2"": -0.012872687540948391}"
2506,0.96529311,"{""0-1"": 0.9652931094169617}"
2507,0.02490983,"{""0-1"": -0.043009672313928604, ""0-2"": 0.023350128903985023, ""1-2"": 0.09438903629779816}"
2508,0.15395798,"{""0-1"": 0.15395797789096832}"
2509,0.34587574,"{""0-1"": 0.34587574005126953}"
2510,0.01810676,"{""0-1"": 0.03212970867753029, ""0-2"": 0.010797768831253052, ""1-2"": 0.011392799206078053}"
2511,0.68482107,"{""0-1"": 0.6848210692405701}"
2512,0.35424796,"{""0-1"": 0.35424795746803284}"
2513,0.98595625,"{""0-1"": 0.9859562516212463}"
2514,0.03958090,"{""0-1"": 0.039580896496772766}"
2515,0.09620989,"{""0-1"": 0.1214432492852211, ""0-2"": 0.056234609335660934, ""1-2"": 0.11095180362462997}"
2516,0.00000000,{}
2517,-0.08708604,"{""0-1"": -0.08708604425191879}"
2518,0.07304907,"{""0-1"": 0.46692922711372375, ""0-2"": -0.14245645701885223, ""1-2"": -0.10532554984092712}"
2519,0.02965180,"{""0-1"": 0.028042316436767578, ""0-2"": 0.10403633862733841, ""1-2"": -0.0431232675909996}"
2520,-0.00908104,"{""0-1"": 0.11487618833780289, ""0-2"": -0.07138241082429886, ""1-2"": -0.07073689252138138}"
2521,0.00829410,"{""0-1"": 0.00829409807920456}"
2522,0.03113014,"{""0-1"": 0.10101889818906784, ""0-2"": 0.013955236412584782, ""1-2"": -0.02158372849225998}"
2523,0.98542786,"{""0-1"": 0.9854278564453125}"
2524,0.49185884,"{""0-1"": 0.4918588399887085}"
2525,0.19601464,"{""0-1"": 0.1960146427154541}"
2526,0.13025329,"{""0-1"": 0.13025328516960144}"
2527,0.96411538,"{""0-1"": 0.9641153812408447}"
2528,0.02908709,"{""0-1"": 0.029087090864777565}"
2529,0.15288132,"{""0-1"": 0.15288132429122925}"
2530,0.00834149,"{""0-1"": 0.07326631247997284, ""0-2"": 0.014114219695329666, ""1-2"": -0.06235605105757713}"
2531,0.16064222,"{""0-1"": -0.2610422372817993, ""0-2"": -0.25034090876579285, ""1-2"": 0.9933097958564758}"
2532,0.10993706,"{""0-1"": 0.2232917845249176, ""0-2"": -0.056796181946992874, ""1-2"": 0.1633155643939972}"
2533,0.00000000,{}
2534,0.12486631,"{""0-1"": -0.19088219106197357, ""0-2"": 0.7109219431877136, ""1-2"": -0.14544081687927246}"
2535,0.04444418,"{""0-1"": 0.04444418102502823}"
2536,-0.03542148,"{""0-1"": -0.005523028317838907, ""0-2"": -0.006719140335917473, ""1-2"": -0.09402227401733398}"
2537,0.02283224,"{""0-1"": 0.052818816155195236, ""0-2"": 0.01475905068218708, ""1-2"": 0.0009188480325974524}"
2538,0.41839621,"{""0-1"": 0.9823403358459473, ""0-2"": 0.17389124631881714, ""1-2"": 0.09895705431699753}"
2539,0.03224966,"{""0-1"": 0.022171519696712494, ""0-2"": 0.032384391874074936, ""1-2"": 0.042193055152893066}"
2540,-0.06325378,"{""0-1"": -0.14386285841464996, ""0-2"": -0.039177604019641876, ""1-2"": -0.006720869801938534}"
2541,0.08078320,"{""0-1"": 0.2585357427597046, ""0-2"": -0.10575330257415771, ""1-2"": 0.089567169547081}"
2542,0.50780958,"{""0-1"": 0.507809579372406}"
2543,0.45714785,"{""0-1"": 0.8323314189910889, ""0-2"": 0.2832350730895996, ""1-2"": 0.2558770477771759}"
2544,0.62444886,"{""0-1"": 0.7189365029335022, ""0-2"": 0.5543642640113831, ""1-2"": 0.6000458002090454}"
2545,-0.13169567,"{""0-1"": -0.1316956728696823}"
2546,0.09073376,"{""0-1"": 0.20162655413150787, ""0-2"": -0.08133180439472198, ""1-2"": 0.15190653502941132}"
2547,0.96343261,"{""0-1"": 0.9634326100349426}"
2548,-0.04119243,"{""0-1"": 0.01320449449121952, ""0-2"": -0.20938128232955933, ""1-2"": 0.07259950041770935}"
2549,0.15132131,"{""0-1"": 0.4778701066970825, ""0-2"": 0.025538548827171326, ""1-2"": -0.049444712698459625}"
2550,0.98949593,"{""0-1"": 0.9894959330558777}"
2551,0.00000000,{}
2552,0.13240848,"{""0-1"": -0.09202765673398972, ""0-2"": 0.41433170437812805, ""1-2"": 0.07492139935493469}"
2553,-0.03177314,"{""0-1"": -0.0635862648487091, ""0-2"": -0.047417182475328445, ""1-2"": 0.015684019774198532}"
2554,0.05522263,"{""0-1"": 0.2288275808095932, ""0-2"": -0.08231674134731293, ""1-2"": 0.019157040864229202}"
2555,0.49185884,"{""0-1"": 0.4918588399887085}"
2556,0.99999797,"{""0-1"": 0.9999979734420776}"
2557,-0.03807380,"{""0-1"": -0.09943189471960068, ""0-2"": 0.05317176878452301, ""1-2"": -0.06796128302812576}"
2558,0.20296961,"{""0-1"": 0.007877150550484657, ""0-2"": 0.06718393415212631, ""1-2"": 0.5338477492332458}"
2559,0.55854265,"{""0-1"": 0.303941547870636, ""0-2"": 0.8130806088447571, ""1-2"": 0.5586057901382446}"
2560,0.00038540,"{""0-1"": 0.0003854036913253367}"
2561,0.00000000,{}
2562,-0.00909295,"{""0-1"": -0.29953643679618835, ""0-2"": 0.08916863799095154, ""1-2"": 0.18308895826339722}"
2563,0.98017645,"{""0-1"": 0.9801764488220215}"
2564,0.05268385,"{""0-1"": 0.07697292417287827, ""0-2"": 0.06633475422859192, ""1-2"": 0.014743870124220848}"
2565,0.01511436,"{""0-1"": 0.003181484993547201, ""0-2"": 0.03732440248131752, ""1-2"": 0.004837192595005035}"
2566,0.09056409,"{""0-1"": 0.12803004682064056, ""0-2"": 0.121397003531456, ""1-2"": 0.022265218198299408}"
2567,0.00984450,"{""0-1"": 0.09413401782512665, ""0-2"": -0.08893779665231705, ""1-2"": 0.024337265640497208}"
2568,0.41435069,"{""0-1"": 0.4726105332374573, ""0-2"": 0.7834253311157227, ""1-2"": -0.012983782216906548}"
2569,0.06914174,"{""0-1"": 0.004802188836038113, ""0-2"": 0.05894755572080612, ""1-2"": 0.14367546141147614}"
2570,0.02028848,"{""0-1"": 0.09222014993429184, ""0-2"": -0.02682647295296192, ""1-2"": -0.004528237972408533}"
2571,0.41839621,"{""0-1"": 0.9823403358459473, ""0-2"": 0.17389124631881714, ""1-2"": 0.09895705431699753}"
2572,0.99335134,"{""0-1"": 0.9933513402938843}"
2573,-0.08324672,"{""0-1"": -0.08324671536684036}"
2574,-0.00891814,"{""0-1"": -0.03345371410250664, ""0-2"": 0.056442055851221085, ""1-2"": -0.049742765724658966}"
2575,-0.03006540,"{""0-1"": -0.029948323965072632, ""0-2"": -0.022442663088440895, ""1-2"": -0.037805214524269104}"
2576,-0.03805254,"{""0-1"": 0.0026382675860077143, ""0-2"": -0.10980533063411713, ""1-2"": -0.006990563124418259}"
2577,0.05239912,"{""0-1"": 0.05239911749958992}"
2578,0.05268385,"{""0-1"": 0.07697292417287827, ""0-2"": 0.06633475422859192, ""1-2"": 0.014743870124220848}"
2579,0.01561586,"{""0-1"": 0.0011054568458348513, ""0-2"": -0.07292631268501282, ""1-2"": 0.11866842955350876}"
2580,0.08164579,"{""0-1"": -0.0238132756203413, ""0-2"": 0.13288699090480804, ""1-2"": 0.13586366176605225}"
2581,-0.03916024,"{""0-1"": -0.10100623220205307, ""0-2"": -0.009414502419531345, ""1-2"": -0.007059980649501085}"
2582,0.03546350,"{""0-1"": 0.033316727727651596, ""0-2"": 0.020470768213272095, ""1-2"": 0.05260299891233444}"
2583,0.10349418,"{""0-1"": 0.2544671893119812, ""0-2"": 0.009534776210784912, ""1-2"": 0.04648057743906975}"
2584,0.38398945,"{""0-1"": 0.5532513856887817, ""0-2"": 0.032761745154857635, ""1-2"": 0.5659552216529846}"
2585,0.27905649,"{""0-1"": 0.7904598712921143, ""0-2"": -0.045406777411699295, ""1-2"": 0.09211637079715729}"
2586,0.70753014,"{""0-1"": 0.70753014087677}"
2587,-0.04119243,"{""0-1"": 0.01320449449121952, ""0-2"": -0.20938128232955933, ""1-2"": 0.07259950041770935}"
2588,-0.02615296,"{""0-1"": -0.00562573317438364, ""0-2"": -0.06616705656051636, ""1-2"": -0.006666090339422226}"
2589,0.31851202,"{""0-1"": 0.07101433724164963, ""0-2"": 0.8088175654411316, ""1-2"": 0.07570414990186691}"
2590,0.02387027,"{""0-1"": 0.02387027069926262}"
2591,0.99999994,"{""0-1"": 0.9999999403953552}"
2592,0.21062551,"{""0-1"": 0.2106255143880844}"
2593,1.00000000,"{""0-1"": 1.0}"
2594,0.01279302,"{""0-1"": -0.04295134171843529, ""0-2"": 0.010725247673690319, ""1-2"": 0.07060516625642776}"
2595,0.00325688,"{""0-1"": 0.06473559886217117, ""0-2"": 0.017050612717866898, ""1-2"": -0.07201558351516724}"
2596,0.04730585,"{""0-1"": 0.04730585217475891}"
2597,0.82179219,"{""0-1"": 0.8217921853065491}"
2598,0.45715356,"{""0-1"": 0.4571535587310791}"
2599,-0.06582544,"{""0-1"": -0.0658254399895668}"
2600,0.21227271,"{""0-1"": -0.001529857749119401, ""0-2"": 0.08106379956007004, ""1-2"": 0.5572841763496399}"
2601,0.38368410,"{""0-1"": 0.38368409872055054}"
2602,0.98698026,"{""0-1"": 0.9869802594184875}"
2603,0.90910655,"{""0-1"": 0.9091065526008606}"
2604,0.02614371,"{""0-1"": 0.10292448103427887, ""0-2"": -0.047818318009376526, ""1-2"": 0.023324981331825256}"
2605,0.03156104,"{""0-1"": -0.00818431656807661, ""0-2"": 0.05099222809076309, ""1-2"": 0.051875196397304535}"
2606,0.03894008,"{""0-1"": 0.014567862264811993, ""0-2"": 0.011838876642286777, ""1-2"": 0.09041351079940796}"
2607,0.00000000,{}
2608,-0.07377289,"{""0-1"": -0.018519718199968338, ""0-2"": -0.2813829779624939, ""1-2"": 0.07858401536941528}"
2609,0.22474912,"{""0-1"": 0.362337201833725, ""0-2"": 0.0712553933262825, ""1-2"": 0.24065476655960083}"
2610,0.10008323,"{""0-1"": 0.10008323192596436}"
2611,0.10361512,"{""0-1"": 0.4180662930011749, ""0-2"": -0.07959683239459991, ""1-2"": -0.02762410417199135}"
2612,0.44668375,"{""0-1"": 0.29866576194763184, ""0-2"": 0.838674783706665, ""1-2"": 0.20271070301532745}"
2613,0.06154836,"{""0-1"": 0.35825997591018677, ""0-2"": 0.005749302450567484, ""1-2"": -0.17936420440673828}"
2614,0.00000000,{}
2615,0.29680994,"{""0-1"": 0.29680994153022766}"
2616,0.34272328,"{""0-1"": 0.05929860845208168, ""0-2"": 0.2537446618080139, ""1-2"": 0.7151265740394592}"
2617,0.86659777,"{""0-1"": 0.8665977716445923}"
2618,-0.03425653,"{""0-1"": -0.09870711714029312, ""0-2"": 0.07091037929058075, ""1-2"": -0.07497286051511765}"
2619,0.04367046,"{""0-1"": 0.13846012949943542, ""0-2"": 0.10462977737188339, ""1-2"": -0.11207854002714157}"
2620,-0.05549245,"{""0-1"": -0.026003757491707802, ""0-2"": 0.0337996631860733, ""1-2"": -0.1742732673883438}"
2621,0.22474912,"{""0-1"": 0.362337201833725, ""0-2"": 0.0712553933262825, ""1-2"": 0.24065476655960083}"
2622,0.49185884,"{""0-1"": 0.4918588399887085}"
2623,0.00000000,{}
2624,0.43505631,"{""0-1"": 0.9985724091529846, ""0-2"": 0.13523995876312256, ""1-2"": 0.17135655879974365}"
2625,0.00000000,{}
2626,0.28455961,"{""0-1"": 0.28455960750579834}"
2627,0.28938441,"{""0-1"": 0.08943773061037064, ""0-2"": 0.19340842962265015, ""1-2"": 0.5853070616722107}"
2628,0.54836148,"{""0-1"": 0.5483614802360535}"
2629,0.00818276,"{""0-1"": -0.16121624410152435, ""0-2"": -0.20753438770771027, ""1-2"": 0.3932989239692688}"
2630,0.37439674,"{""0-1"": 0.37439674139022827}"
2631,0.00435632,"{""0-1"": 0.04518774524331093, ""0-2"": -0.014708922244608402, ""1-2"": -0.017409857362508774}"
2632,-0.03117821,"{""0-1"": -0.023804187774658203, ""0-2"": -0.052393753081560135, ""1-2"": -0.01733669824898243}"
2633,-0.05136397,"{""0-1"": -0.07128060609102249, ""0-2"": -0.001678962493315339, ""1-2"": -0.08113235235214233}"
2634,0.36944949,"{""0-1"": 0.9969265460968018, ""0-2"": 0.06137795373797417, ""1-2"": 0.05004396662116051}"
2635,0.22438705,"{""0-1"": 0.48918694257736206, ""0-2"": 0.12335538119077682, ""1-2"": 0.06061883270740509}"
2636,0.22118612,"{""0-1"": -0.12816694378852844, ""0-2"": -0.0988631621003151, ""1-2"": 0.8905884623527527}"
2637,0.11582920,"{""0-1"": -0.16411106288433075, ""0-2"": 0.5294123291969299, ""1-2"": -0.0178136695176363}"
2638,0.44237711,"{""0-1"": 0.6827215552330017, ""0-2"": 0.5456079840660095, ""1-2"": 0.09880179166793823}"
2639,0.05221586,"{""0-1"": 0.052215855568647385}"
2640,0.09336373,"{""0-1"": 0.12899188697338104, ""0-2"": 0.1770695298910141, ""1-2"": -0.02597023919224739}"
2641,0.29626009,"{""0-1"": 0.0717073455452919, ""0-2"": 0.1171196699142456, ""1-2"": 0.6999532580375671}"
2642,0.37700833,"{""0-1"": 0.9973553419113159, ""0-2"": 0.06847585737705231, ""1-2"": 0.0651937946677208}"
2643,0.00946272,"{""0-1"": -0.09282318502664566, ""0-2"": 0.10372138023376465, ""1-2"": 0.017489973455667496}"
2644,0.05760589,"{""0-1"": 0.06533912569284439, ""0-2"": 0.07913560420274734, ""1-2"": 0.028342926874756813}"
2645,0.61761123,"{""0-1"": 0.6176112294197083}"
2646,0.47556100,"{""0-1"": 0.793138861656189, ""0-2"": 0.344642698764801, ""1-2"": 0.2889014482498169}"
2647,0.08682018,"{""0-1"": 0.08682017773389816}"
2648,0.04719571,"{""0-1"": 0.047195710241794586}"
2649,0.00325688,"{""0-1"": 0.06473559886217117, ""0-2"": 0.017050612717866898, ""1-2"": -0.07201558351516724}"
2650,-0.02458430,"{""0-1"": -0.02152717113494873, ""0-2"": -0.028260931372642517, ""1-2"": -0.023964786902070045}"
2651,0.05340320,"{""0-1"": 0.02836264856159687, ""0-2"": 0.1031886488199234, ""1-2"": 0.028658295050263405}"
2652,-0.10284971,"{""0-1"": -0.10284971445798874}"
2653,-0.04520015,"{""0-1"": -0.04520014673471451}"
2654,0.97529316,"{""0-1"": 0.9752931594848633}"
2655,-0.01632778,"{""0-1"": -0.01632777787744999}"
2656,0.05293629,"{""0-1"": 0.06887198239564896, ""0-2"": 0.04463612660765648, ""1-2"": 0.045300763100385666}"
2657,0.58445704,"{""0-1"": 0.5844570398330688}"
2658,0.33396427,"{""0-1"": -0.012673302553594112, ""0-2"": 0.9928662776947021, ""1-2"": 0.02169983647763729}"
2659,0.00390573,"{""0-1"": 0.045450493693351746, ""0-2"": -0.020175082609057426, ""1-2"": -0.013558235950767994}"
2660,0.12009880,"{""0-1"": -0.01782207004725933, ""0-2"": 0.35120922327041626, ""1-2"": 0.026909248903393745}"
2661,0.38832203,"{""0-1"": 0.38832202553749084}"
2662,-0.04119243,"{""0-1"": 0.01320449449121952, ""0-2"": -0.20938128232955933, ""1-2"": 0.07259950041770935}"
2663,0.35724188,"{""0-1"": 0.7183456420898438, ""0-2"": 0.23641471564769745, ""1-2"": 0.11696527153253555}"
2664,0.07270628,"{""0-1"": 0.07270628213882446}"
2665,0.37367316,"{""0-1"": 0.8656055331230164, ""0-2"": 0.10028693825006485, ""1-2"": 0.15512701869010925}"
2666,0.13285148,"{""0-1"": 0.339713454246521, ""0-2"": -0.004619685001671314, ""1-2"": 0.06346067786216736}"
2667,0.15144044,"{""0-1"": 0.14887270331382751, ""0-2"": 0.10893134772777557, ""1-2"": 0.19651725888252258}"
2668,-0.02979674,"{""0-1"": -0.05265791341662407, ""0-2"": -0.1127254068851471, ""1-2"": 0.07599309831857681}"
2669,0.04483626,"{""0-1"": -0.03196060284972191, ""0-2"": 0.1794426292181015, ""1-2"": -0.012973255477845669}"
2670,0.02724863,"{""0-1"": 0.10159782320261002, ""0-2"": -0.076620914041996, ""1-2"": 0.05676897615194321}"
2671,0.11508512,"{""0-1"": 0.24827978014945984, ""0-2"": -0.005009280983358622, ""1-2"": 0.10198485851287842}"
2672,0.01586968,"{""0-1"": 0.07493643462657928, ""0-2"": -0.0013224344002082944, ""1-2"": -0.02600494585931301}"
2673,0.10662105,"{""0-1"": 0.32826924324035645, ""0-2"": 0.03164254128932953, ""1-2"": -0.04004863277077675}"
2674,0.07069064,"{""0-1"": 0.42520174384117126, ""0-2"": -0.09015423059463501, ""1-2"": -0.12297558784484863}"
2676,0.44649023,"{""0-1"": 0.44649022817611694}"
2677,0.18082584,"{""0-1"": 0.6652600169181824, ""0-2"": -0.02939901500940323, ""1-2"": -0.09338349103927612}"
2678,0.99635375,"{""0-1"": 0.9963537454605103}"
2679,0.43505631,"{""0-1"": 0.9985724091529846, ""0-2"": 0.13523995876312256, ""1-2"": 0.17135655879974365}"
2680,0.99635375,"{""0-1"": 0.9963537454605103}"
2681,-0.01338577,"{""0-1"": -0.013385769911110401}"
2682,0.16338734,"{""0-1"": 0.16338734328746796}"
2683,0.11759807,"{""0-1"": 0.11759807169437408}"
2684,0.41042266,"{""0-1"": 0.1264553964138031, ""0-2"": 0.9797785878181458, ""1-2"": 0.12503400444984436}"
2685,0.24866489,"{""0-1"": 0.24866488575935364}"
2686,-0.04750573,"{""0-1"": -0.09069906175136566, ""0-2"": -0.03631960228085518, ""1-2"": -0.015498530119657516}"
2687,0.07481562,"{""0-1"": 0.07481561601161957}"
2688,0.18336262,"{""0-1"": 0.08442430943250656, ""0-2"": 0.3155020475387573, ""1-2"": 0.1501614898443222}"
2689,0.08923038,"{""0-1"": 0.04457906633615494, ""0-2"": 0.10713563114404678, ""1-2"": 0.11597643047571182}"
2690,0.92665493,"{""0-1"": 0.9266549348831177}"
2691,0.05136399,"{""0-1"": -0.04339580237865448, ""0-2"": 0.1326552778482437, ""1-2"": 0.06483250856399536}"
2692,-0.02439157,"{""0-1"": 0.04277942329645157, ""0-2"": -0.0761498436331749, ""1-2"": -0.03980430215597153}"
2693,-0.04282256,"{""0-1"": -0.06520260125398636, ""0-2"": -0.1260187178850174, ""1-2"": 0.06275364011526108}"
2694,0.33206419,"{""0-1"": 0.02916404791176319, ""0-2"": 0.039184775203466415, ""1-2"": 0.9278437495231628}"
2695,0.06176285,"{""0-1"": 0.005395806860178709, ""0-2"": 0.05551114305853844, ""1-2"": 0.12438160181045532}"
2696,0.38832203,"{""0-1"": 0.38832202553749084}"
2697,-0.02680604,"{""0-1"": 0.05513140559196472, ""0-2"": -0.055580299347639084, ""1-2"": -0.07996922731399536}"
2698,0.11467366,"{""0-1"": 0.26746565103530884, ""0-2"": 0.02500244975090027, ""1-2"": 0.051552869379520416}"
2699,0.57250533,"{""0-1"": 0.5323762893676758, ""0-2"": 0.40636077523231506, ""1-2"": 0.7787789106369019}"
2700,0.02780844,"{""0-1"": 0.07002248615026474, ""0-2"": 0.0008198799914680421, ""1-2"": 0.012582947500050068}"
2701,0.08920459,"{""0-1"": 0.25734999775886536, ""0-2"": -0.09785113483667374, ""1-2"": 0.10811489820480347}"
2702,0.97427440,"{""0-1"": 0.9742743968963623}"
2703,0.99999988,"{""0-1"": 0.9999998807907104}"
2704,-0.05609248,"{""0-1"": -0.08289866894483566, ""0-2"": -0.0061233690939843655, ""1-2"": -0.07925540208816528}"
2705,-0.01819653,"{""0-1"": 0.0404876172542572, ""0-2"": -0.10140157490968704, ""1-2"": 0.006324355956166983}"
2706,0.24737832,"{""0-1"": 0.06379923224449158, ""0-2"": 0.016192423179745674, ""1-2"": 0.6621432900428772}"
2707,0.98371345,"{""0-1"": 0.9837134480476379}"
2708,0.99999988,"{""0-1"": 0.9999998807907104}"
2709,0.00172891,"{""0-1"": 0.006167151965200901, ""0-2"": -0.014179853722453117, ""1-2"": 0.013199442066252232}"
2710,0.04831916,"{""0-1"": -0.060267526656389236, ""0-2"": 0.24370057880878448, ""1-2"": -0.03847557306289673}"
2711,0.02908496,"{""0-1"": 0.10934697091579437, ""0-2"": -0.0003495608107186854, ""1-2"": -0.02174253761768341}"
2712,0.06106022,"{""0-1"": 0.006757920607924461, ""0-2"": 0.057015758007764816, ""1-2"": 0.11940699070692062}"
2713,0.05064292,"{""0-1"": -0.024834614247083664, ""0-2"": 0.09228706359863281, ""1-2"": 0.08447630703449249}"
2714,0.19431855,"{""0-1"": 0.5210590362548828, ""0-2"": 0.06516388058662415, ""1-2"": -0.0032672679517418146}"
2715,0.00000000,{}
2716,0.23351946,"{""0-1"": 0.23351946473121643}"
2717,0.99999797,"{""0-1"": 0.9999979734420776}"
2718,-0.02812693,"{""0-1"": -0.02979910373687744, ""0-2"": -0.08291012793779373, ""1-2"": 0.0283284280449152}"
2719,-0.02911296,"{""0-1"": -0.09511010348796844, ""0-2"": 0.05589693784713745, ""1-2"": -0.04812570661306381}"
2720,0.39282991,"{""0-1"": 0.631227970123291, ""0-2"": 0.4706990718841553, ""1-2"": 0.07656268030405045}"
2721,0.24686002,"{""0-1"": 0.6697563529014587, ""0-2"": 0.012300836853682995, ""1-2"": 0.05852288380265236}"
2722,-0.00631915,"{""0-1"": -0.026135610416531563, ""0-2"": -0.0019247358432039618, ""1-2"": 0.009102904237806797}"
2723,0.04427723,"{""0-1"": 0.13398544490337372, ""0-2"": 0.09693319350481033, ""1-2"": -0.09808695316314697}"
2724,0.29112300,"{""0-1"": 0.29112300276756287}"
2725,0.06390204,"{""0-1"": 0.2559214234352112, ""0-2"": 0.012000622227787971, ""1-2"": -0.07621593773365021}"
2726,-0.00979516,"{""0-1"": -0.03608300909399986, ""0-2"": -0.02653358317911625, ""1-2"": 0.033231109380722046}"
2727,-0.03739478,"{""0-1"": -0.05224311724305153, ""0-2"": -0.026753868907690048, ""1-2"": -0.03318735957145691}"
2728,-0.03576341,"{""0-1"": -0.04813793674111366, ""0-2"": -0.08398079127073288, ""1-2"": 0.024828508496284485}"
2729,0.01613918,"{""0-1"": 0.016139183193445206}"
2730,0.06565087,"{""0-1"": 0.08138315379619598, ""0-2"": -0.08364004641771317, ""1-2"": 0.19920951128005981}"
2731,-0.03447257,"{""0-1"": -0.034472573548555374}"
2732,0.11967043,"{""0-1"": 0.1086333766579628, ""0-2"": 0.09906859695911407, ""1-2"": 0.1513093262910843}"
2733,0.00020965,"{""0-1"": -0.019648397341370583, ""0-2"": 0.08031797409057617, ""1-2"": -0.06004064157605171}"
2734,1.00000000,"{""0-1"": 1.0}"
2735,-0.00872136,"{""0-1"": -0.03464005887508392, ""0-2"": 0.03680288419127464, ""1-2"": -0.028326917439699173}"
2736,0.13927782,"{""0-1"": 0.07590463012456894, ""0-2"": -0.05790144205093384, ""1-2"": 0.39983028173446655}"
2737,0.05976498,"{""0-1"": 0.10661645978689194, ""0-2"": -0.1310875564813614, ""1-2"": 0.20376604795455933}"
2738,0.04968577,"{""0-1"": 0.0496857687830925}"
2739,0.06198561,"{""0-1"": 0.2981806695461273, ""0-2"": -0.0980229526758194, ""1-2"": -0.014200887642800808}"
2740,0.01275972,"{""0-1"": 0.06826093047857285, ""0-2"": -0.0333741158246994, ""1-2"": 0.0033923436421900988}"
2741,0.10329423,"{""0-1"": -0.08203088492155075, ""0-2"": 0.42314738035202026, ""1-2"": -0.031233813613653183}"
2742,0.00000000,{}
2743,-0.07356466,"{""0-1"": -0.07356466352939606}"
2744,0.33409960,"{""0-1"": -0.010824000462889671, ""0-2"": 0.9926510453224182, ""1-2"": 0.02047174610197544}"
2745,0.00315130,"{""0-1"": 0.05176273733377457, ""0-2"": -0.06831660121679306, ""1-2"": 0.026007773354649544}"
2746,0.85595647,"{""0-1"": 0.8460552096366882, ""0-2"": 0.7735241651535034, ""1-2"": 0.9482900500297546}"
2747,0.99488539,"{""0-1"": 0.9948853850364685}"
2748,0.09379811,"{""0-1"": 0.09379810839891434}"
2749,0.97489989,"{""0-1"": 0.9748998880386353}"
2750,0.12532357,"{""0-1"": 0.32666775584220886, ""0-2"": -0.0886421725153923, ""1-2"": 0.13794513046741486}"
2751,0.24421581,"{""0-1"": 0.2093670815229416, ""0-2"": 0.24365121126174927, ""1-2"": 0.2796291410923004}"
2752,0.37550899,"{""0-1"": 0.37550899386405945}"
2753,0.03484478,"{""0-1"": 0.19537223875522614, ""0-2"": -0.03270164504647255, ""1-2"": -0.05813625827431679}"
2754,0.08743045,"{""0-1"": 0.0874304473400116}"
2755,0.17599726,"{""0-1"": 0.17599725723266602}"
2756,0.26544475,"{""0-1"": 0.658024787902832, ""0-2"": 0.04695534706115723, ""1-2"": 0.09135410189628601}"
2757,-0.01817022,"{""0-1"": -0.060037095099687576, ""0-2"": -0.011965067125856876, ""1-2"": 0.017491502687335014}"
2758,0.98483688,"{""0-1"": 0.9848368763923645}"
2759,-0.00434166,"{""0-1"": -0.023612404242157936, ""0-2"": -0.008992420509457588, ""1-2"": 0.019579850137233734}"
2760,-0.08242681,"{""0-1"": -0.015680495649576187, ""0-2"": 0.05478830635547638, ""1-2"": -0.28638824820518494}"
2761,-0.01338577,"{""0-1"": -0.013385769911110401}"
2762,0.37885025,"{""0-1"": 0.9991989135742188, ""0-2"": 0.06915050745010376, ""1-2"": 0.06820133328437805}"
2763,-0.01679384,"{""0-1"": -0.03792652115225792, ""0-2"": -0.09858296811580658, ""1-2"": 0.08612796664237976}"
2764,-0.04813984,"{""0-1"": -0.08547288924455643, ""0-2"": 0.06721937656402588, ""1-2"": -0.12616600096225739}"
2765,0.08083769,"{""0-1"": 0.0808376893401146}"
2766,0.05340320,"{""0-1"": 0.02836264856159687, ""0-2"": 0.1031886488199234, ""1-2"": 0.028658295050263405}"
2767,0.00000000,{}
2768,0.03392083,"{""0-1"": 0.03392082825303078}"
2769,0.07611489,"{""0-1"": 0.21729537844657898, ""0-2"": 0.05616215243935585, ""1-2"": -0.04511285945773125}"
2770,0.34146178,"{""0-1"": 0.34146177768707275}"
2771,0.07270628,"{""0-1"": 0.07270628213882446}"
2772,0.12421221,"{""0-1"": 0.35641202330589294, ""0-2"": -0.04491347447037697, ""1-2"": 0.0611380860209465}"
2773,0.00334931,"{""0-1"": -0.05345161259174347, ""0-2"": 0.01930168829858303, ""1-2"": 0.04419786110520363}"
2774,-0.00797516,"{""0-1"": -0.00797516293823719}"
2775,0.37224569,"{""0-1"": 0.3806559443473816, ""0-2"": 0.4350664019584656, ""1-2"": 0.3010147213935852}"
2776,0.07900469,"{""0-1"": 0.19123917818069458, ""0-2"": 0.0006012142403051257, ""1-2"": 0.04517368972301483}"
2777,0.15187051,"{""0-1"": 0.3624398410320282, ""0-2"": 0.062040578573942184, ""1-2"": 0.03113110549747944}"
2778,0.07270628,"{""0-1"": 0.07270628213882446}"
2779,0.31626107,"{""0-1"": 0.12301542609930038, ""0-2"": 0.03312888368964195, ""1-2"": 0.792638897895813}"
2780,0.19642424,"{""0-1"": -0.06784723699092865, ""0-2"": 0.542352020740509, ""1-2"": 0.11476793140172958}"
2781,-0.02613789,"{""0-1"": -0.10869677364826202, ""0-2"": 0.05939498916268349, ""1-2"": -0.029111888259649277}"
2782,0.09878341,"{""0-1"": 0.1664116233587265, ""0-2"": 0.04259684309363365, ""1-2"": 0.08734176307916641}"
2783,1.00000012,"{""0-1"": 1.0000001192092896}"
2784,-0.05955253,"{""0-1"": -0.04584458842873573, ""0-2"": -0.0946282371878624, ""1-2"": -0.0381847620010376}"
2785,0.82739890,"{""0-1"": 0.8273988962173462}"
2786,0.04207477,"{""0-1"": -0.049909550696611404, ""0-2"": 0.03247366100549698, ""1-2"": 0.14366018772125244}"
2787,0.37541284,"{""0-1"": 0.07973223179578781, ""0-2"": 0.9874458909034729, ""1-2"": 0.05906038358807564}"
2788,0.86078018,"{""0-1"": 0.8607801795005798}"
2789,0.00879287,"{""0-1"": 0.007881345227360725, ""0-2"": 0.011783111840486526, ""1-2"": 0.00671416288241744}"
2790,-0.00110658,"{""0-1"": -0.13785146176815033, ""0-2"": 0.0015914865070953965, ""1-2"": 0.13294023275375366}"
2791,0.09495234,"{""0-1"": 0.09495234489440918}"
2792,-0.01037287,"{""0-1"": -0.05910971388220787, ""0-2"": 0.02126789093017578, ""1-2"": 0.006723218597471714}"
2793,0.15343827,"{""0-1"": 0.6533110737800598, ""0-2"": -0.07622424513101578, ""1-2"": -0.11677201837301254}"
2794,0.08361667,"{""0-1"": 0.08156109601259232, ""0-2"": -0.014753020368516445, ""1-2"": 0.18404194712638855}"
2795,-0.01501440,"{""0-1"": -0.06525889784097672, ""0-2"": -0.01519513688981533, ""1-2"": 0.035410840064287186}"
2796,0.93501610,"{""0-1"": 0.9350160956382751}"
2797,0.04218728,"{""0-1"": 0.17626455426216125, ""0-2"": -0.017899516969919205, ""1-2"": -0.0318031907081604}"
2798,0.02086377,"{""0-1"": 0.019648343324661255, ""0-2"": 0.038397207856178284, ""1-2"": 0.0045457701198756695}"
2799,0.14571903,"{""0-1"": 0.10645316541194916, ""0-2"": 0.2889988422393799, ""1-2"": 0.04170507565140724}"
2800,0.04719571,"{""0-1"": 0.047195710241794586}"
2801,0.01797070,"{""0-1"": 0.007871909998357296, ""0-2"": 0.03790071979165077, ""1-2"": 0.008139463141560555}"
2802,0.00000000,{}
2803,-0.00668127,"{""0-1"": -0.006934460252523422, ""0-2"": 0.010563275776803493, ""1-2"": -0.023672640323638916}"
2804,0.03608591,"{""0-1"": 0.16718129813671112, ""0-2"": -0.0040148780681192875, ""1-2"": -0.054908692836761475}"
2805,-0.01313190,"{""0-1"": -0.01313189696520567}"
2806,0.01755604,"{""0-1"": -0.009653057903051376, ""0-2"": 0.035047393292188644, ""1-2"": 0.027273796498775482}"
2807,0.01366719,"{""0-1"": -0.04374951496720314, ""0-2"": 0.05369286239147186, ""1-2"": 0.03105822764337063}"
2808,0.99999994,"{""0-1"": 0.9999999403953552}"
2809,0.08358099,"{""0-1"": 0.10404932498931885, ""0-2"": -0.0042158011347055435, ""1-2"": 0.1509094387292862}"
2810,0.08432294,"{""0-1"": 0.08432294428348541}"
2811,-0.01057867,"{""0-1"": 0.013973023742437363, ""0-2"": -0.10636954009532928, ""1-2"": 0.06066051498055458}"
2812,0.21220271,"{""0-1"": 0.7729718685150146, ""0-2"": -0.0837164968252182, ""1-2"": -0.05264722928404808}"
2813,-0.01913925,"{""0-1"": 0.04784264788031578, ""0-2"": -0.02744162455201149, ""1-2"": -0.07781877368688583}"
2814,0.02247856,"{""0-1"": 0.00988739263266325, ""0-2"": -0.07722131907939911, ""1-2"": 0.13476961851119995}"
2815,-0.04506171,"{""0-1"": -0.03935767337679863, ""0-2"": -0.06179888918995857, ""1-2"": -0.03402858227491379}"
2816,-0.02268445,"{""0-1"": -0.022684451192617416}"
2817,-0.00775695,"{""0-1"": -0.05969825014472008, ""0-2"": -0.008503105491399765, ""1-2"": 0.04493049532175064}"
2818,0.99996769,"{""0-1"": 0.9999676942825317}"
2819,-0.03368202,"{""0-1"": -0.07895440608263016, ""0-2"": 0.05881886184215546, ""1-2"": -0.08091050386428833}"
2820,0.43505631,"{""0-1"": 0.9985724091529846, ""0-2"": 0.13523995876312256, ""1-2"": 0.17135655879974365}"
2821,0.00334931,"{""0-1"": -0.05345161259174347, ""0-2"": 0.01930168829858303, ""1-2"": 0.04419786110520363}"
2822,-0.03806636,"{""0-1"": -0.047773949801921844, ""0-2"": -0.02527875080704689, ""1-2"": -0.04114637151360512}"
2823,0.52116456,"{""0-1"": 0.33735355734825134, ""0-2"": 0.46269741654396057, ""1-2"": 0.7634426951408386}"
2824,0.03043291,"{""0-1"": -0.03920966759324074, ""0-2"": -0.10351109504699707, ""1-2"": 0.23401950299739838}"
2825,-0.01639790,"{""0-1"": -0.016397899016737938}"
2826,0.15288132,"{""0-1"": 0.15288132429122925}"
2827,0.17251247,"{""0-1"": 0.004160794895142317, ""0-2"": 0.47951453924179077, ""1-2"": 0.03386208787560463}"
2828,0.24794975,"{""0-1"": 0.2479497492313385}"
2829,0.04967469,"{""0-1"": 0.045692674815654755, ""0-2"": 0.05508606508374214, ""1-2"": 0.04824533313512802}"
2830,0.19642424,"{""0-1"": -0.06784723699092865, ""0-2"": 0.542352020740509, ""1-2"": 0.11476793140172958}"
2831,0.00231652,"{""0-1"": -0.11847276985645294, ""0-2"": 0.04603677988052368, ""1-2"": 0.07938556373119354}"
2832,0.00000000,{}
2833,0.21220271,"{""0-1"": 0.7729718685150146, ""0-2"": -0.0837164968252182, ""1-2"": -0.05264722928404808}"
2834,0.14059959,"{""0-1"": 0.1405995935201645}"
2835,0.12713695,"{""0-1"": 0.014583507552742958, ""0-2"": -0.027938682585954666, ""1-2"": 0.39476603269577026}"
2836,0.49390326,"{""0-1"": 0.4904286563396454, ""0-2"": 0.37850281596183777, ""1-2"": 0.6127783060073853}"
2837,0.99999988,"{""0-1"": 0.9999998807907104}"
2838,0.36666581,"{""0-1"": 0.3666658103466034}"
2839,-0.03436903,"{""0-1"": -0.034369029104709625}"
2840,0.23452894,"{""0-1"": 0.23452894389629364}"
2841,0.01363767,"{""0-1"": -0.025034280493855476, ""0-2"": -0.07443735748529434, ""1-2"": 0.14038465917110443}"
2842,0.05279262,"{""0-1"": 0.08834811300039291, ""0-2"": 0.048004209995269775, ""1-2"": 0.02202552556991577}"
2843,0.86160302,"{""0-1"": 0.8616030216217041}"
2844,-0.03270513,"{""0-1"": -0.1726723164319992, ""0-2"": -0.14585120975971222, ""1-2"": 0.2204081416130066}"
2845,-0.12851154,"{""0-1"": -0.018183019012212753, ""0-2"": -0.36228305101394653, ""1-2"": -0.005068546626716852}"
2846,-0.01280044,"{""0-1"": -0.10086500644683838, ""0-2"": 0.09517394751310349, ""1-2"": -0.0327102467417717}"
2847,0.03832372,"{""0-1"": -0.03694631904363632, ""0-2"": 0.00423236982896924, ""1-2"": 0.14768509566783905}"
2848,0.23351946,"{""0-1"": 0.23351946473121643}"
2849,0.52599667,"{""0-1"": 0.2917693257331848, ""0-2"": 0.2927568554878235, ""1-2"": 0.9934638142585754}"
2850,-0.00142764,"{""0-1"": -0.0014276388101279736}"
2851,0.16239636,"{""0-1"": 0.5220738053321838, ""0-2"": -0.025918880477547646, ""1-2"": -0.008965851739048958}"
2852,0.11853832,"{""0-1"": -0.23546260595321655, ""0-2"": 0.21220310032367706, ""1-2"": 0.37887445092201233}"
2853,0.28687361,"{""0-1"": 0.8492331504821777, ""0-2"": 0.004517066292464733, ""1-2"": 0.00687060272321105}"
2854,0.17686442,"{""0-1"": 0.1768644154071808}"
2855,-0.00502886,"{""0-1"": -0.11151263862848282, ""0-2"": -0.02350565418601036, ""1-2"": 0.11993170529603958}"
2856,0.01714940,"{""0-1"": -0.05805128440260887, ""0-2"": 0.07054148614406586, ""1-2"": 0.038957998156547546}"
2857,0.29796049,"{""0-1"": -0.044097647070884705, ""0-2"": -0.0369449183344841, ""1-2"": 0.9749240279197693}"
2858,0.00000000,{}
2859,-0.01991663,"{""0-1"": -0.021371787413954735, ""0-2"": -0.03170083090662956, ""1-2"": -0.006677275523543358}"
2860,0.30604278,"{""0-1"": 0.013225503265857697, ""0-2"": 0.8918945789337158, ""1-2"": 0.013008254580199718}"
2861,0.26018077,"{""0-1"": 0.2601807713508606}"
2862,0.09022991,"{""0-1"": 0.09022990614175797}"
2863,1.00000012,"{""0-1"": 1.0000001192092896}"
2864,0.02802799,"{""0-1"": 0.05511576309800148, ""0-2"": 0.0706057995557785, ""1-2"": -0.04163758456707001}"
2865,-0.05955253,"{""0-1"": -0.04584458842873573, ""0-2"": -0.0946282371878624, ""1-2"": -0.0381847620010376}"
2866,0.01421138,"{""0-1"": 0.0673617273569107, ""0-2"": 0.02619262784719467, ""1-2"": -0.05092020332813263}"
2867,0.05843407,"{""0-1"": 0.05843406915664673}"
2868,0.00000000,{}
2869,0.21310396,"{""0-1"": 0.21310396492481232}"
2870,0.04968577,"{""0-1"": 0.0496857687830925}"
2871,-0.07976862,"{""0-1"": -0.12759605050086975, ""0-2"": 0.022756554186344147, ""1-2"": -0.13446636497974396}"
2872,0.03156104,"{""0-1"": -0.00818431656807661, ""0-2"": 0.05099222809076309, ""1-2"": 0.051875196397304535}"
2873,0.26108258,"{""0-1"": -0.082895927131176, ""0-2"": -0.022314634174108505, ""1-2"": 0.8884583115577698}"
2874,0.99998999,"{""0-1"": 0.9999899864196777}"
2875,0.17406245,"{""0-1"": -0.027299582958221436, ""0-2"": -0.06897862255573273, ""1-2"": 0.6184655427932739}"
2876,0.99996769,"{""0-1"": 0.9999676942825317}"
2877,-0.02054154,"{""0-1"": -0.020541537553071976}"
2878,0.05428334,"{""0-1"": 0.05428333580493927}"
2879,0.20503829,"{""0-1"": 0.661466121673584, ""0-2"": 0.004791338928043842, ""1-2"": -0.051142580807209015}"
2880,0.05747357,"{""0-1"": 0.1587008237838745, ""0-2"": 0.030659323558211327, ""1-2"": -0.01693943329155445}"
2881,0.65400851,"{""0-1"": 0.6540085077285767}"
2882,-0.03806636,"{""0-1"": -0.047773949801921844, ""0-2"": -0.02527875080704689, ""1-2"": -0.04114637151360512}"
2883,0.98372769,"{""0-1"": 0.9837276935577393}"
2884,0.99735278,"{""0-1"": 0.9973527789115906}"
2885,0.11203048,"{""0-1"": 0.20143240690231323, ""0-2"": 0.08161166310310364, ""1-2"": 0.05304737761616707}"
2886,0.22322671,"{""0-1"": 0.6839074492454529, ""0-2"": 0.04010145366191864, ""1-2"": -0.05432876944541931}"
2887,0.15124820,"{""0-1"": 0.267927885055542, ""0-2"": 0.15553608536720276, ""1-2"": 0.030280617997050285}"
2888,0.00000000,{}
2889,-0.02268445,"{""0-1"": -0.022684451192617416}"
2890,-0.08168677,"{""0-1"": -0.09944290667772293, ""0-2"": 0.030174950137734413, ""1-2"": -0.17579235136508942}"
2891,0.41962242,"{""0-1"": 0.41962242126464844}"
2892,0.00334931,"{""0-1"": -0.05345161259174347, ""0-2"": 0.01930168829858303, ""1-2"": 0.04419786110520363}"
2893,0.22341476,"{""0-1"": 0.22341476380825043}"
2894,-0.07462452,"{""0-1"": -0.0015494306571781635, ""0-2"": -0.25144556164741516, ""1-2"": 0.029121434316039085}"
2895,0.08300327,"{""0-1"": -0.022660184651613235, ""0-2"": -0.07851891219615936, ""1-2"": 0.3501889109611511}"
2896,0.51455033,"{""0-1"": 0.5145503282546997}"
2897,0.27182208,"{""0-1"": -0.010971828363835812, ""0-2"": -0.022191405296325684, ""1-2"": 0.8486294746398926}"
2898,0.97529316,"{""0-1"": 0.9752931594848633}"
2899,0.35656595,"{""0-1"": 0.8668668866157532, ""0-2"": -0.04321795329451561, ""1-2"": 0.2460489273071289}"
2900,0.99996769,"{""0-1"": 0.9999676942825317}"
2901,0.07686532,"{""0-1"": 0.30685609579086304, ""0-2"": -0.09071588516235352, ""1-2"": 0.014455738477408886}"
2902,-0.14243370,"{""0-1"": -0.14243370294570923}"
2903,0.02022960,"{""0-1"": 0.05620163679122925, ""0-2"": -0.024703610688447952, ""1-2"": 0.0291907861828804}"
2904,0.43128443,"{""0-1"": 0.43128442764282227}"
2905,0.99996769,"{""0-1"": 0.9999676942825317}"
2906,0.08168375,"{""0-1"": 0.08168375492095947}"
2907,0.99728370,"{""0-1"": 0.9972836971282959}"
2909,-0.18106976,"{""0-1"": -0.1810697615146637}"
2910,0.22203017,"{""0-1"": 0.6119235754013062, ""0-2"": -0.02979588881134987, ""1-2"": 0.0839628279209137}"
2911,0.02333286,"{""0-1"": 0.023332860320806503}"
2912,0.26007760,"{""0-1"": -0.023972004652023315, ""0-2"": 0.46359989047050476, ""1-2"": 0.34060490131378174}"
2913,0.00000000,{}
2914,0.29342900,"{""0-1"": -0.07317982614040375, ""0-2"": -0.02442389354109764, ""1-2"": 0.9778907299041748}"
2915,0.21180959,"{""0-1"": 0.21180959045886993}"
2916,0.19396579,"{""0-1"": 0.19396579265594482}"
2917,-0.05475799,"{""0-1"": -0.11883247643709183, ""0-2"": -0.03947770223021507, ""1-2"": -0.005963803268969059}"
2918,0.00000000,{}
2919,0.15465684,"{""0-1"": 0.027243558317422867, ""0-2"": -0.07835116982460022, ""1-2"": 0.5150781273841858}"
2920,-0.00511161,"{""0-1"": 0.0033823943231254816, ""0-2"": -0.018574263900518417, ""1-2"": -0.00014297207235358655}"
2921,0.06427596,"{""0-1"": 0.1369572877883911, ""0-2"": 0.018631476908922195, ""1-2"": 0.03723910450935364}"
2922,0.43131922,"{""0-1"": 0.9978746175765991, ""0-2"": 0.12922759354114532, ""1-2"": 0.16685545444488525}"
2923,-0.02534287,"{""0-1"": -0.07266528159379959, ""0-2"": 0.003228711662814021, ""1-2"": -0.006592031568288803}"
2924,0.10875449,"{""0-1"": -0.09549078345298767, ""0-2"": 0.3129085302352905, ""1-2"": 0.10884571820497513}"
2925,0.98773807,"{""0-1"": 0.9877380728721619}"
2926,0.74713200,"{""0-1"": 0.7471320033073425}"
2927,0.13209052,"{""0-1"": 0.020113898441195488, ""0-2"": -0.059445541352033615, ""1-2"": 0.43560320138931274}"
2928,-0.01448303,"{""0-1"": -0.014483029954135418}"
2929,-0.02678564,"{""0-1"": -0.05447317287325859, ""0-2"": -0.04007600620388985, ""1-2"": 0.01419226173311472}"
2930,-0.10284971,"{""0-1"": -0.10284971445798874}"
2931,0.25276864,"{""0-1"": 0.8915565013885498, ""0-2"": -0.0475204698741436, ""1-2"": -0.08573009818792343}"
2932,-0.02957403,"{""0-1"": -0.030738113448023796, ""0-2"": -0.011192159727215767, ""1-2"": -0.04679182171821594}"
2933,-0.00365328,"{""0-1"": 0.018789047375321388, ""0-2"": 0.0469328947365284, ""1-2"": -0.07668177783489227}"
2934,0.14988858,"{""0-1"": 0.1214694082736969, ""0-2"": 0.10338365286588669, ""1-2"": 0.22481268644332886}"
2935,0.12578952,"{""0-1"": 0.12578952312469482}"
2936,-0.02213737,"{""0-1"": -0.022137371823191643}"
2937,0.46127412,"{""0-1"": 0.461274117231369}"
2938,0.03822078,"{""0-1"": 0.059742823243141174, ""0-2"": 0.049536559730768204, ""1-2"": 0.005382945295423269}"
2939,-0.02299233,"{""0-1"": -0.03188774734735489, ""0-2"": 0.0003320698160678148, ""1-2"": -0.03742130845785141}"
2940,-0.02120490,"{""0-1"": -0.03135112300515175, ""0-2"": -0.05428794398903847, ""1-2"": 0.022024372592568398}"
2941,0.00159489,"{""0-1"": 0.0015948852524161339}"
2942,-0.00775369,"{""0-1"": -0.00775368744507432}"
2943,-0.01576912,"{""0-1"": -0.06305798888206482, ""0-2"": -0.07519310712814331, ""1-2"": 0.09094373881816864}"
2944,0.07383708,"{""0-1"": 0.2078906148672104, ""0-2"": -0.04725299030542374, ""1-2"": 0.06087362766265869}"
2945,0.13568378,"{""0-1"": 0.3752586245536804, ""0-2"": -0.07864426076412201, ""1-2"": 0.11043697595596313}"
2946,0.00325688,"{""0-1"": 0.06473559886217117, ""0-2"": 0.017050612717866898, ""1-2"": -0.07201558351516724}"
2947,0.04284542,"{""0-1"": -0.04164326936006546, ""0-2"": 0.1835062950849533, ""1-2"": -0.013326762244105339}"
2948,0.46127412,"{""0-1"": 0.461274117231369}"
2949,-0.05530653,"{""0-1"": -0.14434248208999634, ""0-2"": -0.029934365302324295, ""1-2"": 0.008357259444892406}"
2950,0.00000000,{}
2951,0.02563504,"{""0-1"": -0.042899541556835175, ""0-2"": 0.017038267105817795, ""1-2"": 0.10276637971401215}"
2952,0.99998999,"{""0-1"": 0.9999899864196777}"
2953,0.00000000,{}
2954,0.28867494,"{""0-1"": 0.035667307674884796, ""0-2"": 0.056540150195360184, ""1-2"": 0.7738173604011536}"
2955,0.00000000,{}
2956,0.01585225,"{""0-1"": -0.1129876896739006, ""0-2"": -0.053875088691711426, ""1-2"": 0.21441952884197235}"
2957,0.49822413,"{""0-1"": 0.7059962749481201, ""0-2"": 0.4329126477241516, ""1-2"": 0.3557634651660919}"
2958,0.12290136,"{""0-1"": 0.12290135771036148}"
2959,0.99999988,"{""0-1"": 0.9999998807907104}"
2960,0.00000000,{}
2961,0.00000000,{}
2962,-0.09476684,"{""0-1"": -0.09476684033870697}"
2963,0.00000000,{}
2964,0.13795886,"{""0-1"": 0.24539488554000854, ""0-2"": -0.05948656052350998, ""1-2"": 0.2279682457447052}"
2965,0.27758703,"{""0-1"": 0.5328315496444702, ""0-2"": 0.20158182084560394, ""1-2"": 0.0983477309346199}"
2966,-0.03467786,"{""0-1"": -0.0012928416253998876, ""0-2"": -0.009932172484695911, ""1-2"": -0.0928085669875145}"
2967,0.12578952,"{""0-1"": 0.12578952312469482}"
2968,0.14397002,"{""0-1"": 0.01651168242096901, ""0-2"": -0.08315678685903549, ""1-2"": 0.49855515360832214}"
2969,0.61916131,"{""0-1"": 0.6191613078117371}"
2970,0.02172650,"{""0-1"": 0.021726496517658234}"
2971,0.12318954,"{""0-1"": -0.012882208451628685, ""0-2"": 0.26726096868515015, ""1-2"": 0.11518986523151398}"
2972,-0.01639790,"{""0-1"": -0.016397899016737938}"
2973,0.93501610,"{""0-1"": 0.9350160956382751}"
2974,0.04409981,"{""0-1"": -0.009309259243309498, ""0-2"": 0.01954697072505951, ""1-2"": 0.12206172943115234}"
2975,-0.01793381,"{""0-1"": -0.0697443038225174, ""0-2"": -0.01641853153705597, ""1-2"": 0.03236139565706253}"
2976,0.26111106,"{""0-1"": 0.824031412601471, ""0-2"": 0.046460311859846115, ""1-2"": -0.08715854585170746}"
2977,0.12994900,"{""0-1"": 0.12994900345802307}"
2978,0.02982397,"{""0-1"": 0.08345885574817657, ""0-2"": 0.03938685357570648, ""1-2"": -0.03337380662560463}"
2979,0.10534329,"{""0-1"": 0.3158649802207947, ""0-2"": -0.06825568526983261, ""1-2"": 0.06842056661844254}"
2980,0.34272328,"{""0-1"": 0.05929860845208168, ""0-2"": 0.2537446618080139, ""1-2"": 0.7151265740394592}"
2981,-0.04286467,"{""0-1"": -0.07831379026174545, ""0-2"": -0.05308343470096588, ""1-2"": 0.002803228795528412}"
2982,0.15541335,"{""0-1"": 0.42968568205833435, ""0-2"": 0.0009381910786032677, ""1-2"": 0.03561617061495781}"
2983,0.40488487,"{""0-1"": 0.40488487482070923}"
2984,0.22433776,"{""0-1"": 0.18497547507286072, ""0-2"": -0.005834987852722406, ""1-2"": 0.4938727915287018}"
2985,0.38192230,"{""0-1"": 0.38192230463027954}"
2986,0.02438729,"{""0-1"": 0.04151546582579613, ""0-2"": 0.015587070025503635, ""1-2"": 0.016059324145317078}"
2987,-0.03472242,"{""0-1"": -0.07791751623153687, ""0-2"": 0.00986010953783989, ""1-2"": -0.03610985726118088}"
2988,0.19778798,"{""0-1"": 0.4932081699371338, ""0-2"": -0.06320300698280334, ""1-2"": 0.16335877776145935}"
2989,0.47277063,"{""0-1"": 0.472770631313324}"
2990,0.05588608,"{""0-1"": 0.2024231106042862, ""0-2"": -0.09512750059366226, ""1-2"": 0.060362618416547775}"
2991,0.00000000,{}
2992,0.80332738,"{""0-1"": 0.8033273816108704}"
2993,0.14947603,"{""0-1"": 0.20263385772705078, ""0-2"": 0.07215104252099991, ""1-2"": 0.17364318668842316}"
2994,-0.02213737,"{""0-1"": -0.022137371823191643}"
2995,0.05160806,"{""0-1"": 0.14449137449264526, ""0-2"": -0.03628884255886078, ""1-2"": 0.0466216541826725}"
2996,0.02565618,"{""0-1"": 0.12479125708341599, ""0-2"": -0.07797443121671677, ""1-2"": 0.030151719227433205}"
2997,0.11788901,"{""0-1"": 0.3312837779521942, ""0-2"": -0.08587391674518585, ""1-2"": 0.10825717449188232}"
2998,0.04492638,"{""0-1"": 0.11567776650190353, ""0-2"": 0.02467993274331093, ""1-2"": -0.005578567739576101}"
2999,0.12578952,"{""0-1"": 0.12578952312469482}"
3000,0.99189699,"{""0-1"": 0.9918969869613647}"
3001,-0.00350787,"{""0-1"": -0.025629376992583275, ""0-2"": -0.00645306333899498, ""1-2"": 0.021558819338679314}"
3002,0.00000000,{}
3003,0.06311180,"{""0-1"": 0.14789463579654694, ""0-2"": 0.021257048472762108, ""1-2"": 0.020183704793453217}"
3004,-0.09667026,"{""0-1"": -0.017038583755493164, ""0-2"": -0.22562995553016663, ""1-2"": -0.04734222590923309}"
3005,0.05320545,"{""0-1"": 0.001705438015051186, ""0-2"": 0.08748100697994232, ""1-2"": 0.07042989879846573}"
3006,0.00000000,{}
3007,0.00306186,"{""0-1"": -0.0064184702932834625, ""0-2"": 0.0024949866347014904, ""1-2"": 0.013109056279063225}"
3008,-0.02584807,"{""0-1"": -0.18670590221881866, ""0-2"": -0.017581043764948845, ""1-2"": 0.12674273550510406}"
3009,0.58755353,"{""0-1"": 0.4678373634815216, ""0-2"": 0.40216541290283203, ""1-2"": 0.8926578164100647}"
3010,0.07936245,"{""0-1"": -0.04505524784326553, ""0-2"": 0.07254534959793091, ""1-2"": 0.21059724688529968}"
3011,1.00000012,"{""0-1"": 1.0000001192092896}"
3012,0.36944949,"{""0-1"": 0.9969265460968018, ""0-2"": 0.06137795373797417, ""1-2"": 0.05004396662116051}"
3013,-0.00202187,"{""0-1"": -0.0020218712743371725}"
3014,0.00519890,"{""0-1"": -0.011229115538299084, ""0-2"": 0.10090190172195435, ""1-2"": -0.07407607138156891}"
3015,0.14007508,"{""0-1"": 0.41248515248298645, ""0-2"": -0.07454273104667664, ""1-2"": 0.08228280395269394}"
3016,0.05268385,"{""0-1"": 0.07697292417287827, ""0-2"": 0.06633475422859192, ""1-2"": 0.014743870124220848}"
3017,-0.00843849,"{""0-1"": -0.059577882289886475, ""0-2"": 0.07057160884141922, ""1-2"": -0.03630919009447098}"
3018,-0.02526340,"{""0-1"": -0.08080901205539703, ""0-2"": 0.034258969128131866, ""1-2"": -0.029240157455205917}"
3019,0.37979960,"{""0-1"": 0.37979960441589355}"
3020,0.00475500,"{""0-1"": 0.016545722261071205, ""0-2"": 0.0024556575808674097, ""1-2"": -0.004736369475722313}"
3021,1.00000012,"{""0-1"": 1.0000001192092896}"
3022,0.00000000,{}
3023,0.40105158,"{""0-1"": 0.4215455949306488, ""0-2"": 0.4198780059814453, ""1-2"": 0.3617311418056488}"
3024,-0.09037994,"{""0-1"": -0.09037993848323822}"
3025,0.02789197,"{""0-1"": 0.027891967445611954}"
3026,0.38507214,"{""0-1"": 0.1033458262681961, ""0-2"": 0.9733532667160034, ""1-2"": 0.07851732522249222}"
3027,0.47809360,"{""0-1"": 0.846524715423584, ""0-2"": 0.35685962438583374, ""1-2"": 0.2308964729309082}"
3028,0.05980242,"{""0-1"": 0.030873289331793785, ""0-2"": 0.008209171704947948, ""1-2"": 0.14032480120658875}"
3029,-0.00831128,"{""0-1"": 0.05489256605505943, ""0-2"": 0.028226112946867943, ""1-2"": -0.10805252194404602}"
3030,0.10887442,"{""0-1"": 0.021049367263913155, ""0-2"": 0.2775222063064575, ""1-2"": 0.028051696717739105}"
3031,0.26448071,"{""0-1"": 0.041070129722356796, ""0-2"": -0.021264223381876945, ""1-2"": 0.7736362218856812}"
3032,0.00798162,"{""0-1"": 0.04907703399658203, ""0-2"": 0.008410068228840828, ""1-2"": -0.03354225680232048}"
3033,0.41042266,"{""0-1"": 0.1264553964138031, ""0-2"": 0.9797785878181458, ""1-2"": 0.12503400444984436}"
3034,0.13535856,"{""0-1"": 0.1353585571050644}"
3035,0.01943387,"{""0-1"": 0.019433870911598206}"
3036,0.96316534,"{""0-1"": 0.9631653428077698}"
3037,0.17686442,"{""0-1"": 0.1768644154071808}"
3038,-0.01293876,"{""0-1"": -0.03404415398836136, ""0-2"": -0.041410721838474274, ""1-2"": 0.03663861006498337}"
3039,-0.00908104,"{""0-1"": 0.11487618833780289, ""0-2"": -0.07138241082429886, ""1-2"": -0.07073689252138138}"
3040,0.99488539,"{""0-1"": 0.9948853850364685}"
3041,-0.03229592,"{""0-1"": -0.0713285282254219, ""0-2"": -0.02832905203104019, ""1-2"": 0.0027698201593011618}"
3042,0.15288132,"{""0-1"": 0.15288132429122925}"
3043,0.02673618,"{""0-1"": 0.019241521134972572, ""0-2"": 0.162886381149292, ""1-2"": -0.10191936790943146}"
3044,-0.03698401,"{""0-1"": -0.10142353922128677, ""0-2"": -0.033916182816028595, ""1-2"": 0.02438768744468689}"
3045,0.26615568,"{""0-1"": 0.22107957303524017, ""0-2"": 0.6491405963897705, ""1-2"": -0.0717531144618988}"
3046,-0.08623283,"{""0-1"": -0.2912609279155731, ""0-2"": 0.15594901144504547, ""1-2"": -0.12338656187057495}"
3047,0.00037569,"{""0-1"": 0.00037569133564829826}"
3048,0.09703423,"{""0-1"": 0.36270201206207275, ""0-2"": -0.07585865259170532, ""1-2"": 0.004259320441633463}"
3049,0.05550027,"{""0-1"": 0.05550026521086693}"
3050,0.02142917,"{""0-1"": 0.029629159718751907, ""0-2"": 0.04553431272506714, ""1-2"": -0.01087596919387579}"
3051,0.05827705,"{""0-1"": 0.0018339194357395172, ""0-2"": 0.04942914471030235, ""1-2"": 0.12356807291507721}"
3052,0.10429325,"{""0-1"": 0.1663704514503479, ""0-2"": 0.02322986349463463, ""1-2"": 0.12327944487333298}"
3053,0.10365931,"{""0-1"": 0.10365930944681168}"
3054,-0.05136397,"{""0-1"": -0.07128060609102249, ""0-2"": -0.001678962493315339, ""1-2"": -0.08113235235214233}"
3055,0.00000000,{}
3056,0.02052810,"{""0-1"": -0.053824909031391144, ""0-2"": 0.04213811084628105, ""1-2"": 0.07327108830213547}"
3057,0.07958530,"{""0-1"": 0.3554598093032837, ""0-2"": -0.08968401700258255, ""1-2"": -0.027019890025258064}"
3058,0.66775173,"{""0-1"": 0.6677517294883728}"
3059,0.22091085,"{""0-1"": 0.560946524143219, ""0-2"": 0.09131843596696854, ""1-2"": 0.010467592626810074}"
3060,-0.11675911,"{""0-1"": -0.11675910651683807}"
3061,0.00000000,{}
3062,0.03082749,"{""0-1"": 0.12279791384935379, ""0-2"": 0.03864913806319237, ""1-2"": -0.06896457821130753}"
3063,0.04398977,"{""0-1"": 0.052437588572502136, ""0-2"": 0.056025248020887375, ""1-2"": 0.023506468161940575}"
3064,-0.05955253,"{""0-1"": -0.04584458842873573, ""0-2"": -0.0946282371878624, ""1-2"": -0.0381847620010376}"
3065,0.37247735,"{""0-1"": 0.33466780185699463, ""0-2"": -0.003216264769434929, ""1-2"": 0.7859805226325989}"
3066,0.22365613,"{""0-1"": 0.22365613281726837}"
3067,0.19684893,"{""0-1"": 0.2272433340549469, ""0-2"": 0.049370843917131424, ""1-2"": 0.3139325976371765}"
3068,0.06132043,"{""0-1"": -0.032839253544807434, ""0-2"": 0.17234744131565094, ""1-2"": 0.04445309564471245}"
3069,0.03866112,"{""0-1"": 0.011183925904333591, ""0-2"": 0.09948326647281647, ""1-2"": 0.005316153634339571}"
3070,-0.05955253,"{""0-1"": -0.04584458842873573, ""0-2"": -0.0946282371878624, ""1-2"": -0.0381847620010376}"
3071,-0.02413161,"{""0-1"": 0.13832533359527588, ""0-2"": -0.14673873782157898, ""1-2"": -0.06398142874240875}"
3072,0.20879892,"{""0-1"": -0.0649765208363533, ""0-2"": 0.7891208529472351, ""1-2"": -0.0977475717663765}"
3073,0.10010627,"{""0-1"": 0.10010626912117004}"
3074,0.08327621,"{""0-1"": 0.361208975315094, ""0-2"": -0.10392747074365616, ""1-2"": -0.007452887482941151}"
3075,0.37497659,"{""0-1"": 0.9989392161369324, ""0-2"": 0.06665526330471039, ""1-2"": 0.05933529883623123}"
3076,-0.01352947,"{""0-1"": -0.1443837732076645, ""0-2"": 0.04880573973059654, ""1-2"": 0.05498963221907616}"
3077,0.32965315,"{""0-1"": 0.6807034015655518, ""0-2"": 0.16716116666793823, ""1-2"": 0.1410948932170868}"
3078,-0.00991243,"{""0-1"": -0.009886698797345161, ""0-2"": -0.0892024040222168, ""1-2"": 0.06935182213783264}"
3079,0.06620381,"{""0-1"": 0.06620381027460098}"
3080,0.56344731,"{""0-1"": 0.46918976306915283, ""0-2"": 0.3763163983821869, ""1-2"": 0.8448357582092285}"
3081,0.51852165,"{""0-1"": 0.41420814394950867, ""0-2"": 0.4896441400051117, ""1-2"": 0.6517126560211182}"
3082,0.18684224,"{""0-1"": 0.5151972770690918, ""0-2"": 0.0038608054164797068, ""1-2"": 0.04146863520145416}"
3083,0.01511436,"{""0-1"": 0.003181484993547201, ""0-2"": 0.03732440248131752, ""1-2"": 0.004837192595005035}"
3084,0.84570813,"{""0-1"": 0.8457081317901611}"
3085,0.14017215,"{""0-1"": 0.06338468939065933, ""0-2"": 0.3409915864467621, ""1-2"": 0.01614016480743885}"
3086,0.00000000,{}
3087,0.13677039,"{""0-1"": 0.42847925424575806, ""0-2"": -0.07556687295436859, ""1-2"": 0.05739877372980118}"
3088,0.01327705,"{""0-1"": 0.03616940602660179, ""0-2"": 0.028518542647361755, ""1-2"": -0.024856802076101303}"
3089,-0.05559852,"{""0-1"": -0.23906299471855164, ""0-2"": 0.07888609915971756, ""1-2"": -0.006618649698793888}"
3090,-0.09480227,"{""0-1"": -0.09480226784944534}"
3091,-0.00230673,"{""0-1"": -0.0023067344445735216}"
3092,-0.06400092,"{""0-1"": -0.04792220517992973, ""0-2"": -0.04887184873223305, ""1-2"": -0.09520871192216873}"
3093,-0.01588342,"{""0-1"": -0.015883417800068855}"
3094,0.24356805,"{""0-1"": 0.2435680478811264}"
3095,-0.04086021,"{""0-1"": 0.006372332572937012, ""0-2"": -0.04976098611950874, ""1-2"": -0.07919196784496307}"
3096,0.24885200,"{""0-1"": 0.015322609804570675, ""0-2"": 0.4064323604106903, ""1-2"": 0.3248010277748108}"
3097,0.31310943,"{""0-1"": 0.047467272728681564, ""0-2"": 0.06024692952632904, ""1-2"": 0.831614077091217}"
3098,-0.00908104,"{""0-1"": 0.11487618833780289, ""0-2"": -0.07138241082429886, ""1-2"": -0.07073689252138138}"
3099,0.20277628,"{""0-1"": -0.0404173918068409, ""0-2"": 0.5622491836547852, ""1-2"": 0.08649704605340958}"
3100,0.25510922,"{""0-1"": 0.2551092207431793}"
3101,0.00000000,{}
3102,0.00000000,{}
3103,0.12683346,"{""0-1"": 0.5229924917221069, ""0-2"": 0.04669155925512314, ""1-2"": -0.18918366730213165}"
3104,0.08879996,"{""0-1"": 0.23788967728614807, ""0-2"": 0.014020302332937717, ""1-2"": 0.014489910565316677}"
3105,0.00624560,"{""0-1"": 0.08834569156169891, ""0-2"": 0.008570985868573189, ""1-2"": -0.07817988097667694}"
3106,0.49297535,"{""0-1"": 0.4929753541946411}"
3107,0.03388269,"{""0-1"": 0.0611218623816967, ""0-2"": 0.012747049331665039, ""1-2"": 0.027779150754213333}"
3108,0.97287714,"{""0-1"": 0.9728771448135376}"
3109,0.26824237,"{""0-1"": 0.6679124236106873, ""0-2"": 0.09535316377878189, ""1-2"": 0.041461508721113205}"
3110,-0.05609248,"{""0-1"": -0.08289866894483566, ""0-2"": -0.0061233690939843655, ""1-2"": -0.07925540208816528}"
3111,0.25120926,"{""0-1"": 0.2512092590332031}"
3112,0.01677824,"{""0-1"": 0.009092601016163826, ""0-2"": 0.01350842509418726, ""1-2"": 0.027733683586120605}"
3113,0.03224966,"{""0-1"": 0.022171519696712494, ""0-2"": 0.032384391874074936, ""1-2"": 0.042193055152893066}"
3114,-0.01488363,"{""0-1"": -0.14241467416286469, ""0-2"": 0.0530044361948967, ""1-2"": 0.04475933313369751}"
3115,-0.00155061,"{""0-1"": -0.001550614950247109}"
3116,0.26099318,"{""0-1"": -0.052928414195775986, ""0-2"": -0.11588171124458313, ""1-2"": 0.9517896771430969}"
3117,0.00234741,"{""0-1"": -0.10295510292053223, ""0-2"": 0.08370693027973175, ""1-2"": 0.026290412992239}"
3118,0.03063566,"{""0-1"": -0.013745988719165325, ""0-2"": 0.09346973150968552, ""1-2"": 0.012183241546154022}"
3119,0.06018277,"{""0-1"": 0.001981376903131604, ""0-2"": 0.06093350052833557, ""1-2"": 0.11763343214988708}"
3120,0.23125026,"{""0-1"": 0.23125025629997253}"
3121,-0.05162682,"{""0-1"": -0.051626820117235184}"
3122,0.21220271,"{""0-1"": 0.7729718685150146, ""0-2"": -0.0837164968252182, ""1-2"": -0.05264722928404808}"
3123,-0.01632778,"{""0-1"": -0.01632777787744999}"
3124,0.05872541,"{""0-1"": 0.2000102400779724, ""0-2"": -0.09737363457679749, ""1-2"": 0.0735396295785904}"
3125,0.00000000,{}
3126,0.10489138,"{""0-1"": 0.10489138215780258}"
3127,-0.02792808,"{""0-1"": -0.08766921609640121, ""0-2"": -0.0544106662273407, ""1-2"": 0.05829562991857529}"
3128,0.04578430,"{""0-1"": 0.17255109548568726, ""0-2"": -0.061486952006816864, ""1-2"": 0.026288757100701332}"
3129,0.24903664,"{""0-1"": 0.24903663992881775}"
3130,-0.00155061,"{""0-1"": -0.001550614950247109}"
3131,0.11647478,"{""0-1"": 0.11647477746009827}"
3132,0.23973158,"{""0-1"": 0.2397315800189972}"
3133,0.25760114,"{""0-1"": 0.6792618036270142, ""0-2"": -0.02156698890030384, ""1-2"": 0.11510860174894333}"
3134,0.02366191,"{""0-1"": -0.006359115708619356, ""0-2"": -0.14499510824680328, ""1-2"": 0.2223399579524994}"
3135,0.44635666,"{""0-1"": 0.2873930335044861, ""0-2"": 0.9544503092765808, ""1-2"": 0.09722663462162018}"
3136,0.01587432,"{""0-1"": -0.056636594235897064, ""0-2"": -0.049989499151706696, ""1-2"": 0.15424905717372894}"
3137,0.83696312,"{""0-1"": 0.8369631171226501}"
3138,0.99635375,"{""0-1"": 0.9963537454605103}"
3139,0.06803690,"{""0-1"": -0.04485100135207176, ""0-2"": 0.20039862394332886, ""1-2"": 0.048563066869974136}"
3140,0.05136399,"{""0-1"": -0.04339580237865448, ""0-2"": 0.1326552778482437, ""1-2"": 0.06483250856399536}"
3141,0.07613138,"{""0-1"": 0.3662519156932831, ""0-2"": -0.17321015894412994, ""1-2"": 0.03535239025950432}"
3142,-0.03628357,"{""0-1"": -0.03628356754779816}"
3143,0.07383708,"{""0-1"": 0.2078906148672104, ""0-2"": -0.04725299030542374, ""1-2"": 0.06087362766265869}"
3144,0.09877249,"{""0-1"": 0.391968309879303, ""0-2"": -0.09031139314174652, ""1-2"": -0.005339436233043671}"
3145,0.89786065,"{""0-1"": 0.8978606462478638}"
3146,-0.04085593,"{""0-1"": -0.040855925530195236}"
3147,0.99996769,"{""0-1"": 0.9999676942825317}"
3148,0.00000000,{}
3149,-0.01632778,"{""0-1"": -0.01632777787744999}"
3150,-0.03882282,"{""0-1"": -0.0665440484881401, ""0-2"": -0.04210672155022621, ""1-2"": -0.007817699573934078}"
3151,0.00325688,"{""0-1"": 0.06473559886217117, ""0-2"": 0.017050612717866898, ""1-2"": -0.07201558351516724}"
3152,0.97436136,"{""0-1"": 0.9743613600730896}"
3153,-0.00922503,"{""0-1"": -0.013229901902377605, ""0-2"": -0.01870749145746231, ""1-2"": 0.004262292291969061}"
3154,0.99998999,"{""0-1"": 0.9999899864196777}"
3155,0.13741224,"{""0-1"": 0.005636267829686403, ""0-2"": 0.41373488306999207, ""1-2"": -0.007134418003261089}"
3156,-0.02413161,"{""0-1"": 0.13832533359527588, ""0-2"": -0.14673873782157898, ""1-2"": -0.06398142874240875}"
3157,-0.02628874,"{""0-1"": -0.02628873661160469}"
3158,0.72272015,"{""0-1"": 0.7227201461791992}"
3159,0.23973158,"{""0-1"": 0.2397315800189972}"
3160,-0.03686775,"{""0-1"": 0.03007088601589203, ""0-2"": -0.03035842813551426, ""1-2"": -0.1103157177567482}"
3161,0.01408563,"{""0-1"": 0.05882076919078827, ""0-2"": 0.023321082815527916, ""1-2"": -0.03988496586680412}"
3162,-0.03628345,"{""0-1"": -0.1345551609992981, ""0-2"": 0.007107651326805353, ""1-2"": 0.018597174435853958}"
3163,0.18513335,"{""0-1"": 0.18513335287570953}"
3164,0.12022953,"{""0-1"": 0.06103428453207016, ""0-2"": 0.25898173451423645, ""1-2"": 0.04067257046699524}"
3165,0.00000000,{}
3166,0.00578692,"{""0-1"": 0.0050302729941904545, ""0-2"": -0.0027846721932291985, ""1-2"": 0.015115158632397652}"
3167,0.01453840,"{""0-1"": 0.006356973201036453, ""0-2"": 0.03158598765730858, ""1-2"": 0.00567224994301796}"
3168,0.11161306,"{""0-1"": 0.029451433569192886, ""0-2"": -0.011507152579724789, ""1-2"": 0.31689488887786865}"
3169,0.99043614,"{""0-1"": 0.9904361367225647}"
3170,0.08101447,"{""0-1"": 0.33884376287460327, ""0-2"": -0.1044282391667366, ""1-2"": 0.008627897128462791}"
3171,0.30378949,"{""0-1"": 0.026638666167855263, ""0-2"": 0.8459636569023132, ""1-2"": 0.03876615688204765}"
3172,0.03947639,"{""0-1"": 0.1316899061203003, ""0-2"": 0.014212798327207565, ""1-2"": -0.02747352607548237}"
3173,-0.02626236,"{""0-1"": -0.0328829325735569, ""0-2"": -0.07879835367202759, ""1-2"": 0.03289419412612915}"
3174,0.02616671,"{""0-1"": 0.004646724089980125, ""0-2"": -0.05953256040811539, ""1-2"": 0.13338597118854523}"
3175,-0.03436903,"{""0-1"": -0.034369029104709625}"
3176,0.08432294,"{""0-1"": 0.08432294428348541}"
3177,0.00000000,{}
3178,-0.11951995,"{""0-1"": -0.11951994895935059}"
3179,0.23351946,"{""0-1"": 0.23351946473121643}"
3180,0.08743045,"{""0-1"": 0.0874304473400116}"
3181,0.20242842,"{""0-1"": 0.2024284154176712}"
3182,0.06822970,"{""0-1"": -0.020468518137931824, ""0-2"": 0.1898346096277237, ""1-2"": 0.035323020070791245}"
3183,0.00849824,"{""0-1"": -0.08483801782131195, ""0-2"": 0.08106829971075058, ""1-2"": 0.02926444634795189}"
3184,0.68241882,"{""0-1"": 0.6824188232421875}"
3185,0.01561586,"{""0-1"": 0.0011054568458348513, ""0-2"": -0.07292631268501282, ""1-2"": 0.11866842955350876}"
3186,0.00000000,{}
3187,0.07481562,"{""0-1"": 0.07481561601161957}"
3188,-0.07637052,"{""0-1"": -0.16174183785915375, ""0-2"": 0.09392897039651871, ""1-2"": -0.1612987071275711}"
3189,0.02041094,"{""0-1"": -0.05251923203468323, ""0-2"": 0.0551690049469471, ""1-2"": 0.05858304351568222}"
3190,0.39726277,"{""0-1"": 0.6918582916259766, ""0-2"": -0.01224215142428875, ""1-2"": 0.5121721625328064}"
3191,0.10008323,"{""0-1"": 0.10008323192596436}"
3192,0.14059959,"{""0-1"": 0.1405995935201645}"
3193,0.00849824,"{""0-1"": -0.08483801782131195, ""0-2"": 0.08106829971075058, ""1-2"": 0.02926444634795189}"
3194,0.04204651,"{""0-1"": 0.04204650595784187}"
3195,-0.10353000,"{""0-1"": -0.10353000462055206}"
3196,0.00458333,"{""0-1"": 0.004583326168358326}"
3197,0.59666459,"{""0-1"": 0.39835917949676514, ""0-2"": 0.397280216217041, ""1-2"": 0.9943543672561646}"
3198,1.00000012,"{""0-1"": 1.0000001192092896}"
3199,0.34356733,"{""0-1"": 0.042480822652578354, ""0-2"": 0.42863255739212036, ""1-2"": 0.559588611125946}"
3200,0.91484201,"{""0-1"": 0.9148420095443726}"
3201,0.02724863,"{""0-1"": 0.10159782320261002, ""0-2"": -0.076620914041996, ""1-2"": 0.05676897615194321}"
3202,0.06042243,"{""0-1"": 0.11854671686887741, ""0-2"": 0.03211575001478195, ""1-2"": 0.030604828149080276}"
3203,0.40234133,"{""0-1"": 0.3160676956176758, ""0-2"": 0.5696172118186951, ""1-2"": 0.32133907079696655}"
3204,-0.01835906,"{""0-1"": -0.004033523611724377, ""0-2"": -0.018285492435097694, ""1-2"": -0.03275816887617111}"
3205,0.13215185,"{""0-1"": 0.3353913128376007, ""0-2"": -0.08036375045776367, ""1-2"": 0.14142799377441406}"
3206,0.00171787,"{""0-1"": -0.006091312970966101, ""0-2"": 0.0012077976716682315, ""1-2"": 0.010037117637693882}"
3207,0.06398930,"{""0-1"": 0.0639892965555191}"
3208,0.03392083,"{""0-1"": 0.03392082825303078}"
3209,-0.01039671,"{""0-1"": -0.03540101274847984, ""0-2"": -0.007091210223734379, ""1-2"": 0.011302105151116848}"
3210,-0.05230658,"{""0-1"": -0.05230657756328583}"
3211,0.00879287,"{""0-1"": 0.007881345227360725, ""0-2"": 0.011783111840486526, ""1-2"": 0.00671416288241744}"
3212,0.02039183,"{""0-1"": 0.0861968919634819, ""0-2"": -0.0014410417061299086, ""1-2"": -0.02358034998178482}"
3213,0.99767685,"{""0-1"": 0.9976768493652344}"
3214,0.15421559,"{""0-1"": 0.054899413138628006, ""0-2"": 0.26035717129707336, ""1-2"": 0.14739017188549042}"
3215,0.16144748,"{""0-1"": 0.17896459996700287, ""0-2"": 0.10308568924665451, ""1-2"": 0.20229215919971466}"
3216,-0.03505040,"{""0-1"": -0.0437442846596241, ""0-2"": -0.03838827461004257, ""1-2"": -0.02301863767206669}"
3217,0.53511291,"{""0-1"": 0.44161149859428406, ""0-2"": 0.38185739517211914, ""1-2"": 0.7818698287010193}"
3218,-0.03576341,"{""0-1"": -0.04813793674111366, ""0-2"": -0.08398079127073288, ""1-2"": 0.024828508496284485}"
3219,0.01482552,"{""0-1"": 0.014825515449047089}"
3220,-0.04119243,"{""0-1"": 0.01320449449121952, ""0-2"": -0.20938128232955933, ""1-2"": 0.07259950041770935}"
3221,0.09039239,"{""0-1"": 0.3882588744163513, ""0-2"": -0.023822873830795288, ""1-2"": -0.09325883537530899}"
3222,0.99999988,"{""0-1"": 0.9999998807907104}"
3223,0.05827705,"{""0-1"": 0.0018339194357395172, ""0-2"": 0.04942914471030235, ""1-2"": 0.12356807291507721}"
3224,0.05773277,"{""0-1"": -0.008118628524243832, ""0-2"": 0.04095591977238655, ""1-2"": 0.140361025929451}"
3225,-0.02213737,"{""0-1"": -0.022137371823191643}"
3226,0.14126145,"{""0-1"": 0.1834610104560852, ""0-2"": 0.11920834332704544, ""1-2"": 0.12111498415470123}"
3227,0.20156243,"{""0-1"": 0.20156243443489075}"
3228,0.12464263,"{""0-1"": 0.3359004557132721, ""0-2"": -0.0927746444940567, ""1-2"": 0.13080208003520966}"
3229,-0.02375198,"{""0-1"": -0.07353512197732925, ""0-2"": -0.01153504941612482, ""1-2"": 0.013814219273626804}"
3230,0.09379811,"{""0-1"": 0.09379810839891434}"
3231,0.00000000,{}
3232,0.05550027,"{""0-1"": 0.05550026521086693}"
3233,0.10555325,"{""0-1"": 0.10555324703454971}"
3234,0.06172043,"{""0-1"": 0.06172042712569237}"
3235,0.11783250,"{""0-1"": 0.11783250421285629}"
3236,-0.01579939,"{""0-1"": -0.01579938642680645}"
3237,-0.07370724,"{""0-1"": -0.0849534198641777, ""0-2"": -0.14073574542999268, ""1-2"": 0.004567458759993315}"
3238,0.00000000,{}
3239,0.12598132,"{""0-1"": 0.16004560887813568, ""0-2"": 0.03342641517519951, ""1-2"": 0.1844719499349594}"
3240,1.00000024,"{""0-1"": 1.000000238418579}"
3241,0.00037569,"{""0-1"": 0.00037569133564829826}"
3242,-0.00134406,"{""0-1"": 0.018411090597510338, ""0-2"": 0.08066017925739288, ""1-2"": -0.10310345143079758}"
3243,0.00000000,{}
3244,-0.04403494,"{""0-1"": -0.17014266550540924, ""0-2"": -0.09338535368442535, ""1-2"": 0.1314231902360916}"
3245,0.37497659,"{""0-1"": 0.9989392161369324, ""0-2"": 0.06665526330471039, ""1-2"": 0.05933529883623123}"
3246,-0.05239858,"{""0-1"": -0.10753755271434784, ""0-2"": 0.03853345289826393, ""1-2"": -0.08819165080785751}"
3247,-0.07649247,"{""0-1"": -0.07649247348308563}"
3248,0.98255110,"{""0-1"": 0.982551097869873}"
3249,0.80835181,"{""0-1"": 0.8083518147468567}"
3250,0.28421580,"{""0-1"": -0.015699710696935654, ""0-2"": -0.02610914781689644, ""1-2"": 0.8944562673568726}"
3251,0.09379811,"{""0-1"": 0.09379810839891434}"
3252,0.00564467,"{""0-1"": -0.01472450327128172, ""0-2"": 0.017356975004076958, ""1-2"": 0.014301534742116928}"
3253,0.19027009,"{""0-1"": 0.11236909031867981, ""0-2"": -0.08981139212846756, ""1-2"": 0.5482525825500488}"
3254,-0.02268445,"{""0-1"": -0.022684451192617416}"
3255,-0.04893256,"{""0-1"": -0.27816224098205566, ""0-2"": -0.006797945126891136, ""1-2"": 0.1381624937057495}"
3256,0.99999994,"{""0-1"": 0.9999999403953552}"
3257,0.30842071,"{""0-1"": 0.33242592215538025, ""0-2"": 0.24707356095314026, ""1-2"": 0.3457626402378082}"
3258,0.44501072,"{""0-1"": 0.663367748260498, ""0-2"": 0.3480687737464905, ""1-2"": 0.32359564304351807}"
3259,0.37439674,"{""0-1"": 0.37439674139022827}"
3260,0.03091674,"{""0-1"": -0.09299033880233765, ""0-2"": 0.19213637709617615, ""1-2"": -0.006395810749381781}"
3261,0.14560815,"{""0-1"": -0.13326290249824524, ""0-2"": 0.610917329788208, ""1-2"": -0.04082997143268585}"
3262,0.04732554,"{""0-1"": 0.04554043337702751, ""0-2"": 0.08704312145709991, ""1-2"": 0.009393064305186272}"
3263,0.12839647,"{""0-1"": 0.12839646637439728}"
3264,0.99999994,"{""0-1"": 0.9999999403953552}"
3265,0.48096095,"{""0-1"": 0.2340739369392395, ""0-2"": 0.2645080089569092, ""1-2"": 0.9443008899688721}"
3266,0.03008703,"{""0-1"": 0.1354328989982605, ""0-2"": -0.06153212860226631, ""1-2"": 0.01636030711233616}"
3267,0.22440445,"{""0-1"": 0.2244044542312622}"
3268,0.03919549,"{""0-1"": 0.03919549286365509}"
3269,0.10270067,"{""0-1"": 0.11328265815973282, ""0-2"": 0.08476271480321884, ""1-2"": 0.11005662381649017}"
3270,0.15227661,"{""0-1"": 0.3991474211215973, ""0-2"": 0.0344725102186203, ""1-2"": 0.023209884762763977}"
3271,-0.00719978,"{""0-1"": -0.05363426357507706, ""0-2"": 0.014822369441390038, ""1-2"": 0.01721254549920559}"
3272,0.07918682,"{""0-1"": 0.081403449177742, ""0-2"": -0.005920951720327139, ""1-2"": 0.16207796335220337}"
3273,0.04398977,"{""0-1"": 0.052437588572502136, ""0-2"": 0.056025248020887375, ""1-2"": 0.023506468161940575}"
3274,0.02598873,"{""0-1"": -0.0010379684390500188, ""0-2"": 0.1064123883843422, ""1-2"": -0.027408231049776077}"
3275,0.85807043,"{""0-1"": 0.858070433139801}"
3276,-0.02228136,"{""0-1"": -0.040735986083745956, ""0-2"": -0.07209611684083939, ""1-2"": 0.04598802700638771}"
3277,-0.02329814,"{""0-1"": -0.07743244618177414, ""0-2"": -0.0014262408949434757, ""1-2"": 0.008964271284639835}"
3278,0.09780311,"{""0-1"": 0.0928899273276329, ""0-2"": -0.0012730363523587584, ""1-2"": 0.20179244875907898}"
3279,0.14684398,"{""0-1"": -0.03299933671951294, ""0-2"": 0.05339141562581062, ""1-2"": 0.4201398491859436}"
3280,0.48319513,"{""0-1"": 0.48319512605667114}"
3281,0.99998999,"{""0-1"": 0.9999899864196777}"
3282,0.12566303,"{""0-1"": 0.2933356463909149, ""0-2"": 0.056550282984972, ""1-2"": 0.02710317075252533}"
3283,0.99656886,"{""0-1"": 0.9965688586235046}"
3284,0.03661334,"{""0-1"": 0.14391721785068512, ""0-2"": -0.034665901213884354, ""1-2"": 0.0005887094303034246}"
3285,-0.00577382,"{""0-1"": 0.05059134215116501, ""0-2"": -0.06909015774726868, ""1-2"": 0.0011773580918088555}"
3286,0.15445055,"{""0-1"": 0.4196772575378418, ""0-2"": -0.085072360932827, ""1-2"": 0.12874676287174225}"
3287,0.03224966,"{""0-1"": 0.022171519696712494, ""0-2"": 0.032384391874074936, ""1-2"": 0.042193055152893066}"
3288,-0.01504667,"{""0-1"": -0.018994495272636414, ""0-2"": -0.00035958358785137534, ""1-2"": -0.025785937905311584}"
3289,0.07074967,"{""0-1"": 0.08050138503313065, ""0-2"": 0.07456544786691666, ""1-2"": 0.05718217417597771}"
3290,0.41373208,"{""0-1"": 0.4137320816516876}"
3291,0.43417925,"{""0-1"": 0.43417924642562866}"
3292,-0.00818711,"{""0-1"": -0.021735139191150665, ""0-2"": -0.009661219082772732, ""1-2"": 0.006835035514086485}"
3293,0.03542188,"{""0-1"": 0.009220723062753677, ""0-2"": 0.04674098268151283, ""1-2"": 0.05030393600463867}"
3294,0.11554443,"{""0-1"": 0.3043610453605652, ""0-2"": 0.017776506021618843, ""1-2"": 0.02449573017656803}"
3295,0.14989206,"{""0-1"": 0.3878898024559021, ""0-2"": -0.007693846710026264, ""1-2"": 0.06948022544384003}"
3296,0.45690387,"{""0-1"": 0.456903874874115}"
3297,0.03109105,"{""0-1"": 0.04917226359248161, ""0-2"": 0.04635019972920418, ""1-2"": -0.002249323995783925}"
3298,-0.00249104,"{""0-1"": -0.02365349791944027, ""0-2"": 0.07766108959913254, ""1-2"": -0.06148071959614754}"
3299,0.19396579,"{""0-1"": 0.19396579265594482}"
3300,0.25975570,"{""0-1"": 0.2597557008266449}"
3301,0.04370709,"{""0-1"": 0.23679378628730774, ""0-2"": -0.04122219234704971, ""1-2"": -0.06445032358169556}"
3302,0.01207170,"{""0-1"": 0.06820257008075714, ""0-2"": 0.007049677427858114, ""1-2"": -0.039037153124809265}"
3303,0.04763175,"{""0-1"": 0.07926008850336075, ""0-2"": -0.026401104405522346, ""1-2"": 0.09003627300262451}"
3304,-0.00008250,"{""0-1"": 0.056191880255937576, ""0-2"": -0.08050872385501862, ""1-2"": 0.02406933531165123}"
3305,0.18598052,"{""0-1"": 0.01882733777165413, ""0-2"": -0.03821951150894165, ""1-2"": 0.5773337483406067}"
3306,0.12578952,"{""0-1"": 0.12578952312469482}"
3307,0.28888499,"{""0-1"": 0.2042645961046219, ""0-2"": 0.4829693138599396, ""1-2"": 0.1794210523366928}"
3308,0.42087219,"{""0-1"": 0.6130468845367432, ""0-2"": 0.3616410195827484, ""1-2"": 0.28792867064476013}"
3309,0.16622059,"{""0-1"": 0.4853770136833191, ""0-2"": -0.07487156242132187, ""1-2"": 0.0881563052535057}"
3310,-0.02712100,"{""0-1"": -0.08020458370447159, ""0-2"": -0.05757899582386017, ""1-2"": 0.05642056465148926}"
3311,-0.00693525,"{""0-1"": 0.0699303075671196, ""0-2"": -0.016806000843644142, ""1-2"": -0.0739300549030304}"
3312,0.08355165,"{""0-1"": 0.08355165272951126}"
3313,0.99390358,"{""0-1"": 0.9939035773277283}"
3314,0.99999988,"{""0-1"": 0.9999998807907104}"
3315,0.13589237,"{""0-1"": 0.37950319051742554, ""0-2"": -0.02178974449634552, ""1-2"": 0.04996365308761597}"
3316,-0.01297120,"{""0-1"": -0.022416111081838608, ""0-2"": -0.02432101033627987, ""1-2"": 0.007823518477380276}"
3317,0.05229495,"{""0-1"": -0.045048292726278305, ""0-2"": 0.21655701100826263, ""1-2"": -0.014623880386352539}"
3318,0.03412636,"{""0-1"": 0.022248340770602226, ""0-2"": -0.00831623375415802, ""1-2"": 0.08844698220491409}"
3319,-0.04224084,"{""0-1"": -0.14615336060523987, ""0-2"": -0.002354987896978855, ""1-2"": 0.021785836666822433}"
3320,0.34587574,"{""0-1"": 0.34587574005126953}"
3322,0.21819564,"{""0-1"": 0.2483983188867569, ""0-2"": 0.1403002142906189, ""1-2"": 0.26588839292526245}"
3323,0.15914510,"{""0-1"": 0.15914510190486908}"
3324,0.10429325,"{""0-1"": 0.1663704514503479, ""0-2"": 0.02322986349463463, ""1-2"": 0.12327944487333298}"
3325,0.01063141,"{""0-1"": 0.010631413199007511}"
3326,0.18952706,"{""0-1"": 0.5085872411727905, ""0-2"": -0.07245317101478577, ""1-2"": 0.13244712352752686}"
3327,0.83696312,"{""0-1"": 0.8369631171226501}"
3328,0.07832621,"{""0-1"": 0.09982883930206299, ""0-2"": 0.06939029693603516, ""1-2"": 0.06575950235128403}"
3329,-0.00315099,"{""0-1"": 0.050068750977516174, ""0-2"": -0.08060131967067719, ""1-2"": 0.02107960358262062}"
3330,-0.05955253,"{""0-1"": -0.04584458842873573, ""0-2"": -0.0946282371878624, ""1-2"": -0.0381847620010376}"
3331,-0.03371921,"{""0-1"": -0.002827276010066271, ""0-2"": 0.0030834716744720936, ""1-2"": -0.10141381621360779}"
3332,0.30950394,"{""0-1"": -0.024909885600209236, ""0-2"": -0.020479921251535416, ""1-2"": 0.973901629447937}"
3333,0.05827705,"{""0-1"": 0.0018339194357395172, ""0-2"": 0.04942914471030235, ""1-2"": 0.12356807291507721}"
3334,-0.01515270,"{""0-1"": -0.049259476363658905, ""0-2"": -0.015760177746415138, ""1-2"": 0.019561542198061943}"
3335,0.02022960,"{""0-1"": 0.05620163679122925, ""0-2"": -0.024703610688447952, ""1-2"": 0.0291907861828804}"
3336,0.58604848,"{""0-1"": 0.5860484838485718}"
3337,0.07042603,"{""0-1"": -0.2991630434989929, ""0-2"": 0.14420899748802185, ""1-2"": 0.36623212695121765}"
3338,0.01369350,"{""0-1"": 0.028960848227143288, ""0-2"": 0.022219926118850708, ""1-2"": -0.010100264102220535}"
3339,0.46141289,"{""0-1"": 0.8810031414031982, ""0-2"": 0.25468164682388306, ""1-2"": 0.24855387210845947}"
3340,0.10429325,"{""0-1"": 0.1663704514503479, ""0-2"": 0.02322986349463463, ""1-2"": 0.12327944487333298}"
3341,0.00000000,{}
3342,0.02964281,"{""0-1"": 0.01723676174879074, ""0-2"": 0.0423770509660244, ""1-2"": 0.029314614832401276}"
3343,0.37540436,"{""0-1"": 0.37540435791015625}"
3344,0.17127420,"{""0-1"": 0.17127420008182526}"
3345,0.07493516,"{""0-1"": 0.12204568088054657, ""0-2"": -0.02467651106417179, ""1-2"": 0.1274363100528717}"
3346,0.28991078,"{""0-1"": 0.7105560302734375, ""0-2"": 0.08130529522895813, ""1-2"": 0.07787102460861206}"
3347,0.10349418,"{""0-1"": 0.2544671893119812, ""0-2"": 0.009534776210784912, ""1-2"": 0.04648057743906975}"
3348,0.10662105,"{""0-1"": 0.32826924324035645, ""0-2"": 0.03164254128932953, ""1-2"": -0.04004863277077675}"
3349,0.07386561,"{""0-1"": -0.006354596931487322, ""0-2"": 0.08999744802713394, ""1-2"": 0.137953981757164}"
3350,0.04398977,"{""0-1"": 0.052437588572502136, ""0-2"": 0.056025248020887375, ""1-2"": 0.023506468161940575}"
3351,0.15655891,"{""0-1"": -0.0897342637181282, ""0-2"": 0.4823315441608429, ""1-2"": 0.07707945257425308}"
3352,0.02616671,"{""0-1"": 0.004646724089980125, ""0-2"": -0.05953256040811539, ""1-2"": 0.13338597118854523}"
3353,-0.01221536,"{""0-1"": -0.012215361930429935}"
3354,0.14210037,"{""0-1"": 0.3997790813446045, ""0-2"": -0.07623931765556335, ""1-2"": 0.10276135802268982}"
3355,-0.02213737,"{""0-1"": -0.022137371823191643}"
3356,0.00000000,{}
3357,0.34770603,"{""0-1"": 0.07306210696697235, ""0-2"": 0.021266676485538483, ""1-2"": 0.9487892985343933}"
3358,0.18387864,"{""0-1"": 0.27574172616004944, ""0-2"": 0.08685865253210068, ""1-2"": 0.1890355348587036}"
3359,0.08087838,"{""0-1"": 0.08087838441133499}"
3360,0.00325688,"{""0-1"": 0.06473559886217117, ""0-2"": 0.017050612717866898, ""1-2"": -0.07201558351516724}"
3361,0.14469610,"{""0-1"": 0.14469610154628754}"
3362,-0.11367907,"{""0-1"": -0.11367906630039215}"
3363,0.17658911,"{""0-1"": 0.5179847478866577, ""0-2"": 0.01099064014852047, ""1-2"": 0.0007919315248727798}"
3364,-0.02881608,"{""0-1"": -0.02881607785820961}"
3365,0.98696256,"{""0-1"": 0.9869625568389893}"
3366,-0.02812693,"{""0-1"": -0.02979910373687744, ""0-2"": -0.08291012793779373, ""1-2"": 0.0283284280449152}"
3367,-0.02574253,"{""0-1"": -0.03456347808241844, ""0-2"": -0.07097324728965759, ""1-2"": 0.028309138491749763}"
3368,0.24209292,"{""0-1"": 0.39837756752967834, ""0-2"": 0.37664082646369934, ""1-2"": -0.04873962700366974}"
3369,0.01482552,"{""0-1"": 0.014825515449047089}"
3370,0.02022960,"{""0-1"": 0.05620163679122925, ""0-2"": -0.024703610688447952, ""1-2"": 0.0291907861828804}"
3371,0.11636536,"{""0-1"": 0.09679295867681503, ""0-2"": 0.051108185201883316, ""1-2"": 0.20119494199752808}"
3372,0.38832203,"{""0-1"": 0.38832202553749084}"
3373,0.00000000,{}
3374,0.04612314,"{""0-1"": 0.046123139560222626}"
3375,0.01228705,"{""0-1"": 0.0596623420715332, ""0-2"": -0.09154383838176727, ""1-2"": 0.06874265521764755}"
3376,0.12035215,"{""0-1"": 0.18055211007595062, ""0-2"": 0.08909641206264496, ""1-2"": 0.09140792489051819}"
3377,0.18621001,"{""0-1"": 0.5077563524246216, ""0-2"": -0.09158997237682343, ""1-2"": 0.14246365427970886}"
3378,-0.05534712,"{""0-1"": -0.09466347843408585, ""0-2"": -0.09541047364473343, ""1-2"": 0.024032579734921455}"
3379,0.05596714,"{""0-1"": 0.1614338755607605, ""0-2"": -0.03849470615386963, ""1-2"": 0.04496225342154503}"
3380,0.26018077,"{""0-1"": 0.2601807713508606}"
3381,-0.00202187,"{""0-1"": -0.0020218712743371725}"
3382,0.32027397,"{""0-1"": 0.04677652567625046, ""0-2"": 0.8109197020530701, ""1-2"": 0.1031256839632988}"
3383,0.04383822,"{""0-1"": 0.043838221579790115}"
3384,-0.01515270,"{""0-1"": -0.049259476363658905, ""0-2"": -0.015760177746415138, ""1-2"": 0.019561542198061943}"
3385,0.33511539,"{""0-1"": 0.055872056633234024, ""0-2"": 0.885188639163971, ""1-2"": 0.06428546458482742}"
3386,0.06557285,"{""0-1"": 0.0843711644411087, ""0-2"": 0.03831367567181587, ""1-2"": 0.0740337073802948}"
3387,0.00546136,"{""0-1"": -0.06795080006122589, ""0-2"": 0.0199134461581707, ""1-2"": 0.06442142277956009}"
3388,0.26736167,"{""0-1"": 0.26736167073249817}"
3389,0.05058349,"{""0-1"": 0.005731755401939154, ""0-2"": 0.031828295439481735, ""1-2"": 0.11419040709733963}"
3390,0.06834226,"{""0-1"": -0.04054000973701477, ""0-2"": 0.11751667410135269, ""1-2"": 0.12805011868476868}"
3391,0.46063792,"{""0-1"": 0.4969635307788849, ""0-2"": 0.7037853002548218, ""1-2"": 0.1811649352312088}"
3392,0.23351946,"{""0-1"": 0.23351946473121643}"
3393,0.23452894,"{""0-1"": 0.23452894389629364}"
3394,0.02567559,"{""0-1"": 0.08323749899864197, ""0-2"": 0.005482551176100969, ""1-2"": -0.011693272739648819}"
3395,0.23351946,"{""0-1"": 0.23351946473121643}"
3396,0.02159735,"{""0-1"": 0.021597346290946007}"
3397,0.13667808,"{""0-1"": 0.136678084731102}"
3398,-0.02268445,"{""0-1"": -0.022684451192617416}"
3399,0.21220271,"{""0-1"": 0.7729718685150146, ""0-2"": -0.0837164968252182, ""1-2"": -0.05264722928404808}"
3400,0.33480038,"{""0-1"": 0.6944202184677124, ""0-2"": 0.1527867317199707, ""1-2"": 0.15719419717788696}"
3401,0.93611985,"{""0-1"": 0.9361198544502258}"
3402,0.45715356,"{""0-1"": 0.4571535587310791}"
3403,-0.01642437,"{""0-1"": -0.042605482041835785, ""0-2"": -0.02086511440575123, ""1-2"": 0.014197473414242268}"
3404,0.21154708,"{""0-1"": -0.012676560319960117, ""0-2"": 0.06586185842752457, ""1-2"": 0.5814559459686279}"
3405,0.09762028,"{""0-1"": -0.14674589037895203, ""0-2"": 0.04876706749200821, ""1-2"": 0.39083966612815857}"
3406,-0.00213286,"{""0-1"": -0.0021328553557395935}"
3407,1.00000012,"{""0-1"": 1.0000001192092896}"
3408,0.05379138,"{""0-1"": 0.12344522774219513, ""0-2"": -0.06129750609397888, ""1-2"": 0.09922643005847931}"
3409,0.49951109,"{""0-1"": 0.49951109290122986}"
3410,0.05830203,"{""0-1"": 0.09205117076635361, ""0-2"": 0.05754917860031128, ""1-2"": 0.025305740535259247}"
3411,0.00000000,{}
3412,0.95770508,"{""0-1"": 0.9577050805091858}"
3413,0.27790640,"{""0-1"": -0.08854299783706665, ""0-2"": -0.06657730787992477, ""1-2"": 0.9888395071029663}"
3414,0.10010627,"{""0-1"": 0.10010626912117004}"
3415,0.60399645,"{""0-1"": 0.2962437570095062, ""0-2"": 0.9054704308509827, ""1-2"": 0.610275149345398}"
3416,-0.00376772,"{""0-1"": -0.13889625668525696, ""0-2"": -0.024289965629577637, ""1-2"": 0.151883065700531}"
3417,0.99996769,"{""0-1"": 0.9999676942825317}"
3418,-0.11675911,"{""0-1"": -0.11675910651683807}"
3419,0.11590752,"{""0-1"": -0.071034274995327, ""0-2"": 0.13026243448257446, ""1-2"": 0.28849440813064575}"
3420,-0.00817034,"{""0-1"": -0.06287388503551483, ""0-2"": -0.0224686861038208, ""1-2"": 0.060831546783447266}"
3421,-0.00844137,"{""0-1"": 0.16813009977340698, ""0-2"": 0.03664455935359001, ""1-2"": -0.23009878396987915}"
3422,0.00415334,"{""0-1"": 0.016436858102679253, ""0-2"": -0.009490620344877243, ""1-2"": 0.00551377609372139}"
3423,0.25934701,"{""0-1"": -0.04229244217276573, ""0-2"": 0.15909171104431152, ""1-2"": 0.6612417697906494}"
3424,-0.05839090,"{""0-1"": -0.12475533038377762, ""0-2"": -0.04327183961868286, ""1-2"": -0.007145525421947241}"
3425,0.29057929,"{""0-1"": 0.29057928919792175}"
3426,0.13234712,"{""0-1"": 0.38068392872810364, ""0-2"": -0.016756953671574593, ""1-2"": 0.03311439976096153}"
3427,0.19168690,"{""0-1"": 0.08979932963848114, ""0-2"": 0.34195974469184875, ""1-2"": 0.14330162107944489}"
3428,0.05512165,"{""0-1"": 0.1335274875164032, ""0-2"": 0.05338987708091736, ""1-2"": -0.021552415564656258}"
3429,0.00037569,"{""0-1"": 0.00037569133564829826}"
3430,-0.03223848,"{""0-1"": -0.03223848342895508}"
3431,-0.00651554,"{""0-1"": -0.04681539908051491, ""0-2"": -0.014346415176987648, ""1-2"": 0.04161520302295685}"
3432,0.51449417,"{""0-1"": 0.2945518493652344, ""0-2"": 0.2928532660007477, ""1-2"": 0.9560773968696594}"
3433,-0.04119243,"{""0-1"": 0.01320449449121952, ""0-2"": -0.20938128232955933, ""1-2"": 0.07259950041770935}"
3434,0.01613165,"{""0-1"": -0.0013093276647850871, ""0-2"": 0.054468363523483276, ""1-2"": -0.004764082841575146}"
3435,0.37710741,"{""0-1"": 0.3771074116230011}"
3436,0.06272187,"{""0-1"": 0.34920814633369446, ""0-2"": -0.15744797885417938, ""1-2"": -0.003594560781493783}"
3437,-0.02268445,"{""0-1"": -0.022684451192617416}"
3438,0.20929336,"{""0-1"": 0.31895115971565247, ""0-2"": 0.059080153703689575, ""1-2"": 0.24984875321388245}"
3439,-0.00008250,"{""0-1"": 0.056191880255937576, ""0-2"": -0.08050872385501862, ""1-2"": 0.02406933531165123}"
3440,0.38918000,"{""0-1"": 0.9361596703529358, ""0-2"": 0.10053148120641708, ""1-2"": 0.13084885478019714}"
3441,0.00000000,{}
3442,0.06097701,"{""0-1"": -0.04384951665997505, ""0-2"": 0.07300525158643723, ""1-2"": 0.15377530455589294}"
3443,0.03007639,"{""0-1"": 0.03385029733181, ""0-2"": 0.008175937458872795, ""1-2"": 0.04820293188095093}"
3444,0.40678060,"{""0-1"": 0.28807875514030457, ""0-2"": 0.7501046657562256, ""1-2"": 0.18215838074684143}"
3445,0.03432402,"{""0-1"": 0.08406366407871246, ""0-2"": -0.018385695293545723, ""1-2"": 0.037294089794158936}"
3446,0.27943580,"{""0-1"": 0.03438432142138481, ""0-2"": -0.04155492037534714, ""1-2"": 0.8454779982566833}"
3447,0.66165423,"{""0-1"": 0.6616542339324951}"
3448,-0.00516217,"{""0-1"": -0.0970258116722107, ""0-2"": 0.0023910123854875565, ""1-2"": 0.07914827764034271}"
3449,0.09084166,"{""0-1"": 0.20216332376003265, ""0-2"": -0.1088932678103447, ""1-2"": 0.1792549341917038}"
3450,0.18101828,"{""0-1"": 0.4896998405456543, ""0-2"": -0.004435341339558363, ""1-2"": 0.057790350168943405}"
3451,0.04186723,"{""0-1"": -0.017755666747689247, ""0-2"": 0.1554306298494339, ""1-2"": -0.012073258869349957}"
3452,-0.00908104,"{""0-1"": 0.11487618833780289, ""0-2"": -0.07138241082429886, ""1-2"": -0.07073689252138138}"
3453,0.37756286,"{""0-1"": 0.9991487264633179, ""0-2"": 0.06785760074853897, ""1-2"": 0.06568226218223572}"
3454,0.02022960,"{""0-1"": 0.05620163679122925, ""0-2"": -0.024703610688447952, ""1-2"": 0.0291907861828804}"
3455,0.07349285,"{""0-1"": 0.07349284738302231}"
3456,0.99999994,"{""0-1"": 0.9999999403953552}"
3457,1.00000024,"{""0-1"": 1.000000238418579}"
3458,-0.02565167,"{""0-1"": -0.02565167471766472}"
3459,0.03928680,"{""0-1"": 0.038835376501083374, ""0-2"": 0.05718323960900307, ""1-2"": 0.02184179425239563}"
3460,1.00000012,"{""0-1"": 1.0000001192092896}"
3461,0.09173427,"{""0-1"": 0.2751007676124573, ""0-2"": -0.10615775734186172, ""1-2"": 0.106259785592556}"
3462,0.40220858,"{""0-1"": 0.18107077479362488, ""0-2"": 0.09527457505464554, ""1-2"": 0.9302803874015808}"
3463,0.06576910,"{""0-1"": 0.38072261214256287, ""0-2"": -0.13823066651821136, ""1-2"": -0.045184653252363205}"
3464,0.02474735,"{""0-1"": -0.04925442114472389, ""0-2"": 0.04310411587357521, ""1-2"": 0.08039235323667526}"
3465,0.11476091,"{""0-1"": 0.11476091295480728}"
3466,0.38103497,"{""0-1"": 0.07758331298828125, ""0-2"": 0.9125372171401978, ""1-2"": 0.1529843807220459}"
3467,0.03958090,"{""0-1"": 0.039580896496772766}"
3468,0.13778472,"{""0-1"": 0.20674386620521545, ""0-2"": 0.003922635223716497, ""1-2"": 0.20268765091896057}"
3469,-0.00068136,"{""0-1"": -0.024175958707928658, ""0-2"": -0.013539065606892109, ""1-2"": 0.0356709361076355}"
3470,0.09430250,"{""0-1"": 0.09430249780416489}"
3471,-0.10251128,"{""0-1"": -0.14962834119796753, ""0-2"": -0.06338197737932205, ""1-2"": -0.09452353417873383}"
3472,-0.01639790,"{""0-1"": -0.016397899016737938}"
3473,0.02175793,"{""0-1"": 0.13692328333854675, ""0-2"": -0.03006008081138134, ""1-2"": -0.041589416563510895}"
3474,0.09329349,"{""0-1"": 0.09682592004537582, ""0-2"": 0.045950766652822495, ""1-2"": 0.13710379600524902}"
3475,0.10564386,"{""0-1"": -0.04974205046892166, ""0-2"": -0.055382855236530304, ""1-2"": 0.42205649614334106}"
3476,0.07816296,"{""0-1"": 0.17744462192058563, ""0-2"": 0.023233864456415176, ""1-2"": 0.03381038084626198}"
3477,0.02724863,"{""0-1"": 0.10159782320261002, ""0-2"": -0.076620914041996, ""1-2"": 0.05676897615194321}"
3478,0.30582082,"{""0-1"": 0.6021663546562195, ""0-2"": 0.10764758288860321, ""1-2"": 0.20764853060245514}"
3479,-0.00155061,"{""0-1"": -0.001550614950247109}"
3480,0.00000000,{}
3481,0.31491572,"{""0-1"": 0.123520128428936, ""0-2"": 0.006067540496587753, ""1-2"": 0.8151594996452332}"
3482,-0.01793693,"{""0-1"": 0.0020387964323163033, ""0-2"": -0.01593071222305298, ""1-2"": -0.03991887345910072}"
3483,-0.05799451,"{""0-1"": -0.05233398452401161, ""0-2"": -0.031808529049158096, ""1-2"": -0.08984102308750153}"
3484,-0.01632778,"{""0-1"": -0.01632777787744999}"
3485,0.10349418,"{""0-1"": 0.2544671893119812, ""0-2"": 0.009534776210784912, ""1-2"": 0.04648057743906975}"
3486,0.13695801,"{""0-1"": 0.33914613723754883, ""0-2"": -0.06944785267114639, ""1-2"": 0.14117573201656342}"
3487,0.04535428,"{""0-1"": -0.03167834132909775, ""0-2"": 0.18028663098812103, ""1-2"": -0.01254543662071228}"
3488,0.18898628,"{""0-1"": -0.14405691623687744, ""0-2"": -0.0021726570557802916, ""1-2"": 0.7131884098052979}"
3489,0.99996769,"{""0-1"": 0.9999676942825317}"
3490,0.10662105,"{""0-1"": 0.32826924324035645, ""0-2"": 0.03164254128932953, ""1-2"": -0.04004863277077675}"
3491,0.42345986,"{""0-1"": 0.15058505535125732, ""0-2"": 0.24505488574504852, ""1-2"": 0.8747396469116211}"
3492,0.09411240,"{""0-1"": 0.12495803833007812, ""0-2"": 0.09915037453174591, ""1-2"": 0.05822879821062088}"
3493,-0.02676349,"{""0-1"": -0.016772985458374023, ""0-2"": -0.04556325450539589, ""1-2"": -0.01795423962175846}"
3494,0.98990077,"{""0-1"": 0.9899007678031921}"
3495,0.38156409,"{""0-1"": 0.09814635664224625, ""0-2"": 0.9742677211761475, ""1-2"": 0.07227819412946701}"
3496,0.35724188,"{""0-1"": 0.7183456420898438, ""0-2"": 0.23641471564769745, ""1-2"": 0.11696527153253555}"
3497,0.07409948,"{""0-1"": -0.03290377929806709, ""0-2"": 0.21188704669475555, ""1-2"": 0.04331517964601517}"
3498,-0.00561209,"{""0-1"": -0.028465956449508667, ""0-2"": -0.002308993600308895, ""1-2"": 0.013938680291175842}"
3499,0.00351442,"{""0-1"": 0.041950773447752, ""0-2"": 0.027274560183286667, ""1-2"": -0.05868206173181534}"
3500,0.34348424,"{""0-1"": 0.048444993793964386, ""0-2"": 0.05766957253217697, ""1-2"": 0.924338161945343}"
3501,0.47004947,"{""0-1"": 0.4700494706630707}"
3502,0.12875862,"{""0-1"": 0.04625688120722771, ""0-2"": 0.32182201743125916, ""1-2"": 0.018196970224380493}"
3503,0.02373148,"{""0-1"": 0.023731479421257973}"
3504,0.37522130,"{""0-1"": 0.09383687376976013, ""0-2"": 0.05600206181406975, ""1-2"": 0.9758249521255493}"
3505,0.04208543,"{""0-1"": 0.09207916259765625, ""0-2"": 0.014779341407120228, ""1-2"": 0.019397780299186707}"
3506,0.05561212,"{""0-1"": 0.055612120777368546}"
3507,0.98949593,"{""0-1"": 0.9894959330558777}"
3508,0.01328140,"{""0-1"": 0.08737155050039291, ""0-2"": -0.0425059050321579, ""1-2"": -0.005021454766392708}"
3509,0.00942661,"{""0-1"": -0.00355411134660244, ""0-2"": 0.05101464316248894, ""1-2"": -0.01918071322143078}"
3510,0.68683116,"{""0-1"": 0.8823356032371521, ""0-2"": 0.5981292724609375, ""1-2"": 0.5800285935401917}"
3511,0.99767685,"{""0-1"": 0.9976768493652344}"
3512,0.11615224,"{""0-1"": 0.06913945078849792, ""0-2"": 0.20521000027656555, ""1-2"": 0.07410728186368942}"
3513,0.08305061,"{""0-1"": 0.14481759071350098, ""0-2"": 0.019105734303593636, ""1-2"": 0.08522850275039673}"
3514,-0.00556291,"{""0-1"": 0.08049483597278595, ""0-2"": -0.12118364870548248, ""1-2"": 0.024000097066164017}"
3515,0.00000000,{}
3516,0.00000000,{}
3517,0.01233113,"{""0-1"": 0.037916332483291626, ""0-2"": -0.008909405209124088, ""1-2"": 0.007986458018422127}"
3518,0.10349418,"{""0-1"": 0.2544671893119812, ""0-2"": 0.009534776210784912, ""1-2"": 0.04648057743906975}"
3519,0.06803690,"{""0-1"": -0.04485100135207176, ""0-2"": 0.20039862394332886, ""1-2"": 0.048563066869974136}"
3520,-0.06325378,"{""0-1"": -0.14386285841464996, ""0-2"": -0.039177604019641876, ""1-2"": -0.006720869801938534}"
3521,0.03836553,"{""0-1"": 0.09437233209609985, ""0-2"": 0.025045407935976982, ""1-2"": -0.004321141168475151}"
3522,0.11005298,"{""0-1"": 0.10612478852272034, ""0-2"": 0.04415959119796753, ""1-2"": 0.17987456917762756}"
3523,-0.00068136,"{""0-1"": -0.024175958707928658, ""0-2"": -0.013539065606892109, ""1-2"": 0.0356709361076355}"
3524,0.22642395,"{""0-1"": 0.05196278914809227, ""0-2"": -0.03257955610752106, ""1-2"": 0.6598886251449585}"
3525,-0.10284971,"{""0-1"": -0.10284971445798874}"
3526,0.00325688,"{""0-1"": 0.06473559886217117, ""0-2"": 0.017050612717866898, ""1-2"": -0.07201558351516724}"
3527,0.07836058,"{""0-1"": 0.07836057990789413}"
3528,0.06452632,"{""0-1"": 0.07571341097354889, ""0-2"": 0.058141715824604034, ""1-2"": 0.05972382798790932}"
3529,0.08472106,"{""0-1"": 0.2715352177619934, ""0-2"": -0.0178072452545166, ""1-2"": 0.0004352025280240923}"
3530,0.03399228,"{""0-1"": 0.021315133199095726, ""0-2"": 0.04756317287683487, ""1-2"": 0.033098526298999786}"
3531,1.00000012,"{""0-1"": 1.0000001192092896}"
3532,0.24356805,"{""0-1"": 0.2435680478811264}"
3533,0.48319513,"{""0-1"": 0.48319512605667114}"
3534,0.00000000,{}
3535,0.99999797,"{""0-1"": 0.9999979734420776}"
3536,0.00000000,{}
3537,0.44687322,"{""0-1"": 0.9864591956138611, ""0-2"": 0.16296927630901337, ""1-2"": 0.1911911815404892}"
3538,0.06132043,"{""0-1"": -0.032839253544807434, ""0-2"": 0.17234744131565094, ""1-2"": 0.04445309564471245}"
3539,0.26524520,"{""0-1"": 0.22668835520744324, ""0-2"": -0.07846494019031525, ""1-2"": 0.6475121974945068}"
3540,0.00448492,"{""0-1"": -0.05385074019432068, ""0-2"": 0.0514603890478611, ""1-2"": 0.01584511436522007}"
3541,0.46127412,"{""0-1"": 0.461274117231369}"
3542,0.41906195,"{""0-1"": 0.17193329334259033, ""0-2"": 0.10761849582195282, ""1-2"": 0.977634072303772}"
3543,-0.01454801,"{""0-1"": 0.02655642107129097, ""0-2"": -0.045915503054857254, ""1-2"": -0.02428494021296501}"
3544,0.22604762,"{""0-1"": 0.0840524286031723, ""0-2"": 0.5599254369735718, ""1-2"": 0.03416498005390167}"
3545,-0.00516217,"{""0-1"": -0.0970258116722107, ""0-2"": 0.0023910123854875565, ""1-2"": 0.07914827764034271}"
3546,0.51119732,"{""0-1"": 0.8609513640403748, ""0-2"": 0.3471931219100952, ""1-2"": 0.3254474699497223}"
3547,0.06623853,"{""0-1"": 0.16148285567760468, ""0-2"": 0.04272734001278877, ""1-2"": -0.005494607146829367}"
3548,-0.01922115,"{""0-1"": 0.1309492439031601, ""0-2"": -0.059831343591213226, ""1-2"": -0.12878136336803436}"
3549,-0.09823924,"{""0-1"": -0.1384894996881485, ""0-2"": -0.037493862211704254, ""1-2"": -0.11873434484004974}"
3550,0.26018077,"{""0-1"": 0.2601807713508606}"
3551,0.00000000,{}
3552,0.04850425,"{""0-1"": -0.012363219633698463, ""0-2"": 0.11285688728094101, ""1-2"": 0.04501907154917717}"
3553,0.00000000,{}
3554,0.04572109,"{""0-1"": 0.184735968708992, ""0-2"": 0.04619495943188667, ""1-2"": -0.09376765042543411}"
3555,0.99107081,"{""0-1"": 0.9910708069801331}"
3556,0.02076162,"{""0-1"": 0.05417289957404137, ""0-2"": -0.04535355791449547, ""1-2"": 0.053465526551008224}"
3557,0.00438795,"{""0-1"": 0.0027592722326517105, ""0-2"": 0.06401260942220688, ""1-2"": -0.05360803008079529}"
3558,-0.02564875,"{""0-1"": -0.025648752227425575}"
3559,0.12461015,"{""0-1"": 0.12461014837026596}"
3560,0.01929911,"{""0-1"": 0.09577035903930664, ""0-2"": -0.2245771884918213, ""1-2"": 0.18670415878295898}"
3561,0.02907396,"{""0-1"": -0.045027799904346466, ""0-2"": 0.14512237906455994, ""1-2"": -0.012872687540948391}"
3562,0.10673820,"{""0-1"": 0.0721270963549614, ""0-2"": -0.1626923829317093, ""1-2"": 0.4107798933982849}"
3563,-0.09667026,"{""0-1"": -0.017038583755493164, ""0-2"": -0.22562995553016663, ""1-2"": -0.04734222590923309}"
3564,0.07270628,"{""0-1"": 0.07270628213882446}"
3565,-0.00908104,"{""0-1"": 0.11487618833780289, ""0-2"": -0.07138241082429886, ""1-2"": -0.07073689252138138}"
3566,0.30936977,"{""0-1"": -0.04581574350595474, ""0-2"": 0.026410292834043503, ""1-2"": 0.9475147724151611}"
3567,0.36774466,"{""0-1"": 0.2390790432691574, ""0-2"": 0.6862993836402893, ""1-2"": 0.17785556614398956}"
3568,0.03272137,"{""0-1"": 0.006272835191339254, ""0-2"": 0.06849049031734467, ""1-2"": 0.023400798439979553}"
3569,0.17581598,"{""0-1"": -0.09810091555118561, ""0-2"": -0.13545134663581848, ""1-2"": 0.7610002160072327}"
3570,0.10451600,"{""0-1"": 0.08232437819242477, ""0-2"": 0.14074955880641937, ""1-2"": 0.09047406166791916}"
3571,0.22341476,"{""0-1"": 0.22341476380825043}"
3572,0.96461296,"{""0-1"": 0.9646129608154297}"
3573,-0.01711239,"{""0-1"": -0.01711239479482174}"
3574,0.06971303,"{""0-1"": 0.04893030598759651, ""0-2"": 0.08594400435686111, ""1-2"": 0.0742647722363472}"
3575,0.10693355,"{""0-1"": 0.014420279301702976, ""0-2"": 0.2564249336719513, ""1-2"": 0.04995543137192726}"
3576,0.35284194,"{""0-1"": 0.29610487818717957, ""0-2"": 0.658259391784668, ""1-2"": 0.10416154563426971}"
3577,0.83939493,"{""0-1"": 0.8393949270248413}"
3578,0.55677652,"{""0-1"": 0.5567765235900879}"
3579,0.13636138,"{""0-1"": 0.5559768080711365, ""0-2"": -0.05399651080369949, ""1-2"": -0.09289615601301193}"
3580,0.26844555,"{""0-1"": 0.0064641693606972694, ""0-2"": -0.04884134232997894, ""1-2"": 0.847713828086853}"
3581,0.26849694,"{""0-1"": 0.6038392186164856, ""0-2"": 0.12435778230428696, ""1-2"": 0.07729382812976837}"
3582,0.12578952,"{""0-1"": 0.12578952312469482}"
3583,0.07611881,"{""0-1"": 0.07611881196498871}"
3584,0.99996769,"{""0-1"": 0.9999676942825317}"
3585,0.08325037,"{""0-1"": -0.2514057457447052, ""0-2"": 0.15324090421199799, ""1-2"": 0.3479159474372864}"
3586,0.06974491,"{""0-1"": 0.03987118974328041, ""0-2"": 0.13939020037651062, ""1-2"": 0.029973331838846207}"
3587,0.99570709,"{""0-1"": 0.995707094669342}"
3588,0.31054011,"{""0-1"": 0.310540109872818}"
3589,0.00000000,{}
3590,-0.00300785,"{""0-1"": -0.054562758654356, ""0-2"": 0.07231854647397995, ""1-2"": -0.026779349893331528}"
3591,0.02908496,"{""0-1"": 0.10934697091579437, ""0-2"": -0.0003495608107186854, ""1-2"": -0.02174253761768341}"
3592,0.23973158,"{""0-1"": 0.2397315800189972}"
3593,0.00000000,{}
3594,-0.03229373,"{""0-1"": -0.026053324341773987, ""0-2"": 0.048734139651060104, ""1-2"": -0.11956199258565903}"
3595,-0.09480227,"{""0-1"": -0.09480226784944534}"
3596,0.14682450,"{""0-1"": 0.04974408075213432, ""0-2"": 0.3548862934112549, ""1-2"": 0.0358431339263916}"
3597,0.19396579,"{""0-1"": 0.19396579265594482}"
3598,0.06031726,"{""0-1"": 0.21534320712089539, ""0-2"": -0.03018605150282383, ""1-2"": -0.00420536519959569}"
3599,0.07827985,"{""0-1"": 0.04713171347975731, ""0-2"": 0.06963362544775009, ""1-2"": 0.1180742159485817}"
3600,0.09670710,"{""0-1"": 0.21781803667545319, ""0-2"": -0.004687529988586903, ""1-2"": 0.07699079066514969}"
3601,-0.03089496,"{""0-1"": -0.07998249679803848, ""0-2"": 0.032546266913414, ""1-2"": -0.04524865746498108}"
3602,0.00037569,"{""0-1"": 0.00037569133564829826}"
3603,0.02982511,"{""0-1"": 0.05196927487850189, ""0-2"": 0.02386592887341976, ""1-2"": 0.013640138320624828}"
3604,0.03452531,"{""0-1"": -0.1255357414484024, ""0-2"": -0.15325577557086945, ""1-2"": 0.38236743211746216}"
3605,0.11146544,"{""0-1"": -0.0025021343026310205, ""0-2"": 0.295802503824234, ""1-2"": 0.04109596088528633}"
3606,-0.02024946,"{""0-1"": 0.017579548060894012, ""0-2"": -0.0459737703204155, ""1-2"": -0.03235417231917381}"
3607,-0.03371765,"{""0-1"": -0.14434613287448883, ""0-2"": -0.035987794399261475, ""1-2"": 0.07918097078800201}"
3608,0.00829410,"{""0-1"": 0.00829409807920456}"
3609,0.35724188,"{""0-1"": 0.7183456420898438, ""0-2"": 0.23641471564769745, ""1-2"": 0.11696527153253555}"
3610,-0.00300785,"{""0-1"": -0.054562758654356, ""0-2"": 0.07231854647397995, ""1-2"": -0.026779349893331528}"
3611,0.00000000,{}
3612,0.00149582,"{""0-1"": -0.047376517206430435, ""0-2"": 0.047388628125190735, ""1-2"": 0.004475356079638004}"
3613,0.00028803,"{""0-1"": 0.14841677248477936, ""0-2"": -0.04673760384321213, ""1-2"": -0.1008150726556778}"
3614,0.03829925,"{""0-1"": -0.011816844344139099, ""0-2"": 0.0935688465833664, ""1-2"": 0.03314574062824249}"
3615,0.19577733,"{""0-1"": 0.11967729777097702, ""0-2"": -0.06226923689246178, ""1-2"": 0.5299239158630371}"
3616,0.04398977,"{""0-1"": 0.052437588572502136, ""0-2"": 0.056025248020887375, ""1-2"": 0.023506468161940575}"
3617,0.03392083,"{""0-1"": 0.03392082825303078}"
3618,0.00000000,{}
3619,0.00000000,{}
3620,-0.04527224,"{""0-1"": -0.0492723323404789, ""0-2"": 0.0232518520206213, ""1-2"": -0.10979623347520828}"
3621,0.08949821,"{""0-1"": 0.08949821442365646}"
3622,-0.00845635,"{""0-1"": -0.02999076247215271, ""0-2"": -0.02769162319600582, ""1-2"": 0.03231334313750267}"
3623,0.06836411,"{""0-1"": 0.10843686014413834, ""0-2"": 0.048219945281744, ""1-2"": 0.0484355166554451}"
3624,0.11975042,"{""0-1"": 0.293950617313385, ""0-2"": -0.08987973630428314, ""1-2"": 0.15518037974834442}"
3625,0.00570786,"{""0-1"": 0.015436301939189434, ""0-2"": 0.07079487293958664, ""1-2"": -0.06910759210586548}"
3626,-0.01632778,"{""0-1"": -0.01632777787744999}"
3627,0.99998999,"{""0-1"": 0.9999899864196777}"
3628,-0.02014268,"{""0-1"": -0.006467493716627359, ""0-2"": -0.06399550288915634, ""1-2"": 0.01003496628254652}"
3629,0.05557267,"{""0-1"": 0.013327037915587425, ""0-2"": 0.08180017024278641, ""1-2"": 0.07159080356359482}"
3630,0.52295169,"{""0-1"": 0.8410077095031738, ""0-2"": 0.4088248312473297, ""1-2"": 0.319022536277771}"
3631,-0.01359382,"{""0-1"": 0.03410567715764046, ""0-2"": -0.07129644602537155, ""1-2"": -0.003590694162994623}"
3632,0.11932572,"{""0-1"": 0.32875001430511475, ""0-2"": 0.010637889616191387, ""1-2"": 0.018589265644550323}"
3633,0.00000000,{}
3634,0.00000000,{}
3635,-0.05011565,"{""0-1"": -0.1185709685087204, ""0-2"": -0.1226969063282013, ""1-2"": 0.09092093259096146}"
3636,-0.00988853,"{""0-1"": -0.04302538186311722, ""0-2"": -0.02395596168935299, ""1-2"": 0.03731575980782509}"
3637,0.01019779,"{""0-1"": -0.017038635909557343, ""0-2"": 0.03701489046216011, ""1-2"": 0.010617116466164589}"
3638,0.00000000,{}
3639,0.99998999,"{""0-1"": 0.9999899864196777}"
3640,0.10662105,"{""0-1"": 0.32826924324035645, ""0-2"": 0.03164254128932953, ""1-2"": -0.04004863277077675}"
3641,-0.06325378,"{""0-1"": -0.14386285841464996, ""0-2"": -0.039177604019641876, ""1-2"": -0.006720869801938534}"
3642,0.17097251,"{""0-1"": 0.0016065200325101614, ""0-2"": 0.18419507145881653, ""1-2"": 0.3271159529685974}"
3643,0.17670573,"{""0-1"": 0.1767057329416275}"
3644,0.00423248,"{""0-1"": 0.11224927753210068, ""0-2"": 0.051270533353090286, ""1-2"": -0.15082237124443054}"
3645,-0.02883434,"{""0-1"": -0.015993507578969002, ""0-2"": 0.013896021991968155, ""1-2"": -0.08440553396940231}"
3646,0.11836835,"{""0-1"": 0.39359503984451294, ""0-2"": 0.1062665805220604, ""1-2"": -0.14475657045841217}"
3647,0.00000000,{}
3648,0.02463171,"{""0-1"": -0.033759258687496185, ""0-2"": 0.10781075060367584, ""1-2"": -0.0001563601108500734}"
3649,-0.03269133,"{""0-1"": -0.04312789812684059, ""0-2"": -0.04276786372065544, ""1-2"": -0.012178223580121994}"
3650,0.10442639,"{""0-1"": 0.2383507937192917, ""0-2"": -0.08264721184968948, ""1-2"": 0.1575755774974823}"
3651,0.99999994,"{""0-1"": 0.9999999403953552}"
3652,-0.00068136,"{""0-1"": -0.024175958707928658, ""0-2"": -0.013539065606892109, ""1-2"": 0.0356709361076355}"
3653,0.12293338,"{""0-1"": 0.3656254708766937, ""0-2"": -0.10417512059211731, ""1-2"": 0.10734978318214417}"
3654,0.05905987,"{""0-1"": 0.0013437374727800488, ""0-2"": 0.058067504316568375, ""1-2"": 0.11776836961507797}"
3655,0.20364717,"{""0-1"": -0.1285390704870224, ""0-2"": 0.0640048086643219, ""1-2"": 0.6754757761955261}"
3656,0.23351946,"{""0-1"": 0.23351946473121643}"
3657,0.24903664,"{""0-1"": 0.24903663992881775}"
3658,-0.06041357,"{""0-1"": -0.04011381044983864, ""0-2"": 0.044062159955501556, ""1-2"": -0.18518905341625214}"
3659,0.24794975,"{""0-1"": 0.2479497492313385}"
3660,-0.02268445,"{""0-1"": -0.022684451192617416}"
3661,0.37691978,"{""0-1"": 0.9988043904304504, ""0-2"": 0.0657011941075325, ""1-2"": 0.06625375151634216}"
3662,-0.02157639,"{""0-1"": 0.014935937710106373, ""0-2"": -0.08743727207183838, ""1-2"": 0.007772168610244989}"
3663,0.04298394,"{""0-1"": 0.19447718560695648, ""0-2"": -0.05847591161727905, ""1-2"": -0.00704945856705308}"
3664,0.00325688,"{""0-1"": 0.06473559886217117, ""0-2"": 0.017050612717866898, ""1-2"": -0.07201558351516724}"
3665,0.38156409,"{""0-1"": 0.09814635664224625, ""0-2"": 0.9742677211761475, ""1-2"": 0.07227819412946701}"
3666,0.06440205,"{""0-1"": 0.15487705171108246, ""0-2"": 0.05104087293148041, ""1-2"": -0.012711782939732075}"
3667,0.01667953,"{""0-1"": 0.07120037078857422, ""0-2"": -0.02176639996469021, ""1-2"": 0.0006046264315955341}"
3668,0.99996769,"{""0-1"": 0.9999676942825317}"
3669,-0.03380678,"{""0-1"": -0.06469188630580902, ""0-2"": 0.006302352529019117, ""1-2"": -0.04303080588579178}"
3670,-0.01632778,"{""0-1"": -0.01632777787744999}"
3671,0.05550027,"{""0-1"": 0.05550026521086693}"
3672,0.43360764,"{""0-1"": 0.9060035347938538, ""0-2"": 0.18583321571350098, ""1-2"": 0.20898617804050446}"
3673,0.10994210,"{""0-1"": 0.1640259474515915, ""0-2"": 0.06240175664424896, ""1-2"": 0.10339859873056412}"
3674,0.01628184,"{""0-1"": 0.01495516300201416, ""0-2"": 0.01781940832734108, ""1-2"": 0.016070948913693428}"
3675,-0.01628387,"{""0-1"": -0.06504032015800476, ""0-2"": 0.04883650690317154, ""1-2"": -0.03264779597520828}"
3676,0.00000000,{}
3677,0.02679719,"{""0-1"": -0.1194944679737091, ""0-2"": -0.002988338004797697, ""1-2"": 0.20287437736988068}"
3678,0.99999982,"{""0-1"": 0.9999998211860657}"
3679,-0.01639790,"{""0-1"": -0.016397899016737938}"
3680,0.07201779,"{""0-1"": -0.009912657551467419, ""0-2"": 0.2140830010175705, ""1-2"": 0.011883033439517021}"
3681,0.02934486,"{""0-1"": 0.04579836130142212, ""0-2"": 0.0033014120999723673, ""1-2"": 0.03893481567502022}"
3682,-0.01880914,"{""0-1"": -0.010575840249657631, ""0-2"": -0.01822422258555889, ""1-2"": -0.02762734703719616}"
3683,0.02720919,"{""0-1"": -0.001490690978243947, ""0-2"": 0.015308495610952377, ""1-2"": 0.06780977547168732}"
3684,-0.06325378,"{""0-1"": -0.14386285841464996, ""0-2"": -0.039177604019641876, ""1-2"": -0.006720869801938534}"
3685,0.32747865,"{""0-1"": 0.03729146718978882, ""0-2"": 0.8682796359062195, ""1-2"": 0.07686484605073929}"
3686,0.64414495,"{""0-1"": 0.6441449522972107}"
3687,0.27085984,"{""0-1"": 0.6048049926757812, ""0-2"": 0.157045379281044, ""1-2"": 0.05072914808988571}"
3688,-0.04933287,"{""0-1"": -0.03894951194524765, ""0-2"": 0.007497791200876236, ""1-2"": -0.1165468767285347}"
3689,0.99735278,"{""0-1"": 0.9973527789115906}"
3690,0.98696256,"{""0-1"": 0.9869625568389893}"
3691,0.10662105,"{""0-1"": 0.32826924324035645, ""0-2"": 0.03164254128932953, ""1-2"": -0.04004863277077675}"
3692,0.16635737,"{""0-1"": 0.1663573682308197}"
3693,0.00000000,{}
3694,-0.02951585,"{""0-1"": -0.09901487827301025, ""0-2"": -0.0048295496962964535, ""1-2"": 0.015296882018446922}"
3695,0.52256318,"{""0-1"": 0.3795887529850006, ""0-2"": 0.30648472905158997, ""1-2"": 0.8816160559654236}"
3696,0.96249264,"{""0-1"": 0.9624926447868347}"
3697,0.19311831,"{""0-1"": -0.18954724073410034, ""0-2"": 0.11557364463806152, ""1-2"": 0.653328537940979}"
3698,0.12318954,"{""0-1"": -0.012882208451628685, ""0-2"": 0.26726096868515015, ""1-2"": 0.11518986523151398}"
3699,0.00325688,"{""0-1"": 0.06473559886217117, ""0-2"": 0.017050612717866898, ""1-2"": -0.07201558351516724}"
3700,-0.02213737,"{""0-1"": -0.022137371823191643}"
3701,0.60612953,"{""0-1"": 0.60612952709198}"
3702,-0.03535845,"{""0-1"": -0.04860679805278778, ""0-2"": -0.015296366065740585, ""1-2"": -0.04217219725251198}"
3703,0.64168096,"{""0-1"": 0.6416809558868408}"
3704,0.98372769,"{""0-1"": 0.9837276935577393}"
3705,0.39640279,"{""0-1"": 0.9158982634544373, ""0-2"": 0.12779280543327332, ""1-2"": 0.1455172896385193}"
3706,0.00000000,{}
3707,0.09540011,"{""0-1"": 0.21025726199150085, ""0-2"": 0.05946960672736168, ""1-2"": 0.016473466530442238}"
3708,0.28239015,"{""0-1"": -0.0200855303555727, ""0-2"": -0.07289458811283112, ""1-2"": 0.9401505589485168}"
3709,-0.00645797,"{""0-1"": -0.03698482736945152, ""0-2"": 0.017705168575048447, ""1-2"": -9.424026939086616e-05}"
3710,0.07810693,"{""0-1"": 0.07665371149778366, ""0-2"": -0.09879113733768463, ""1-2"": 0.25645822286605835}"
3711,0.01990295,"{""0-1"": 0.03360671177506447, ""0-2"": 0.05353797227144241, ""1-2"": -0.027435846626758575}"
3712,0.08584807,"{""0-1"": 0.2765923738479614, ""0-2"": -0.02179163508117199, ""1-2"": 0.002743480494245887}"
3713,0.92665493,"{""0-1"": 0.9266549348831177}"
3714,0.38832203,"{""0-1"": 0.38832202553749084}"
3715,0.00000000,{}
3716,0.13992968,"{""0-1"": 0.41399264335632324, ""0-2"": -0.08165034651756287, ""1-2"": 0.08744675666093826}"
3717,0.05340320,"{""0-1"": 0.02836264856159687, ""0-2"": 0.1031886488199234, ""1-2"": 0.028658295050263405}"
3718,0.01542134,"{""0-1"": 0.06528618931770325, ""0-2"": -0.012526166625320911, ""1-2"": -0.00649599451571703}"
3719,0.00000000,{}
3720,0.31656301,"{""0-1"": 0.07504531741142273, ""0-2"": 0.44486749172210693, ""1-2"": 0.42977622151374817}"
3721,0.01835033,"{""0-1"": 0.018350334838032722}"
3722,0.42675783,"{""0-1"": 0.10739446431398392, ""0-2"": 0.9780002236366272, ""1-2"": 0.19487880170345306}"
3723,-0.06594366,"{""0-1"": -0.12810982763767242, ""0-2"": -0.04741927981376648, ""1-2"": -0.02230186015367508}"
3724,0.08958927,"{""0-1"": 0.09290383011102676, ""0-2"": 0.023240236565470695, ""1-2"": 0.1526237428188324}"
3725,0.23270911,"{""0-1"": 0.440420001745224, ""0-2"": 0.08755194395780563, ""1-2"": 0.1701553910970688}"
3726,0.10600001,"{""0-1"": -0.024160338565707207, ""0-2"": 0.20547334849834442, ""1-2"": 0.1366870254278183}"
3727,0.07874705,"{""0-1"": 0.060049187391996384, ""0-2"": 0.06741337478160858, ""1-2"": 0.10877859592437744}"
3728,0.92665493,"{""0-1"": 0.9266549348831177}"
3729,-0.00955043,"{""0-1"": -0.02702428586781025, ""0-2"": 0.008125454187393188, ""1-2"": -0.00975247286260128}"
3730,0.37970769,"{""0-1"": 0.9995258450508118, ""0-2"": 0.06964891403913498, ""1-2"": 0.06994830071926117}"
3731,0.42514991,"{""0-1"": 0.5008652806282043, ""0-2"": 0.0849899873137474, ""1-2"": 0.6895944476127625}"
3732,-0.00642622,"{""0-1"": -0.07863799482584, ""0-2"": 0.006697871722280979, ""1-2"": 0.05266145244240761}"
3733,0.03156104,"{""0-1"": -0.00818431656807661, ""0-2"": 0.05099222809076309, ""1-2"": 0.051875196397304535}"
3734,-0.05477905,"{""0-1"": -0.017057258635759354, ""0-2"": 0.05799340456724167, ""1-2"": -0.20527328550815582}"
3735,0.54781717,"{""0-1"": 0.5478171706199646}"
3736,0.04383822,"{""0-1"": 0.043838221579790115}"
3737,0.00158054,"{""0-1"": -0.019800525158643723, ""0-2"": 0.028940312564373016, ""1-2"": -0.004398181568831205}"
3738,0.06803690,"{""0-1"": -0.04485100135207176, ""0-2"": 0.20039862394332886, ""1-2"": 0.048563066869974136}"
3739,0.10344442,"{""0-1"": 0.0325772799551487, ""0-2"": 0.29649993777275085, ""1-2"": -0.01874394528567791}"
3740,0.37970769,"{""0-1"": 0.9995258450508118, ""0-2"": 0.06964891403913498, ""1-2"": 0.06994830071926117}"
3741,0.03061413,"{""0-1"": -0.10226277261972427, ""0-2"": -0.15057098865509033, ""1-2"": 0.34467613697052}"
3742,0.00000000,{}
3743,0.28000071,"{""0-1"": -0.044090669602155685, ""0-2"": 0.12286096811294556, ""1-2"": 0.7612318396568298}"
3744,0.37326739,"{""0-1"": 0.9987047910690308, ""0-2"": 0.06426388025283813, ""1-2"": 0.05683349445462227}"
3745,-0.02395545,"{""0-1"": -0.023955445736646652}"
3746,-0.04750573,"{""0-1"": -0.09069906175136566, ""0-2"": -0.03631960228085518, ""1-2"": -0.015498530119657516}"
3747,0.08083769,"{""0-1"": 0.0808376893401146}"
3748,0.37691978,"{""0-1"": 0.9988043904304504, ""0-2"": 0.0657011941075325, ""1-2"": 0.06625375151634216}"
3749,0.24991155,"{""0-1"": 0.5547129511833191, ""0-2"": -0.02017252892255783, ""1-2"": 0.2151942253112793}"
3750,0.02724863,"{""0-1"": 0.10159782320261002, ""0-2"": -0.076620914041996, ""1-2"": 0.05676897615194321}"
3751,-0.00388425,"{""0-1"": -0.05342074856162071, ""0-2"": 0.036453068256378174, ""1-2"": 0.005314915906637907}"
3752,0.07755274,"{""0-1"": 0.2540946900844574, ""0-2"": 0.02761393040418625, ""1-2"": -0.04905039444565773}"
3753,-0.02881608,"{""0-1"": -0.02881607785820961}"
3754,0.28838643,"{""0-1"": 0.013526025228202343, ""0-2"": 0.02239871770143509, ""1-2"": 0.8292345404624939}"
3755,0.11510778,"{""0-1"": 0.08937589079141617, ""0-2"": -0.058094482868909836, ""1-2"": 0.31404194235801697}"
3756,0.43131922,"{""0-1"": 0.9978746175765991, ""0-2"": 0.12922759354114532, ""1-2"": 0.16685545444488525}"
3757,0.44098189,"{""0-1"": 0.4409818947315216}"
3758,-0.07242314,"{""0-1"": -0.07242313772439957}"
3759,0.12222754,"{""0-1"": 0.12222754210233688}"
3760,0.00000000,{}
3761,-0.08242681,"{""0-1"": -0.015680495649576187, ""0-2"": 0.05478830635547638, ""1-2"": -0.28638824820518494}"
3762,0.29511956,"{""0-1"": 0.7010934948921204, ""0-2"": 0.08067592233419418, ""1-2"": 0.1035892516374588}"
3763,-0.02766561,"{""0-1"": 0.015611543320119381, ""0-2"": -0.06041469797492027, ""1-2"": -0.03819366544485092}"
3764,-0.03733518,"{""0-1"": 0.00784766674041748, ""0-2"": -0.03979901596903801, ""1-2"": -0.08005420118570328}"
3765,0.06508024,"{""0-1"": 0.2093610018491745, ""0-2"": -0.024605728685855865, ""1-2"": 0.010485447011888027}"
3766,0.05613317,"{""0-1"": -0.0009869332425296307, ""0-2"": 0.02538299933075905, ""1-2"": 0.14400343596935272}"
3767,-0.04849959,"{""0-1"": -0.053475622087717056, ""0-2"": -0.0006109702517278492, ""1-2"": -0.09141217917203903}"
3768,-0.06325378,"{""0-1"": -0.14386285841464996, ""0-2"": -0.039177604019641876, ""1-2"": -0.006720869801938534}"
3769,0.16600265,"{""0-1"": 0.5179381966590881, ""0-2"": -0.03831089287996292, ""1-2"": 0.018380656838417053}"
3770,0.04780749,"{""0-1"": -0.058841411024332047, ""0-2"": 0.16982126235961914, ""1-2"": 0.0324426107108593}"
3771,0.26110512,"{""0-1"": -0.06741422414779663, ""0-2"": 0.0663490891456604, ""1-2"": 0.7843804955482483}"
3772,0.15269779,"{""0-1"": -0.10363151133060455, ""0-2"": 0.5073562860488892, ""1-2"": 0.05436859652400017}"
3773,-0.11675911,"{""0-1"": -0.11675910651683807}"
3774,0.57867390,"{""0-1"": 0.5786738991737366}"
3775,0.00894859,"{""0-1"": 0.00894858781248331}"
3776,-0.01086004,"{""0-1"": 0.10035975277423859, ""0-2"": -0.09957458078861237, ""1-2"": -0.03336528688669205}"
3777,0.07481562,"{""0-1"": 0.07481561601161957}"
3778,0.10372189,"{""0-1"": 0.144733726978302, ""0-2"": 0.1007567048072815, ""1-2"": 0.06567523628473282}"
3779,0.24692363,"{""0-1"": 0.19934453070163727, ""0-2"": 0.5805329084396362, ""1-2"": -0.03910653665661812}"
3780,0.07952928,"{""0-1"": 0.2519887387752533, ""0-2"": 0.07686797529459, ""1-2"": -0.09026886522769928}"
3781,0.88866860,"{""0-1"": 0.8886685967445374}"
3782,0.67967725,"{""0-1"": 0.6796772480010986}"
3783,0.03977217,"{""0-1"": -0.011836686171591282, ""0-2"": 0.14292046427726746, ""1-2"": -0.01176726445555687}"
3784,0.17884259,"{""0-1"": 0.21486622095108032, ""0-2"": 0.13943864405155182, ""1-2"": 0.18222291767597198}"
3785,-0.04207365,"{""0-1"": -0.11261934787034988, ""0-2"": -0.05270782485604286, ""1-2"": 0.039106231182813644}"
3786,-0.00178962,"{""0-1"": -0.05904867872595787, ""0-2"": 0.04964908957481384, ""1-2"": 0.004030733834952116}"
3787,0.10193284,"{""0-1"": 0.059808749705553055, ""0-2"": 0.22642864286899567, ""1-2"": 0.019561124965548515}"
3788,0.10429325,"{""0-1"": 0.1663704514503479, ""0-2"": 0.02322986349463463, ""1-2"": 0.12327944487333298}"
3789,0.33794852,"{""0-1"": 0.04853489622473717, ""0-2"": 0.005332311615347862, ""1-2"": 0.9599783420562744}"
3790,0.03776537,"{""0-1"": -0.0995013490319252, ""0-2"": 0.09470557421445847, ""1-2"": 0.1180918738245964}"
3791,0.08022541,"{""0-1"": 0.1608721762895584, ""0-2"": -0.11398818343877792, ""1-2"": 0.19379223883152008}"
3792,-0.11092884,"{""0-1"": -0.11092884093523026}"
3793,0.02672532,"{""0-1"": 0.14279907941818237, ""0-2"": -0.04179839417338371, ""1-2"": -0.020824722945690155}"
3794,0.00000000,{}
3795,0.07234644,"{""0-1"": 0.13336162269115448, ""0-2"": -0.19337916374206543, ""1-2"": 0.27705687284469604}"
3796,0.00778335,"{""0-1"": 0.06774475425481796, ""0-2"": -0.020006932318210602, ""1-2"": -0.024387771263718605}"
3797,-0.01921443,"{""0-1"": -0.0869145393371582, ""0-2"": 0.06441863626241684, ""1-2"": -0.03514738008379936}"
3798,0.26143522,"{""0-1"": 0.6409797072410583, ""0-2"": -0.01698899455368519, ""1-2"": 0.16031496226787567}"
3799,-0.00778994,"{""0-1"": -0.05333025008440018, ""0-2"": 0.013422856107354164, ""1-2"": 0.016537562012672424}"
3800,0.28356361,"{""0-1"": -0.10132192820310593, ""0-2"": 0.16057001054286957, ""1-2"": 0.7914427518844604}"
3801,0.23973243,"{""0-1"": 0.4224351644515991, ""0-2"": 0.05932086706161499, ""1-2"": 0.2374412566423416}"
3802,0.00632284,"{""0-1"": 0.03310764208436012, ""0-2"": 0.026946313679218292, ""1-2"": -0.04108544439077377}"
3803,0.20977204,"{""0-1"": 0.2097720354795456}"
3804,0.87621999,"{""0-1"": 0.8762199878692627}"
3805,0.00000000,{}
3806,0.06531285,"{""0-1"": 0.11173415184020996, ""0-2"": 0.008506065234541893, ""1-2"": 0.07569833844900131}"
3807,0.24692363,"{""0-1"": 0.19934453070163727, ""0-2"": 0.5805329084396362, ""1-2"": -0.03910653665661812}"
3808,0.00000000,{}
3809,-0.04333119,"{""0-1"": -0.03491129353642464, ""0-2"": -0.019158927723765373, ""1-2"": -0.07592335343360901}"
3810,0.11046496,"{""0-1"": 0.11046496033668518}"
3811,0.37710741,"{""0-1"": 0.3771074116230011}"
3812,0.20156243,"{""0-1"": 0.20156243443489075}"
3813,0.96703637,"{""0-1"": 0.9670363664627075}"
3814,0.22362238,"{""0-1"": -0.004613963887095451, ""0-2"": -0.08712633699178696, ""1-2"": 0.7626074552536011}"
3815,0.05320275,"{""0-1"": -0.0021834722720086575, ""0-2"": 0.04072744771838188, ""1-2"": 0.12106426805257797}"
3816,0.42882824,"{""0-1"": 0.998113751411438, ""0-2"": 0.12114069610834122, ""1-2"": 0.1672302633523941}"
3817,0.24356805,"{""0-1"": 0.2435680478811264}"
3818,0.99488539,"{""0-1"": 0.9948853850364685}"
3819,0.41962242,"{""0-1"": 0.41962242126464844}"
3820,0.02145758,"{""0-1"": 0.021457582712173462}"
3821,-0.02591402,"{""0-1"": -0.019105089828372, ""0-2"": 0.014704925939440727, ""1-2"": -0.07334188371896744}"
3822,0.06640765,"{""0-1"": 0.26871412992477417, ""0-2"": -0.08906996995210648, ""1-2"": 0.019578786566853523}"
3823,0.00710238,"{""0-1"": -0.09281895309686661, ""0-2"": 0.06602153182029724, ""1-2"": 0.04810456186532974}"
3824,0.99998999,"{""0-1"": 0.9999899864196777}"
3825,-0.07214557,"{""0-1"": 0.03774842247366905, ""0-2"": -0.09261906892061234, ""1-2"": -0.16156604886054993}"
3826,-0.00243540,"{""0-1"": -0.002210314152762294, ""0-2"": -0.03181179240345955, ""1-2"": 0.026715900748968124}"
3827,-0.03940528,"{""0-1"": -0.12686841189861298, ""0-2"": 0.11537999659776688, ""1-2"": -0.10672743618488312}"
3828,0.66839093,"{""0-1"": 0.6683909296989441}"
3829,-0.02156091,"{""0-1"": -0.07068045437335968, ""0-2"": 0.003169449744746089, ""1-2"": 0.0028282655403017998}"
3830,0.14059959,"{""0-1"": 0.1405995935201645}"
3831,0.13231038,"{""0-1"": 0.03598078340291977, ""0-2"": -0.07128357142210007, ""1-2"": 0.43223392963409424}"
3832,0.99999982,"{""0-1"": 0.9999998211860657}"
3833,0.96811008,"{""0-1"": 0.9681100845336914}"
3834,0.25239018,"{""0-1"": 0.0739796832203865, ""0-2"": -0.018431391566991806, ""1-2"": 0.7016222476959229}"
3835,0.14356658,"{""0-1"": 0.06609459966421127, ""0-2"": 0.19721268117427826, ""1-2"": 0.16739246249198914}"
3836,0.13535856,"{""0-1"": 0.1353585571050644}"
3837,0.10985469,"{""0-1"": 0.10985469073057175}"
3838,0.08043496,"{""0-1"": -0.09799525886774063, ""0-2"": -0.03969961032271385, ""1-2"": 0.3789997398853302}"
3839,0.62455666,"{""0-1"": 0.6245566606521606}"
3840,-0.01783531,"{""0-1"": -0.016618089750409126, ""0-2"": -0.018988143652677536, ""1-2"": -0.017899686470627785}"
3841,0.00551037,"{""0-1"": -0.08534558117389679, ""0-2"": -0.04991721361875534, ""1-2"": 0.15179391205310822}"
3842,-0.05326942,"{""0-1"": -0.09290508925914764, ""0-2"": -0.11493246257305145, ""1-2"": 0.048029281198978424}"
3843,0.99996769,"{""0-1"": 0.9999676942825317}"
3844,0.66775173,"{""0-1"": 0.6677517294883728}"
3845,0.10892865,"{""0-1"": 0.10892865061759949}"
3846,0.32129508,"{""0-1"": 0.3212950825691223}"
3847,0.11384733,"{""0-1"": 0.11384733021259308}"
3848,0.03273195,"{""0-1"": -0.0273172277957201, ""0-2"": 0.04420612379908562, ""1-2"": 0.08130694180727005}"
3849,1.00000024,"{""0-1"": 1.000000238418579}"
3850,0.15288132,"{""0-1"": 0.15288132429122925}"
3851,-0.01711239,"{""0-1"": -0.01711239479482174}"
3852,0.34081722,"{""0-1"": 0.9550065398216248, ""0-2"": 0.044090986251831055, ""1-2"": 0.023354142904281616}"
3853,-0.01679384,"{""0-1"": -0.03792652115225792, ""0-2"": -0.09858296811580658, ""1-2"": 0.08612796664237976}"
3854,-0.02523420,"{""0-1"": -0.04939109832048416, ""0-2"": -0.07953640818595886, ""1-2"": 0.05322491005063057}"
3855,0.36685909,"{""0-1"": 0.5357346534729004, ""0-2"": 0.003816152922809124, ""1-2"": 0.5610264539718628}"
3856,0.29796049,"{""0-1"": -0.044097647070884705, ""0-2"": -0.0369449183344841, ""1-2"": 0.9749240279197693}"
3857,0.00000000,{}
3858,0.01207170,"{""0-1"": 0.06820257008075714, ""0-2"": 0.007049677427858114, ""1-2"": -0.039037153124809265}"
3859,0.99636602,"{""0-1"": 0.996366024017334}"
3860,1.00000012,"{""0-1"": 1.0000001192092896}"
3861,0.01681277,"{""0-1"": 0.07305588573217392, ""0-2"": 0.04294276237487793, ""1-2"": -0.06556034088134766}"
3862,-0.00949797,"{""0-1"": -0.028481075540184975, ""0-2"": -0.013519840314984322, ""1-2"": 0.01350701879709959}"
3863,0.02618607,"{""0-1"": 0.016787000000476837, ""0-2"": -0.02084456756711006, ""1-2"": 0.08261578530073166}"
3864,-0.05237125,"{""0-1"": -0.012712648138403893, ""0-2"": 0.00889283325523138, ""1-2"": -0.1532939374446869}"
3865,0.03971145,"{""0-1"": -0.08125852793455124, ""0-2"": 0.08491049706935883, ""1-2"": 0.11548236757516861}"
3866,-0.14318721,"{""0-1"": -0.14318720996379852}"
3867,0.99999982,"{""0-1"": 0.9999998211860657}"
3868,0.14059959,"{""0-1"": 0.1405995935201645}"
3869,0.23973243,"{""0-1"": 0.4224351644515991, ""0-2"": 0.05932086706161499, ""1-2"": 0.2374412566423416}"
3870,-0.01632778,"{""0-1"": -0.01632777787744999}"
3871,0.01943431,"{""0-1"": 0.041827231645584106, ""0-2"": -0.009219943545758724, ""1-2"": 0.025695648044347763}"
3872,0.03274516,"{""0-1"": 0.05455904081463814, ""0-2"": -0.03538621962070465, ""1-2"": 0.07906267046928406}"
3873,0.01283441,"{""0-1"": 0.10329242050647736, ""0-2"": -0.08999409526586533, ""1-2"": 0.025204917415976524}"
3874,0.23125026,"{""0-1"": 0.23125025629997253}"
3875,0.20658543,"{""0-1"": 0.08543980866670609, ""0-2"": 0.5069271326065063, ""1-2"": 0.027389349415898323}"
3876,0.00000000,{}
3877,-0.02424544,"{""0-1"": -0.017372312024235725, ""0-2"": 0.018117912113666534, ""1-2"": -0.07348191738128662}"
3878,0.32026302,"{""0-1"": 0.05785151571035385, ""0-2"": 0.281902015209198, ""1-2"": 0.6210355162620544}"
3879,0.02719816,"{""0-1"": 0.13377095758914948, ""0-2"": -0.04283589497208595, ""1-2"": -0.00934059452265501}"
3880,0.20101377,"{""0-1"": 0.36968299746513367, ""0-2"": 0.026393136009573936, ""1-2"": 0.20696517825126648}"
3881,-0.00230673,"{""0-1"": -0.0023067344445735216}"
3882,0.20977204,"{""0-1"": 0.2097720354795456}"
3883,0.26748687,"{""0-1"": -0.006147119216620922, ""0-2"": -0.04623058810830116, ""1-2"": 0.8548383116722107}"
3884,0.04398977,"{""0-1"": 0.052437588572502136, ""0-2"": 0.056025248020887375, ""1-2"": 0.023506468161940575}"
3885,0.04702160,"{""0-1"": -0.011177516542375088, ""0-2"": 0.11194539815187454, ""1-2"": 0.04029690846800804}"
3886,0.42719115,"{""0-1"": 0.1331663429737091, ""0-2"": 0.21141619980335236, ""1-2"": 0.9369909167289734}"
3887,-0.02114929,"{""0-1"": -0.019383545964956284, ""0-2"": 0.031861305236816406, ""1-2"": -0.07592561841011047}"
3888,-0.02823229,"{""0-1"": -0.0657476931810379, ""0-2"": 0.02719004824757576, ""1-2"": -0.046139225363731384}"
3889,0.04970745,"{""0-1"": 0.1126142367720604, ""0-2"": 0.03643571957945824, ""1-2"": 7.238273246912286e-05}"
3890,0.30973729,"{""0-1"": 0.30973729491233826}"
3891,-0.02965074,"{""0-1"": -0.061409566551446915, ""0-2"": -0.025496620684862137, ""1-2"": -0.002046030480414629}"
3892,-0.02972517,"{""0-1"": -0.09388218075037003, ""0-2"": 0.04644717648625374, ""1-2"": -0.04174051061272621}"
3893,0.00000000,{}
3894,0.00073282,"{""0-1"": -0.05255508050322533, ""0-2"": -0.023145338520407677, ""1-2"": 0.07789888978004456}"
3895,0.00436575,"{""0-1"": -0.03554990515112877, ""0-2"": -0.004051276482641697, ""1-2"": 0.052698422223329544}"
3896,0.10349418,"{""0-1"": 0.2544671893119812, ""0-2"": 0.009534776210784912, ""1-2"": 0.04648057743906975}"
3897,0.61336154,"{""0-1"": 0.6133615374565125}"
3898,0.13546136,"{""0-1"": 0.3323751389980316, ""0-2"": 0.02639230526983738, ""1-2"": 0.04761664569377899}"
3899,0.02436513,"{""0-1"": 0.09347232431173325, ""0-2"": -0.05456773191690445, ""1-2"": 0.03419079631567001}"
3900,0.19469252,"{""0-1"": 0.3842795491218567, ""0-2"": 0.13871626555919647, ""1-2"": 0.06108173727989197}"
3901,-0.11675911,"{""0-1"": -0.11675910651683807}"
3902,0.08101447,"{""0-1"": 0.33884376287460327, ""0-2"": -0.1044282391667366, ""1-2"": 0.008627897128462791}"
3903,0.02438729,"{""0-1"": 0.04151546582579613, ""0-2"": 0.015587070025503635, ""1-2"": 0.016059324145317078}"
3904,0.34375024,"{""0-1"": 0.3437502384185791}"
3905,0.21693493,"{""0-1"": 0.216934934258461}"
3906,0.02882880,"{""0-1"": 0.08693834394216537, ""0-2"": -0.006522882729768753, ""1-2"": 0.00607095193117857}"
3907,0.99996769,"{""0-1"": 0.9999676942825317}"
3908,0.38348027,"{""0-1"": 0.1054612547159195, ""0-2"": 0.9703706502914429, ""1-2"": 0.07460890710353851}"
3909,0.06804045,"{""0-1"": 0.04691171646118164, ""0-2"": 0.019566776230931282, ""1-2"": 0.13764284551143646}"
3910,0.12522073,"{""0-1"": 0.12522073090076447}"
3911,0.04284542,"{""0-1"": -0.04164326936006546, ""0-2"": 0.1835062950849533, ""1-2"": -0.013326762244105339}"
3912,0.07304907,"{""0-1"": 0.46692922711372375, ""0-2"": -0.14245645701885223, ""1-2"": -0.10532554984092712}"
3913,0.00515501,"{""0-1"": 0.013323669321835041, ""0-2"": -0.013243361376225948, ""1-2"": 0.015384715981781483}"
3914,-0.00070482,"{""0-1"": -0.0007048165425658226}"
3915,0.07827985,"{""0-1"": 0.04713171347975731, ""0-2"": 0.06963362544775009, ""1-2"": 0.1180742159485817}"
3916,0.01770695,"{""0-1"": 0.017706947401165962}"
3917,0.98843533,"{""0-1"": 0.9884353280067444}"
3918,0.01207170,"{""0-1"": 0.06820257008075714, ""0-2"": 0.007049677427858114, ""1-2"": -0.039037153124809265}"
3919,0.02789197,"{""0-1"": 0.027891967445611954}"
3920,0.24356805,"{""0-1"": 0.2435680478811264}"
3921,0.00000000,{}
3922,-0.00213286,"{""0-1"": -0.0021328553557395935}"
3923,0.00479306,"{""0-1"": -0.016536865383386612, ""0-2"": -0.0096166105940938, ""1-2"": 0.04053264856338501}"
3924,0.05506991,"{""0-1"": -0.004225254990160465, ""0-2"": 0.05635813996195793, ""1-2"": 0.1130768358707428}"
3925,0.06495371,"{""0-1"": 0.1414361447095871, ""0-2"": 0.060209836810827255, ""1-2"": -0.006784865166991949}"
3926,0.00000000,{}
3927,-0.06093554,"{""0-1"": -0.06093554198741913}"
3928,0.93501610,"{""0-1"": 0.9350160956382751}"
3929,0.10939805,"{""0-1"": 0.35063233971595764, ""0-2"": 0.02138596400618553, ""1-2"": -0.04382416233420372}"
3930,-0.01238964,"{""0-1"": -0.04445379972457886, ""0-2"": -0.017848478630185127, ""1-2"": 0.025133343413472176}"
3931,0.38368410,"{""0-1"": 0.38368409872055054}"
3932,0.05266384,"{""0-1"": 0.276226282119751, ""0-2"": -0.1190478578209877, ""1-2"": 0.0008130862261168659}"
3933,-0.10353000,"{""0-1"": -0.10353000462055206}"
3934,0.57314241,"{""0-1"": 0.45033106207847595, ""0-2"": 0.40222808718681335, ""1-2"": 0.8668680787086487}"
3935,0.37451007,"{""0-1"": 0.46540480852127075, ""0-2"": 0.6166024804115295, ""1-2"": 0.04152292385697365}"
3936,0.04398977,"{""0-1"": 0.052437588572502136, ""0-2"": 0.056025248020887375, ""1-2"": 0.023506468161940575}"
3937,0.74713200,"{""0-1"": 0.7471320033073425}"
3938,0.03297479,"{""0-1"": 0.05147971212863922, ""0-2"": 0.08122322708368301, ""1-2"": -0.03377857804298401}"
3939,0.00834149,"{""0-1"": 0.07326631247997284, ""0-2"": 0.014114219695329666, ""1-2"": -0.06235605105757713}"
3940,0.20378083,"{""0-1"": -0.04848669096827507, ""0-2"": 0.7244430780410767, ""1-2"": -0.06461389362812042}"
3941,0.03069041,"{""0-1"": 0.03984837234020233, ""0-2"": -0.030822498723864555, ""1-2"": 0.0830453485250473}"
3942,0.23351946,"{""0-1"": 0.23351946473121643}"
3943,-0.06747670,"{""0-1"": -0.024572206661105156, ""0-2"": 0.013906856067478657, ""1-2"": -0.19176475703716278}"
3944,0.99999988,"{""0-1"": 0.9999998807907104}"
3945,0.18733984,"{""0-1"": 0.20475701987743378, ""0-2"": 0.1913464367389679, ""1-2"": 0.1659160554409027}"
3946,0.08857020,"{""0-1"": 0.08857019990682602}"
3947,0.00000000,{}
3948,0.02247856,"{""0-1"": 0.00988739263266325, ""0-2"": -0.07722131907939911, ""1-2"": 0.13476961851119995}"
3949,0.05843407,"{""0-1"": 0.05843406915664673}"
3950,0.00000000,{}
3951,0.29869437,"{""0-1"": 0.32225513458251953, ""0-2"": 0.228358194231987, ""1-2"": 0.34546977281570435}"
3952,-0.03101312,"{""0-1"": -0.07613590359687805, ""0-2"": -0.02241048589348793, ""1-2"": 0.005507016088813543}"
3953,0.29853111,"{""0-1"": -0.02857574261724949, ""0-2"": 0.0340837799012661, ""1-2"": 0.8900852799415588}"
3954,-0.04491385,"{""0-1"": 0.11359422653913498, ""0-2"": -0.14690139889717102, ""1-2"": -0.1014343649148941}"
3955,0.03385791,"{""0-1"": 0.14208464324474335, ""0-2"": -0.028757495805621147, ""1-2"": -0.011753428727388382}"
3956,0.00847233,"{""0-1"": -0.11548176407814026, ""0-2"": 0.04665691778063774, ""1-2"": 0.09424182772636414}"
3957,-0.01051844,"{""0-1"": -0.062196630984544754, ""0-2"": 0.06251846998929977, ""1-2"": -0.031877171248197556}"
3958,0.04461158,"{""0-1"": 0.009911591187119484, ""0-2"": 0.06777387857437134, ""1-2"": 0.05614926293492317}"
3959,0.08432294,"{""0-1"": 0.08432294428348541}"
3960,0.10588294,"{""0-1"": 0.10588294267654419}"
3961,0.12994900,"{""0-1"": 0.12994900345802307}"
3962,0.38152724,"{""0-1"": 0.8246716856956482, ""0-2"": 0.16891400516033173, ""1-2"": 0.15099602937698364}"
3963,0.04814555,"{""0-1"": 0.0017956604715436697, ""0-2"": 0.027010031044483185, ""1-2"": 0.11563095450401306}"
3964,-0.11792064,"{""0-1"": -0.1179206371307373}"
3965,0.19403597,"{""0-1"": 0.22982922196388245, ""0-2"": 0.0002918630780186504, ""1-2"": 0.351986825466156}"
3966,0.65400851,"{""0-1"": 0.6540085077285767}"
3967,1.00000024,"{""0-1"": 1.000000238418579}"
3968,0.32528377,"{""0-1"": 0.8470665216445923, ""0-2"": 0.07177925854921341, ""1-2"": 0.05700552836060524}"
3969,0.34387803,"{""0-1"": 0.34387803077697754}"
3970,0.91484201,"{""0-1"": 0.9148420095443726}"
3971,0.61960206,"{""0-1"": 0.45599451661109924, ""0-2"": 0.43584534525871277, ""1-2"": 0.9669663310050964}"
3972,0.06620381,"{""0-1"": 0.06620381027460098}"
3973,0.30974752,"{""0-1"": 0.3847443759441376, ""0-2"": 0.3238389790058136, ""1-2"": 0.22065919637680054}"
3974,0.63835591,"{""0-1"": 0.6383559107780457}"
3975,0.02963912,"{""0-1"": 0.13052284717559814, ""0-2"": 0.01926608197391033, ""1-2"": -0.060871582478284836}"
3976,0.37394163,"{""0-1"": 0.3739416301250458}"
3977,0.05706520,"{""0-1"": 0.03879941627383232, ""0-2"": 0.05438719689846039, ""1-2"": 0.0780089721083641}"
3978,-0.01299669,"{""0-1"": -0.05604790151119232, ""0-2"": -0.033158402889966965, ""1-2"": 0.050216227769851685}"
3979,0.06598262,"{""0-1"": 0.08786045014858246, ""0-2"": 0.1840572953224182, ""1-2"": -0.07396988570690155}"
3980,0.36858344,"{""0-1"": 0.9967179298400879, ""0-2"": 0.060490112751722336, ""1-2"": 0.04854227975010872}"
3981,0.30840447,"{""0-1"": 0.7794193625450134, ""0-2"": 0.06751634925603867, ""1-2"": 0.07827770709991455}"
3982,0.32498335,"{""0-1"": 0.050190359354019165, ""0-2"": 0.7060536742210388, ""1-2"": 0.21870602667331696}"
3983,0.01599987,"{""0-1"": 0.006025914568454027, ""0-2"": 0.05141300708055496, ""1-2"": -0.00943931844085455}"
3984,0.12504960,"{""0-1"": 0.16720741987228394, ""0-2"": 0.09532386064529419, ""1-2"": 0.11261752247810364}"
3985,0.24627107,"{""0-1"": 0.036074448376894, ""0-2"": 0.6481896638870239, ""1-2"": 0.05454910546541214}"
3986,0.98826391,"{""0-1"": 0.9882639050483704}"
3987,0.80835181,"{""0-1"": 0.8083518147468567}"
3988,0.41225150,"{""0-1"": 0.1220070943236351, ""0-2"": 0.12137151509523392, ""1-2"": 0.9933758974075317}"
3989,0.59037083,"{""0-1"": 0.5903708338737488}"
3990,0.00508741,"{""0-1"": -0.027436770498752594, ""0-2"": -0.07832042127847672, ""1-2"": 0.12101943045854568}"
3991,0.45715356,"{""0-1"": 0.4571535587310791}"
3992,0.02022960,"{""0-1"": 0.05620163679122925, ""0-2"": -0.024703610688447952, ""1-2"": 0.0291907861828804}"
3993,0.03392083,"{""0-1"": 0.03392082825303078}"
3994,0.09868832,"{""0-1"": 0.08236207813024521, ""0-2"": 0.18758715689182281, ""1-2"": 0.02611573040485382}"
3995,0.15187051,"{""0-1"": 0.3624398410320282, ""0-2"": 0.062040578573942184, ""1-2"": 0.03113110549747944}"
3996,-0.09295061,"{""0-1"": -0.09295061230659485}"
3997,0.00000000,{}
3998,0.07256627,"{""0-1"": 0.07256627082824707}"
3999,-0.00839926,"{""0-1"": -0.008399264886975288}"
4000,0.77812099,"{""0-1"": 0.7781209945678711}"
4001,0.00000000,{}
4002,0.13967752,"{""0-1"": 0.1396775245666504}"
4003,0.17525887,"{""0-1"": 0.6026583313941956, ""0-2"": -0.051768433302640915, ""1-2"": -0.02511330135166645}"
4004,0.00442770,"{""0-1"": -0.03324570134282112, ""0-2"": 0.036976467818021774, ""1-2"": 0.00955232884734869}"
4005,-0.08024257,"{""0-1"": -0.10167361795902252, ""0-2"": -0.29835256934165955, ""1-2"": 0.15929846465587616}"
4006,0.02483987,"{""0-1"": 0.024839868769049644}"
4007,-0.00642630,"{""0-1"": -0.020529277622699738, ""0-2"": 0.005744015332311392, ""1-2"": -0.004493650048971176}"
4008,0.11759807,"{""0-1"": 0.11759807169437408}"
4009,0.89673531,"{""0-1"": 0.8967353105545044}"
4010,0.00000000,{}
4011,0.22782368,"{""0-1"": 0.4710811674594879, ""0-2"": 0.06705281138420105, ""1-2"": 0.1453370600938797}"
4012,-0.10508508,"{""0-1"": -0.12154408544301987, ""0-2"": -0.1089000254869461, ""1-2"": -0.08481114357709885}"
4013,0.18597728,"{""0-1"": 0.053295642137527466, ""0-2"": 0.4683416485786438, ""1-2"": 0.03629456087946892}"
4014,0.31022972,"{""0-1"": 0.8786035776138306, ""0-2"": 0.05823540315032005, ""1-2"": -0.0061498284339904785}"
4015,-0.02234401,"{""0-1"": -0.10164693742990494, ""0-2"": 0.034619785845279694, ""1-2"": -4.868285031989217e-06}"
4016,-0.03736518,"{""0-1"": -0.03736518323421478}"
4017,0.12578952,"{""0-1"": 0.12578952312469482}"
4018,0.30402580,"{""0-1"": 0.304025799036026}"
4019,0.54700780,"{""0-1"": 0.5470077991485596}"
4020,-0.00908104,"{""0-1"": 0.11487618833780289, ""0-2"": -0.07138241082429886, ""1-2"": -0.07073689252138138}"
4021,0.07493516,"{""0-1"": 0.12204568088054657, ""0-2"": -0.02467651106417179, ""1-2"": 0.1274363100528717}"
4022,0.20242842,"{""0-1"": 0.2024284154176712}"
4023,0.17014361,"{""0-1"": -0.011319215409457684, ""0-2"": 0.23450252413749695, ""1-2"": 0.28724750876426697}"
4024,0.00000000,{}
4025,0.34146178,"{""0-1"": 0.34146177768707275}"
4026,0.12461015,"{""0-1"": 0.12461014837026596}"
4027,0.22482293,"{""0-1"": 0.37818285822868347, ""0-2"": 0.19823652505874634, ""1-2"": 0.09804941713809967}"
4028,0.02918871,"{""0-1"": -0.02975601702928543, ""0-2"": 0.03774616867303848, ""1-2"": 0.07957597821950912}"
4029,-0.01112196,"{""0-1"": -0.05010249838232994, ""0-2"": 0.0073045603930950165, ""1-2"": 0.009432043880224228}"
4030,0.00000000,{}
4031,0.71247077,"{""0-1"": 0.7124707698822021}"
4032,0.46500221,"{""0-1"": 0.4650022089481354}"
4033,0.99996769,"{""0-1"": 0.9999676942825317}"
4034,0.00000000,{}
4035,0.05268385,"{""0-1"": 0.07697292417287827, ""0-2"": 0.06633475422859192, ""1-2"": 0.014743870124220848}"
4036,0.12483284,"{""0-1"": 0.12483283877372742}"
4037,0.58445704,"{""0-1"": 0.5844570398330688}"
4038,0.06970403,"{""0-1"": -0.002997291972860694, ""0-2"": 0.05952439829707146, ""1-2"": 0.1525849848985672}"
4039,-0.02666453,"{""0-1"": -0.017694352194666862, ""0-2"": -0.04371132329106331, ""1-2"": -0.018587905913591385}"
4040,-0.01621151,"{""0-1"": 0.019818590953946114, ""0-2"": -0.04057958722114563, ""1-2"": -0.02787352167069912}"
4041,0.10490512,"{""0-1"": 0.2545225918292999, ""0-2"": 0.0364554226398468, ""1-2"": 0.023737359791994095}"
4042,0.09169705,"{""0-1"": 0.09169705212116241}"
4043,0.19464195,"{""0-1"": 0.400201678276062, ""0-2"": 0.07138428092002869, ""1-2"": 0.11233987659215927}"
4044,0.17132703,"{""0-1"": -0.03790561854839325, ""0-2"": -0.029614588245749474, ""1-2"": 0.581501305103302}"
4045,0.46127412,"{""0-1"": 0.461274117231369}"
4046,0.32505688,"{""0-1"": 0.32505688071250916}"
4047,0.22203017,"{""0-1"": 0.6119235754013062, ""0-2"": -0.02979588881134987, ""1-2"": 0.0839628279209137}"
4048,0.48467643,"{""0-1"": 0.7800238132476807, ""0-2"": 0.3208293616771698, ""1-2"": 0.3531761169433594}"
4049,0.02176320,"{""0-1"": 0.09925343841314316, ""0-2"": 0.11927270889282227, ""1-2"": -0.15323655307292938}"
4050,0.17353599,"{""0-1"": -0.07149633020162582, ""0-2"": 0.4961012601852417, ""1-2"": 0.09600304067134857}"
4051,0.08902258,"{""0-1"": 0.007721127010881901, ""0-2"": -0.05623319000005722, ""1-2"": 0.3155798017978668}"
4052,0.00000000,{}
4053,0.16806023,"{""0-1"": 0.16806022822856903}"
4054,0.20929336,"{""0-1"": 0.31895115971565247, ""0-2"": 0.059080153703689575, ""1-2"": 0.24984875321388245}"
4055,0.98696256,"{""0-1"": 0.9869625568389893}"
4056,0.00000000,{}
4057,0.98629433,"{""0-1"": 0.9862943291664124}"
4058,-0.07808788,"{""0-1"": -0.06258092820644379, ""0-2"": 0.012546158395707607, ""1-2"": -0.18422888219356537}"
4059,-0.03798450,"{""0-1"": -0.09680890291929245, ""0-2"": 0.023291489109396935, ""1-2"": -0.04043607413768768}"
4060,0.99999994,"{""0-1"": 0.9999999403953552}"
4061,0.37404665,"{""0-1"": 0.9986822605133057, ""0-2"": 0.06500022858381271, ""1-2"": 0.058457449078559875}"
4062,0.24705255,"{""0-1"": 0.24705255031585693}"
4063,-0.05400546,"{""0-1"": -0.18537117540836334, ""0-2"": 0.035250473767519, ""1-2"": -0.011895689181983471}"
4064,0.00000000,{}
4065,-0.17242801,"{""0-1"": -0.17242801189422607}"
4066,0.02904342,"{""0-1"": 0.15920390188694, ""0-2"": -0.04672364890575409, ""1-2"": -0.025350000709295273}"
4067,-0.05036208,"{""0-1"": -0.050362084060907364}"
4068,0.86988604,"{""0-1"": 0.869886040687561}"
4069,0.00000000,{}
4070,0.05963742,"{""0-1"": 0.2458873987197876, ""0-2"": -0.03785281628370285, ""1-2"": -0.029122311621904373}"
4071,0.95959020,"{""0-1"": 0.9595901966094971}"
4072,0.67156589,"{""0-1"": 0.5811252593994141, ""0-2"": 0.8920372128486633, ""1-2"": 0.5415351986885071}"
4073,0.12001000,"{""0-1"": -0.10169170796871185, ""0-2"": 0.03628814220428467, ""1-2"": 0.42543357610702515}"
4074,0.26861765,"{""0-1"": 0.0538155734539032, ""0-2"": 0.7149461507797241, ""1-2"": 0.037091214209795}"
4075,0.08216098,"{""0-1"": 0.08216097950935364}"
4076,0.67741011,"{""0-1"": 0.9194279909133911, ""0-2"": 0.5500651001930237, ""1-2"": 0.562737226486206}"
4077,0.01527308,"{""0-1"": 0.015273076482117176}"
4078,-0.04013977,"{""0-1"": -0.03655295819044113, ""0-2"": -0.04537452384829521, ""1-2"": -0.03849184140563011}"
4079,0.19419585,"{""0-1"": 0.19419585168361664}"
4080,0.10282719,"{""0-1"": -0.030719906091690063, ""0-2"": 0.12212859094142914, ""1-2"": 0.21707287430763245}"
4081,0.33234710,"{""0-1"": 0.9770321846008301, ""0-2"": 0.09630294889211655, ""1-2"": -0.07629384845495224}"
4082,-0.04729952,"{""0-1"": -0.10065130144357681, ""0-2"": -0.0397150032222271, ""1-2"": -0.0015322555555030704}"
4083,0.01482552,"{""0-1"": 0.014825515449047089}"
4084,0.01019615,"{""0-1"": -0.06851571798324585, ""0-2"": -0.04746050015091896, ""1-2"": 0.14656466245651245}"
4085,0.99996769,"{""0-1"": 0.9999676942825317}"
4086,0.23351946,"{""0-1"": 0.23351946473121643}"
4087,-0.05310837,"{""0-1"": -0.12002108991146088, ""0-2"": -0.03252948448061943, ""1-2"": -0.006774533540010452}"
4088,0.99998629,"{""0-1"": 0.9999862909317017}"
4089,0.03876828,"{""0-1"": -0.01930299587547779, ""0-2"": 0.0926472470164299, ""1-2"": 0.04296059533953667}"
4090,0.41997059,"{""0-1"": 0.9626516103744507, ""0-2"": 0.22295759618282318, ""1-2"": 0.0743025690317154}"
4091,0.12994900,"{""0-1"": 0.12994900345802307}"
4092,0.07481562,"{""0-1"": 0.07481561601161957}"
4093,0.02789880,"{""0-1"": 0.10480240732431412, ""0-2"": 0.11718166619539261, ""1-2"": -0.13828767836093903}"
4094,-0.02766814,"{""0-1"": -0.12138976156711578, ""0-2"": 0.14782093465328217, ""1-2"": -0.10943558067083359}"
4095,0.25416297,"{""0-1"": -0.04283754155039787, ""0-2"": 0.09421437233686447, ""1-2"": 0.7111120820045471}"
4096,0.12644294,"{""0-1"": 0.4964839816093445, ""0-2"": -0.019926104694604874, ""1-2"": -0.09722905606031418}"
4097,-0.00568373,"{""0-1"": -0.030488595366477966, ""0-2"": 0.08159053325653076, ""1-2"": -0.06815312057733536}"
4098,-0.03576341,"{""0-1"": -0.04813793674111366, ""0-2"": -0.08398079127073288, ""1-2"": 0.024828508496284485}"
4099,0.09379811,"{""0-1"": 0.09379810839891434}"
4100,0.07970245,"{""0-1"": -0.019085325300693512, ""0-2"": 0.043843042105436325, ""1-2"": 0.2143496423959732}"
4102,-0.06263739,"{""0-1"": -0.12365180999040604, ""0-2"": 0.022369027137756348, ""1-2"": -0.08662939071655273}"
4103,0.22865438,"{""0-1"": 0.058447904884815216, ""0-2"": -0.034102413803339005, ""1-2"": 0.661617636680603}"
4104,0.00000000,{}
4105,0.21899655,"{""0-1"": 0.5355492234230042, ""0-2"": 0.20314696431159973, ""1-2"": -0.08170652389526367}"
4106,0.00000000,{}
4107,0.13896969,"{""0-1"": 0.20590539276599884, ""0-2"": 0.033911313861608505, ""1-2"": 0.17709237337112427}"
4108,0.04172069,"{""0-1"": 0.0139772929251194, ""0-2"": 0.059632107615470886, ""1-2"": 0.0515526607632637}"
4109,0.08618907,"{""0-1"": 0.2450769692659378, ""0-2"": 0.036666180938482285, ""1-2"": -0.023175939917564392}"
4110,0.00042647,"{""0-1"": 0.13001269102096558, ""0-2"": -0.06320899724960327, ""1-2"": -0.06552428007125854}"
4111,0.00000000,{}
4112,0.02934486,"{""0-1"": 0.04579836130142212, ""0-2"": 0.0033014120999723673, ""1-2"": 0.03893481567502022}"
4113,-0.01657850,"{""0-1"": -0.05154670402407646, ""0-2"": -0.0032040521036833525, ""1-2"": 0.005015249364078045}"
4114,0.04989450,"{""0-1"": 0.04989450052380562}"
4115,0.84826422,"{""0-1"": 0.848264217376709}"
4116,0.21888558,"{""0-1"": -0.124428890645504, ""0-2"": 0.0631454735994339, ""1-2"": 0.7179401516914368}"
4117,0.19396579,"{""0-1"": 0.19396579265594482}"
4118,0.36923157,"{""0-1"": 0.614619791507721, ""0-2"": 0.2721771001815796, ""1-2"": 0.2208978235721588}"
4119,1.00000000,"{""0-1"": 1.0}"
4120,0.05816465,"{""0-1"": 0.2466951608657837, ""0-2"": -0.0961681455373764, ""1-2"": 0.023966940119862556}"
4121,0.13423306,"{""0-1"": -0.09221585839986801, ""0-2"": 0.14688467979431152, ""1-2"": 0.34803035855293274}"
4122,0.25267407,"{""0-1"": 0.25267407298088074}"
4123,0.23351946,"{""0-1"": 0.23351946473121643}"
4124,-0.02031490,"{""0-1"": -0.07403203099966049, ""0-2"": 0.004048857372254133, ""1-2"": 0.009038482792675495}"
4125,0.05632341,"{""0-1"": 0.012298465706408024, ""0-2"": 0.049370624125003815, ""1-2"": 0.10730113089084625}"
4126,0.08548090,"{""0-1"": 0.04181988164782524, ""0-2"": -0.031511060893535614, ""1-2"": 0.24613387882709503}"
4127,0.02924340,"{""0-1"": 0.054418861865997314, ""0-2"": 0.012076827697455883, ""1-2"": 0.021234506741166115}"
4128,0.26591925,"{""0-1"": -0.13123665750026703, ""0-2"": 0.002239688765257597, ""1-2"": 0.9267547130584717}"
4129,0.22810952,"{""0-1"": -0.12720805406570435, ""0-2"": -0.03650277853012085, ""1-2"": 0.8480393886566162}"
4130,0.15900090,"{""0-1"": -0.24505960941314697, ""0-2"": -0.05421828106045723, ""1-2"": 0.7762805819511414}"
4131,0.31924876,"{""0-1"": 0.9078142046928406, ""0-2"": 0.01820257492363453, ""1-2"": 0.031729500740766525}"
4132,0.17658911,"{""0-1"": 0.5179847478866577, ""0-2"": 0.01099064014852047, ""1-2"": 0.0007919315248727798}"
4133,0.99998999,"{""0-1"": 0.9999899864196777}"
4134,0.00000000,{}
4135,0.00000000,{}
4136,0.99999934,"{""0-1"": 0.9999993443489075}"
4137,1.00000012,"{""0-1"": 1.0000001192092896}"
4138,-0.03778108,"{""0-1"": -0.029849650338292122, ""0-2"": 0.004041201435029507, ""1-2"": -0.08753479272127151}"
4139,0.16507149,"{""0-1"": 0.0910458043217659, ""0-2"": 0.3754393756389618, ""1-2"": 0.028729287907481194}"
4140,0.00000000,{}
4141,-0.00955043,"{""0-1"": -0.02702428586781025, ""0-2"": 0.008125454187393188, ""1-2"": -0.00975247286260128}"
4142,0.50024606,"{""0-1"": 0.3373383581638336, ""0-2"": 0.18120861053466797, ""1-2"": 0.9821912050247192}"
4143,-0.05239858,"{""0-1"": -0.10753755271434784, ""0-2"": 0.03853345289826393, ""1-2"": -0.08819165080785751}"
4144,-0.02628874,"{""0-1"": -0.02628873661160469}"
4145,0.12823491,"{""0-1"": 0.14706699550151825, ""0-2"": 0.25334376096725464, ""1-2"": -0.015706028789281845}"
4146,0.79348373,"{""0-1"": 0.7934837341308594}"
4147,0.00000000,{}
4148,0.05957898,"{""0-1"": 0.0040631783194839954, ""0-2"": 0.05030510202050209, ""1-2"": 0.12436865270137787}"
4149,0.12823491,"{""0-1"": 0.14706699550151825, ""0-2"": 0.25334376096725464, ""1-2"": -0.015706028789281845}"
4150,-0.04041125,"{""0-1"": -0.07637219876050949, ""0-2"": -0.04720044881105423, ""1-2"": 0.0023389076814055443}"
4151,0.31736340,"{""0-1"": 0.1341571807861328, ""0-2"": 0.04441112279891968, ""1-2"": 0.773521900177002}"
4152,0.00000000,{}
4153,0.31128900,"{""0-1"": 0.07656551152467728, ""0-2"": 0.27887365221977234, ""1-2"": 0.5784278512001038}"
4154,0.05444535,"{""0-1"": -0.018819889053702354, ""0-2"": 0.17307615280151367, ""1-2"": 0.009079793468117714}"
4155,0.99728370,"{""0-1"": 0.9972836971282959}"
4156,0.93034482,"{""0-1"": 0.930344820022583}"
4157,0.97672796,"{""0-1"": 0.9767279624938965}"
4158,0.10206999,"{""0-1"": -0.028001485392451286, ""0-2"": -0.04454605281352997, ""1-2"": 0.378757506608963}"
4159,-0.00908104,"{""0-1"": 0.11487618833780289, ""0-2"": -0.07138241082429886, ""1-2"": -0.07073689252138138}"
4160,0.30396452,"{""0-1"": -0.05269654095172882, ""0-2"": 0.007739503867924213, ""1-2"": 0.9568505883216858}"
4161,0.05512165,"{""0-1"": 0.1335274875164032, ""0-2"": 0.05338987708091736, ""1-2"": -0.021552415564656258}"
4162,0.12598193,"{""0-1"": 0.13260933756828308, ""0-2"": 0.10659975558519363, ""1-2"": 0.13873670995235443}"
4163,-0.05555671,"{""0-1"": -0.025193121284246445, ""0-2"": -0.015317402780056, ""1-2"": -0.12615959346294403}"
4164,0.17967373,"{""0-1"": -0.01620885357260704, ""0-2"": -0.09052340686321259, ""1-2"": 0.6457534432411194}"
4165,0.02854884,"{""0-1"": 0.11862936615943909, ""0-2"": -0.024653755128383636, ""1-2"": -0.008329099975526333}"
4166,0.17658911,"{""0-1"": 0.5179847478866577, ""0-2"": 0.01099064014852047, ""1-2"": 0.0007919315248727798}"
4167,0.07409948,"{""0-1"": -0.03290377929806709, ""0-2"": 0.21188704669475555, ""1-2"": 0.04331517964601517}"
4168,0.01553596,"{""0-1"": 0.028362592682242393, ""0-2"": -0.0029385292436927557, ""1-2"": 0.021183820441365242}"
4169,0.96376789,"{""0-1"": 0.9637678861618042}"
4170,0.01539877,"{""0-1"": 0.07532475143671036, ""0-2"": -0.05393172800540924, ""1-2"": 0.0248032845556736}"
4171,-0.03016024,"{""0-1"": -0.062273573130369186, ""0-2"": -0.02559591457247734, ""1-2"": -0.0026112219784408808}"
4172,-0.09898940,"{""0-1"": -0.12446333467960358, ""0-2"": -0.042848531156778336, ""1-2"": -0.1296563297510147}"
4173,0.45715356,"{""0-1"": 0.4571535587310791}"
4174,0.04398977,"{""0-1"": 0.052437588572502136, ""0-2"": 0.056025248020887375, ""1-2"": 0.023506468161940575}"
4175,1.00000000,"{""0-1"": 1.0}"
4176,-0.01515270,"{""0-1"": -0.049259476363658905, ""0-2"": -0.015760177746415138, ""1-2"": 0.019561542198061943}"
4177,0.01543998,"{""0-1"": 0.04487510398030281, ""0-2"": 0.008438380435109138, ""1-2"": -0.006993552669882774}"
4178,0.49092920,"{""0-1"": 0.7936666011810303, ""0-2"": 0.05060724541544914, ""1-2"": 0.628513753414154}"
4179,0.18962930,"{""0-1"": 0.10981131345033646, ""0-2"": 0.31620317697525024, ""1-2"": 0.14287342131137848}"
4180,0.04526675,"{""0-1"": 0.025202270597219467, ""0-2"": 0.041995394974946976, ""1-2"": 0.06860257685184479}"
4181,-0.01573438,"{""0-1"": 0.03118157759308815, ""0-2"": 0.007096929010003805, ""1-2"": -0.085481658577919}"
4182,-0.03436903,"{""0-1"": -0.034369029104709625}"
4183,0.19352254,"{""0-1"": 0.19352254271507263}"
4184,0.97274673,"{""0-1"": 0.972746729850769}"
4185,0.00000000,{}
4186,0.54008216,"{""0-1"": 0.5400821566581726}"
4187,0.52565323,"{""0-1"": 0.31596142053604126, ""0-2"": 0.28699204325675964, ""1-2"": 0.9740062355995178}"
4188,0.08822236,"{""0-1"": 0.14723706245422363, ""0-2"": 0.10784568637609482, ""1-2"": 0.009584330022335052}"
4189,0.07816296,"{""0-1"": 0.17744462192058563, ""0-2"": 0.023233864456415176, ""1-2"": 0.03381038084626198}"
4190,0.27407398,"{""0-1"": 0.0004261528665665537, ""0-2"": 0.021610166877508163, ""1-2"": 0.8001856207847595}"
4191,0.38947879,"{""0-1"": 0.22108778357505798, ""0-2"": 0.633791983127594, ""1-2"": 0.31355661153793335}"
4192,0.05786784,"{""0-1"": 0.22892221808433533, ""0-2"": -0.02712647058069706, ""1-2"": -0.02819223329424858}"
4193,-0.03444340,"{""0-1"": -0.022550096735358238, ""0-2"": -0.04891373962163925, ""1-2"": -0.03186637535691261}"
4194,0.21138431,"{""0-1"": 0.2803976833820343, ""0-2"": 0.2430814504623413, ""1-2"": 0.11067379266023636}"
4195,0.06220448,"{""0-1"": -0.1415991336107254, ""0-2"": 0.1372484266757965, ""1-2"": 0.19096413254737854}"
4196,0.04730585,"{""0-1"": 0.04730585217475891}"
4197,0.05636384,"{""0-1"": 0.05636384338140488}"
4198,0.42964109,"{""0-1"": 0.9967920184135437, ""0-2"": 0.12076158821582794, ""1-2"": 0.17136965692043304}"
4199,0.28421580,"{""0-1"": -0.015699710696935654, ""0-2"": -0.02610914781689644, ""1-2"": 0.8944562673568726}"
4200,0.10672913,"{""0-1"": 0.10672912746667862}"
4201,-0.01515270,"{""0-1"": -0.049259476363658905, ""0-2"": -0.015760177746415138, ""1-2"": 0.019561542198061943}"
4202,0.37885025,"{""0-1"": 0.9991989135742188, ""0-2"": 0.06915050745010376, ""1-2"": 0.06820133328437805}"
4203,0.10403409,"{""0-1"": 0.29321083426475525, ""0-2"": 0.10051888972520828, ""1-2"": -0.08162744343280792}"
4204,0.44668375,"{""0-1"": 0.29866576194763184, ""0-2"": 0.838674783706665, ""1-2"": 0.20271070301532745}"
4205,0.35724188,"{""0-1"": 0.7183456420898438, ""0-2"": 0.23641471564769745, ""1-2"": 0.11696527153253555}"
4206,-0.12836577,"{""0-1"": -0.1644125133752823, ""0-2"": -0.03905856981873512, ""1-2"": -0.18162623047828674}"
4207,0.00000000,{}
4208,0.14738820,"{""0-1"": 0.14738820493221283}"
4209,-0.00386140,"{""0-1"": -0.07675822079181671, ""0-2"": 0.03372377157211304, ""1-2"": 0.03145025297999382}"
4210,0.38276317,"{""0-1"": 0.9990806579589844, ""0-2"": 0.0728863775730133, ""1-2"": 0.07632248103618622}"
4211,-0.00430052,"{""0-1"": -0.08685212582349777, ""0-2"": 0.039027139544487, ""1-2"": 0.03492341935634613}"
4212,0.00000000,{}
4213,0.69259000,"{""0-1"": 0.6925899982452393}"
4214,0.05121825,"{""0-1"": 0.026875576004385948, ""0-2"": 0.08968118578195572, ""1-2"": 0.037098001688718796}"
4215,0.09868832,"{""0-1"": 0.08236207813024521, ""0-2"": 0.18758715689182281, ""1-2"": 0.02611573040485382}"
4216,-0.02268445,"{""0-1"": -0.022684451192617416}"
4217,0.16771755,"{""0-1"": 0.3411575257778168, ""0-2"": -0.030944161117076874, ""1-2"": 0.19293928146362305}"
4218,-0.00153549,"{""0-1"": -0.04078507050871849, ""0-2"": 0.05958694964647293, ""1-2"": -0.02340836077928543}"
4219,0.29796049,"{""0-1"": -0.044097647070884705, ""0-2"": -0.0369449183344841, ""1-2"": 0.9749240279197693}"
4220,0.23351946,"{""0-1"": 0.23351946473121643}"
4221,-0.01645897,"{""0-1"": -0.0006360214320011437, ""0-2"": 0.025319229811429977, ""1-2"": -0.0740601047873497}"
4222,0.00000000,{}
4223,0.02846900,"{""0-1"": -0.06404339522123337, ""0-2"": 0.1495293229818344, ""1-2"": -7.893287693150342e-05}"
4224,0.02483987,"{""0-1"": 0.024839868769049644}"
4225,0.02724863,"{""0-1"": 0.10159782320261002, ""0-2"": -0.076620914041996, ""1-2"": 0.05676897615194321}"
4226,0.08353736,"{""0-1"": 0.08353735506534576}"
4227,-0.01023470,"{""0-1"": 0.045589517802000046, ""0-2"": 0.04545595496892929, ""1-2"": -0.12174958735704422}"
4228,0.47339794,"{""0-1"": 0.4733979403972626}"
4229,-0.04394721,"{""0-1"": -0.10871683061122894, ""0-2"": -0.0010251558851450682, ""1-2"": -0.02209964394569397}"
4230,0.05268385,"{""0-1"": 0.07697292417287827, ""0-2"": 0.06633475422859192, ""1-2"": 0.014743870124220848}"
4231,0.11405183,"{""0-1"": 0.11405183374881744}"
4232,0.02145758,"{""0-1"": 0.021457582712173462}"
4233,0.24794975,"{""0-1"": 0.2479497492313385}"
4234,0.07245667,"{""0-1"": 0.2015448361635208, ""0-2"": -0.04099204018712044, ""1-2"": 0.05681721121072769}"
4235,-0.00192722,"{""0-1"": -0.0009589996188879013, ""0-2"": 0.10013639181852341, ""1-2"": -0.10495905578136444}"
4236,0.99996769,"{""0-1"": 0.9999676942825317}"
4237,0.15579653,"{""0-1"": 0.15579652786254883}"
4238,0.30547216,"{""0-1"": -0.024339769035577774, ""0-2"": -0.033844951540231705, ""1-2"": 0.9746012091636658}"
4239,0.02022960,"{""0-1"": 0.05620163679122925, ""0-2"": -0.024703610688447952, ""1-2"": 0.0291907861828804}"
4240,0.07425887,"{""0-1"": 0.09807957708835602, ""0-2"": 0.0816902369260788, ""1-2"": 0.04300679266452789}"
4241,0.28099518,"{""0-1"": 0.07314597815275192, ""0-2"": -0.01593126729130745, ""1-2"": 0.785770833492279}"
4242,-0.02628874,"{""0-1"": -0.02628873661160469}"
4243,-0.01573438,"{""0-1"": 0.03118157759308815, ""0-2"": 0.007096929010003805, ""1-2"": -0.085481658577919}"
4244,-0.00447936,"{""0-1"": -0.028166718780994415, ""0-2"": 0.01136758178472519, ""1-2"": 0.003361055161803961}"
4245,-0.03347685,"{""0-1"": -0.0053754099644720554, ""0-2"": -0.10209906846284866, ""1-2"": 0.007043922320008278}"
4246,-0.02511930,"{""0-1"": -0.12804588675498962, ""0-2"": -0.050765492022037506, ""1-2"": 0.10345347970724106}"
4247,0.00000000,{}
4248,0.29191105,"{""0-1"": 0.010340643115341663, ""0-2"": -0.03213929012417793, ""1-2"": 0.8975318074226379}"
4249,0.99950528,"{""0-1"": 0.9995052814483643}"
4250,0.19311831,"{""0-1"": -0.18954724073410034, ""0-2"": 0.11557364463806152, ""1-2"": 0.653328537940979}"
4251,0.09350762,"{""0-1"": 0.09350761771202087}"
4252,0.00000000,{}
4253,-0.00444688,"{""0-1"": -0.03451188653707504, ""0-2"": -0.06994366645812988, ""1-2"": 0.09111490100622177}"
4254,0.85865599,"{""0-1"": 0.8586559891700745}"
4255,-0.03390605,"{""0-1"": -0.006392961367964745, ""0-2"": -0.007536919787526131, ""1-2"": -0.08778827637434006}"
4256,0.16399394,"{""0-1"": 0.23398280143737793, ""0-2"": 0.22706513106822968, ""1-2"": 0.03093387745320797}"
4257,0.05158098,"{""0-1"": 0.13683749735355377, ""0-2"": 0.030022116377949715, ""1-2"": -0.012116671539843082}"
4258,0.19705923,"{""0-1"": -0.023171575739979744, ""0-2"": 0.38360753655433655, ""1-2"": 0.2307417392730713}"
4259,0.13288052,"{""0-1"": -0.02912837453186512, ""0-2"": 0.3025978207588196, ""1-2"": 0.12517210841178894}"
4260,0.38689801,"{""0-1"": 0.386898010969162}"
4261,0.35009640,"{""0-1"": 0.8645355701446533, ""0-2"": 0.10058724880218506, ""1-2"": 0.08516638725996017}"
4262,0.11250335,"{""0-1"": 0.10609237849712372, ""0-2"": 0.12077426165342331, ""1-2"": 0.1106434017419815}"
4263,1.00000000,"{""0-1"": 1.0}"
4264,0.12421221,"{""0-1"": 0.35641202330589294, ""0-2"": -0.04491347447037697, ""1-2"": 0.0611380860209465}"
4265,0.23544295,"{""0-1"": 0.23544295132160187}"
4266,0.00000000,{}
4267,0.10994210,"{""0-1"": 0.1640259474515915, ""0-2"": 0.06240175664424896, ""1-2"": 0.10339859873056412}"
4268,-0.05839090,"{""0-1"": -0.12475533038377762, ""0-2"": -0.04327183961868286, ""1-2"": -0.007145525421947241}"
4269,0.31259618,"{""0-1"": 0.11831224709749222, ""0-2"": 0.010889156721532345, ""1-2"": 0.8085871338844299}"
4270,0.00430607,"{""0-1"": -0.06810349971055984, ""0-2"": 0.04390988498926163, ""1-2"": 0.037111833691596985}"
4271,0.06783824,"{""0-1"": 0.3129681348800659, ""0-2"": -0.08713172376155853, ""1-2"": -0.022321702912449837}"
4272,0.37585869,"{""0-1"": 0.9961907267570496, ""0-2"": 0.06834235787391663, ""1-2"": 0.06304298341274261}"
4273,0.76090038,"{""0-1"": 0.7609003782272339}"
4274,-0.05714397,"{""0-1"": -0.07133449614048004, ""0-2"": 0.015997571870684624, ""1-2"": -0.11609497666358948}"
4275,0.00000000,{}
4276,0.02387027,"{""0-1"": 0.02387027069926262}"
4277,0.16145283,"{""0-1"": 0.4431315064430237, ""0-2"": 0.0689096599817276, ""1-2"": -0.02768266387283802}"
4278,0.60427062,"{""0-1"": 0.9462741017341614, ""0-2"": 0.3414471745491028, ""1-2"": 0.5250905752182007}"
4279,0.04771999,"{""0-1"": -0.13139258325099945, ""0-2"": -0.006914030760526657, ""1-2"": 0.2814665734767914}"
4280,0.67629766,"{""0-1"": 0.676297664642334}"
4281,-0.00879140,"{""0-1"": 0.05159110203385353, ""0-2"": -0.07703781127929688, ""1-2"": -0.0009275003103539348}"
4282,0.99998999,"{""0-1"": 0.9999899864196777}"
4283,0.00966838,"{""0-1"": -0.03568559139966965, ""0-2"": 0.0509820319712162, ""1-2"": 0.013708705082535744}"
4284,0.15914510,"{""0-1"": 0.15914510190486908}"
4285,0.24903664,"{""0-1"": 0.24903663992881775}"
4286,-0.03914825,"{""0-1"": -0.07695908099412918, ""0-2"": -0.02720969170331955, ""1-2"": -0.013275975361466408}"
4287,0.00000000,{}
4288,0.01063141,"{""0-1"": 0.010631413199007511}"
4289,0.10446629,"{""0-1"": 0.007584897801280022, ""0-2"": 0.27024227380752563, ""1-2"": 0.03557170182466507}"
4290,0.99998999,"{""0-1"": 0.9999899864196777}"
4291,0.84050030,"{""0-1"": 0.8405002951622009}"
4292,0.04541807,"{""0-1"": -0.0726064071059227, ""0-2"": 0.16248758137226105, ""1-2"": 0.04637305065989494}"
4293,-0.01551436,"{""0-1"": 0.05726378783583641, ""0-2"": -0.06761422008275986, ""1-2"": -0.0361926406621933}"
4294,-0.03860224,"{""0-1"": -0.2103605568408966, ""0-2"": 0.1078592836856842, ""1-2"": -0.013305457308888435}"
4295,0.24304994,"{""0-1"": 0.13005408644676208, ""0-2"": 0.22524793446063995, ""1-2"": 0.3738478124141693}"
4296,0.98493004,"{""0-1"": 0.9849300384521484}"
4297,0.00000000,{}
4298,0.30747662,"{""0-1"": 0.6584382057189941, ""0-2"": 0.1088947132229805, ""1-2"": 0.15509694814682007}"
4299,0.02483987,"{""0-1"": 0.024839868769049644}"
4300,-0.04040504,"{""0-1"": -0.07937608659267426, ""0-2"": -0.08122926950454712, ""1-2"": 0.03939025104045868}"
4301,0.10495399,"{""0-1"": 0.011453300714492798, ""0-2"": 0.259190171957016, ""1-2"": 0.04421849548816681}"
4302,0.26596892,"{""0-1"": 0.3269295394420624, ""0-2"": 0.23586152493953705, ""1-2"": 0.23511570692062378}"
4303,0.09580443,"{""0-1"": 0.11786071956157684, ""0-2"": 0.19897568225860596, ""1-2"": -0.029423100873827934}"
4304,0.71426392,"{""0-1"": 0.714263916015625}"
4305,0.23285828,"{""0-1"": 0.5924127697944641, ""0-2"": 0.06254520267248154, ""1-2"": 0.0436168797314167}"
4306,-0.02820818,"{""0-1"": -0.028208181262016296}"
4307,0.99630213,"{""0-1"": 0.9963021278381348}"
4308,0.98493004,"{""0-1"": 0.9849300384521484}"
4309,0.20242842,"{""0-1"": 0.2024284154176712}"
4310,0.80835181,"{""0-1"": 0.8083518147468567}"
4311,0.30539367,"{""0-1"": 0.30539366602897644}"
4312,0.02022960,"{""0-1"": 0.05620163679122925, ""0-2"": -0.024703610688447952, ""1-2"": 0.0291907861828804}"
4313,0.36625841,"{""0-1"": 0.3662584125995636}"
4314,0.11335841,"{""0-1"": -0.24550296366214752, ""0-2"": 0.11756821721792221, ""1-2"": 0.46800997853279114}"
4315,-0.05042872,"{""0-1"": -0.06993898004293442, ""0-2"": -0.025844529271125793, ""1-2"": -0.05550264194607735}"
4316,0.05884103,"{""0-1"": 0.18903881311416626, ""0-2"": -0.03176570683717728, ""1-2"": 0.01924997568130493}"
4317,0.18551883,"{""0-1"": 0.18551883101463318}"
4318,0.17353599,"{""0-1"": -0.07149633020162582, ""0-2"": 0.4961012601852417, ""1-2"": 0.09600304067134857}"
4319,0.04723432,"{""0-1"": -0.006425896659493446, ""0-2"": 0.05972493067383766, ""1-2"": 0.08840394020080566}"
4320,0.38448871,"{""0-1"": 0.08043721318244934, ""0-2"": 0.13873980939388275, ""1-2"": 0.9342890977859497}"
4321,0.01012734,"{""0-1"": -0.011128725484013557, ""0-2"": 0.03801902383565903, ""1-2"": 0.0034917336888611317}"
4322,0.12578952,"{""0-1"": 0.12578952312469482}"
4323,0.30236775,"{""0-1"": -0.03403154015541077, ""0-2"": -0.03589906543493271, ""1-2"": 0.9770338535308838}"
4324,0.31595866,"{""0-1"": 0.017663655802607536, ""0-2"": 0.008984978310763836, ""1-2"": 0.9212273359298706}"
4325,0.24794975,"{""0-1"": 0.2479497492313385}"
4326,0.54008216,"{""0-1"": 0.5400821566581726}"
4327,-0.06263739,"{""0-1"": -0.12365180999040604, ""0-2"": 0.022369027137756348, ""1-2"": -0.08662939071655273}"
4328,0.98990077,"{""0-1"": 0.9899007678031921}"
4329,0.03698963,"{""0-1"": -0.012348521500825882, ""0-2"": 0.08101820200681686, ""1-2"": 0.04229920729994774}"
4330,0.29895338,"{""0-1"": 0.2989533841609955}"
4331,-0.13739905,"{""0-1"": -0.13739904761314392}"
4332,-0.00462509,"{""0-1"": -0.014544887468218803, ""0-2"": 0.0004853937425650656, ""1-2"": 0.00018422580615151674}"
4333,0.06537903,"{""0-1"": 0.3064669668674469, ""0-2"": 0.038269124925136566, ""1-2"": -0.14859899878501892}"
4334,-0.01518003,"{""0-1"": -0.015180034562945366}"
4335,0.11759807,"{""0-1"": 0.11759807169437408}"
4336,0.50780958,"{""0-1"": 0.507809579372406}"
4337,0.93688762,"{""0-1"": 0.9368876218795776}"
4338,0.37404665,"{""0-1"": 0.9986822605133057, ""0-2"": 0.06500022858381271, ""1-2"": 0.058457449078559875}"
4339,-0.06325378,"{""0-1"": -0.14386285841464996, ""0-2"": -0.039177604019641876, ""1-2"": -0.006720869801938534}"
4340,0.00000000,{}
4341,0.00290581,"{""0-1"": 0.052873849868774414, ""0-2"": -0.05253974348306656, ""1-2"": 0.008383329957723618}"
4342,0.01021708,"{""0-1"": 0.03394104912877083, ""0-2"": -0.04604407772421837, ""1-2"": 0.042754266411066055}"
4343,0.38184738,"{""0-1"": 0.3818473815917969}"
4344,0.30310957,"{""0-1"": 0.0883135125041008, ""0-2"": 0.01920212432742119, ""1-2"": 0.8018130660057068}"
4345,0.11040943,"{""0-1"": 0.11040943115949631}"
4346,0.14993572,"{""0-1"": 0.14993572235107422}"
4347,0.61761123,"{""0-1"": 0.6176112294197083}"
4348,-0.01681641,"{""0-1"": -0.04927361011505127, ""0-2"": 0.015846874564886093, ""1-2"": -0.017022496089339256}"
4349,1.00000000,"{""0-1"": 1.0}"
4350,0.00834149,"{""0-1"": 0.07326631247997284, ""0-2"": 0.014114219695329666, ""1-2"": -0.06235605105757713}"
4351,0.49185884,"{""0-1"": 0.4918588399887085}"
4352,0.01746045,"{""0-1"": 0.017460454255342484}"
4353,0.17079732,"{""0-1"": 0.4226108193397522, ""0-2"": 0.08552185446023941, ""1-2"": 0.004259282257407904}"
4354,0.00727777,"{""0-1"": 0.0072777667082846165}"
4355,0.41117173,"{""0-1"": 0.31854718923568726, ""0-2"": 0.6572206616401672, ""1-2"": 0.2577473521232605}"
4356,0.52599667,"{""0-1"": 0.2917693257331848, ""0-2"": 0.2927568554878235, ""1-2"": 0.9934638142585754}"
4357,0.98081779,"{""0-1"": 0.9808177947998047}"
4358,-0.03436903,"{""0-1"": -0.034369029104709625}"
4359,0.05131112,"{""0-1"": 0.24193175137043, ""0-2"": -0.03984993323683739, ""1-2"": -0.04814844951033592}"
4360,0.38832203,"{""0-1"": 0.38832202553749084}"
4361,0.02800680,"{""0-1"": 0.050936292856931686, ""0-2"": 0.06117558851838112, ""1-2"": -0.028091495856642723}"
4362,0.12956425,"{""0-1"": -0.03387974947690964, ""0-2"": 0.4094166159629822, ""1-2"": 0.013155884109437466}"
4363,0.12875862,"{""0-1"": 0.04625688120722771, ""0-2"": 0.32182201743125916, ""1-2"": 0.018196970224380493}"
4364,0.17404240,"{""0-1"": -0.06216341257095337, ""0-2"": -0.06694233417510986, ""1-2"": 0.6512329578399658}"
4365,-0.00654925,"{""0-1"": -0.06713990867137909, ""0-2"": 0.04020853713154793, ""1-2"": 0.007283620070666075}"
4366,0.11759807,"{""0-1"": 0.11759807169437408}"
4367,-0.04520015,"{""0-1"": -0.04520014673471451}"
4368,0.27738196,"{""0-1"": 0.277381956577301}"
4369,0.02022960,"{""0-1"": 0.05620163679122925, ""0-2"": -0.024703610688447952, ""1-2"": 0.0291907861828804}"
4370,-0.02993730,"{""0-1"": 0.05897717550396919, ""0-2"": 0.04929983615875244, ""1-2"": -0.19808891415596008}"
4371,0.02801347,"{""0-1"": -0.051780667155981064, ""0-2"": -0.07412490248680115, ""1-2"": 0.20994599163532257}"
4372,-0.02329061,"{""0-1"": -0.00853296834975481, ""0-2"": 0.043278440833091736, ""1-2"": -0.10461730509996414}"
4373,0.61209041,"{""0-1"": 0.6120904088020325}"
4374,0.09329349,"{""0-1"": 0.09682592004537582, ""0-2"": 0.045950766652822495, ""1-2"": 0.13710379600524902}"
4375,0.26055208,"{""0-1"": 0.2605520784854889}"
4376,-0.07419906,"{""0-1"": -0.12937913835048676, ""0-2"": -0.09314791858196259, ""1-2"": -7.012481364654377e-05}"
4377,0.22378564,"{""0-1"": 0.2237856388092041}"
4378,0.07958530,"{""0-1"": 0.3554598093032837, ""0-2"": -0.08968401700258255, ""1-2"": -0.027019890025258064}"
4379,-0.13914349,"{""0-1"": -0.11350685358047485, ""0-2"": -0.15095257759094238, ""1-2"": -0.1529710292816162}"
4380,0.00205627,"{""0-1"": -0.06923665851354599, ""0-2"": -0.011749333702027798, ""1-2"": 0.0871548056602478}"
4381,0.00834149,"{""0-1"": 0.07326631247997284, ""0-2"": 0.014114219695329666, ""1-2"": -0.06235605105757713}"
4382,0.00000000,{}
4383,0.04673792,"{""0-1"": 0.005310865584760904, ""0-2"": 0.019250161945819855, ""1-2"": 0.11565272510051727}"
4384,0.99996769,"{""0-1"": 0.9999676942825317}"
4385,0.75085616,"{""0-1"": 0.7508561611175537}"
4386,0.49822413,"{""0-1"": 0.7059962749481201, ""0-2"": 0.4329126477241516, ""1-2"": 0.3557634651660919}"
4387,0.31297415,"{""0-1"": -0.004318359773606062, ""0-2"": -0.013065934181213379, ""1-2"": 0.9563067555427551}"
4388,0.00000000,{}
4389,0.12578952,"{""0-1"": 0.12578952312469482}"
4390,0.96681356,"{""0-1"": 0.9668135643005371}"
4391,0.16468979,"{""0-1"": -0.012033495120704174, ""0-2"": -0.1784641593694687, ""1-2"": 0.6845670342445374}"
4392,0.02597672,"{""0-1"": 0.10373108834028244, ""0-2"": -0.014890152029693127, ""1-2"": -0.010910779237747192}"
4393,0.02387027,"{""0-1"": 0.02387027069926262}"
4394,0.08831889,"{""0-1"": -0.05310574546456337, ""0-2"": 0.27380773425102234, ""1-2"": 0.044254668056964874}"
4395,0.20231107,"{""0-1"": 0.41397881507873535, ""0-2"": 0.015045485459268093, ""1-2"": 0.17790891230106354}"
4396,0.35424796,"{""0-1"": 0.35424795746803284}"
4397,-0.11675911,"{""0-1"": -0.11675910651683807}"
4398,0.39100969,"{""0-1"": 0.39100968837738037}"
4399,0.03357722,"{""0-1"": -0.0011781806824728847, ""0-2"": -0.04380841180682182, ""1-2"": 0.1457182615995407}"
4400,0.16635737,"{""0-1"": 0.1663573682308197}"
4401,-0.07128676,"{""0-1"": -0.07128676027059555}"
4402,-0.05162682,"{""0-1"": -0.051626820117235184}"
4403,0.12663749,"{""0-1"": 0.08927179127931595, ""0-2"": 0.027284786105155945, ""1-2"": 0.26335588097572327}"
4404,-0.03336191,"{""0-1"": -0.045637261122465134, ""0-2"": -0.10918550193309784, ""1-2"": 0.05473702400922775}"
4405,0.04104256,"{""0-1"": 0.04104256257414818}"
4406,0.00379933,"{""0-1"": 0.10923371464014053, ""0-2"": -0.05073380842804909, ""1-2"": -0.04710191488265991}"
4407,0.02724863,"{""0-1"": 0.10159782320261002, ""0-2"": -0.076620914041996, ""1-2"": 0.05676897615194321}"
4408,0.23719015,"{""0-1"": 0.5703463554382324, ""0-2"": 0.004621191881597042, ""1-2"": 0.13660290837287903}"
4409,0.34440151,"{""0-1"": 0.3444015085697174}"
4410,0.99998999,"{""0-1"": 0.9999899864196777}"
4411,0.99597454,"{""0-1"": 0.9959745407104492}"
4412,-0.02353976,"{""0-1"": -0.16174857318401337, ""0-2"": -0.049704182893037796, ""1-2"": 0.14083346724510193}"
4413,0.11686242,"{""0-1"": 0.023363884538412094, ""0-2"": 0.31446340680122375, ""1-2"": 0.012759954668581486}"
4414,0.96411538,"{""0-1"": 0.9641153812408447}"
4415,0.10721490,"{""0-1"": 0.1974097639322281, ""0-2"": 0.1529553085565567, ""1-2"": -0.028720363974571228}"
4416,0.03739602,"{""0-1"": -0.04225653037428856, ""0-2"": 0.06900345534086227, ""1-2"": 0.08544114232063293}"
4417,0.99011028,"{""0-1"": 0.9901102781295776}"
4418,-0.06594366,"{""0-1"": -0.12810982763767242, ""0-2"": -0.04741927981376648, ""1-2"": -0.02230186015367508}"
4419,-0.01861034,"{""0-1"": -0.0782979428768158, ""0-2"": -0.026897136121988297, ""1-2"": 0.04936406761407852}"
4420,0.16394472,"{""0-1"": 0.07064366340637207, ""0-2"": 0.3830580711364746, ""1-2"": 0.03813241049647331}"
4421,0.15944449,"{""0-1"": 0.10356876999139786, ""0-2"": 0.42336025834083557, ""1-2"": -0.04859556630253792}"
4422,-0.05162682,"{""0-1"": -0.051626820117235184}"
4423,0.22165311,"{""0-1"": 0.6801149845123291, ""0-2"": -0.008980019018054008, ""1-2"": -0.006175626534968615}"
4424,0.97287714,"{""0-1"": 0.9728771448135376}"
4425,0.02387027,"{""0-1"": 0.02387027069926262}"
4426,0.02616671,"{""0-1"": 0.004646724089980125, ""0-2"": -0.05953256040811539, ""1-2"": 0.13338597118854523}"
4427,0.15247544,"{""0-1"": -0.05240342393517494, ""0-2"": -0.026788247749209404, ""1-2"": 0.5366179943084717}"
4428,0.00172891,"{""0-1"": 0.006167151965200901, ""0-2"": -0.014179853722453117, ""1-2"": 0.013199442066252232}"
4429,0.43035175,"{""0-1"": 0.9681057333946228, ""0-2"": 0.14497685432434082, ""1-2"": 0.17797265946865082}"
4430,0.00157394,"{""0-1"": -0.1203865185379982, ""0-2"": 0.048429593443870544, ""1-2"": 0.07667873799800873}"
4431,-0.01448303,"{""0-1"": -0.014483029954135418}"
4432,-0.02854145,"{""0-1"": -0.22142016887664795, ""0-2"": 0.05692152678966522, ""1-2"": 0.07887428998947144}"
4433,0.17025100,"{""0-1"": 0.4639979898929596, ""0-2"": 0.025402789935469627, ""1-2"": 0.021352212876081467}"
4434,0.02495146,"{""0-1"": 0.09245746582746506, ""0-2"": -0.02964726835489273, ""1-2"": 0.012044191360473633}"
4435,0.71488635,"{""0-1"": 0.8004766702651978, ""0-2"": 0.8410096168518066, ""1-2"": 0.503172755241394}"
4436,0.90694112,"{""0-1"": 0.9069411158561707}"
4437,0.04119642,"{""0-1"": 0.03913969546556473, ""0-2"": 0.1419435739517212, ""1-2"": -0.057494018226861954}"
4438,-0.10843469,"{""0-1"": -0.11038912832736969, ""0-2"": -0.24953605234622955, ""1-2"": 0.03462109714746475}"
4439,0.01369350,"{""0-1"": 0.028960848227143288, ""0-2"": 0.022219926118850708, ""1-2"": -0.010100264102220535}"
4440,0.42331930,"{""0-1"": 0.9973248839378357, ""0-2"": 0.11911379545927048, ""1-2"": 0.15351922810077667}"
4441,0.19412559,"{""0-1"": 0.19412559270858765}"
4442,0.08002611,"{""0-1"": 0.1851966232061386, ""0-2"": -0.03483903408050537, ""1-2"": 0.08972074836492538}"
4443,0.98798543,"{""0-1"": 0.9879854321479797}"
4444,0.01012734,"{""0-1"": -0.011128725484013557, ""0-2"": 0.03801902383565903, ""1-2"": 0.0034917336888611317}"
4445,0.20511577,"{""0-1"": -0.048378847539424896, ""0-2"": -0.06501705199480057, ""1-2"": 0.7287431955337524}"
4446,0.26503032,"{""0-1"": 0.2650303244590759}"
4447,0.12847218,"{""0-1"": 0.07464787364006042, ""0-2"": -0.010533502325415611, ""1-2"": 0.3213021755218506}"
4448,-0.05466032,"{""0-1"": -0.05466032400727272}"
4449,0.66775173,"{""0-1"": 0.6677517294883728}"
4450,0.24376099,"{""0-1"": 0.01727408915758133, ""0-2"": -0.06301163882017136, ""1-2"": 0.7770205140113831}"
4451,0.01539877,"{""0-1"": 0.07532475143671036, ""0-2"": -0.05393172800540924, ""1-2"": 0.0248032845556736}"
4452,-0.00494368,"{""0-1"": -0.15510834753513336, ""0-2"": 0.1644107699394226, ""1-2"": -0.024133462458848953}"
4453,-0.03449482,"{""0-1"": -0.04329057037830353, ""0-2"": 0.0015054531395435333, ""1-2"": -0.06169935688376427}"
4454,0.01913726,"{""0-1"": -0.05465611442923546, ""0-2"": 0.0003143710200674832, ""1-2"": 0.11175353080034256}"
4455,0.00000000,{}
4456,0.04719571,"{""0-1"": 0.047195710241794586}"
4457,0.00977018,"{""0-1"": -0.13130290806293488, ""0-2"": 0.09068956971168518, ""1-2"": 0.06992388516664505}"
4458,0.98595625,"{""0-1"": 0.9859562516212463}"
4459,0.04719571,"{""0-1"": 0.047195710241794586}"
4460,-0.02268445,"{""0-1"": -0.022684451192617416}"
4461,0.06042243,"{""0-1"": 0.11854671686887741, ""0-2"": 0.03211575001478195, ""1-2"": 0.030604828149080276}"
4462,0.14463317,"{""0-1"": 0.3522632122039795, ""0-2"": -0.08150802552700043, ""1-2"": 0.1631443202495575}"
4463,0.19396579,"{""0-1"": 0.19396579265594482}"
4464,0.03272137,"{""0-1"": 0.006272835191339254, ""0-2"": 0.06849049031734467, ""1-2"": 0.023400798439979553}"
4465,0.33316818,"{""0-1"": 0.3331681787967682}"
4466,0.10588776,"{""0-1"": 0.03170832619071007, ""0-2"": 0.23425433039665222, ""1-2"": 0.05170062556862831}"
4467,0.07017847,"{""0-1"": 0.07017847150564194}"
4468,-0.04064333,"{""0-1"": -0.017522504553198814, ""0-2"": -0.08125101029872894, ""1-2"": -0.023156484588980675}"
4469,0.18945206,"{""0-1"": 0.5885652899742126, ""0-2"": -0.07411964237689972, ""1-2"": 0.0539105199277401}"
4470,0.13896969,"{""0-1"": 0.20590539276599884, ""0-2"": 0.033911313861608505, ""1-2"": 0.17709237337112427}"
4471,-0.06570792,"{""0-1"": -0.11391407251358032, ""0-2"": -0.10055738687515259, ""1-2"": 0.01734769716858864}"
4472,0.06176429,"{""0-1"": 0.23549547791481018, ""0-2"": -0.039629265666007996, ""1-2"": -0.01057333406060934}"
4473,0.00000000,{}
4474,0.13535856,"{""0-1"": 0.1353585571050644}"
4475,0.10429325,"{""0-1"": 0.1663704514503479, ""0-2"": 0.02322986349463463, ""1-2"": 0.12327944487333298}"
4476,0.38102861,"{""0-1"": 0.38779503107070923, ""0-2"": -0.011383594013750553, ""1-2"": 0.7666743993759155}"
4477,-0.00929153,"{""0-1"": -0.009291525930166245}"
4478,-0.05769581,"{""0-1"": -0.05769580975174904}"
4479,0.02063196,"{""0-1"": 0.023543111979961395, ""0-2"": 0.08409730345010757, ""1-2"": -0.04574454203248024}"
4480,0.39100969,"{""0-1"": 0.39100968837738037}"
4481,0.10349418,"{""0-1"": 0.2544671893119812, ""0-2"": 0.009534776210784912, ""1-2"": 0.04648057743906975}"
4482,0.08855910,"{""0-1"": 0.043756499886512756, ""0-2"": 0.07819005101919174, ""1-2"": 0.1437307447195053}"
4483,-0.03494817,"{""0-1"": -0.06163763999938965, ""0-2"": 0.0008169146603904665, ""1-2"": -0.044023770838975906}"
4484,-0.07341587,"{""0-1"": -0.014808516018092632, ""0-2"": -0.07544489204883575, ""1-2"": -0.129994198679924}"
4485,0.99999988,"{""0-1"": 0.9999998807907104}"
4486,0.06132043,"{""0-1"": -0.032839253544807434, ""0-2"": 0.17234744131565094, ""1-2"": 0.04445309564471245}"
4487,-0.01185468,"{""0-1"": -0.012119133956730366, ""0-2"": 0.022011099383234978, ""1-2"": -0.04545600339770317}"
4488,0.06295224,"{""0-1"": -0.0199960395693779, ""0-2"": 0.03496426343917847, ""1-2"": 0.17388848960399628}"
4489,0.23351946,"{""0-1"": 0.23351946473121643}"
4490,0.04273492,"{""0-1"": 0.016157886013388634, ""0-2"": 0.04599863290786743, ""1-2"": 0.06604824215173721}"
4491,0.15247544,"{""0-1"": -0.05240342393517494, ""0-2"": -0.026788247749209404, ""1-2"": 0.5366179943084717}"
4492,0.00458333,"{""0-1"": 0.004583326168358326}"
4493,0.06160163,"{""0-1"": -0.171495720744133, ""0-2"": 0.15997609496116638, ""1-2"": 0.19632451236248016}"
4494,0.00000000,{}
4495,0.18102331,"{""0-1"": 0.18102331459522247}"
4496,0.01177651,"{""0-1"": -0.03492565453052521, ""0-2"": 0.0508129745721817, ""1-2"": 0.019442221149802208}"
4497,0.16110135,"{""0-1"": 0.37551313638687134, ""0-2"": 0.06568875163793564, ""1-2"": 0.0421021543443203}"
4498,-0.01448303,"{""0-1"": -0.014483029954135418}"
4499,0.13030449,"{""0-1"": 0.018245773389935493, ""0-2"": 0.17485855519771576, ""1-2"": 0.1978091299533844}"
4500,-0.04309582,"{""0-1"": -0.14548565447330475, ""0-2"": 0.01142280362546444, ""1-2"": 0.004775379318743944}"
4501,-0.00908104,"{""0-1"": 0.11487618833780289, ""0-2"": -0.07138241082429886, ""1-2"": -0.07073689252138138}"
4502,0.90195960,"{""0-1"": 0.9019595980644226}"
4503,0.00000000,{}
4504,0.46564902,"{""0-1"": 0.22207525372505188, ""0-2"": 0.20363962650299072, ""1-2"": 0.9712321758270264}"
4505,0.02438729,"{""0-1"": 0.04151546582579613, ""0-2"": 0.015587070025503635, ""1-2"": 0.016059324145317078}"
4506,0.00000000,{}
4507,0.05636384,"{""0-1"": 0.05636384338140488}"
4508,0.99999994,"{""0-1"": 0.9999999403953552}"
4509,0.45077164,"{""0-1"": 0.4784408211708069, ""0-2"": 0.38356414437294006, ""1-2"": 0.4903099536895752}"
4510,0.50780958,"{""0-1"": 0.507809579372406}"
4511,0.16820953,"{""0-1"": 0.005220999009907246, ""0-2"": -0.08285246789455414, ""1-2"": 0.5822600722312927}"
4512,-0.03992737,"{""0-1"": -0.023714309558272362, ""0-2"": -0.0008352130535058677, ""1-2"": -0.09523259848356247}"
4513,0.00000000,{}
4514,-0.00741354,"{""0-1"": 0.027901552617549896, ""0-2"": -0.17576196789741516, ""1-2"": 0.1256197839975357}"
4515,-0.02268445,"{""0-1"": -0.022684451192617416}"
4516,0.97489989,"{""0-1"": 0.9748998880386353}"
4517,0.04891068,"{""0-1"": -0.00020160499843768775, ""0-2"": 0.12386884540319443, ""1-2"": 0.023064790293574333}"
4518,0.08970260,"{""0-1"": 0.01828761026263237, ""0-2"": 0.11813011765480042, ""1-2"": 0.13269008696079254}"
4519,0.00171375,"{""0-1"": 0.09329380095005035, ""0-2"": -0.059000082314014435, ""1-2"": -0.029152467846870422}"
4520,0.03864221,"{""0-1"": 0.09234689176082611, ""0-2"": 0.06755148619413376, ""1-2"": -0.04397174343466759}"
4521,0.05830203,"{""0-1"": 0.09205117076635361, ""0-2"": 0.05754917860031128, ""1-2"": 0.025305740535259247}"
4522,0.10594530,"{""0-1"": 0.11844392865896225, ""0-2"": -0.04436503350734711, ""1-2"": 0.24375700950622559}"
4523,0.09935161,"{""0-1"": 0.2367834746837616, ""0-2"": 0.11528457701206207, ""1-2"": -0.0540132150053978}"
4524,0.32498335,"{""0-1"": 0.050190359354019165, ""0-2"": 0.7060536742210388, ""1-2"": 0.21870602667331696}"
4525,0.19078673,"{""0-1"": 0.19078673422336578}"
4526,0.31453810,"{""0-1"": 0.0022232523187994957, ""0-2"": 0.01750612072646618, ""1-2"": 0.923884928226471}"
4527,-0.02341005,"{""0-1"": -0.06882026046514511, ""0-2"": -0.06659602373838425, ""1-2"": 0.06518612056970596}"
4528,0.12994900,"{""0-1"": 0.12994900345802307}"
4529,0.26018077,"{""0-1"": 0.2601807713508606}"
4530,-0.06725221,"{""0-1"": -0.0040315017104148865, ""0-2"": -0.02569332718849182, ""1-2"": -0.17203180491924286}"
4531,0.43505631,"{""0-1"": 0.9985724091529846, ""0-2"": 0.13523995876312256, ""1-2"": 0.17135655879974365}"
4532,0.02438729,"{""0-1"": 0.04151546582579613, ""0-2"": 0.015587070025503635, ""1-2"": 0.016059324145317078}"
4533,0.03428943,"{""0-1"": 0.03428942710161209}"
4534,0.03836135,"{""0-1"": -0.06445589661598206, ""0-2"": 0.0818115696310997, ""1-2"": 0.09772836416959763}"
4535,0.09326790,"{""0-1"": 0.34547069668769836, ""0-2"": -0.04142141714692116, ""1-2"": -0.02424558252096176}"
4536,0.02530333,"{""0-1"": -0.039323486387729645, ""0-2"": -0.010577420704066753, ""1-2"": 0.125810906291008}"
4537,0.45715356,"{""0-1"": 0.4571535587310791}"
4538,0.03259051,"{""0-1"": -0.045612335205078125, ""0-2"": 0.08877213299274445, ""1-2"": 0.05461172014474869}"
4539,0.00000000,{}
4540,0.43035175,"{""0-1"": 0.9681057333946228, ""0-2"": 0.14497685432434082, ""1-2"": 0.17797265946865082}"
4541,0.00000000,{}
4542,0.03685521,"{""0-1"": -0.09577413648366928, ""0-2"": 0.05142606049776077, ""1-2"": 0.15491370856761932}"
4543,0.00393659,"{""0-1"": -0.1054115891456604, ""0-2"": 0.04894715175032616, ""1-2"": 0.06827419996261597}"
4544,0.38075775,"{""0-1"": 0.9992547035217285, ""0-2"": 0.07057357579469681, ""1-2"": 0.07244496047496796}"
4545,-0.00048276,"{""0-1"": 0.05807507783174515, ""0-2"": -0.07287658005952835, ""1-2"": 0.013353211805224419}"
4546,0.28231324,"{""0-1"": -0.07996772229671478, ""0-2"": -0.0661456510424614, ""1-2"": 0.9930530786514282}"
4547,0.21193256,"{""0-1"": 0.04746590554714203, ""0-2"": -0.06499306112527847, ""1-2"": 0.6533248424530029}"
4548,-0.00728628,"{""0-1"": -0.002882119733840227, ""0-2"": 0.06786821782588959, ""1-2"": -0.08684492856264114}"
4549,0.17353599,"{""0-1"": -0.07149633020162582, ""0-2"": 0.4961012601852417, ""1-2"": 0.09600304067134857}"
4550,0.12485740,"{""0-1"": -0.017131667584180832, ""0-2"": 0.0046638245694339275, ""1-2"": 0.38704004883766174}"
4551,0.17658911,"{""0-1"": 0.5179847478866577, ""0-2"": 0.01099064014852047, ""1-2"": 0.0007919315248727798}"
4552,0.00325688,"{""0-1"": 0.06473559886217117, ""0-2"": 0.017050612717866898, ""1-2"": -0.07201558351516724}"
4553,0.00393659,"{""0-1"": -0.1054115891456604, ""0-2"": 0.04894715175032616, ""1-2"": 0.06827419996261597}"
4554,0.00459402,"{""0-1"": -0.03254207968711853, ""0-2"": 0.03681092709302902, ""1-2"": 0.00951320119202137}"
4555,0.64797264,"{""0-1"": 0.6479726433753967}"
4556,0.23973158,"{""0-1"": 0.2397315800189972}"
4557,0.00000000,{}
4558,0.00000000,{}
4559,0.15944449,"{""0-1"": 0.10356876999139786, ""0-2"": 0.42336025834083557, ""1-2"": -0.04859556630253792}"
4560,0.01482552,"{""0-1"": 0.014825515449047089}"
4561,0.30257255,"{""0-1"": 0.3025725483894348}"
4562,0.39344003,"{""0-1"": 0.41754472255706787, ""0-2"": 0.0006563588976860046, ""1-2"": 0.7621189951896667}"
4563,0.25426639,"{""0-1"": 0.6298679709434509, ""0-2"": 0.020842986181378365, ""1-2"": 0.11208820343017578}"
4564,-0.00191846,"{""0-1"": -0.026908081024885178, ""0-2"": 0.024503841996192932, ""1-2"": -0.0033511340152472258}"
4565,0.99768448,"{""0-1"": 0.9976844787597656}"
4566,0.01613918,"{""0-1"": 0.016139183193445206}"
4567,0.02737351,"{""0-1"": -0.05315309390425682, ""0-2"": 0.02868172712624073, ""1-2"": 0.10659190267324448}"
4568,0.00000000,{}
4569,-0.02510261,"{""0-1"": -0.025102609768509865}"
4570,0.30024699,"{""0-1"": 0.3607633411884308, ""0-2"": 0.11334764957427979, ""1-2"": 0.4266299903392792}"
4571,0.04398977,"{""0-1"": 0.052437588572502136, ""0-2"": 0.056025248020887375, ""1-2"": 0.023506468161940575}"
4572,0.01046889,"{""0-1"": 0.08551600575447083, ""0-2"": -0.05209975317120552, ""1-2"": -0.002009596908465028}"
4573,0.04956381,"{""0-1"": 0.09445048123598099, ""0-2"": -0.050216253846883774, ""1-2"": 0.10445721447467804}"
4574,0.50717148,"{""0-1"": 0.33555179834365845, ""0-2"": 0.20198622345924377, ""1-2"": 0.983976423740387}"
4575,0.10756794,"{""0-1"": 0.10756794363260269}"
4576,0.03737670,"{""0-1"": 0.03860241547226906, ""0-2"": 0.045071858912706375, ""1-2"": 0.028455816209316254}"
4577,0.01024390,"{""0-1"": -0.01690669357776642, ""0-2"": -0.05711902678012848, ""1-2"": 0.1047574132680893}"
4578,0.06257051,"{""0-1"": 0.15343794226646423, ""0-2"": -0.043341755867004395, ""1-2"": 0.07761534303426743}"
4579,-0.04729952,"{""0-1"": -0.10065130144357681, ""0-2"": -0.0397150032222271, ""1-2"": -0.0015322555555030704}"
4580,0.02067410,"{""0-1"": -0.02074245549738407, ""0-2"": 0.03374464064836502, ""1-2"": 0.04902012646198273}"
4581,-0.00922883,"{""0-1"": -0.009228833019733429}"
4582,0.18716358,"{""0-1"": -0.04474682733416557, ""0-2"": -0.12329403311014175, ""1-2"": 0.7295315861701965}"
4583,0.10699913,"{""0-1"": 0.0005648594815284014, ""0-2"": 0.3567834794521332, ""1-2"": -0.03635094687342644}"
4584,0.05430005,"{""0-1"": 0.14499825239181519, ""0-2"": 0.014552019536495209, ""1-2"": 0.0033498830161988735}"
4585,0.15579653,"{""0-1"": 0.15579652786254883}"
4586,0.20242842,"{""0-1"": 0.2024284154176712}"
4587,-0.06594366,"{""0-1"": -0.12810982763767242, ""0-2"": -0.04741927981376648, ""1-2"": -0.02230186015367508}"
4588,0.07422167,"{""0-1"": 0.074221670627594}"
4589,0.97427440,"{""0-1"": 0.9742743968963623}"
4590,0.00277733,"{""0-1"": -0.08586634695529938, ""0-2"": -0.039845407009124756, ""1-2"": 0.13404375314712524}"
4591,0.02763384,"{""0-1"": 0.019914187490940094, ""0-2"": 0.04828719422221184, ""1-2"": 0.014700149185955524}"
4592,0.26503032,"{""0-1"": 0.2650303244590759}"
4593,0.84050030,"{""0-1"": 0.8405002951622009}"
4594,0.97364104,"{""0-1"": 0.973641037940979}"
4595,0.17253322,"{""0-1"": -0.034602947533130646, ""0-2"": -0.08004811406135559, ""1-2"": 0.6322507262229919}"
4596,1.00000000,"{""0-1"": 1.0}"
4597,0.00000000,{}
4598,-0.05162682,"{""0-1"": -0.051626820117235184}"
4599,0.05154140,"{""0-1"": -0.011203447356820107, ""0-2"": 0.15643003582954407, ""1-2"": 0.009397624991834164}"
4600,0.35424796,"{""0-1"": 0.35424795746803284}"
4601,0.34737315,"{""0-1"": 0.6331214308738708, ""0-2"": -0.01754208654165268, ""1-2"": 0.4265401065349579}"
4602,0.04797289,"{""0-1"": 0.1477135270833969, ""0-2"": -0.05505713075399399, ""1-2"": 0.0512622594833374}"
4603,0.02628475,"{""0-1"": 0.026284754276275635}"
4604,0.43153647,"{""0-1"": 0.6634557843208313, ""0-2"": 0.06739424169063568, ""1-2"": 0.5637593865394592}"
4605,0.12091205,"{""0-1"": 0.12424010783433914, ""0-2"": 0.07198546826839447, ""1-2"": 0.16651056706905365}"
4606,0.10333078,"{""0-1"": 0.10333078354597092}"
4607,-0.10826819,"{""0-1"": -0.04814886301755905, ""0-2"": -0.2062336653470993, ""1-2"": -0.07042204588651657}"
4608,0.23973243,"{""0-1"": 0.4224351644515991, ""0-2"": 0.05932086706161499, ""1-2"": 0.2374412566423416}"
4609,0.13714604,"{""0-1"": 0.11456450819969177, ""0-2"": 0.2763945758342743, ""1-2"": 0.020479021593928337}"
4610,0.17834617,"{""0-1"": 0.47987863421440125, ""0-2"": 0.027417181059718132, ""1-2"": 0.027742702513933182}"
4611,0.23146258,"{""0-1"": -0.0772533193230629, ""0-2"": 0.036957550793886185, ""1-2"": 0.7346835136413574}"
4612,0.02394249,"{""0-1"": 0.06579533964395523, ""0-2"": 0.09052333980798721, ""1-2"": -0.08449120074510574}"
4613,0.33715381,"{""0-1"": 0.9534627795219421, ""0-2"": 0.019340619444847107, ""1-2"": 0.03865804150700569}"
4614,0.10516819,"{""0-1"": -0.14033925533294678, ""0-2"": 0.06682062894105911, ""1-2"": 0.38902318477630615}"
4615,0.40618014,"{""0-1"": 0.40618014335632324}"
4616,-0.03319279,"{""0-1"": -0.07419896870851517, ""0-2"": -0.030785903334617615, ""1-2"": 0.0054064905270934105}"
4617,0.03540953,"{""0-1"": 0.047704752534627914, ""0-2"": 0.014958704821765423, ""1-2"": 0.04356513172388077}"
4618,0.04850425,"{""0-1"": -0.012363219633698463, ""0-2"": 0.11285688728094101, ""1-2"": 0.04501907154917717}"
4619,0.02022960,"{""0-1"": 0.05620163679122925, ""0-2"": -0.024703610688447952, ""1-2"": 0.0291907861828804}"
4620,-0.00008250,"{""0-1"": 0.056191880255937576, ""0-2"": -0.08050872385501862, ""1-2"": 0.02406933531165123}"
4621,0.99996769,"{""0-1"": 0.9999676942825317}"
4622,0.42964109,"{""0-1"": 0.9967920184135437, ""0-2"": 0.12076158821582794, ""1-2"": 0.17136965692043304}"
4623,0.36858344,"{""0-1"": 0.9967179298400879, ""0-2"": 0.060490112751722336, ""1-2"": 0.04854227975010872}"
4624,0.26238301,"{""0-1"": 0.26238301396369934}"
4625,0.07316631,"{""0-1"": -0.09379378706216812, ""0-2"": 0.1644660383462906, ""1-2"": 0.14882667362689972}"
4626,0.17465851,"{""0-1"": 0.4130553603172302, ""0-2"": 0.01700199767947197, ""1-2"": 0.09391818195581436}"
4627,0.02601952,"{""0-1"": 0.10069485753774643, ""0-2"": 0.08029165863990784, ""1-2"": -0.10292796790599823}"
4628,0.87046266,"{""0-1"": 0.8704626560211182}"
4629,0.49951109,"{""0-1"": 0.49951109290122986}"
4630,0.09662722,"{""0-1"": 0.05085364729166031, ""0-2"": -0.055678024888038635, ""1-2"": 0.2947060465812683}"
4631,0.12487668,"{""0-1"": 0.44717007875442505, ""0-2"": 0.14220525324344635, ""1-2"": -0.21474529802799225}"
4632,0.30897123,"{""0-1"": 0.2131032794713974, ""0-2"": 0.5943761467933655, ""1-2"": 0.11943425238132477}"
4633,-0.10284971,"{""0-1"": -0.10284971445798874}"
4634,0.99996769,"{""0-1"": 0.9999676942825317}"
4635,0.00000000,{}
4636,-0.01515270,"{""0-1"": -0.049259476363658905, ""0-2"": -0.015760177746415138, ""1-2"": 0.019561542198061943}"
4637,-0.03970864,"{""0-1"": 0.02869943529367447, ""0-2"": -0.07227230817079544, ""1-2"": -0.0755530446767807}"
4638,0.18052835,"{""0-1"": 0.3830728828907013, ""0-2"": 0.07327020168304443, ""1-2"": 0.08524197340011597}"
4639,0.25398565,"{""0-1"": 0.5878351926803589, ""0-2"": 0.10320325940847397, ""1-2"": 0.0709184855222702}"
4640,0.04968577,"{""0-1"": 0.0496857687830925}"
4641,0.62444886,"{""0-1"": 0.7189365029335022, ""0-2"": 0.5543642640113831, ""1-2"": 0.6000458002090454}"
4642,-0.01537491,"{""0-1"": -0.04230343550443649, ""0-2"": -0.016188371926546097, ""1-2"": 0.012367064133286476}"
4643,0.21774546,"{""0-1"": 0.03873702138662338, ""0-2"": -0.03415070101618767, ""1-2"": 0.648650050163269}"
4644,1.00000012,"{""0-1"": 1.0000001192092896}"
4645,0.19841248,"{""0-1"": 0.1984124779701233}"
4646,-0.04428976,"{""0-1"": -0.0820544883608818, ""0-2"": -0.04450955614447594, ""1-2"": -0.006305244285613298}"
4647,0.18868373,"{""0-1"": 0.18868373334407806}"
4648,0.23351946,"{""0-1"": 0.23351946473121643}"
4649,0.07343209,"{""0-1"": 0.0734320878982544}"
4650,0.23973158,"{""0-1"": 0.2397315800189972}"
4651,-0.00919009,"{""0-1"": 0.04422375559806824, ""0-2"": -0.08791538327932358, ""1-2"": 0.016121352091431618}"
4652,0.11750591,"{""0-1"": 0.1813475489616394, ""0-2"": 0.09707219898700714, ""1-2"": 0.07409797608852386}"
4653,0.32511162,"{""0-1"": 0.46848949790000916, ""0-2"": 0.399890661239624, ""1-2"": 0.10695469379425049}"
4654,0.03272137,"{""0-1"": 0.006272835191339254, ""0-2"": 0.06849049031734467, ""1-2"": 0.023400798439979553}"
4655,0.31058817,"{""0-1"": 0.03614553436636925, ""0-2"": -0.045276276767253876, ""1-2"": 0.9408952593803406}"
4656,0.00000000,{}
4657,0.28793172,"{""0-1"": 0.0078999949619174, ""0-2"": 0.0016825346974655986, ""1-2"": 0.8542126417160034}"
4658,0.02005788,"{""0-1"": 0.020626932382583618, ""0-2"": -0.0659278854727745, ""1-2"": 0.10547460615634918}"
4659,0.19842162,"{""0-1"": 0.0443984679877758, ""0-2"": 0.28116920590400696, ""1-2"": 0.2696971893310547}"
4660,-0.02626850,"{""0-1"": -0.0718442052602768, ""0-2"": -0.156049445271492, ""1-2"": 0.14908814430236816}"
4661,1.00000000,"{""0-1"": 1.0}"
4662,0.00325688,"{""0-1"": 0.06473559886217117, ""0-2"": 0.017050612717866898, ""1-2"": -0.07201558351516724}"
4663,-0.03505439,"{""0-1"": -0.11656063795089722, ""0-2"": 0.07678606361150742, ""1-2"": -0.06538859009742737}"
4664,0.03156104,"{""0-1"": -0.00818431656807661, ""0-2"": 0.05099222809076309, ""1-2"": 0.051875196397304535}"
4665,-0.00906564,"{""0-1"": -0.008200082927942276, ""0-2"": 0.004476887173950672, ""1-2"": -0.02347370982170105}"
4666,-0.07146803,"{""0-1"": 0.0422857329249382, ""0-2"": -0.08673311024904251, ""1-2"": -0.16995669901371002}"
4667,-0.04862083,"{""0-1"": -0.08912616968154907, ""0-2"": -0.11648138612508774, ""1-2"": 0.05974506959319115}"
4668,-0.04433247,"{""0-1"": 0.009122221730649471, ""0-2"": -0.035657335072755814, ""1-2"": -0.10646230727434158}"
4669,0.04067723,"{""0-1"": -0.10230664163827896, ""0-2"": 0.07673199474811554, ""1-2"": 0.14760634303092957}"
4670,-0.00797516,"{""0-1"": -0.00797516293823719}"
4671,-0.01256722,"{""0-1"": -0.034337833523750305, ""0-2"": 0.0010148275177925825, ""1-2"": -0.004378661513328552}"
4672,0.79194766,"{""0-1"": 0.7919476628303528}"
4673,-0.01632778,"{""0-1"": -0.01632777787744999}"
4674,-0.04596499,"{""0-1"": -0.07851121574640274, ""0-2"": -0.04339965805411339, ""1-2"": -0.01598408631980419}"
4675,0.98992115,"{""0-1"": 0.9899211525917053}"
4676,0.43360764,"{""0-1"": 0.9060035347938538, ""0-2"": 0.18583321571350098, ""1-2"": 0.20898617804050446}"
4677,0.01763926,"{""0-1"": 0.18532174825668335, ""0-2"": -0.05277983099222183, ""1-2"": -0.07962413877248764}"
4678,-0.01515270,"{""0-1"": -0.049259476363658905, ""0-2"": -0.015760177746415138, ""1-2"": 0.019561542198061943}"
4679,0.00440451,"{""0-1"": 0.0737132653594017, ""0-2"": 0.00040240585803985596, ""1-2"": -0.06090213358402252}"
4680,-0.00185785,"{""0-1"": 0.05164086073637009, ""0-2"": -0.031685106456279755, ""1-2"": -0.02552930638194084}"
4681,-0.00957288,"{""0-1"": -0.07062941789627075, ""0-2"": 0.032336220145225525, ""1-2"": 0.00957454927265644}"
4682,0.83422947,"{""0-1"": 0.8342294692993164}"
4684,0.53187331,"{""0-1"": 0.29844027757644653, ""0-2"": 0.3658900856971741, ""1-2"": 0.931289553642273}"
4685,-0.00008250,"{""0-1"": 0.056191880255937576, ""0-2"": -0.08050872385501862, ""1-2"": 0.02406933531165123}"
4686,0.46178447,"{""0-1"": 0.6418538689613342, ""0-2"": 0.1560557633638382, ""1-2"": 0.5874437689781189}"
4687,0.25120926,"{""0-1"": 0.2512092590332031}"
4688,0.00000000,{}
4689,0.96961623,"{""0-1"": 0.9696162343025208}"
4690,-0.04894658,"{""0-1"": -0.13818031549453735, ""0-2"": 0.0018015840323641896, ""1-2"": -0.010460997931659222}"
4691,0.29246850,"{""0-1"": -0.014152475632727146, ""0-2"": 0.01800577901303768, ""1-2"": 0.8735522031784058}"
4692,0.99999869,"{""0-1"": 0.9999986886978149}"
4693,0.09329349,"{""0-1"": 0.09682592004537582, ""0-2"": 0.045950766652822495, ""1-2"": 0.13710379600524902}"
4694,0.98684078,"{""0-1"": 0.9868407845497131}"
4695,0.04983033,"{""0-1"": -0.03361005336046219, ""0-2"": 0.2202475368976593, ""1-2"": -0.03714648634195328}"
4696,0.04889075,"{""0-1"": 0.10038478672504425, ""0-2"": -0.03933628275990486, ""1-2"": 0.08562373369932175}"
4697,0.30349084,"{""0-1"": 0.5022119879722595, ""0-2"": 0.33039018511772156, ""1-2"": 0.07787033915519714}"
4698,0.09098137,"{""0-1"": 0.10945787280797958, ""0-2"": 0.0051644532941281796, ""1-2"": 0.1583217829465866}"
4699,-0.04119243,"{""0-1"": 0.01320449449121952, ""0-2"": -0.20938128232955933, ""1-2"": 0.07259950041770935}"
4700,-0.06582544,"{""0-1"": -0.0658254399895668}"
4701,-0.04180111,"{""0-1"": -0.04180110618472099}"
4702,0.19896148,"{""0-1"": 0.19896148145198822}"
4703,0.25529568,"{""0-1"": 0.7253449559211731, ""0-2"": 0.05732308700680733, ""1-2"": -0.016781004145741463}"
4704,0.05827705,"{""0-1"": 0.0018339194357395172, ""0-2"": 0.04942914471030235, ""1-2"": 0.12356807291507721}"
4705,0.01788293,"{""0-1"": 0.02121458761394024, ""0-2"": -0.050477273762226105, ""1-2"": 0.08291146159172058}"
4706,0.57766694,"{""0-1"": 0.5776669383049011}"
4707,-0.00922215,"{""0-1"": -0.040288668125867844, ""0-2"": -0.024090521037578583, ""1-2"": 0.03671273961663246}"
4708,0.00000000,{}
4709,0.07430788,"{""0-1"": 0.1676616221666336, ""0-2"": 0.04288360849022865, ""1-2"": 0.012378410436213017}"
4710,0.03224966,"{""0-1"": 0.022171519696712494, ""0-2"": 0.032384391874074936, ""1-2"": 0.042193055152893066}"
4711,0.18338037,"{""0-1"": 0.44715017080307007, ""0-2"": 0.056274063885211945, ""1-2"": 0.04671686142683029}"
4712,0.29853111,"{""0-1"": -0.02857574261724949, ""0-2"": 0.0340837799012661, ""1-2"": 0.8900852799415588}"
4713,0.14017215,"{""0-1"": 0.06338468939065933, ""0-2"": 0.3409915864467621, ""1-2"": 0.01614016480743885}"
4714,0.28106654,"{""0-1"": -0.08186641335487366, ""0-2"": -0.06833768635988235, ""1-2"": 0.9934037327766418}"
4715,0.03192408,"{""0-1"": 0.08407453447580338, ""0-2"": -0.009823523461818695, ""1-2"": 0.02152121625840664}"
4716,0.19789262,"{""0-1"": 0.11852278560400009, ""0-2"": 0.17725539207458496, ""1-2"": 0.29789969325065613}"
4717,0.13240848,"{""0-1"": -0.09202765673398972, ""0-2"": 0.41433170437812805, ""1-2"": 0.07492139935493469}"
4718,0.10770830,"{""0-1"": 0.09359842538833618, ""0-2"": 0.21078942716121674, ""1-2"": 0.018737059086561203}"
4719,0.00000000,{}
4720,0.08029083,"{""0-1"": 0.261152982711792, ""0-2"": -0.056941766291856766, ""1-2"": 0.03666127473115921}"
4721,0.98949593,"{""0-1"": 0.9894959330558777}"
4722,0.07340768,"{""0-1"": 0.22047191858291626, ""0-2"": -0.09151443839073181, ""1-2"": 0.09126556664705276}"
4723,0.25120547,"{""0-1"": 0.5197561383247375, ""0-2"": 0.15485550463199615, ""1-2"": 0.07900477945804596}"
4724,0.10434019,"{""0-1"": -0.056933168321847916, ""0-2"": 0.040554095059633255, ""1-2"": 0.32939964532852173}"
4725,0.37092204,"{""0-1"": 0.3863236606121063, ""0-2"": 0.6433669924736023, ""1-2"": 0.08307545632123947}"
4726,0.98696256,"{""0-1"": 0.9869625568389893}"
4727,-0.03456726,"{""0-1"": -0.016447488218545914, ""0-2"": -0.021878870204091072, ""1-2"": -0.0653754249215126}"
4728,-0.06079792,"{""0-1"": -0.10145604610443115, ""0-2"": -0.08719164878129959, ""1-2"": 0.006253923289477825}"
4729,0.12167117,"{""0-1"": 0.4433159828186035, ""0-2"": -0.08858794718980789, ""1-2"": 0.010285462252795696}"
4730,-0.02509707,"{""0-1"": -0.03194518759846687, ""0-2"": -0.01595933549106121, ""1-2"": -0.02738669328391552}"
4731,-0.04307243,"{""0-1"": -0.013950483873486519, ""0-2"": -0.1442582756280899, ""1-2"": 0.0289914608001709}"
4732,-0.00796426,"{""0-1"": 0.011468840762972832, ""0-2"": -0.006187607534229755, ""1-2"": -0.02917400561273098}"
4733,0.86078018,"{""0-1"": 0.8607801795005798}"
4734,0.00000000,{}
4735,0.23452894,"{""0-1"": 0.23452894389629364}"
4736,-0.09712958,"{""0-1"": -0.20272581279277802, ""0-2"": 0.09325781464576721, ""1-2"": -0.18192073702812195}"
4737,0.97002029,"{""0-1"": 0.9700202941894531}"
4738,0.20242842,"{""0-1"": 0.2024284154176712}"
4739,0.99998784,"{""0-1"": 0.9999878406524658}"
4740,0.14361157,"{""0-1"": 0.38362109661102295, ""0-2"": -0.08335573971271515, ""1-2"": 0.13056933879852295}"
4741,0.03224966,"{""0-1"": 0.022171519696712494, ""0-2"": 0.032384391874074936, ""1-2"": 0.042193055152893066}"
4742,0.05926363,"{""0-1"": 0.15258361399173737, ""0-2"": 0.09971073269844055, ""1-2"": -0.07450345158576965}"
4743,0.22297284,"{""0-1"": 0.2229728400707245}"
4744,0.03392083,"{""0-1"": 0.03392082825303078}"
4745,-0.05826262,"{""0-1"": -0.1897444725036621, ""0-2"": 0.029196524992585182, ""1-2"": -0.014239899814128876}"
4746,-0.00814919,"{""0-1"": 0.001010993029922247, ""0-2"": -0.03552094101905823, ""1-2"": 0.010062373243272305}"
4747,-0.02294269,"{""0-1"": -0.08000212162733078, ""0-2"": -0.0357598140835762, ""1-2"": 0.04693387448787689}"
4748,0.83087903,"{""0-1"": 0.8308790326118469}"
4749,0.02934486,"{""0-1"": 0.04579836130142212, ""0-2"": 0.0033014120999723673, ""1-2"": 0.03893481567502022}"
4750,0.00000000,{}
4751,0.33209770,"{""0-1"": 0.12189601361751556, ""0-2"": 0.18025445938110352, ""1-2"": 0.6941426396369934}"
4752,-0.01319573,"{""0-1"": -0.008682559244334698, ""0-2"": -0.09304054826498032, ""1-2"": 0.062135908752679825}"
4753,0.26935265,"{""0-1"": 0.05071709305047989, ""0-2"": 0.10577632486820221, ""1-2"": 0.6515645384788513}"
4754,0.12794921,"{""0-1"": 0.3882076144218445, ""0-2"": -0.0830642431974411, ""1-2"": 0.07870425283908844}"
4755,0.08336105,"{""0-1"": 0.3212518095970154, ""0-2"": -0.04671768844127655, ""1-2"": -0.02445097640156746}"
4756,0.26003082,"{""0-1"": 0.05350262299180031, ""0-2"": 0.01518164947628975, ""1-2"": 0.7114081978797913}"
4757,0.00000000,{}
4758,0.05279262,"{""0-1"": 0.08834811300039291, ""0-2"": 0.048004209995269775, ""1-2"": 0.02202552556991577}"
4759,0.05512165,"{""0-1"": 0.1335274875164032, ""0-2"": 0.05338987708091736, ""1-2"": -0.021552415564656258}"
4760,0.76138324,"{""0-1"": 0.7613832354545593}"
4761,0.21586864,"{""0-1"": 0.39832571148872375, ""0-2"": 0.11090860515832901, ""1-2"": 0.13837161660194397}"
4762,0.09401987,"{""0-1"": 0.09401987493038177}"
4763,0.99998999,"{""0-1"": 0.9999899864196777}"
4764,0.99580830,"{""0-1"": 0.9958083033561707}"
4765,0.34863638,"{""0-1"": 0.9564733505249023, ""0-2"": 0.03444181755185127, ""1-2"": 0.05499397590756416}"
4766,0.12043044,"{""0-1"": 0.11029822379350662, ""0-2"": 0.08030972629785538, ""1-2"": 0.1706833690404892}"
4767,0.00966010,"{""0-1"": -0.06310642510652542, ""0-2"": 0.005881830584257841, ""1-2"": 0.0862049087882042}"
4768,0.04968577,"{""0-1"": 0.0496857687830925}"
4769,0.15914510,"{""0-1"": 0.15914510190486908}"
4770,0.34819962,"{""0-1"": 0.7369028329849243, ""0-2"": -0.09354781359434128, ""1-2"": 0.40124383568763733}"
4771,0.04104256,"{""0-1"": 0.04104256257414818}"
4772,0.03664405,"{""0-1"": 0.14760209619998932, ""0-2"": -0.08761313557624817, ""1-2"": 0.04994318261742592}"
4773,0.25120926,"{""0-1"": 0.2512092590332031}"
4774,-0.00704372,"{""0-1"": -0.053818587213754654, ""0-2"": 0.02694801799952984, ""1-2"": 0.005739409476518631}"
4775,0.08455307,"{""0-1"": 0.1575198620557785, ""0-2"": -0.04927016794681549, ""1-2"": 0.14540952444076538}"
4776,0.24575850,"{""0-1"": 0.02305060625076294, ""0-2"": -0.041219089180231094, ""1-2"": 0.7554439902305603}"
4777,0.03259252,"{""0-1"": -0.03889800235629082, ""0-2"": 0.17367373406887054, ""1-2"": -0.036998167634010315}"
4778,0.99999994,"{""0-1"": 0.9999999403953552}"
4779,0.44759655,"{""0-1"": 0.44759654998779297}"
4780,-0.06325378,"{""0-1"": -0.14386285841464996, ""0-2"": -0.039177604019641876, ""1-2"": -0.006720869801938534}"
4781,-0.02586640,"{""0-1"": 0.03514394164085388, ""0-2"": -0.05236804485321045, ""1-2"": -0.060375090688467026}"
4782,-0.11707639,"{""0-1"": -0.20138533413410187, ""0-2"": 0.04135291650891304, ""1-2"": -0.1911967396736145}"
4783,-0.02628874,"{""0-1"": -0.02628873661160469}"
4784,0.91946697,"{""0-1"": 0.9194669723510742}"
4785,0.00629815,"{""0-1"": 0.033129870891571045, ""0-2"": -0.01031120028346777, ""1-2"": -0.0039242166094481945}"
4786,0.10349418,"{""0-1"": 0.2544671893119812, ""0-2"": 0.009534776210784912, ""1-2"": 0.04648057743906975}"
4787,-0.11798190,"{""0-1"": -0.1268247812986374, ""0-2"": -0.09857388585805893, ""1-2"": -0.1285470426082611}"
4788,0.12823491,"{""0-1"": 0.14706699550151825, ""0-2"": 0.25334376096725464, ""1-2"": -0.015706028789281845}"
4789,0.21047475,"{""0-1"": -0.17711013555526733, ""0-2"": 0.013085776939988136, ""1-2"": 0.7954486012458801}"
4790,0.07137563,"{""0-1"": -0.13880422711372375, ""0-2"": 0.04846242442727089, ""1-2"": 0.30446869134902954}"
4791,0.15754902,"{""0-1"": 0.15754902362823486}"
4792,0.07304907,"{""0-1"": 0.46692922711372375, ""0-2"": -0.14245645701885223, ""1-2"": -0.10532554984092712}"
4793,0.84050030,"{""0-1"": 0.8405002951622009}"
4794,0.04104256,"{""0-1"": 0.04104256257414818}"
4795,0.49185884,"{""0-1"": 0.4918588399887085}"
4796,0.02483987,"{""0-1"": 0.024839868769049644}"
4797,0.02483987,"{""0-1"": 0.024839868769049644}"
4798,0.99996769,"{""0-1"": 0.9999676942825317}"
4799,0.23472062,"{""0-1"": 0.2347206175327301}"
4800,0.06866071,"{""0-1"": 0.3040750324726105, ""0-2"": -0.10648389160633087, ""1-2"": 0.008391001261770725}"
4801,0.14154363,"{""0-1"": 0.14154362678527832}"
4802,0.21954891,"{""0-1"": -0.06672995537519455, ""0-2"": 0.05654946342110634, ""1-2"": 0.6688272356987}"
4803,0.22474912,"{""0-1"": 0.362337201833725, ""0-2"": 0.0712553933262825, ""1-2"": 0.24065476655960083}"
4804,0.01284610,"{""0-1"": 0.07269599288702011, ""0-2"": 0.0385858491063118, ""1-2"": -0.07274354249238968}"
4805,0.07827985,"{""0-1"": 0.04713171347975731, ""0-2"": 0.06963362544775009, ""1-2"": 0.1180742159485817}"
4806,0.15288132,"{""0-1"": 0.15288132429122925}"
4807,0.28194264,"{""0-1"": 0.2819426357746124}"
4808,0.23351946,"{""0-1"": 0.23351946473121643}"
4809,-0.02770665,"{""0-1"": 0.009545807726681232, ""0-2"": -0.04092417657375336, ""1-2"": -0.0517415814101696}"
4810,-0.05310837,"{""0-1"": -0.12002108991146088, ""0-2"": -0.03252948448061943, ""1-2"": -0.006774533540010452}"
4811,0.00000000,{}
4812,0.07984239,"{""0-1"": 0.01993720419704914, ""0-2"": 0.03781428933143616, ""1-2"": 0.18177568912506104}"
4813,-0.02000470,"{""0-1"": 0.010332833975553513, ""0-2"": -0.08568396419286728, ""1-2"": 0.015337019227445126}"
4814,0.00172891,"{""0-1"": 0.006167151965200901, ""0-2"": -0.014179853722453117, ""1-2"": 0.013199442066252232}"
4815,0.22930175,"{""0-1"": -0.006146612111479044, ""0-2"": -0.028999194502830505, ""1-2"": 0.7230510711669922}"
4816,-0.07662107,"{""0-1"": -0.07878078520298004, ""0-2"": -0.07359712570905685, ""1-2"": -0.07748530805110931}"
4817,0.06720600,"{""0-1"": 0.06893467158079147, ""0-2"": -0.10787586122751236, ""1-2"": 0.2405591756105423}"
4818,0.06273471,"{""0-1"": 0.024404149502515793, ""0-2"": 0.02600315771996975, ""1-2"": 0.13779683411121368}"
4819,0.03316429,"{""0-1"": 0.10774175077676773, ""0-2"": -0.04455295205116272, ""1-2"": 0.03630407527089119}"
4820,0.04535428,"{""0-1"": -0.03167834132909775, ""0-2"": 0.18028663098812103, ""1-2"": -0.01254543662071228}"
4821,0.40475357,"{""0-1"": 0.40475356578826904}"
4822,-0.08324672,"{""0-1"": -0.08324671536684036}"
4823,-0.00908104,"{""0-1"": 0.11487618833780289, ""0-2"": -0.07138241082429886, ""1-2"": -0.07073689252138138}"
4824,0.05320275,"{""0-1"": -0.0021834722720086575, ""0-2"": 0.04072744771838188, ""1-2"": 0.12106426805257797}"
4825,0.31136004,"{""0-1"": -0.0038237718399614096, ""0-2"": -0.00974344927817583, ""1-2"": 0.9476473331451416}"
4826,0.57766694,"{""0-1"": 0.5776669383049011}"
4827,0.37015052,"{""0-1"": 0.8635172247886658, ""0-2"": 1.606720434210729e-05, ""1-2"": 0.24691826105117798}"
4828,0.02614371,"{""0-1"": 0.10292448103427887, ""0-2"": -0.047818318009376526, ""1-2"": 0.023324981331825256}"
4829,0.03340283,"{""0-1"": 0.033402834087610245}"
4830,-0.01595348,"{""0-1"": -0.01722824200987816, ""0-2"": 0.003671353217214346, ""1-2"": -0.034303538501262665}"
4831,0.01122276,"{""0-1"": 0.011222761124372482}"
4832,0.57168210,"{""0-1"": 0.5716820955276489}"
4833,0.99755132,"{""0-1"": 0.9975513219833374}"
4834,0.14017215,"{""0-1"": 0.06338468939065933, ""0-2"": 0.3409915864467621, ""1-2"": 0.01614016480743885}"
4835,0.16066352,"{""0-1"": 0.0016347701894119382, ""0-2"": -0.013979381881654263, ""1-2"": 0.4943351745605469}"
4836,0.06440205,"{""0-1"": 0.15487705171108246, ""0-2"": 0.05104087293148041, ""1-2"": -0.012711782939732075}"
4837,-0.00423107,"{""0-1"": -0.05646488070487976, ""0-2"": 0.024407947435975075, ""1-2"": 0.019363723695278168}"
4838,0.04786779,"{""0-1"": 0.08024813234806061, ""0-2"": 0.07845153659582138, ""1-2"": -0.015096298418939114}"
4839,-0.04180111,"{""0-1"": -0.04180110618472099}"
4840,0.46127412,"{""0-1"": 0.461274117231369}"
4841,0.15030853,"{""0-1"": 0.1503085345029831}"
4842,-0.02105622,"{""0-1"": -0.05852525681257248, ""0-2"": 0.03629954159259796, ""1-2"": -0.04094293341040611}"
4843,0.09329349,"{""0-1"": 0.09682592004537582, ""0-2"": 0.045950766652822495, ""1-2"": 0.13710379600524902}"
4844,-0.02537893,"{""0-1"": -0.24142210185527802, ""0-2"": -0.07066065818071365, ""1-2"": 0.23594596982002258}"
4845,-0.01632778,"{""0-1"": -0.01632777787744999}"
4846,0.32723403,"{""0-1"": 0.32723402976989746}"
4847,0.65400851,"{""0-1"": 0.6540085077285767}"
4848,0.25120926,"{""0-1"": 0.2512092590332031}"
4849,0.05320275,"{""0-1"": -0.0021834722720086575, ""0-2"": 0.04072744771838188, ""1-2"": 0.12106426805257797}"
4850,0.10959291,"{""0-1"": 0.10959291458129883}"
4851,0.37364833,"{""0-1"": 0.05842931568622589, ""0-2"": 0.8563021421432495, ""1-2"": 0.20621353387832642}"
4852,-0.05943154,"{""0-1"": -0.04175705462694168, ""0-2"": -0.009616808034479618, ""1-2"": -0.12692075967788696}"
4853,0.82680416,"{""0-1"": 0.8268041610717773}"
4854,0.04725232,"{""0-1"": -0.00901695154607296, ""0-2"": 0.011706261895596981, ""1-2"": 0.1390676349401474}"
4855,0.39109407,"{""0-1"": 0.08691316097974777, ""0-2"": 0.9904467463493347, ""1-2"": 0.0959223061800003}"
4856,0.15815163,"{""0-1"": 0.15307091176509857, ""0-2"": 0.2617572247982025, ""1-2"": 0.059626758098602295}"
4857,0.03428943,"{""0-1"": 0.03428942710161209}"
4858,-0.00174097,"{""0-1"": -0.025036919862031937, ""0-2"": 0.015053152106702328, ""1-2"": 0.004760844632983208}"
4859,0.02022960,"{""0-1"": 0.05620163679122925, ""0-2"": -0.024703610688447952, ""1-2"": 0.0291907861828804}"
4860,-0.02268445,"{""0-1"": -0.022684451192617416}"
4861,0.05520822,"{""0-1"": 0.1157861202955246, ""0-2"": 0.03511251136660576, ""1-2"": 0.01472601667046547}"
4862,-0.02862871,"{""0-1"": -0.12133262306451797, ""0-2"": 0.037930767983198166, ""1-2"": -0.0024842710699886084}"
4863,0.02928317,"{""0-1"": -0.07842687517404556, ""0-2"": 0.08292368799448013, ""1-2"": 0.08335269242525101}"
4864,0.00260436,"{""0-1"": -0.0667603388428688, ""0-2"": 0.02999790757894516, ""1-2"": 0.04457550123333931}"
4865,0.15776655,"{""0-1"": -0.06767448782920837, ""0-2"": 0.4311814606189728, ""1-2"": 0.10979267954826355}"
4866,0.35724188,"{""0-1"": 0.7183456420898438, ""0-2"": 0.23641471564769745, ""1-2"": 0.11696527153253555}"
4867,0.31700432,"{""0-1"": 0.7841659784317017, ""0-2"": 0.10089276731014252, ""1-2"": 0.06595420837402344}"
4868,0.00172891,"{""0-1"": 0.006167151965200901, ""0-2"": -0.014179853722453117, ""1-2"": 0.013199442066252232}"
4869,0.02301571,"{""0-1"": -0.020616967231035233, ""0-2"": 0.11055535078048706, ""1-2"": -0.02089124359190464}"
4870,0.15972891,"{""0-1"": 0.15972891449928284}"
4871,0.05279262,"{""0-1"": 0.08834811300039291, ""0-2"": 0.048004209995269775, ""1-2"": 0.02202552556991577}"
4872,0.00000000,{}
4873,0.12008999,"{""0-1"": 0.05187898129224777, ""0-2"": 0.07444874942302704, ""1-2"": 0.23394222557544708}"
4874,0.03874952,"{""0-1"": 0.1129055842757225, ""0-2"": -0.04427686706185341, ""1-2"": 0.04761984199285507}"
4875,0.37509539,"{""0-1"": 0.9967834949493408, ""0-2"": 0.07038509100675583, ""1-2"": 0.058117590844631195}"
4876,0.14738820,"{""0-1"": 0.14738820493221283}"
4877,-0.00156091,"{""0-1"": 0.02245166338980198, ""0-2"": -0.013494209386408329, ""1-2"": -0.01364018302410841}"
4878,0.03737670,"{""0-1"": 0.03860241547226906, ""0-2"": 0.045071858912706375, ""1-2"": 0.028455816209316254}"
4879,0.11686242,"{""0-1"": 0.023363884538412094, ""0-2"": 0.31446340680122375, ""1-2"": 0.012759954668581486}"
4880,0.38113448,"{""0-1"": 0.06098175793886185, ""0-2"": 0.9226883053779602, ""1-2"": 0.159733384847641}"
4881,-0.03411998,"{""0-1"": -0.03411997854709625}"
4882,0.07270628,"{""0-1"": 0.07270628213882446}"
4883,0.38368410,"{""0-1"": 0.38368409872055054}"
4884,-0.05955253,"{""0-1"": -0.04584458842873573, ""0-2"": -0.0946282371878624, ""1-2"": -0.0381847620010376}"
4885,0.22411908,"{""0-1"": 0.22411908209323883}"
4886,0.05843407,"{""0-1"": 0.05843406915664673}"
4887,0.00260436,"{""0-1"": -0.0667603388428688, ""0-2"": 0.02999790757894516, ""1-2"": 0.04457550123333931}"
4888,0.99999988,"{""0-1"": 0.9999998807907104}"
4889,0.05436932,"{""0-1"": 0.05436931923031807}"
4890,0.16394472,"{""0-1"": 0.07064366340637207, ""0-2"": 0.3830580711364746, ""1-2"": 0.03813241049647331}"
4891,0.07607519,"{""0-1"": 0.07607518881559372}"
4892,0.08831889,"{""0-1"": -0.05310574546456337, ""0-2"": 0.27380773425102234, ""1-2"": 0.044254668056964874}"
4893,0.39100969,"{""0-1"": 0.39100968837738037}"
4894,-0.06935521,"{""0-1"": -0.06935521215200424}"
4895,0.02111280,"{""0-1"": 0.07828036695718765, ""0-2"": -0.006383993197232485, ""1-2"": -0.008557974360883236}"
4896,0.05692049,"{""0-1"": -0.10675785690546036, ""0-2"": 0.3262169659137726, ""1-2"": -0.04869765043258667}"
4897,0.04208543,"{""0-1"": 0.09207916259765625, ""0-2"": 0.014779341407120228, ""1-2"": 0.019397780299186707}"
4898,-0.09293734,"{""0-1"": -0.01689971424639225, ""0-2"": -0.14223797619342804, ""1-2"": -0.11967433243989944}"
4899,0.92311811,"{""0-1"": 0.9231181144714355}"
4900,0.01207170,"{""0-1"": 0.06820257008075714, ""0-2"": 0.007049677427858114, ""1-2"": -0.039037153124809265}"
4901,0.00000000,{}
4902,0.11827715,"{""0-1"": 0.11827714741230011}"
4903,0.19396579,"{""0-1"": 0.19396579265594482}"
4904,0.00000000,{}
4905,-0.05383838,"{""0-1"": 0.03381434455513954, ""0-2"": -0.07916978746652603, ""1-2"": -0.11615968495607376}"
4906,0.15914510,"{""0-1"": 0.15914510190486908}"
4907,0.02368540,"{""0-1"": 0.0767766684293747, ""0-2"": -0.04128792881965637, ""1-2"": 0.03556745499372482}"
4908,0.71471238,"{""0-1"": 0.714712381362915}"
4909,-0.00245058,"{""0-1"": -0.002450581407174468}"
4910,0.01746045,"{""0-1"": 0.017460454255342484}"
4911,-0.00068136,"{""0-1"": -0.024175958707928658, ""0-2"": -0.013539065606892109, ""1-2"": 0.0356709361076355}"
4912,0.47985093,"{""0-1"": 0.9788520932197571, ""0-2"": 0.13828083872795105, ""1-2"": 0.3224198520183563}"
4913,-0.00965626,"{""0-1"": -0.028306934982538223, ""0-2"": -0.004732666537165642, ""1-2"": 0.004070834256708622}"
4914,0.09150113,"{""0-1"": 0.12365639954805374, ""0-2"": 0.041722189635038376, ""1-2"": 0.1091248095035553}"
4915,0.99636602,"{""0-1"": 0.996366024017334}"
4916,0.17691778,"{""0-1"": 0.13669072091579437, ""0-2"": 0.015000296756625175, ""1-2"": 0.37906232476234436}"
4917,0.00000000,{}
4918,0.05996476,"{""0-1"": 0.05996476113796234}"
4919,-0.01338577,"{""0-1"": -0.013385769911110401}"
4920,0.00085941,"{""0-1"": -0.06575623899698257, ""0-2"": 0.03213963285088539, ""1-2"": 0.036194849759340286}"
4921,0.06923874,"{""0-1"": 0.10336360335350037, ""0-2"": -0.08610095083713531, ""1-2"": 0.19045357406139374}"
4922,0.01548773,"{""0-1"": -0.0380711555480957, ""0-2"": 0.08498995751142502, ""1-2"": -0.00045559965656138957}"
4923,-0.04085593,"{""0-1"": -0.040855925530195236}"
4924,-0.02003955,"{""0-1"": -0.03066370077431202, ""0-2"": -0.034854233264923096, ""1-2"": 0.005399283487349749}"
4925,0.65400851,"{""0-1"": 0.6540085077285767}"
4926,-0.07649247,"{""0-1"": -0.07649247348308563}"
4927,0.16622059,"{""0-1"": 0.4853770136833191, ""0-2"": -0.07487156242132187, ""1-2"": 0.0881563052535057}"
4928,0.17519884,"{""0-1"": 0.03665110096335411, ""0-2"": 0.03198935464024544, ""1-2"": 0.45695605874061584}"
4929,0.02259755,"{""0-1"": -0.0696113184094429, ""0-2"": -0.11252530664205551, ""1-2"": 0.2499292641878128}"
4930,0.05530657,"{""0-1"": 0.043830446898937225, ""0-2"": 0.12342902272939682, ""1-2"": -0.001339745707809925}"
4931,0.26580444,"{""0-1"": 0.8839359283447266, ""0-2"": 0.0026989439502358437, ""1-2"": -0.0892215445637703}"
4932,0.00000000,{}
4933,-0.01941940,"{""0-1"": -0.048647426068782806, ""0-2"": -0.022376934066414833, ""1-2"": 0.012766152620315552}"
4934,0.28876901,"{""0-1"": 0.831778347492218, ""0-2"": -0.04167653247714043, ""1-2"": 0.07620522379875183}"
4935,0.01746045,"{""0-1"": 0.017460454255342484}"
4936,0.37970769,"{""0-1"": 0.9995258450508118, ""0-2"": 0.06964891403913498, ""1-2"": 0.06994830071926117}"
4937,0.00325688,"{""0-1"": 0.06473559886217117, ""0-2"": 0.017050612717866898, ""1-2"": -0.07201558351516724}"
4938,-0.04119243,"{""0-1"": 0.01320449449121952, ""0-2"": -0.20938128232955933, ""1-2"": 0.07259950041770935}"
4939,0.25267407,"{""0-1"": 0.25267407298088074}"
4940,0.19396579,"{""0-1"": 0.19396579265594482}"
4941,0.24068947,"{""0-1"": -0.11952164769172668, ""0-2"": 0.06520707905292511, ""1-2"": 0.7763829827308655}"
4942,0.54691839,"{""0-1"": 0.5469183921813965}"
4943,0.26503032,"{""0-1"": 0.2650303244590759}"
4944,-0.07003320,"{""0-1"": -0.010322131216526031, ""0-2"": -0.032162200659513474, ""1-2"": -0.16761527955532074}"
4945,-0.03041003,"{""0-1"": -0.08403044193983078, ""0-2"": 0.0391974151134491, ""1-2"": -0.04639705270528793}"
4946,0.03122833,"{""0-1"": 0.02147211879491806, ""0-2"": -0.004185237921774387, ""1-2"": 0.0763980969786644}"
4947,0.02172650,"{""0-1"": 0.021726496517658234}"
4948,0.10773663,"{""0-1"": 0.4076850414276123, ""0-2"": -0.053482212126255035, ""1-2"": -0.03099292889237404}"
4949,0.46652863,"{""0-1"": 0.24137184023857117, ""0-2"": 0.18983080983161926, ""1-2"": 0.968383252620697}"
4950,-0.06116075,"{""0-1"": -0.061160750687122345}"
4951,-0.03326991,"{""0-1"": -0.030041230842471123, ""0-2"": -0.006299567874521017, ""1-2"": -0.06346892565488815}"
4952,-0.00789194,"{""0-1"": 0.10094704478979111, ""0-2"": -0.09040335565805435, ""1-2"": -0.03421952202916145}"
4953,-0.02873214,"{""0-1"": -0.06495042145252228, ""0-2"": 0.021127117797732353, ""1-2"": -0.04237312451004982}"
4954,0.25398565,"{""0-1"": 0.5878351926803589, ""0-2"": 0.10320325940847397, ""1-2"": 0.0709184855222702}"
4955,-0.05651012,"{""0-1"": -0.022765666246414185, ""0-2"": -0.09820548444986343, ""1-2"": -0.04855921119451523}"
4956,0.37452692,"{""0-1"": 0.3745269179344177}"
4957,-0.01592646,"{""0-1"": 0.04621611163020134, ""0-2"": -0.007487897295504808, ""1-2"": -0.08650758862495422}"
4958,-0.08462091,"{""0-1"": -0.194214329123497, ""0-2"": -0.044918786734342575, ""1-2"": -0.014729618094861507}"
4959,0.32619636,"{""0-1"": 0.03701464459300041, ""0-2"": 0.03209321200847626, ""1-2"": 0.9094812273979187}"
4960,0.11965525,"{""0-1"": -0.006018761545419693, ""0-2"": 0.16870933771133423, ""1-2"": 0.19627517461776733}"
4961,-0.01115460,"{""0-1"": -0.07093099504709244, ""0-2"": 0.004293748643249273, ""1-2"": 0.03317343443632126}"
4962,0.01763926,"{""0-1"": 0.18532174825668335, ""0-2"": -0.05277983099222183, ""1-2"": -0.07962413877248764}"
4963,0.41365551,"{""0-1"": 0.10370710492134094, ""0-2"": 0.17013293504714966, ""1-2"": 0.9671264886856079}"
4964,0.00000000,{}
4965,0.37300714,"{""0-1"": 0.9973853826522827, ""0-2"": 0.0618833564221859, ""1-2"": 0.0597526915371418}"
4966,0.01369350,"{""0-1"": 0.028960848227143288, ""0-2"": 0.022219926118850708, ""1-2"": -0.010100264102220535}"
4967,0.05601385,"{""0-1"": 0.13917459547519684, ""0-2"": 0.012904469855129719, ""1-2"": 0.015962477773427963}"
4968,0.00000000,{}
4969,-0.01087601,"{""0-1"": 0.02101283334195614, ""0-2"": -0.05073929205536842, ""1-2"": -0.002901569241657853}"
4970,-0.02775249,"{""0-1"": -0.05382644757628441, ""0-2"": 0.05401692911982536, ""1-2"": -0.08344794064760208}"
4971,-0.00068136,"{""0-1"": -0.024175958707928658, ""0-2"": -0.013539065606892109, ""1-2"": 0.0356709361076355}"
4972,-0.03292178,"{""0-1"": 0.007915247231721878, ""0-2"": -0.0788363665342331, ""1-2"": -0.027844207361340523}"
4973,-0.00062495,"{""0-1"": -0.007299106568098068, ""0-2"": -0.00741115678101778, ""1-2"": 0.012835423462092876}"
4974,0.17224711,"{""0-1"": 0.7118842601776123, ""0-2"": -0.0802396610379219, ""1-2"": -0.11490326374769211}"
4975,-0.03411998,"{""0-1"": -0.03411997854709625}"
4976,0.46127412,"{""0-1"": 0.461274117231369}"
4977,-0.00008250,"{""0-1"": 0.056191880255937576, ""0-2"": -0.08050872385501862, ""1-2"": 0.02406933531165123}"
4978,-0.00004890,"{""0-1"": -0.08899962157011032, ""0-2"": 0.04824152961373329, ""1-2"": 0.040611382573843}"
4979,0.26596875,"{""0-1"": 0.050988078117370605, ""0-2"": 0.006662278436124325, ""1-2"": 0.7402558922767639}"
4980,-0.01679384,"{""0-1"": -0.03792652115225792, ""0-2"": -0.09858296811580658, ""1-2"": 0.08612796664237976}"
4981,0.00000000,{}
4982,0.06063414,"{""0-1"": -0.06171848252415657, ""0-2"": 0.21792259812355042, ""1-2"": 0.02569829486310482}"
4983,0.15288132,"{""0-1"": 0.15288132429122925}"
4984,0.01139903,"{""0-1"": 0.01139902975410223}"
4985,0.51680648,"{""0-1"": 0.5168064832687378}"
4986,0.24896513,"{""0-1"": 0.14011922478675842, ""0-2"": 0.3272218406200409, ""1-2"": 0.2795543372631073}"
4987,0.01369350,"{""0-1"": 0.028960848227143288, ""0-2"": 0.022219926118850708, ""1-2"": -0.010100264102220535}"
4988,0.02507691,"{""0-1"": 0.03581196814775467, ""0-2"": 0.025703562423586845, ""1-2"": 0.013715201057493687}"
4989,-0.04561893,"{""0-1"": -0.0456189289689064}"
4990,0.10008323,"{""0-1"": 0.10008323192596436}"
4991,0.10626605,"{""0-1"": 0.36499717831611633, ""0-2"": 0.06293145567178726, ""1-2"": -0.10913047939538956}"
4992,0.44687322,"{""0-1"": 0.9864591956138611, ""0-2"": 0.16296927630901337, ""1-2"": 0.1911911815404892}"
4993,0.16433609,"{""0-1"": 0.003975963220000267, ""0-2"": -0.050427742302417755, ""1-2"": 0.5394600629806519}"
4994,0.13177538,"{""0-1"": 0.007258016616106033, ""0-2"": 0.16271370649337769, ""1-2"": 0.22535440325737}"
4995,-0.07740568,"{""0-1"": -0.16639913618564606, ""0-2"": 0.015276365913450718, ""1-2"": -0.08109427243471146}"
4996,0.02504130,"{""0-1"": 0.18685193359851837, ""0-2"": 0.040478501468896866, ""1-2"": -0.15220652520656586}"
4997,-0.04995980,"{""0-1"": -0.2213556319475174, ""0-2"": -0.1385709047317505, ""1-2"": 0.2100471407175064}"
4998,0.41332849,"{""0-1"": 0.8087112903594971, ""0-2"": 0.3602844178676605, ""1-2"": 0.07098975777626038}"
4999,0.01953153,"{""0-1"": 0.2916394770145416, ""0-2"": -0.24188397824764252, ""1-2"": 0.008839097805321217}"
5000,-0.01200364,"{""0-1"": -0.0120036406442523}"
5001,0.08884134,"{""0-1"": -0.16257387399673462, ""0-2"": 0.11320839822292328, ""1-2"": 0.31588950753211975}"
5002,0.04233135,"{""0-1"": -0.0650586411356926, ""0-2"": 0.06671272218227386, ""1-2"": 0.12533995509147644}"
5003,-0.12220024,"{""0-1"": -0.12220023572444916}"
5004,0.02621237,"{""0-1"": -0.04487697035074234, ""0-2"": 0.004284493625164032, ""1-2"": 0.11922959238290787}"
5005,-0.15267614,"{""0-1"": -0.15267613530158997}"
5006,-0.10353000,"{""0-1"": -0.10353000462055206}"
5007,0.93611985,"{""0-1"": 0.9361198544502258}"
