patient_index,candidate,score,rank
0,disease|MONDO|5737,-1.47714531,1
0,disease|MONDO|1444,-1.63845468,2
0,disease|MONDO|18076,-1.80727184,3
0,disease|MONDO|19338,-2.27502704,4
0,disease|MONDO|2465,-3.00699204,5
0,disease|MONDO|5002,-3.25325179,6
0,disease|MONDO|5070,-3.98402321,7
0,disease|MONDO|16218,-4.20012659,8
1,disease|MONDO|18076,-1.68266487,1
1,disease|MONDO|5737,-1.74258351,2
1,disease|MONDO|1444,-1.78267050,3
1,disease|MONDO|43537,-2.40769744,4
1,disease|MONDO|19338,-2.45479298,5
1,disease|MONDO|9688,-2.90628862,6
1,disease|MONDO|2465,-3.01374364,7
1,disease|MONDO|16218,-4.36307502,8
1,disease|MONDO|5070,-5.38941997,9
1,disease|MONDO|5249,-6.24252713,10
2,disease|MONDO|43537,-1.84898931,1
2,disease|MONDO|16218,-4.28244162,2
3,disease|MONDO|18076,-1.61133969,1
3,disease|MONDO|1444,-1.61815560,2
3,disease|MONDO|5737,-1.64314413,3
3,disease|MONDO|43537,-2.20187235,4
3,disease|MONDO|19338,-2.31683397,5
3,disease|MONDO|2465,-2.92523873,6
3,disease|MONDO|16218,-4.09584242,7
3,disease|MONDO|5249,-5.93084919,8
3,disease|MONDO|4979,-6.70376432,9
4,disease|MONDO|1444,-1.34904635,1
4,disease|MONDO|18076,-1.51063335,2
4,disease|MONDO|5737,-1.70471764,3
4,disease|MONDO|43537,-1.82388353,4
4,disease|MONDO|19338,-2.01664877,5
4,disease|MONDO|5070,-3.35578299,6
5,disease|MONDO|1444,-1.61064041,1
5,disease|MONDO|18076,-1.71418118,2
5,disease|MONDO|5737,-1.91177607,3
5,disease|MONDO|19338,-2.36735821,4
5,disease|MONDO|9688,-4.82912111,5
6,disease|MONDO|1444,-1.68114138,1
6,disease|MONDO|19562,-1.96597862,2
6,disease|MONDO|43537,-2.47183168,3
6,disease|MONDO|2465,-2.76817912,4
6,disease|MONDO|16218,-3.92435914,5
6,disease|MONDO|4979,-3.93537045,6
6,disease|MONDO|5249,-5.98458028,7
6,disease|MONDO|19338,-6.75381833,8
7,disease|MONDO|8259,-0.44663352,1
7,disease|MONDO|5737,-1.54046810,2
7,disease|MONDO|1444,-1.57802761,3
7,disease|MONDO|43537,-2.01467359,4
7,disease|MONDO|19338,-2.11210132,5
7,disease|MONDO|9688,-2.19573760,6
7,disease|MONDO|5070,-4.65777069,7
8,disease|MONDO|18076,-1.70017064,1
8,disease|MONDO|5737,-1.75081897,2
8,disease|MONDO|1444,-1.76018882,3
8,disease|MONDO|43537,-2.37791586,4
8,disease|MONDO|19338,-2.48608541,5
8,disease|MONDO|2465,-3.07241309,6
8,disease|MONDO|4822,-4.37843108,7
8,disease|MONDO|16218,-4.44576681,8
8,disease|MONDO|5249,-6.32600296,9
9,disease|MONDO|5737,-1.48095465,1
9,disease|MONDO|1444,-1.65409076,2
9,disease|MONDO|18076,-1.83375335,3
9,disease|MONDO|19338,-2.30426693,4
9,disease|MONDO|2465,-3.02623588,5
9,disease|MONDO|5002,-3.27421427,6
9,disease|MONDO|16218,-4.18849158,7
9,disease|MONDO|5249,-6.20241839,8
10,disease|MONDO|1444,-1.82890403,1
10,disease|MONDO|18076,-1.89939260,2
10,disease|MONDO|5737,-1.96571374,3
10,disease|MONDO|43537,-2.44532394,4
10,disease|MONDO|19338,-2.50441694,5
10,disease|MONDO|9688,-2.71118832,6
10,disease|MONDO|2465,-3.25801128,7
10,disease|MONDO|5249,-6.56385893,8
11,disease|MONDO|18076,-1.69618404,1
11,disease|MONDO|5737,-1.75065958,2
11,disease|MONDO|1444,-1.77243471,3
11,disease|MONDO|43537,-2.37587595,4
11,disease|MONDO|19338,-2.46645117,5
11,disease|MONDO|9688,-2.88476038,6
11,disease|MONDO|2465,-3.05327344,7
11,disease|MONDO|4822,-4.39049578,8
11,disease|MONDO|16218,-4.42270982,9
11,disease|MONDO|5070,-5.38224351,10
11,disease|MONDO|5249,-6.28983390,11
12,disease|MONDO|1444,-1.35091329,1
12,disease|MONDO|18076,-1.51608443,2
12,disease|MONDO|5737,-1.70387805,3
12,disease|MONDO|43537,-1.82846797,4
12,disease|MONDO|19338,-2.01895261,5
12,disease|MONDO|2280,-5.73644066,6
13,disease|MONDO|1444,-1.34797204,1
13,disease|MONDO|18076,-1.40126300,2
13,disease|MONDO|5737,-1.66494954,3
13,disease|MONDO|43537,-1.79979652,4
13,disease|MONDO|19338,-1.88849545,5
13,disease|MONDO|9688,-1.99835229,6
13,disease|MONDO|5070,-3.03051668,7
13,disease|MONDO|5279,-4.76339832,8
15,disease|MONDO|1444,-1.35666084,1
15,disease|MONDO|18076,-1.51585960,2
15,disease|MONDO|5737,-1.69757330,3
15,disease|MONDO|43537,-1.82625610,4
15,disease|MONDO|19338,-2.02212000,5
15,disease|MONDO|2280,-5.76186508,6
16,disease|MONDO|1444,-1.60380268,1
16,disease|MONDO|18076,-1.70666945,2
16,disease|MONDO|5737,-1.91032171,3
16,disease|MONDO|43537,-2.13446784,4
16,disease|MONDO|19338,-2.36502934,5
16,disease|MONDO|4979,-4.98087656,6
17,disease|MONDO|5737,-1.54143357,1
17,disease|MONDO|1444,-1.58055568,2
17,disease|MONDO|18076,-1.65803301,3
17,disease|MONDO|19562,-1.91436923,4
17,disease|MONDO|7186,-2.12072301,5
17,disease|MONDO|19338,-2.13392830,6
18,disease|MONDO|1444,-1.50269556,1
18,disease|MONDO|5737,-1.69110131,2
18,disease|MONDO|18076,-1.69896746,3
18,disease|MONDO|19338,-2.24608779,4
18,disease|MONDO|9688,-2.43872499,5
19,disease|MONDO|5737,-1.54891396,1
19,disease|MONDO|1444,-1.64649487,2
19,disease|MONDO|19562,-2.09172034,3
19,disease|MONDO|19338,-2.17095184,4
19,disease|MONDO|9688,-2.21705699,5
19,disease|MONDO|3441,-4.35918421,6
19,disease|MONDO|4867,-5.42548603,7
20,disease|MONDO|1444,-1.48194313,1
20,disease|MONDO|5737,-1.66387129,2
20,disease|MONDO|43537,-1.93127787,3
20,disease|MONDO|19338,-2.13004780,4
20,disease|MONDO|9688,-2.13421774,5
20,disease|MONDO|5279,-3.90602714,6
21,disease|MONDO|8259,-0.44471747,1
21,disease|MONDO|5737,-1.53492522,2
21,disease|MONDO|43537,-2.00843930,3
21,disease|MONDO|19338,-2.11065364,4
21,disease|MONDO|2465,-3.25145584,5
22,disease|MONDO|5737,-1.47661889,1
22,disease|MONDO|1444,-1.59443367,2
22,disease|MONDO|18076,-1.61740232,3
22,disease|MONDO|19562,-1.80402672,4
22,disease|MONDO|19338,-2.16771507,5
23,disease|MONDO|5737,-1.55560899,1
23,disease|MONDO|1444,-1.66384840,2
23,disease|MONDO|5383,-2.00610954,3
23,disease|MONDO|19338,-2.17792153,4
23,disease|MONDO|9688,-2.22430897,5
23,disease|MONDO|3441,-4.38598412,6
23,disease|MONDO|4867,-5.45547718,7
24,disease|MONDO|5737,-1.47856808,1
24,disease|MONDO|1444,-1.58518279,2
24,disease|MONDO|18076,-1.61550772,3
24,disease|MONDO|19562,-1.80639470,4
24,disease|MONDO|19338,-2.15983009,5
25,disease|MONDO|43537,-3.58690190,1
25,disease|MONDO|19562,-4.02207446,2
26,disease|MONDO|5737,-1.59478736,1
26,disease|MONDO|1444,-1.63830006,2
26,disease|MONDO|18076,-1.94718695,3
26,disease|MONDO|19338,-2.31431985,4
27,disease|MONDO|1444,-1.48194313,1
27,disease|MONDO|5737,-1.66387129,2
27,disease|MONDO|43537,-1.93127787,3
27,disease|MONDO|19338,-2.13004780,4
27,disease|MONDO|9688,-2.13421774,5
27,disease|MONDO|5279,-3.90602714,6
28,disease|MONDO|1444,-1.29330683,1
28,disease|MONDO|18076,-1.43010330,2
28,disease|MONDO|5737,-1.75321364,3
28,disease|MONDO|43537,-1.83200496,4
28,disease|MONDO|19338,-2.02872300,5
28,disease|MONDO|5002,-3.07033873,6
29,disease|MONDO|5737,-1.51989436,1
29,disease|MONDO|43537,-1.87514830,2
29,disease|MONDO|19338,-1.99445105,3
29,disease|MONDO|29000,-3.12467480,4
29,disease|MONDO|4981,-3.45143807,5
29,effect/phenotype|HPO|1681,-3.49793792,6
29,disease|MONDO|4496,-5.02419710,7
29,disease|MONDO|2280,-5.95390606,8
30,disease|MONDO|1444,-1.36925232,1
30,disease|MONDO|18076,-1.44312787,2
30,disease|MONDO|19562,-1.71567535,3
30,disease|MONDO|5737,-1.76891494,4
30,disease|MONDO|19338,-2.00567269,5
31,disease|MONDO|1444,-1.45392311,1
31,disease|MONDO|5737,-1.74871337,2
31,disease|MONDO|19338,-2.22579813,3
31,disease|MONDO|43537,-2.35569894,4
31,disease|MONDO|9688,-2.52960062,5
32,disease|MONDO|1444,-1.34916282,1
32,disease|MONDO|18076,-1.39567780,2
32,disease|MONDO|5737,-1.65722215,3
32,disease|MONDO|43537,-1.79313600,4
32,disease|MONDO|19338,-1.88855481,5
32,disease|MONDO|9688,-1.99605799,6
32,disease|MONDO|5070,-3.02230060,7
32,disease|MONDO|5279,-4.75525087,8
33,disease|MONDO|43537,-2.13718110,1
33,disease|MONDO|2465,-3.34689343,2
33,disease|MONDO|4979,-4.99121273,3
34,disease|MONDO|5737,-1.47508764,1
34,disease|MONDO|19338,-2.26570630,2
34,disease|MONDO|43537,-2.51809430,3
34,disease|MONDO|2465,-3.02362883,4
34,disease|MONDO|5070,-3.97385591,5
34,disease|MONDO|16218,-4.19861305,6
34,disease|MONDO|5249,-6.15363419,7
35,disease|MONDO|1444,-1.32118618,1
35,disease|MONDO|5737,-1.54764128,2
35,disease|MONDO|18076,-1.55953741,3
35,disease|MONDO|19338,-1.99089384,4
35,disease|MONDO|5070,-3.42282903,5
36,disease|MONDO|1444,-1.67661583,1
36,disease|MONDO|5737,-1.68322098,2
36,disease|MONDO|18076,-1.72942865,3
36,disease|MONDO|19338,-2.45447564,4
36,disease|MONDO|2465,-3.09563458,5
36,disease|MONDO|16218,-4.27850950,6
36,disease|MONDO|4979,-5.02798599,7
36,disease|MONDO|5249,-6.29720378,8
37,disease|MONDO|43537,-2.40311718,1
37,disease|MONDO|2465,-3.20762455,2
37,disease|MONDO|16218,-4.40312225,3
37,disease|MONDO|4979,-5.17215395,4
37,disease|MONDO|5249,-6.48246706,5
37,disease|MONDO|19338,-6.78999633,6
38,disease|MONDO|1444,-1.76476884,1
38,disease|MONDO|4979,-5.06004262,2
39,disease|MONDO|1444,-1.76273608,1
39,disease|MONDO|4979,-5.05612159,2
40,disease|MONDO|5737,-1.49349523,1
40,disease|MONDO|1444,-1.65260720,2
40,disease|MONDO|18076,-1.82845831,3
40,disease|MONDO|19338,-2.29939294,4
40,disease|MONDO|2465,-3.02155215,5
40,disease|MONDO|5002,-3.28120589,6
40,disease|MONDO|16218,-4.19107574,7
40,disease|MONDO|5249,-6.17442936,8
41,disease|MONDO|1444,-1.39514089,1
41,disease|MONDO|5737,-1.55406976,2
41,disease|MONDO|43537,-2.04213047,3
41,disease|MONDO|19338,-2.06809330,4
41,disease|MONDO|9688,-2.25407362,5
41,disease|MONDO|21040,-4.08134043,6
42,disease|MONDO|43537,-2.47569966,1
42,disease|MONDO|2465,-2.77385461,2
42,disease|MONDO|29000,-3.23057079,3
42,disease|MONDO|16218,-3.91359472,4
42,disease|MONDO|4979,-3.92858922,5
42,disease|MONDO|5249,-5.98084515,6
42,disease|MONDO|19338,-6.71933794,7
43,disease|MONDO|1444,-1.79796493,1
43,disease|MONDO|18076,-1.90684378,2
43,disease|MONDO|5737,-1.95403373,3
43,disease|MONDO|19338,-2.50333571,4
43,disease|MONDO|9688,-5.34529805,5
44,disease|MONDO|1444,-1.79880309,1
44,disease|MONDO|19338,-2.28030539,2
44,disease|MONDO|9688,-2.47051501,3
44,disease|MONDO|4867,-3.49744093,4
44,disease|MONDO|5002,-4.32704568,5
44,disease|MONDO|5070,-4.34705961,6
44,disease|MONDO|5753,-4.42093581,7
44,disease|MONDO|5722,-4.52130020,8
44,disease|MONDO|3781,-5.59815633,9
45,disease|MONDO|1444,-1.48194313,1
45,disease|MONDO|5737,-1.66387129,2
45,disease|MONDO|43537,-1.93127787,3
45,disease|MONDO|19338,-2.13004780,4
45,disease|MONDO|9688,-2.13421774,5
45,disease|MONDO|5279,-3.90602714,6
46,disease|MONDO|1444,-1.31585145,1
46,disease|MONDO|18076,-1.39346445,2
46,disease|MONDO|5737,-1.70105863,3
46,disease|MONDO|19562,-1.71694446,4
46,disease|MONDO|19338,-1.96427989,5
46,disease|MONDO|5279,-3.25325841,6
47,disease|MONDO|1444,-1.31308162,1
47,disease|MONDO|5737,-1.49165761,2
47,disease|MONDO|43537,-1.89733642,3
47,disease|MONDO|9688,-2.15322900,4
47,disease|MONDO|19338,-2.16737962,5
47,disease|MONDO|5249,-3.67809510,6
48,disease|MONDO|1444,-1.60247123,1
48,disease|MONDO|18076,-1.83238554,2
48,disease|MONDO|19562,-1.88003445,3
48,disease|MONDO|19338,-2.17857933,4
49,disease|MONDO|1444,-1.60847497,1
49,disease|MONDO|18076,-1.61250222,2
49,disease|MONDO|5737,-1.63959789,3
49,disease|MONDO|43537,-2.18620968,4
49,disease|MONDO|19338,-2.31145167,5
49,disease|MONDO|2465,-2.91204721,6
49,disease|MONDO|16218,-4.05103666,7
49,disease|MONDO|5249,-5.91576082,8
50,disease|MONDO|1444,-1.63279939,1
50,disease|MONDO|18076,-1.74036014,2
50,disease|MONDO|19338,-2.11867833,3
50,disease|MONDO|9688,-4.72087413,4
51,disease|MONDO|1444,-1.56200695,1
51,disease|MONDO|5737,-1.71178055,2
51,disease|MONDO|18076,-1.87595093,3
51,disease|MONDO|43537,-2.51389635,4
51,disease|MONDO|19338,-2.52309394,5
51,disease|MONDO|5002,-3.86099684,6
52,disease|MONDO|1444,-1.52257180,1
52,disease|MONDO|5737,-1.58811545,2
52,disease|MONDO|18076,-1.89065468,3
52,disease|MONDO|19338,-2.35878968,4
52,disease|MONDO|5002,-3.37439954,5
52,disease|MONDO|9688,-4.85437059,6
53,disease|MONDO|1444,-1.35600889,1
53,disease|MONDO|43537,-1.79531682,2
53,disease|MONDO|19338,-1.89484334,3
53,disease|MONDO|9688,-2.00146508,4
53,disease|MONDO|29000,-2.54375720,5
54,disease|MONDO|43537,-1.72725421,1
54,disease|MONDO|2465,-3.32931042,2
55,disease|MONDO|1444,-1.44271708,1
55,disease|MONDO|19338,-1.54663777,2
55,disease|MONDO|43537,-1.91805291,3
55,disease|MONDO|9688,-2.04071259,4
55,disease|MONDO|29000,-2.44643903,5
55,disease|MONDO|5070,-4.09819531,6
56,disease|MONDO|18076,-1.66170061,1
56,disease|MONDO|1444,-1.75956416,2
56,disease|MONDO|19338,-2.21572399,3
56,disease|MONDO|9688,-2.40479755,4
56,disease|MONDO|4867,-3.36015350,5
56,disease|MONDO|5002,-4.15056950,6
56,disease|MONDO|5753,-4.18263090,7
56,disease|MONDO|5070,-4.21923518,8
56,disease|MONDO|5722,-4.27192181,9
56,disease|MONDO|8259,-5.25935394,10
56,disease|MONDO|3781,-5.40199333,11
56,disease|MONDO|19562,-6.16876358,12
57,disease|MONDO|1444,-1.32196641,1
57,disease|MONDO|5737,-1.49590421,2
57,disease|MONDO|43537,-1.90145874,3
57,disease|MONDO|9688,-2.16424608,4
57,disease|MONDO|19338,-2.16771197,5
58,disease|MONDO|19562,-1.82484269,1
58,disease|MONDO|7186,-1.93561566,2
58,disease|MONDO|5249,-3.14968455,3
58,disease|MONDO|16218,-3.24844980,4
58,disease|MONDO|9688,-3.38438308,5
58,disease|MONDO|5002,-3.55589914,6
59,disease|MONDO|1444,-1.64422715,1
59,disease|MONDO|18076,-1.95160842,2
59,disease|MONDO|19338,-2.31660008,3
59,disease|MONDO|2465,-3.35829759,4
60,disease|MONDO|5383,-2.01516610,1
60,disease|MONDO|19562,-2.08862519,2
60,disease|MONDO|3441,-4.34843284,3
60,disease|MONDO|4867,-5.41380131,4
61,disease|MONDO|5737,-1.45467257,1
61,disease|MONDO|1444,-1.45566177,2
61,disease|MONDO|43537,-1.98199725,3
61,disease|MONDO|19338,-2.17931676,4
61,disease|MONDO|9688,-2.21583009,5
62,disease|MONDO|1444,-1.38337934,1
62,disease|MONDO|19338,-2.03778076,2
62,disease|MONDO|9688,-2.18697762,3
62,disease|MONDO|5070,-4.54590130,4
62,disease|MONDO|5279,-4.74486375,5
62,disease|MONDO|2280,-5.32407671,6
63,disease|MONDO|1444,-1.32707071,1
63,disease|MONDO|5737,-1.53199923,2
63,disease|MONDO|43537,-1.87477422,3
63,disease|MONDO|19338,-1.99775147,4
63,disease|MONDO|9688,-2.13722086,5
63,disease|MONDO|4981,-3.42348158,6
63,disease|MONDO|5070,-4.17331386,7
64,disease|MONDO|1444,-1.36920965,1
64,disease|MONDO|18076,-1.44312429,2
64,disease|MONDO|19562,-1.71565092,3
64,disease|MONDO|5737,-1.76895726,4
64,disease|MONDO|19338,-2.00562286,5
64,disease|MONDO|9688,-2.22289205,6
65,disease|MONDO|1444,-1.66281879,1
65,disease|MONDO|19562,-1.96880031,2
65,disease|MONDO|43537,-2.44027972,3
65,disease|MONDO|2465,-2.76371586,4
65,disease|MONDO|16218,-3.93908799,5
65,disease|MONDO|4979,-3.96744871,6
65,disease|MONDO|5249,-5.95048028,7
65,disease|MONDO|19338,-6.76026237,8
66,disease|MONDO|1444,-1.36913502,1
66,disease|MONDO|18076,-1.44309187,2
66,disease|MONDO|19562,-1.71568596,3
66,disease|MONDO|5737,-1.76898456,4
66,disease|MONDO|19338,-2.00563884,5
66,disease|MONDO|9688,-2.22289467,6
67,disease|MONDO|18076,-1.75859380,1
67,disease|MONDO|1444,-1.78762054,2
67,disease|MONDO|19338,-2.27793217,3
67,disease|MONDO|9688,-2.45214629,4
68,disease|MONDO|5737,-1.68303072,1
68,disease|MONDO|18076,-1.72469985,2
68,disease|MONDO|1444,-1.77395415,3
68,disease|MONDO|43537,-2.42160630,4
68,disease|MONDO|19338,-2.56670785,5
68,disease|MONDO|2465,-3.17298281,6
68,disease|MONDO|4822,-4.13959634,7
68,disease|MONDO|16218,-4.39942431,8
68,disease|MONDO|5249,-6.44314516,9
69,disease|MONDO|1444,-1.58821547,1
69,disease|MONDO|18076,-1.69055295,2
69,disease|MONDO|5737,-1.92004609,3
69,disease|MONDO|43537,-2.08410096,4
69,disease|MONDO|19338,-2.33644962,5
69,disease|MONDO|9688,-4.81980872,6
70,disease|MONDO|1444,-1.35131609,1
70,disease|MONDO|18076,-1.51855898,2
70,disease|MONDO|5737,-1.69909501,3
70,disease|MONDO|43537,-1.83273470,4
70,disease|MONDO|19338,-2.02299643,5
70,disease|MONDO|2280,-5.74470124,6
71,disease|MONDO|5737,-1.68588662,1
71,disease|MONDO|1444,-1.68670869,2
71,disease|MONDO|18076,-1.72285223,3
71,disease|MONDO|19338,-2.46584845,4
71,disease|MONDO|2465,-3.09646988,5
71,disease|MONDO|16218,-4.29917920,6
71,disease|MONDO|4979,-5.04771984,7
71,disease|MONDO|5249,-6.30083418,8
72,disease|MONDO|1444,-1.47082412,1
72,disease|MONDO|5737,-1.55893052,2
72,disease|MONDO|18076,-1.57984996,3
72,disease|MONDO|19338,-2.05167532,4
72,disease|MONDO|43537,-2.26404583,5
72,disease|MONDO|5002,-3.38008547,6
73,disease|MONDO|43537,-2.54564703,1
73,disease|MONDO|2465,-3.34406126,2
73,disease|MONDO|4781,-3.74887395,3
73,disease|MONDO|4981,-4.34163678,4
73,disease|MONDO|3441,-4.47452807,5
73,disease|MONDO|19338,-6.26136094,6
74,disease|MONDO|1444,-1.60256362,1
74,disease|MONDO|18076,-1.70124912,2
74,disease|MONDO|5737,-1.91551697,3
74,disease|MONDO|43537,-2.11544275,4
74,disease|MONDO|19338,-2.35843086,5
74,disease|MONDO|5070,-4.96575713,6
75,disease|MONDO|1444,-1.48052704,1
75,disease|MONDO|5737,-1.65593946,2
75,disease|MONDO|43537,-1.93040150,3
75,disease|MONDO|9688,-2.13116980,4
75,disease|MONDO|19338,-2.13167953,5
75,disease|MONDO|5279,-3.81592369,6
76,disease|MONDO|1444,-1.43570030,1
76,disease|MONDO|5737,-1.45542634,2
76,disease|MONDO|43537,-1.96395397,3
76,disease|MONDO|19338,-2.13073158,4
76,disease|MONDO|9688,-2.15687704,5
76,disease|MONDO|18076,-4.81451887,6
77,disease|MONDO|5737,-1.62346864,1
77,disease|MONDO|1444,-1.66639209,2
77,disease|MONDO|5383,-1.91616940,3
77,disease|MONDO|19562,-2.09425211,4
77,disease|MONDO|19338,-2.23828745,5
77,disease|MONDO|9688,-2.40915132,6
77,disease|MONDO|3441,-4.50912178,7
77,disease|MONDO|4867,-5.60000223,8
77,disease|MONDO|5070,-5.99992520,9
77,disease|MONDO|4981,-6.75203496,10
78,disease|MONDO|5737,-1.69744885,1
78,disease|MONDO|1444,-1.71697211,2
78,disease|MONDO|18076,-1.72358656,3
78,disease|MONDO|43537,-2.38225973,4
78,disease|MONDO|19338,-2.49431372,5
78,disease|MONDO|2465,-3.09637862,6
78,disease|MONDO|5002,-3.64505005,7
78,disease|MONDO|16218,-4.33474892,8
78,disease|MONDO|5249,-6.33307177,9
79,disease|MONDO|5737,-1.51416230,1
79,disease|MONDO|1444,-1.56791723,2
79,disease|MONDO|18076,-1.73758173,3
79,disease|MONDO|9688,-2.33934665,4
79,disease|MONDO|19338,-2.37374425,5
79,disease|MONDO|4981,-4.98337638,6
79,disease|MONDO|5279,-5.39499760,7
80,disease|MONDO|8259,-0.44619197,1
80,disease|MONDO|5737,-1.54000521,2
80,disease|MONDO|43537,-2.01146662,3
80,disease|MONDO|19338,-2.11774731,4
81,disease|MONDO|18076,-1.63607955,1
81,disease|MONDO|1444,-1.72703612,2
81,disease|MONDO|19562,-1.77932119,3
81,disease|MONDO|5737,-1.86649370,4
81,disease|MONDO|7186,-2.01528382,5
81,disease|MONDO|19338,-2.18827963,6
81,disease|MONDO|9688,-2.40222144,7
81,disease|MONDO|5002,-2.52945787,8
81,disease|MONDO|4981,-4.51100564,9
82,disease|MONDO|43537,-1.81437957,1
82,disease|MONDO|2465,-3.53732854,2
82,disease|MONDO|19338,-7.16563773,3
83,disease|MONDO|5737,-1.55406976,1
83,disease|MONDO|43537,-2.04213047,2
83,disease|MONDO|19338,-2.06809330,3
83,disease|MONDO|9688,-2.25407362,4
83,disease|MONDO|4981,-3.36200887,5
83,effect/phenotype|HPO|4763,-4.83529359,6
84,disease|MONDO|1444,-1.44921565,1
84,disease|MONDO|19338,-2.08966541,2
84,disease|MONDO|9688,-2.23405027,3
84,disease|MONDO|29000,-3.27357346,4
84,effect/phenotype|HPO|1681,-3.63333571,5
84,disease|MONDO|5070,-4.48878247,6
85,disease|MONDO|1444,-1.48382282,1
85,disease|MONDO|5737,-1.60974383,2
85,disease|MONDO|5383,-1.91544020,3
85,disease|MONDO|19338,-2.06041884,4
85,disease|MONDO|9688,-2.19325709,5
86,disease|MONDO|5737,-1.48529708,1
86,disease|MONDO|19338,-2.31137466,2
86,disease|MONDO|2465,-3.03609353,3
86,disease|MONDO|5070,-4.03438914,4
86,disease|MONDO|16218,-4.19737899,5
86,disease|MONDO|9688,-4.82689434,6
86,disease|MONDO|5249,-6.20361418,7
87,disease|MONDO|1444,-1.44027400,1
87,disease|MONDO|43537,-1.88092721,2
87,disease|MONDO|19338,-1.92321146,3
87,disease|MONDO|9688,-2.00579405,4
87,disease|MONDO|29000,-2.54075217,5
88,disease|MONDO|1444,-1.48051381,1
88,disease|MONDO|5737,-1.67682576,2
88,disease|MONDO|43537,-1.86237413,3
88,disease|MONDO|19338,-2.06503105,4
88,disease|MONDO|9688,-2.25027895,5
88,disease|MONDO|4981,-4.14760333,6
88,disease|MONDO|5070,-4.34045893,7
89,disease|MONDO|1444,-1.48666835,1
89,disease|MONDO|5737,-1.64774680,2
89,disease|MONDO|43537,-1.93965471,3
89,disease|MONDO|9688,-2.12712479,4
89,disease|MONDO|19338,-2.13551927,5
89,disease|MONDO|5279,-3.83709908,6
90,disease|MONDO|18076,-0.95810479,1
90,disease|MONDO|5737,-1.33350027,2
90,disease|MONDO|1444,-1.50008762,3
90,disease|MONDO|19338,-1.98359144,4
90,disease|MONDO|9688,-2.23538256,5
90,disease|MONDO|4777,-3.25761217,6
90,disease|MONDO|5904,-3.89128590,7
90,disease|MONDO|5722,-3.90148675,8
90,disease|MONDO|2646,-4.16545910,9
91,disease|MONDO|1444,-1.47517955,1
91,disease|MONDO|5737,-1.66686213,2
91,disease|MONDO|43537,-1.93375349,3
91,disease|MONDO|19338,-2.12173080,4
91,disease|MONDO|9688,-2.13056445,5
91,disease|MONDO|5279,-3.89900810,6
92,disease|MONDO|1444,-1.51986420,1
92,disease|MONDO|5737,-1.62926114,2
92,disease|MONDO|18076,-1.82150197,3
92,disease|MONDO|43537,-2.17235577,4
92,disease|MONDO|19338,-2.33312178,5
92,disease|MONDO|2465,-3.02971023,6
92,disease|MONDO|16218,-4.14843512,7
92,disease|MONDO|5249,-6.12447745,8
93,disease|MONDO|1444,-1.61004841,1
93,disease|MONDO|18076,-1.70426047,2
93,disease|MONDO|5737,-1.92092776,3
93,disease|MONDO|19338,-2.36377907,4
93,disease|MONDO|29000,-4.10353416,5
93,disease|MONDO|9688,-4.84961760,6
93,disease|MONDO|4979,-4.98751301,7
94,disease|MONDO|5737,-1.67399824,1
94,disease|MONDO|1444,-1.77858353,2
94,disease|MONDO|19338,-2.60397005,3
94,disease|MONDO|9688,-2.75870275,4
94,disease|MONDO|4979,-5.43952680,5
94,effect/phenotype|HPO|1681,-5.44248706,6
95,disease|MONDO|1444,-1.63077068,1
95,disease|MONDO|19562,-1.85931551,2
95,disease|MONDO|19338,-2.09907985,3
95,disease|MONDO|9688,-2.16539264,4
96,disease|MONDO|1444,-1.75421727,1
96,disease|MONDO|19338,-4.77080846,2
96,disease|MONDO|4979,-5.11275160,3
97,disease|MONDO|5383,-1.89278066,1
97,disease|MONDO|19562,-2.11078501,2
98,disease|MONDO|1444,-1.48488152,1
98,disease|MONDO|5737,-1.66220653,2
98,disease|MONDO|43537,-1.92116892,3
98,disease|MONDO|9688,-2.12593603,4
98,disease|MONDO|19338,-2.12648702,5
98,disease|MONDO|5279,-3.81091565,6
99,disease|MONDO|43537,-1.74557984,1
99,disease|MONDO|2465,-3.33802146,2
100,disease|MONDO|1444,-1.39514089,1
100,disease|MONDO|5737,-1.55406976,2
100,disease|MONDO|43537,-2.04213047,3
100,disease|MONDO|19338,-2.06809330,4
100,disease|MONDO|9688,-2.25407362,5
100,disease|MONDO|29000,-3.29769987,6
100,disease|MONDO|4981,-3.36200881,7
100,disease|MONDO|21040,-4.08134061,8
101,disease|MONDO|1444,-1.46046853,1
101,disease|MONDO|43537,-1.84895438,2
101,disease|MONDO|19338,-2.01273274,3
101,disease|MONDO|9688,-2.18470383,4
101,disease|MONDO|5070,-4.15856761,5
101,disease|MONDO|16218,-4.28229243,6
102,disease|MONDO|1444,-1.46832681,1
102,disease|MONDO|19338,-2.15847492,2
102,disease|MONDO|9688,-2.36326194,3
102,disease|MONDO|29000,-2.73265791,4
103,disease|MONDO|1444,-1.49099374,1
103,disease|MONDO|9688,-1.66446328,2
103,disease|MONDO|19338,-2.20603585,3
103,disease|MONDO|43537,-2.43925571,4
103,disease|MONDO|5279,-4.71113676,5
104,disease|MONDO|5737,-1.59388411,1
104,disease|MONDO|1444,-1.63785648,2
104,disease|MONDO|18076,-1.94472480,3
104,disease|MONDO|19338,-2.31636095,4
104,disease|MONDO|2465,-3.35990971,5
104,disease|MONDO|5002,-3.81561959,6
104,disease|MONDO|5249,-6.45185816,7
105,disease|MONDO|1444,-1.31809807,1
105,disease|MONDO|5737,-1.49418962,2
105,disease|MONDO|43537,-1.90048462,3
105,disease|MONDO|9688,-2.15260553,4
105,disease|MONDO|19338,-2.16793132,5
105,disease|MONDO|5249,-3.66681951,6
106,disease|MONDO|18076,-1.40008235,1
106,disease|MONDO|5737,-1.65792823,2
106,disease|MONDO|43537,-1.79791260,3
106,disease|MONDO|19338,-1.90053093,4
106,disease|MONDO|5070,-3.04069489,5
106,disease|MONDO|5279,-4.76958910,6
107,disease|MONDO|1444,-1.57914329,1
107,disease|MONDO|19562,-1.88130426,2
107,disease|MONDO|19338,-2.10361505,3
107,disease|MONDO|9688,-2.28388214,4
107,disease|MONDO|29000,-3.47736865,5
108,disease|MONDO|43537,-1.91805297,1
108,disease|MONDO|9688,-3.79951906,2
109,disease|MONDO|43537,-1.78691941,1
109,disease|MONDO|3441,-2.99167514,2
110,disease|MONDO|1444,-1.58461332,1
110,disease|MONDO|5737,-1.61123908,2
110,disease|MONDO|18076,-1.95665514,3
110,disease|MONDO|19338,-2.46453857,4
110,disease|MONDO|2465,-3.28310561,5
110,disease|MONDO|5002,-3.55466139,6
110,disease|MONDO|16218,-4.40420991,7
111,disease|MONDO|1444,-1.44271708,1
111,disease|MONDO|19338,-1.54663777,2
111,disease|MONDO|43537,-1.91805303,3
111,disease|MONDO|9688,-2.04071259,4
111,disease|MONDO|29000,-2.44643915,5
111,disease|MONDO|5070,-4.09819537,6
112,disease|MONDO|1444,-1.59915960,1
112,disease|MONDO|18076,-1.69719255,2
112,disease|MONDO|5737,-1.91687989,3
112,disease|MONDO|43537,-2.10730088,4
112,disease|MONDO|19338,-2.34798384,5
112,disease|MONDO|9688,-4.82702416,6
113,disease|MONDO|43537,-1.34669226,1
114,disease|MONDO|1444,-1.30714679,1
114,disease|MONDO|18076,-1.38715065,2
114,disease|MONDO|5737,-1.70515501,3
114,disease|MONDO|19562,-1.71534920,4
114,disease|MONDO|19338,-1.95863223,5
115,disease|MONDO|5737,-1.63016570,1
115,disease|MONDO|1444,-1.65839827,2
115,disease|MONDO|19562,-2.09235859,3
115,disease|MONDO|19338,-2.24799347,4
115,disease|MONDO|9688,-2.41737390,5
115,disease|MONDO|4981,-4.36737847,6
115,disease|MONDO|5070,-6.00685418,7
116,disease|MONDO|1444,-1.38336563,1
116,disease|MONDO|19338,-2.03777671,2
116,disease|MONDO|43537,-2.17122662,3
116,disease|MONDO|9688,-2.18695474,4
116,disease|MONDO|5070,-4.54588956,5
116,disease|MONDO|5279,-4.74482679,6
116,disease|MONDO|2280,-5.32406414,7
117,disease|MONDO|1444,-1.36271465,1
117,disease|MONDO|18076,-1.52818966,2
117,disease|MONDO|5737,-1.61849689,3
117,disease|MONDO|43537,-1.80668640,4
117,disease|MONDO|19338,-1.99733901,5
117,disease|MONDO|9688,-2.16747785,6
117,disease|MONDO|5070,-2.68254644,7
118,disease|MONDO|1444,-1.35185480,1
118,disease|MONDO|18076,-1.40278792,2
118,disease|MONDO|5737,-1.66246891,3
118,disease|MONDO|43537,-1.80729735,4
118,disease|MONDO|19338,-1.88912344,5
118,disease|MONDO|9688,-1.99684167,6
118,disease|MONDO|5070,-3.03313917,7
118,disease|MONDO|3441,-3.84269178,8
118,disease|MONDO|5279,-4.76020032,9
119,disease|MONDO|5737,-1.45526600,1
119,disease|MONDO|1444,-1.45656443,2
119,disease|MONDO|43537,-1.98873770,3
119,disease|MONDO|19338,-2.17728186,4
119,disease|MONDO|9688,-2.21516013,5
119,disease|MONDO|29000,-3.47517633,6
120,disease|MONDO|1444,-1.76476884,1
120,disease|MONDO|4979,-5.06004262,2
121,disease|MONDO|43537,-1.73552251,1
121,disease|MONDO|2465,-3.32768816,2
122,disease|MONDO|1444,-1.32495904,1
122,disease|MONDO|18076,-1.39250350,2
122,disease|MONDO|43537,-1.59405506,3
122,disease|MONDO|19562,-1.73033142,4
122,disease|MONDO|19338,-1.99157417,5
123,disease|MONDO|1444,-1.30737805,1
123,disease|MONDO|18076,-1.38750839,2
123,disease|MONDO|43537,-1.56881511,3
123,disease|MONDO|5737,-1.69345248,4
123,disease|MONDO|19562,-1.72103918,5
123,disease|MONDO|19338,-1.95229101,6
124,disease|MONDO|1444,-1.45103920,1
124,disease|MONDO|5737,-1.65566266,2
124,disease|MONDO|43537,-2.00251555,3
124,disease|MONDO|19338,-2.20223451,4
124,disease|MONDO|9688,-2.36156106,5
124,disease|MONDO|2465,-2.93389499,6
124,disease|MONDO|16218,-3.74328423,7
125,disease|MONDO|1444,-1.35418153,1
125,disease|MONDO|19562,-1.81818366,2
125,disease|MONDO|19338,-2.16505098,3
125,disease|MONDO|9688,-2.32949901,4
126,disease|MONDO|1444,-1.66926467,1
126,disease|MONDO|18076,-1.84964240,2
126,disease|MONDO|5737,-1.90896893,3
126,disease|MONDO|43537,-2.25097835,4
126,disease|MONDO|19338,-2.44260120,5
126,disease|MONDO|9688,-5.22831595,6
127,disease|MONDO|5737,-1.53937364,1
127,disease|MONDO|1444,-1.88586354,2
127,disease|MONDO|9688,-2.46997404,3
127,disease|MONDO|19338,-2.52724242,4
127,disease|MONDO|2465,-2.60665542,5
127,disease|MONDO|16218,-3.86012977,6
127,disease|MONDO|21040,-4.90447366,7
127,disease|MONDO|4979,-5.26910520,8
127,disease|MONDO|5249,-5.95223182,9
128,disease|MONDO|1444,-1.50617385,1
128,disease|MONDO|5737,-1.56135476,2
128,disease|MONDO|18076,-1.66550148,3
128,disease|MONDO|19338,-2.25455952,4
128,disease|MONDO|4867,-3.46938133,5
128,disease|MONDO|5070,-4.06577337,6
128,disease|MONDO|5002,-4.23545301,7
128,disease|MONDO|4979,-4.95149368,8
129,disease|MONDO|1444,-1.61574149,1
129,disease|MONDO|18076,-1.71232188,2
129,disease|MONDO|5737,-1.91929591,3
129,disease|MONDO|43537,-2.13977742,4
129,disease|MONDO|19338,-2.37173843,5
129,disease|MONDO|9688,-4.85936552,6
130,disease|MONDO|1444,-1.71436095,1
130,disease|MONDO|18076,-1.72090912,2
130,disease|MONDO|19338,-2.55861282,3
130,disease|MONDO|2465,-3.18468690,4
130,disease|MONDO|16218,-4.39084452,5
130,disease|MONDO|4979,-5.12561685,6
130,disease|MONDO|5249,-6.45379043,7
131,disease|MONDO|1444,-1.36509097,1
131,disease|MONDO|43537,-1.80598527,2
131,disease|MONDO|19338,-1.90348482,3
131,disease|MONDO|9688,-2.01167345,4
131,disease|MONDO|29000,-2.56555700,5
131,disease|MONDO|3441,-3.87714136,6
132,disease|MONDO|18076,-1.63740003,1
132,disease|MONDO|1444,-1.64509249,2
132,disease|MONDO|5737,-1.84027255,3
132,disease|MONDO|19338,-2.10318899,4
132,disease|MONDO|43537,-4.14268851,5
132,disease|MONDO|2280,-4.49439049,6
132,disease|MONDO|4979,-4.80889225,7
133,disease|MONDO|1444,-1.49648821,1
133,disease|MONDO|18076,-1.65385878,2
133,disease|MONDO|19338,-2.24945927,3
133,disease|MONDO|4867,-3.50006431,4
133,disease|MONDO|5070,-4.14639729,5
133,disease|MONDO|5002,-4.28537041,6
133,disease|MONDO|4979,-6.64310193,7
134,disease|MONDO|18076,-0.96351361,1
134,disease|MONDO|5737,-1.33304369,2
134,disease|MONDO|1444,-1.49690521,3
134,disease|MONDO|19338,-1.97589779,4
134,disease|MONDO|9688,-2.22801185,5
134,disease|MONDO|4777,-3.25261205,6
134,disease|MONDO|5904,-3.88211155,7
134,disease|MONDO|5722,-3.89209384,8
134,disease|MONDO|2646,-4.15937525,9
134,disease|MONDO|4867,-4.73386866,10
135,disease|MONDO|1444,-1.68908358,1
135,disease|MONDO|18076,-1.95017838,2
135,disease|MONDO|5737,-2.01390886,3
135,disease|MONDO|43537,-2.29290235,4
135,disease|MONDO|19338,-2.62355757,5
136,disease|MONDO|1444,-1.47219634,1
136,disease|MONDO|5737,-1.55829740,2
136,disease|MONDO|18076,-1.57809865,3
136,disease|MONDO|19338,-2.04424882,4
136,disease|MONDO|43537,-2.26291931,5
136,disease|MONDO|9688,-3.56708133,6
137,disease|MONDO|5737,-1.42731488,1
137,disease|MONDO|1444,-1.55682254,2
137,disease|MONDO|18076,-1.59572542,3
137,disease|MONDO|19338,-2.13031936,4
137,disease|MONDO|2465,-3.01498944,5
137,disease|MONDO|5002,-3.30002332,6
137,disease|MONDO|16218,-3.98031622,7
138,disease|MONDO|1444,-1.39514089,1
138,disease|MONDO|19338,-2.06809330,2
138,disease|MONDO|9688,-2.25407362,3
138,disease|MONDO|21040,-4.08134055,4
139,disease|MONDO|1444,-1.44271708,1
139,disease|MONDO|19338,-1.54663789,2
139,disease|MONDO|43537,-1.91805297,3
139,disease|MONDO|9688,-2.04071259,4
139,disease|MONDO|29000,-2.44643915,5
139,disease|MONDO|5070,-4.09819555,6
140,disease|MONDO|1444,-1.35418224,1
140,disease|MONDO|19562,-1.81818318,2
140,disease|MONDO|19338,-2.16505146,3
140,disease|MONDO|9688,-2.32949829,4
140,disease|MONDO|3441,-4.16692400,5
140,disease|MONDO|4867,-4.95526117,6
141,disease|MONDO|18076,-1.63711643,1
141,disease|MONDO|1444,-1.73676097,2
141,disease|MONDO|19562,-1.78575385,3
141,disease|MONDO|5737,-1.87941027,4
141,disease|MONDO|7186,-2.03373981,5
141,disease|MONDO|19338,-2.19867206,6
141,disease|MONDO|5002,-2.54874766,7
142,disease|MONDO|18076,-1.61186934,1
142,disease|MONDO|1444,-1.62074566,2
142,disease|MONDO|5737,-1.62330103,3
142,disease|MONDO|43537,-2.17268145,4
142,disease|MONDO|19338,-2.30705786,5
142,disease|MONDO|2465,-2.88977718,6
142,disease|MONDO|5002,-3.38992023,7
142,disease|MONDO|16218,-4.04070568,8
142,disease|MONDO|5249,-5.86345464,9
142,disease|MONDO|4979,-6.68492466,10
143,disease|MONDO|1444,-1.48549294,1
143,disease|MONDO|5737,-1.65770698,2
143,disease|MONDO|43537,-1.93893880,3
143,disease|MONDO|19338,-2.13563108,4
143,disease|MONDO|9688,-2.13735771,5
143,disease|MONDO|5279,-3.82997328,6
144,disease|MONDO|1444,-1.51439786,1
144,disease|MONDO|19338,-2.28382373,2
144,disease|MONDO|9688,-2.28518057,3
144,disease|MONDO|5249,-4.18779200,4
144,effect/phenotype|HPO|4763,-4.39152998,5
144,disease|MONDO|18076,-5.75813693,6
145,disease|MONDO|5737,-1.54223692,1
145,disease|MONDO|19338,-2.54983473,2
145,disease|MONDO|2465,-2.60345435,3
145,disease|MONDO|16218,-3.89251572,4
145,disease|MONDO|21040,-5.54582638,5
145,disease|MONDO|5249,-6.00868607,6
146,disease|MONDO|1444,-1.35418165,1
146,disease|MONDO|19562,-1.81818342,2
146,disease|MONDO|3441,-4.16692364,3
146,disease|MONDO|19338,-4.44192922,4
146,disease|MONDO|4867,-4.95525992,5
147,disease|MONDO|43537,-2.43612337,1
147,disease|MONDO|2465,-2.73095989,2
147,disease|MONDO|29000,-3.15404165,3
147,disease|MONDO|16218,-3.92032105,4
147,disease|MONDO|4979,-3.94146156,5
147,disease|MONDO|5249,-5.83882219,6
147,disease|MONDO|19338,-6.61864758,7
148,disease|MONDO|1444,-1.62542093,1
148,disease|MONDO|19562,-1.86046553,2
148,effect/phenotype|HPO|1681,-3.51482272,3
148,disease|MONDO|21040,-4.70641249,4
149,disease|MONDO|1444,-1.48834860,1
149,disease|MONDO|5737,-1.66516173,2
149,disease|MONDO|43537,-1.88760936,3
149,disease|MONDO|19338,-2.07072234,4
149,disease|MONDO|9688,-2.24249125,5
149,disease|MONDO|5249,-3.52643552,6
149,disease|MONDO|4981,-4.16359246,7
149,disease|MONDO|5070,-4.37269652,8
150,disease|MONDO|43537,-1.84898931,1
150,disease|MONDO|16218,-4.28244162,2
151,disease|MONDO|8259,-0.44267082,1
151,disease|MONDO|5737,-1.54738343,2
151,disease|MONDO|43537,-2.01503944,3
151,disease|MONDO|19338,-2.11597371,4
152,disease|MONDO|1444,-1.71878338,1
152,disease|MONDO|18076,-1.85909474,2
152,disease|MONDO|5737,-1.92960882,3
152,disease|MONDO|43537,-2.26242018,4
152,disease|MONDO|19338,-2.49671292,5
152,disease|MONDO|9688,-2.68512845,6
153,disease|MONDO|1444,-1.46296334,1
153,disease|MONDO|18076,-1.63258290,2
153,disease|MONDO|5737,-1.74958396,3
153,disease|MONDO|19338,-2.23505354,4
153,disease|MONDO|43537,-2.35900033,5
153,effect/phenotype|HPO|25425,-3.47031558,6
154,disease|MONDO|1444,-1.33120573,1
154,disease|MONDO|18076,-1.39898443,2
154,disease|MONDO|43537,-1.59629542,3
154,disease|MONDO|19562,-1.72884130,4
154,disease|MONDO|19338,-1.99709558,5
154,disease|MONDO|5279,-3.27871752,6
154,effect/phenotype|HPO|1681,-4.24399829,7
155,disease|MONDO|1444,-1.32648158,1
155,disease|MONDO|5737,-1.49622917,2
155,disease|MONDO|43537,-1.90957379,3
155,disease|MONDO|9688,-2.15196991,4
155,disease|MONDO|19338,-2.17224860,5
155,disease|MONDO|5249,-3.68566900,6
156,disease|MONDO|1444,-1.43662190,1
156,disease|MONDO|5737,-1.45674729,2
156,disease|MONDO|43537,-1.96923560,3
156,disease|MONDO|19338,-2.13266349,4
156,disease|MONDO|9688,-2.15763903,5
157,disease|MONDO|5737,-1.48218858,1
157,disease|MONDO|1444,-1.59283340,2
157,disease|MONDO|18076,-1.61721683,3
157,disease|MONDO|19562,-1.80834258,4
157,disease|MONDO|19338,-2.16884470,5
158,disease|MONDO|1444,-1.35042417,1
158,disease|MONDO|18076,-1.50326622,2
158,disease|MONDO|5737,-1.71608651,3
158,disease|MONDO|43537,-1.81391215,4
158,disease|MONDO|19338,-2.00961661,5
158,disease|MONDO|5070,-3.34343874,6
159,disease|MONDO|1444,-1.31743407,1
159,disease|MONDO|18076,-1.40433037,2
159,disease|MONDO|43537,-1.58623517,3
159,disease|MONDO|5737,-1.70927536,4
159,disease|MONDO|19562,-1.71930563,5
159,disease|MONDO|19338,-1.97497857,6
159,disease|MONDO|5279,-3.25967222,7
160,disease|MONDO|1444,-1.38516748,1
160,disease|MONDO|5737,-1.58622932,2
160,disease|MONDO|43537,-1.87386978,3
160,disease|MONDO|19338,-2.11523676,4
160,disease|MONDO|9688,-2.18445253,5
160,disease|MONDO|5249,-3.58336121,6
160,disease|MONDO|5070,-4.42379534,7
161,disease|MONDO|8259,-0.44178998,1
161,disease|MONDO|5737,-1.55352998,2
161,disease|MONDO|43537,-2.00365794,3
161,disease|MONDO|19338,-2.11670923,4
162,disease|MONDO|1444,-1.58296680,1
162,disease|MONDO|18076,-1.61667693,2
162,disease|MONDO|19562,-1.80347943,3
162,disease|MONDO|19338,-2.16030765,4
163,disease|MONDO|18076,-1.63544142,1
163,disease|MONDO|1444,-1.73032355,2
163,disease|MONDO|19562,-1.78026915,3
163,disease|MONDO|5737,-1.87771821,4
163,disease|MONDO|7186,-2.02641249,5
163,disease|MONDO|19338,-2.19325113,6
163,disease|MONDO|5002,-2.54011500,7
164,disease|MONDO|43537,-1.91805291,1
165,disease|MONDO|5737,-1.55406976,1
165,disease|MONDO|43537,-2.04213053,2
165,disease|MONDO|19338,-2.06809330,3
165,disease|MONDO|9688,-2.25407362,4
165,disease|MONDO|29000,-3.29769999,5
165,disease|MONDO|4981,-3.36200887,6
166,disease|MONDO|5737,-1.59682715,1
166,disease|MONDO|1444,-1.62879002,2
166,disease|MONDO|18076,-1.93817496,3
166,disease|MONDO|19338,-2.30081916,4
166,disease|MONDO|43537,-2.56613910,5
166,disease|MONDO|2465,-3.32044351,6
166,disease|MONDO|5002,-3.79265058,7
166,disease|MONDO|16218,-4.59686756,8
166,disease|MONDO|5249,-6.37213248,9
167,disease|MONDO|43537,-1.76071626,1
167,disease|MONDO|2465,-3.32949096,2
167,disease|MONDO|19338,-6.69235730,3
168,disease|MONDO|5737,-1.47785926,1
168,disease|MONDO|1444,-1.58785987,2
168,disease|MONDO|18076,-1.61539054,3
168,disease|MONDO|19562,-1.80569792,4
168,disease|MONDO|19338,-2.16212463,5
169,disease|MONDO|5737,-1.69784081,1
169,disease|MONDO|1444,-1.71944427,2
169,disease|MONDO|18076,-1.72803748,3
169,disease|MONDO|43537,-2.37792981,4
169,disease|MONDO|19338,-2.50179100,5
169,disease|MONDO|2465,-3.10894263,6
169,disease|MONDO|5002,-3.66132462,7
169,disease|MONDO|16218,-4.35026544,8
169,disease|MONDO|5249,-6.34626949,9
170,disease|MONDO|18076,-0.96062529,1
170,disease|MONDO|5737,-1.31671476,2
170,disease|MONDO|1444,-1.47980261,3
170,disease|MONDO|19338,-1.98422432,4
170,disease|MONDO|9688,-2.22757959,5
170,disease|MONDO|4777,-3.22899178,6
170,disease|MONDO|5722,-3.89643577,7
170,disease|MONDO|5904,-3.94357371,8
170,disease|MONDO|2646,-4.13024101,9
170,disease|MONDO|5070,-4.37341166,10
170,disease|MONDO|4867,-4.64990672,11
170,disease|MONDO|21040,-4.93299335,12
171,disease|MONDO|5737,-1.52941775,1
171,disease|MONDO|1444,-1.58742583,2
171,disease|MONDO|18076,-1.80039513,3
171,disease|MONDO|19338,-2.23274493,4
171,disease|MONDO|9688,-2.44595647,5
171,disease|MONDO|5002,-3.40958321,6
171,effect/phenotype|HPO|4763,-4.35841644,7
172,disease|MONDO|18076,-1.73313570,1
172,disease|MONDO|1444,-1.78725338,2
172,disease|MONDO|19338,-2.26921439,3
172,disease|MONDO|9688,-2.43689656,4
173,disease|MONDO|5737,-1.50091302,1
173,disease|MONDO|43537,-2.13687146,2
173,disease|MONDO|19338,-2.24355173,3
173,disease|MONDO|2465,-2.77181691,4
173,disease|MONDO|16218,-3.81297982,5
173,disease|MONDO|21040,-5.03772128,6
173,disease|MONDO|5249,-5.65185171,7
174,disease|MONDO|5737,-1.47860479,1
174,disease|MONDO|1444,-1.58650899,2
174,disease|MONDO|18076,-1.61139536,3
174,disease|MONDO|19562,-1.80668426,4
174,disease|MONDO|19338,-2.15932512,5
175,disease|MONDO|1444,-1.35012317,1
175,disease|MONDO|18076,-1.52647758,2
175,disease|MONDO|5737,-1.68468285,3
175,disease|MONDO|43537,-1.83589280,4
175,disease|MONDO|19338,-2.03380966,5
176,disease|MONDO|1444,-1.62935042,1
176,disease|MONDO|18076,-1.94475758,2
176,disease|MONDO|19338,-2.30464554,3
176,disease|MONDO|2465,-3.35980350,4
177,disease|MONDO|1444,-1.63486397,1
177,disease|MONDO|19562,-1.86428082,2
177,disease|MONDO|4981,-4.15516573,3
178,disease|MONDO|1444,-1.38797140,1
178,disease|MONDO|19338,-2.08003569,2
178,disease|MONDO|9688,-2.31203413,3
178,disease|MONDO|29000,-2.82439888,4
178,disease|MONDO|5070,-4.53814721,5
179,disease|MONDO|1444,-1.54746103,1
179,disease|MONDO|18076,-1.66519094,2
179,disease|MONDO|5737,-1.85286200,3
179,disease|MONDO|43537,-2.00511253,4
179,disease|MONDO|19338,-2.17631650,5
179,disease|MONDO|9688,-2.37818336,6
179,disease|MONDO|5002,-3.09691608,7
180,disease|MONDO|43537,-1.81152374,1
180,disease|MONDO|2465,-3.54961014,2
181,disease|MONDO|1444,-1.36932802,1
181,disease|MONDO|18076,-1.44318366,2
181,disease|MONDO|19562,-1.71556997,3
181,disease|MONDO|5737,-1.76887357,4
181,disease|MONDO|19338,-2.00557613,5
182,disease|MONDO|1444,-1.53354740,1
182,disease|MONDO|19562,-1.89744437,2
182,disease|MONDO|19338,-2.29570389,3
182,disease|MONDO|9688,-2.33860230,4
182,disease|MONDO|8259,-3.60719121,5
182,disease|MONDO|3441,-4.42301428,6
183,disease|MONDO|1444,-1.60257828,1
183,disease|MONDO|19562,-1.87996769,2
184,disease|MONDO|5737,-1.54051793,1
184,disease|MONDO|1444,-1.58905959,2
184,disease|MONDO|18076,-1.66897881,3
184,disease|MONDO|19338,-2.14716935,4
185,disease|MONDO|1444,-1.56807613,1
185,disease|MONDO|19562,-1.87797034,2
185,disease|MONDO|19338,-2.10643554,3
185,disease|MONDO|9688,-2.28444552,4
185,disease|MONDO|29000,-3.46171570,5
185,disease|MONDO|4981,-6.44534659,6
186,disease|MONDO|1444,-1.39514089,1
186,disease|MONDO|5737,-1.55406988,2
186,disease|MONDO|43537,-2.04213047,3
186,disease|MONDO|19338,-2.06809330,4
186,disease|MONDO|9688,-2.25407338,5
186,disease|MONDO|4981,-3.36200881,6
186,disease|MONDO|21040,-4.08134067,7
186,effect/phenotype|HPO|4763,-4.83529371,8
187,disease|MONDO|1444,-1.66740000,1
187,disease|MONDO|9688,-2.12063575,2
187,disease|MONDO|19338,-2.18359590,3
187,disease|MONDO|43537,-2.39788878,4
187,disease|MONDO|4981,-4.32186699,5
188,disease|MONDO|1444,-1.76368833,1
188,disease|MONDO|4979,-5.03974092,2
188,disease|MONDO|4981,-7.00505030,3
189,disease|MONDO|19562,-1.91417181,1
189,disease|MONDO|7186,-2.12709546,2
190,disease|MONDO|1444,-1.35418153,1
190,disease|MONDO|19562,-1.81818330,2
190,disease|MONDO|19338,-2.16505075,3
190,disease|MONDO|9688,-2.32949829,4
190,disease|MONDO|3441,-4.16692317,5
190,disease|MONDO|4867,-4.95525929,6
191,disease|MONDO|1444,-1.30251694,1
191,disease|MONDO|18076,-1.39091969,2
191,disease|MONDO|43537,-1.57087308,3
191,disease|MONDO|5737,-1.69592512,4
191,disease|MONDO|19562,-1.71799684,5
191,disease|MONDO|19338,-1.95581186,6
192,disease|MONDO|1444,-1.51584077,1
192,disease|MONDO|9688,-1.88195181,2
192,disease|MONDO|19338,-2.21312261,3
192,disease|MONDO|29000,-2.99115443,4
192,effect/phenotype|HPO|4763,-4.15003794,5
192,disease|MONDO|5279,-4.97042584,6
193,disease|MONDO|5737,-1.29407525,1
193,disease|MONDO|18076,-1.38251185,2
193,disease|MONDO|1444,-1.44004011,3
193,disease|MONDO|19338,-1.99765778,4
193,disease|MONDO|9688,-2.20867872,5
193,effect/phenotype|HPO|4763,-4.08491629,6
193,disease|MONDO|5070,-4.59065586,7
193,disease|MONDO|4867,-5.07139975,8
194,disease|MONDO|1444,-1.47572815,1
194,disease|MONDO|5737,-1.66012406,2
194,disease|MONDO|43537,-1.93913960,3
194,disease|MONDO|19338,-2.14074826,4
194,disease|MONDO|9688,-2.14538693,5
194,disease|MONDO|5279,-3.83083755,6
195,disease|MONDO|1444,-1.63307440,1
195,disease|MONDO|19562,-1.86744916,2
195,disease|MONDO|19338,-2.10399580,3
195,disease|MONDO|9688,-2.16301298,4
195,disease|MONDO|21040,-4.11128151,5
195,disease|MONDO|4981,-4.15441203,6
196,disease|MONDO|1444,-1.36915946,1
196,disease|MONDO|18076,-1.44307709,2
196,disease|MONDO|19562,-1.71566641,3
196,disease|MONDO|5737,-1.76895607,4
196,disease|MONDO|19338,-2.00554347,5
196,disease|MONDO|9688,-2.22282910,6
197,disease|MONDO|43537,-2.22750592,1
197,disease|MONDO|29000,-4.43621403,2
197,effect/phenotype|HPO|1681,-4.64286447,3
197,disease|MONDO|4979,-5.06273168,4
197,disease|MONDO|5249,-6.98030514,5
198,disease|MONDO|1444,-1.32196641,1
198,disease|MONDO|5737,-1.49590421,2
198,disease|MONDO|43537,-1.90145874,3
198,disease|MONDO|9688,-2.16424608,4
198,disease|MONDO|19338,-2.16771197,5
199,disease|MONDO|1444,-1.59705341,1
199,disease|MONDO|18076,-1.69572175,2
199,disease|MONDO|5737,-1.91496968,3
199,disease|MONDO|43537,-2.10606140,4
199,disease|MONDO|19338,-2.34893823,5
200,disease|MONDO|1444,-1.60239232,1
200,disease|MONDO|5737,-1.72270453,2
200,disease|MONDO|18076,-1.83241725,3
200,disease|MONDO|19562,-1.88008308,4
200,disease|MONDO|19338,-2.17851806,5
201,disease|MONDO|5737,-1.44043207,1
201,disease|MONDO|19338,-2.13684464,2
201,disease|MONDO|43537,-2.31917119,3
201,disease|MONDO|2465,-3.01580012,4
201,disease|MONDO|5070,-3.68430293,5
201,disease|MONDO|16218,-3.99735034,6
202,disease|MONDO|5737,-1.49169838,1
202,disease|MONDO|43537,-1.89716637,2
202,disease|MONDO|19338,-2.16656661,3
202,disease|MONDO|5249,-3.67761892,4
203,disease|MONDO|1444,-1.76023090,1
203,disease|MONDO|4979,-5.05703729,2
204,disease|MONDO|5737,-1.68468571,1
204,disease|MONDO|18076,-1.71137500,2
204,disease|MONDO|1444,-1.72828221,3
204,disease|MONDO|19338,-2.51002264,4
204,disease|MONDO|2465,-3.13197172,5
204,disease|MONDO|4822,-4.16080087,6
204,disease|MONDO|16218,-4.31492370,7
204,disease|MONDO|4979,-5.12019145,8
204,disease|MONDO|5249,-6.34916186,9
205,disease|MONDO|1444,-1.60234022,1
205,disease|MONDO|18076,-1.83243823,2
205,disease|MONDO|19562,-1.88011515,3
205,disease|MONDO|19338,-2.17847776,4
206,disease|MONDO|1444,-1.35799301,1
206,disease|MONDO|43537,-1.78862196,2
206,disease|MONDO|19338,-1.88909781,3
206,disease|MONDO|9688,-2.01127958,4
206,disease|MONDO|29000,-2.55537415,5
207,disease|MONDO|5737,-1.55406976,1
207,disease|MONDO|43537,-2.04213053,2
207,disease|MONDO|19338,-2.06809330,3
207,disease|MONDO|9688,-2.25407338,4
207,disease|MONDO|29000,-3.29769987,5
207,disease|MONDO|4981,-3.36200875,6
207,disease|MONDO|21040,-4.08134067,7
207,effect/phenotype|HPO|4763,-4.83529347,8
208,disease|MONDO|1444,-1.31320214,1
208,disease|MONDO|18076,-1.39182329,2
208,disease|MONDO|19562,-1.70995343,3
208,disease|MONDO|5737,-1.71158576,4
208,disease|MONDO|19338,-1.97408319,5
209,disease|MONDO|1444,-1.77235818,1
209,disease|MONDO|19338,-4.73522949,2
209,disease|MONDO|4979,-5.08808547,3
210,disease|MONDO|5737,-1.44991076,1
210,disease|MONDO|43537,-1.97918361,2
210,disease|MONDO|19338,-2.17906880,3
210,disease|MONDO|29000,-3.47054523,4
210,disease|MONDO|21040,-4.15745974,5
211,disease|MONDO|5737,-1.54390812,1
211,disease|MONDO|1444,-1.59700239,2
211,disease|MONDO|18076,-1.66687369,3
211,disease|MONDO|19338,-2.14640474,4
212,disease|MONDO|1444,-1.50269556,1
212,disease|MONDO|5737,-1.69110131,2
212,disease|MONDO|18076,-1.69896746,3
212,disease|MONDO|19338,-2.24608779,4
212,disease|MONDO|9688,-2.43872499,5
213,disease|MONDO|1444,-1.54028392,1
213,disease|MONDO|5737,-1.57060695,2
213,disease|MONDO|18076,-1.63923359,3
213,disease|MONDO|9688,-2.31634927,4
213,disease|MONDO|19338,-2.32206607,5
213,effect/phenotype|HPO|4763,-4.34516692,6
213,disease|MONDO|5070,-5.01566482,7
214,disease|MONDO|1444,-1.54028451,1
214,disease|MONDO|5737,-1.57060385,2
214,disease|MONDO|18076,-1.63923454,3
214,disease|MONDO|9688,-2.31635189,4
214,disease|MONDO|19338,-2.32207036,5
214,effect/phenotype|HPO|4763,-4.34516972,6
214,disease|MONDO|4981,-4.85821402,7
214,disease|MONDO|5070,-5.01567280,8
215,disease|MONDO|1444,-1.52049267,1
215,disease|MONDO|18076,-1.65311515,2
215,disease|MONDO|5737,-1.84807229,3
215,disease|MONDO|43537,-1.94427377,4
215,disease|MONDO|19338,-2.17919755,5
215,disease|MONDO|9688,-2.38132906,6
215,disease|MONDO|5002,-3.10013425,7
216,disease|MONDO|1444,-1.44673467,1
216,disease|MONDO|5737,-1.44753981,2
216,disease|MONDO|19338,-2.17641211,3
216,disease|MONDO|9688,-2.19934249,4
216,disease|MONDO|4867,-2.81421208,5
216,disease|MONDO|5002,-3.73207307,6
216,disease|MONDO|5753,-4.07722503,7
216,disease|MONDO|5722,-4.12274486,8
216,disease|MONDO|3781,-5.47892529,9
217,disease|MONDO|43537,-2.54679632,1
217,disease|MONDO|2465,-3.37762088,2
217,disease|MONDO|4981,-4.34867811,3
217,effect/phenotype|HPO|4763,-4.52021438,4
217,disease|MONDO|19338,-6.32379204,5
218,disease|MONDO|1444,-1.54028356,1
218,disease|MONDO|5737,-1.57060945,2
218,disease|MONDO|18076,-1.63923264,3
218,disease|MONDO|9688,-2.31634712,4
218,disease|MONDO|19338,-2.32206249,5
218,disease|MONDO|5249,-3.45409036,6
218,disease|MONDO|5002,-3.60787249,7
219,disease|MONDO|1444,-1.36909389,1
219,disease|MONDO|18076,-1.44307661,2
219,disease|MONDO|19562,-1.71570945,3
219,disease|MONDO|5737,-1.76899874,4
219,disease|MONDO|43537,-1.88770902,5
219,disease|MONDO|19338,-2.00566721,6
220,disease|MONDO|18076,-1.73745418,1
220,disease|MONDO|1444,-1.78836298,2
220,disease|MONDO|19338,-2.27472520,3
220,disease|MONDO|9688,-2.44395757,4
221,disease|MONDO|5737,-1.45357215,1
221,disease|MONDO|43537,-1.99136746,2
221,disease|MONDO|19338,-2.17596102,3
221,disease|MONDO|29000,-3.47555709,4
222,effect/phenotype|HPO|25425,-2.40540409,1
222,disease|MONDO|43537,-3.58692217,2
222,disease|MONDO|19562,-4.02211159,3
222,disease|MONDO|16218,-5.12649536,4
223,disease|MONDO|5737,-1.46113527,1
223,disease|MONDO|1444,-1.65086305,2
223,disease|MONDO|18076,-1.99377322,3
223,disease|MONDO|19338,-2.28632188,4
223,disease|MONDO|5002,-3.54528069,5
224,disease|MONDO|8259,-7.21267641,1
224,disease|MONDO|5070,-7.28377640,2
225,disease|MONDO|5737,-1.45750523,1
225,disease|MONDO|43537,-1.98867393,2
225,disease|MONDO|19338,-2.17917633,3
226,disease|MONDO|43537,-1.78307742,1
226,disease|MONDO|3441,-2.97471082,2
227,disease|MONDO|5737,-1.54427767,1
227,disease|MONDO|1444,-1.89629722,2
227,disease|MONDO|9688,-2.48201728,3
227,disease|MONDO|43537,-2.52474964,4
227,disease|MONDO|19338,-2.53420544,5
227,disease|MONDO|2465,-2.60667998,6
227,disease|MONDO|16218,-3.87114090,7
227,effect/phenotype|HPO|25425,-3.87271154,8
227,disease|MONDO|4979,-5.27149415,9
227,disease|MONDO|5249,-5.96496361,10
228,disease|MONDO|1444,-0.88770545,1
228,disease|MONDO|18076,-1.66471279,2
228,disease|MONDO|43537,-1.88098663,3
228,disease|MONDO|19338,-2.12880278,4
228,disease|MONDO|9688,-2.21162367,5
228,disease|MONDO|5279,-3.61319315,6
228,disease|MONDO|5070,-3.62434840,7
228,disease|MONDO|3441,-3.79076141,8
228,effect/phenotype|HPO|1681,-4.40002948,9
229,disease|MONDO|5737,-1.52977574,1
229,disease|MONDO|43537,-2.51041138,2
229,disease|MONDO|19338,-2.52151275,3
229,disease|MONDO|2465,-2.60686952,4
229,disease|MONDO|16218,-3.84602451,5
229,disease|MONDO|21040,-4.91619039,6
229,disease|MONDO|5249,-5.93543845,7
230,disease|MONDO|5737,-1.55406976,1
230,disease|MONDO|43537,-2.04213053,2
230,disease|MONDO|19338,-2.06809330,3
230,disease|MONDO|9688,-2.25407338,4
230,disease|MONDO|29000,-3.29769987,5
230,disease|MONDO|4981,-3.36200887,6
230,disease|MONDO|21040,-4.08134049,7
231,disease|MONDO|1444,-1.70263338,1
231,disease|MONDO|18076,-1.86555946,2
231,disease|MONDO|5737,-1.91859519,3
231,disease|MONDO|43537,-2.27760661,4
231,disease|MONDO|19338,-2.49222636,5
231,disease|MONDO|9688,-2.66844201,6
231,disease|MONDO|2465,-3.32014859,7
231,disease|MONDO|5249,-6.57418287,8
232,disease|MONDO|43537,-2.41881955,1
232,disease|MONDO|2465,-3.17912692,2
232,disease|MONDO|16218,-4.39772397,3
232,disease|MONDO|4979,-5.18467093,4
232,disease|MONDO|5249,-6.43965787,5
232,disease|MONDO|19338,-6.77455980,6
233,disease|MONDO|5737,-1.54283655,1
233,disease|MONDO|1444,-1.58921278,2
233,disease|MONDO|18076,-1.66914809,3
233,disease|MONDO|19338,-2.14757133,4
234,disease|MONDO|1444,-1.34916282,1
234,disease|MONDO|18076,-1.39567780,2
234,disease|MONDO|5737,-1.65722215,3
234,disease|MONDO|43537,-1.79313600,4
234,disease|MONDO|19338,-1.88855481,5
234,disease|MONDO|9688,-1.99605799,6
234,disease|MONDO|5070,-3.02230060,7
234,disease|MONDO|5279,-4.75525087,8
235,disease|MONDO|1444,-1.73883915,1
235,disease|MONDO|9688,-2.15343046,2
235,disease|MONDO|19338,-2.23698378,3
235,disease|MONDO|43537,-2.54138029,4
235,disease|MONDO|4981,-4.33813190,5
236,disease|MONDO|1444,-1.35418153,1
236,disease|MONDO|19562,-1.81818354,2
237,disease|MONDO|1444,-1.63057482,1
237,disease|MONDO|19562,-1.85831439,2
237,disease|MONDO|19338,-2.09967303,3
237,disease|MONDO|9688,-2.16160226,4
237,disease|MONDO|21040,-4.11239517,5
237,disease|MONDO|4981,-4.12503266,6
238,disease|MONDO|1444,-1.48220825,1
238,disease|MONDO|5737,-1.66208613,2
238,disease|MONDO|43537,-1.93019092,3
238,disease|MONDO|19338,-2.13014054,4
238,disease|MONDO|9688,-2.13254571,5
238,disease|MONDO|5279,-3.80810291,6
239,disease|MONDO|1444,-1.60216856,1
239,disease|MONDO|18076,-1.83250737,2
239,disease|MONDO|19562,-1.88022089,3
239,disease|MONDO|19338,-2.17834449,4
240,disease|MONDO|1444,-1.47826910,1
240,disease|MONDO|5737,-1.66008723,2
240,disease|MONDO|43537,-1.88999492,3
240,disease|MONDO|19338,-2.07880306,4
240,disease|MONDO|9688,-2.25001979,5
240,disease|MONDO|5249,-3.52352124,6
240,disease|MONDO|5070,-4.39980745,7
241,disease|MONDO|5737,-1.52941656,1
241,disease|MONDO|1444,-1.58742487,2
241,disease|MONDO|18076,-1.80039442,3
241,disease|MONDO|19338,-2.23274541,4
241,disease|MONDO|5002,-3.40958369,5
241,disease|MONDO|4822,-3.96261102,6
242,disease|MONDO|18076,-1.69776464,1
242,disease|MONDO|5737,-1.77211487,2
242,disease|MONDO|1444,-1.78659999,3
242,disease|MONDO|43537,-2.39854801,4
242,disease|MONDO|19338,-2.49412441,5
242,disease|MONDO|9688,-2.89902329,6
242,disease|MONDO|2465,-3.07075500,7
242,disease|MONDO|4822,-4.39709640,8
242,disease|MONDO|16218,-4.46359420,9
242,disease|MONDO|5070,-5.44780552,10
242,disease|MONDO|5249,-6.32765985,11
243,disease|MONDO|1444,-1.60254776,1
243,disease|MONDO|5737,-1.72275770,2
243,disease|MONDO|18076,-1.83235478,3
243,disease|MONDO|19562,-1.87998724,4
243,disease|MONDO|19338,-2.17863870,5
244,disease|MONDO|1444,-1.68114138,1
244,disease|MONDO|19562,-1.96597862,2
244,disease|MONDO|43537,-2.47183168,3
244,disease|MONDO|2465,-2.76817912,4
244,disease|MONDO|16218,-3.92435914,5
244,disease|MONDO|4979,-3.93537045,6
244,disease|MONDO|5249,-5.98458028,7
244,disease|MONDO|19338,-6.75381833,8
245,disease|MONDO|18076,-1.39804173,1
245,disease|MONDO|5737,-1.66090429,2
245,disease|MONDO|43537,-1.78621542,3
245,disease|MONDO|19338,-1.90072799,4
245,disease|MONDO|5070,-3.02882510,5
245,disease|MONDO|5279,-4.76359871,6
246,disease|MONDO|1444,-1.30687118,1
246,disease|MONDO|18076,-1.39297366,2
246,disease|MONDO|43537,-1.57108307,3
246,disease|MONDO|5737,-1.69765341,4
246,disease|MONDO|19562,-1.72114086,5
246,disease|MONDO|19338,-1.95759726,6
247,disease|MONDO|43537,-2.55327904,1
247,disease|MONDO|2465,-3.36556941,2
247,disease|MONDO|4981,-4.33912170,3
247,effect/phenotype|HPO|4763,-4.49648613,4
247,disease|MONDO|19338,-6.27890670,5
248,disease|MONDO|1444,-1.60258937,1
248,disease|MONDO|5737,-1.72277164,2
248,disease|MONDO|18076,-1.83233786,3
248,disease|MONDO|19562,-1.87996101,4
248,disease|MONDO|19338,-2.17867064,5
249,disease|MONDO|1444,-1.46046853,1
249,disease|MONDO|43537,-1.84895438,2
249,disease|MONDO|19338,-2.01273274,3
249,disease|MONDO|9688,-2.18470383,4
249,disease|MONDO|5070,-4.15856761,5
249,disease|MONDO|16218,-4.28229243,6
250,disease|MONDO|1444,-1.62852645,1
250,disease|MONDO|18076,-1.72721922,2
250,disease|MONDO|43537,-2.16338170,3
250,disease|MONDO|19338,-2.39378834,4
250,disease|MONDO|9688,-4.88215113,5
251,disease|MONDO|5737,-1.53923833,1
251,disease|MONDO|1444,-1.58758843,2
251,disease|MONDO|18076,-1.66104686,3
251,disease|MONDO|19562,-1.91202033,4
251,disease|MONDO|7186,-2.12593007,5
251,disease|MONDO|19338,-2.13948202,6
252,disease|MONDO|1444,-1.47702563,1
252,disease|MONDO|5737,-1.65993392,2
252,disease|MONDO|43537,-1.87127614,3
252,disease|MONDO|19338,-2.07141542,4
252,disease|MONDO|9688,-2.23682761,5
252,disease|MONDO|5249,-3.50915414,6
252,disease|MONDO|4981,-4.16257060,7
252,disease|MONDO|5070,-4.38730270,8
253,disease|MONDO|1444,-1.59462333,1
253,disease|MONDO|5737,-1.62371826,2
253,disease|MONDO|18076,-1.69657958,3
253,disease|MONDO|19338,-2.07073951,4
253,disease|MONDO|9688,-2.22429252,5
253,disease|MONDO|4981,-6.64398545,6
254,disease|MONDO|1444,-1.38080215,1
254,disease|MONDO|43537,-1.82230771,2
254,disease|MONDO|19338,-1.90213728,3
254,disease|MONDO|9688,-1.99370956,4
254,disease|MONDO|29000,-2.53111196,5
255,disease|MONDO|5737,-1.53683197,1
255,disease|MONDO|1444,-1.57749343,2
255,disease|MONDO|18076,-1.66945577,3
255,disease|MONDO|19562,-1.91710353,4
255,disease|MONDO|7186,-2.12356687,5
255,disease|MONDO|19338,-2.14444065,6
256,disease|MONDO|1444,-1.44271708,1
256,disease|MONDO|19338,-1.54663789,2
256,disease|MONDO|43537,-1.91805315,3
256,disease|MONDO|9688,-2.04071283,4
256,disease|MONDO|29000,-2.44643903,5
256,disease|MONDO|5070,-4.09819531,6
257,disease|MONDO|29000,-3.35262322,1
257,disease|MONDO|5249,-4.17309570,2
257,disease|MONDO|19338,-5.45051301,3
258,disease|MONDO|5737,-1.68253732,1
258,disease|MONDO|18076,-1.68480623,2
258,disease|MONDO|1444,-1.69103611,3
258,disease|MONDO|19562,-2.02930689,4
258,disease|MONDO|7186,-2.26674509,5
258,disease|MONDO|19338,-2.28409076,6
259,disease|MONDO|18076,-1.68138838,1
259,disease|MONDO|5737,-1.68426120,2
259,disease|MONDO|1444,-1.69823897,3
259,disease|MONDO|19562,-2.03319144,4
259,disease|MONDO|7186,-2.26581454,5
259,disease|MONDO|19338,-2.28280354,6
259,disease|MONDO|7915,-4.88920665,7
260,disease|MONDO|1444,-1.44181228,1
260,disease|MONDO|5737,-1.46857250,2
260,disease|MONDO|43537,-1.95945495,3
260,disease|MONDO|19338,-2.13687062,4
260,disease|MONDO|9688,-2.15749073,5
260,disease|MONDO|4867,-2.81089520,6
260,disease|MONDO|5002,-3.46202958,7
260,disease|MONDO|5722,-3.91618496,8
260,disease|MONDO|5753,-3.98176479,9
260,disease|MONDO|18076,-4.81969130,10
260,disease|MONDO|3781,-5.20084232,11
260,disease|MONDO|5070,-5.23404568,12
260,disease|MONDO|5249,-5.48467505,13
261,disease|MONDO|1444,-1.35085654,1
261,disease|MONDO|18076,-1.50548935,2
261,disease|MONDO|5737,-1.71587253,3
261,disease|MONDO|43537,-1.81513238,4
261,disease|MONDO|19338,-2.01345110,5
261,disease|MONDO|5070,-3.35003734,6
262,disease|MONDO|1444,-1.36505103,1
262,disease|MONDO|43537,-1.81628257,2
262,disease|MONDO|19338,-1.90421867,3
262,disease|MONDO|9688,-2.00463581,4
262,disease|MONDO|29000,-2.55387473,5
263,disease|MONDO|5737,-1.52526724,1
263,disease|MONDO|43537,-1.99267125,2
263,disease|MONDO|19338,-2.10197020,3
263,disease|MONDO|2465,-3.24748105,4
264,disease|MONDO|1444,-1.69638264,1
264,disease|MONDO|18076,-1.83839381,2
264,disease|MONDO|5737,-1.96578658,3
264,disease|MONDO|43537,-2.21841383,4
264,disease|MONDO|19338,-2.46414685,5
264,disease|MONDO|2465,-3.25936168,6
264,disease|MONDO|5070,-4.43895817,7
264,disease|MONDO|5249,-6.44684893,8
265,disease|MONDO|1444,-1.31415045,1
265,disease|MONDO|18076,-1.39336824,2
265,disease|MONDO|5737,-1.70318043,3
265,disease|MONDO|19562,-1.71492481,4
265,disease|MONDO|19338,-1.96390963,5
265,disease|MONDO|5279,-3.24680227,6
266,disease|MONDO|1444,-1.51951087,1
266,disease|MONDO|43537,-2.13105130,2
266,disease|MONDO|19338,-2.15912604,3
266,disease|MONDO|9688,-2.39096904,4
266,disease|MONDO|5249,-3.68678546,5
266,disease|MONDO|5070,-4.64795148,6
267,disease|MONDO|5737,-1.42170203,1
267,disease|MONDO|1444,-1.55227518,2
267,disease|MONDO|18076,-1.59361625,3
267,disease|MONDO|19338,-2.12563038,4
268,disease|MONDO|1444,-1.59405315,1
268,disease|MONDO|18076,-1.69386280,2
268,disease|MONDO|5737,-1.91989362,3
268,disease|MONDO|43537,-2.09448659,4
268,disease|MONDO|19338,-2.34964633,5
269,disease|MONDO|1444,-1.44982016,1
269,disease|MONDO|5737,-1.45044529,2
269,disease|MONDO|19338,-2.17774272,3
269,disease|MONDO|9688,-2.21171689,4
269,disease|MONDO|21040,-4.11017382,5
270,disease|MONDO|5737,-1.52713442,1
270,disease|MONDO|1444,-1.58009362,2
270,disease|MONDO|43537,-2.11526740,3
270,disease|MONDO|19338,-2.25493741,4
270,disease|MONDO|9688,-2.26714611,5
270,disease|MONDO|2465,-2.79189950,6
270,disease|MONDO|16218,-3.88617706,7
270,disease|MONDO|21040,-4.64933842,8
270,disease|MONDO|5249,-5.66709650,9
271,disease|MONDO|5383,-1.89107960,1
271,disease|MONDO|19562,-2.10403538,2
272,disease|MONDO|1444,-1.51584077,1
272,disease|MONDO|9688,-1.88195181,2
272,disease|MONDO|19338,-2.21312261,3
272,disease|MONDO|29000,-2.99115443,4
272,effect/phenotype|HPO|4763,-4.15003794,5
272,disease|MONDO|5279,-4.97042584,6
273,disease|MONDO|5737,-0.96396720,1
273,disease|MONDO|1444,-1.62096214,2
273,disease|MONDO|18076,-1.68485355,3
273,disease|MONDO|9688,-2.34618354,4
273,disease|MONDO|19338,-2.41081762,5
273,disease|MONDO|21040,-4.45852697,6
274,disease|MONDO|1444,-1.32422543,1
274,disease|MONDO|5737,-1.53236866,2
274,disease|MONDO|43537,-1.87899554,3
274,disease|MONDO|19338,-2.00439644,4
274,disease|MONDO|9688,-2.13979769,5
274,disease|MONDO|29000,-3.15517116,6
274,disease|MONDO|4981,-3.43514198,7
274,disease|MONDO|21040,-3.90146720,8
274,disease|MONDO|4496,-5.07083207,9
275,disease|MONDO|1444,-1.58644855,1
275,disease|MONDO|19562,-1.87510836,2
275,disease|MONDO|19338,-2.10186362,3
275,disease|MONDO|9688,-2.28267241,4
275,disease|MONDO|29000,-3.45812535,5
275,disease|MONDO|4981,-6.45373970,6
276,disease|MONDO|1444,-1.35418177,1
276,disease|MONDO|19562,-1.81818342,2
276,disease|MONDO|19338,-2.16505075,3
276,disease|MONDO|9688,-2.32949805,4
277,disease|MONDO|43537,-1.91805303,1
277,disease|MONDO|9688,-3.79951906,2
278,disease|MONDO|1444,-1.93944287,1
278,disease|MONDO|43537,-2.32700968,2
278,disease|MONDO|19338,-2.40095568,3
278,disease|MONDO|9688,-2.72221446,4
278,disease|MONDO|2465,-2.89460307,5
278,disease|MONDO|16218,-4.20024031,6
278,disease|MONDO|29000,-4.29179883,7
278,disease|MONDO|5249,-6.12959939,8
279,disease|MONDO|5737,-1.42845583,1
279,disease|MONDO|43537,-1.99317253,2
279,disease|MONDO|19338,-2.16692662,3
279,disease|MONDO|21040,-4.04192060,4
280,disease|MONDO|5737,-1.68303072,1
280,disease|MONDO|18076,-1.72469985,2
280,disease|MONDO|1444,-1.77395415,3
280,disease|MONDO|43537,-2.42160630,4
280,disease|MONDO|19338,-2.56670785,5
280,disease|MONDO|2465,-3.17298281,6
280,disease|MONDO|4822,-4.13959634,7
280,disease|MONDO|16218,-4.39942431,8
280,disease|MONDO|5249,-6.44314516,9
281,disease|MONDO|1444,-1.46145141,1
281,disease|MONDO|18076,-1.62716115,2
281,disease|MONDO|5737,-1.74400949,3
281,disease|MONDO|19338,-2.23099923,4
281,disease|MONDO|9688,-2.53286552,5
281,effect/phenotype|HPO|25425,-3.46724939,6
282,disease|MONDO|18076,-0.96875477,1
282,disease|MONDO|5737,-1.33427763,2
282,disease|MONDO|1444,-1.50103390,3
282,disease|MONDO|19338,-1.98181653,4
282,disease|MONDO|4777,-3.26539171,5
282,disease|MONDO|5722,-3.93001527,6
282,disease|MONDO|5904,-3.93358418,7
282,disease|MONDO|2646,-4.16862047,8
282,disease|MONDO|4867,-4.73788941,9
283,disease|MONDO|1444,-1.46046853,1
283,disease|MONDO|43537,-1.84895438,2
283,disease|MONDO|19338,-2.01273274,3
283,disease|MONDO|9688,-2.18470383,4
283,disease|MONDO|5070,-4.15856761,5
283,disease|MONDO|16218,-4.28229243,6
284,disease|MONDO|1444,-1.60622692,1
284,disease|MONDO|18076,-1.70521438,2
284,disease|MONDO|5737,-1.91678286,3
284,disease|MONDO|19338,-2.36165094,4
284,disease|MONDO|9688,-4.83193606,5
285,disease|MONDO|1444,-1.55897272,1
285,disease|MONDO|5737,-1.62252307,2
285,disease|MONDO|43537,-1.93522137,3
285,disease|MONDO|19338,-2.10527945,4
285,disease|MONDO|9688,-2.24833298,5
285,disease|MONDO|5070,-4.45845723,6
286,disease|MONDO|1444,-1.53538454,1
286,disease|MONDO|19562,-1.89761722,2
286,disease|MONDO|19338,-2.29201055,3
286,disease|MONDO|9688,-2.33218002,4
286,disease|MONDO|8259,-3.58936673,5
286,disease|MONDO|3441,-4.40782577,6
287,disease|MONDO|1444,-1.60478103,1
287,disease|MONDO|18076,-1.70685410,2
287,disease|MONDO|5737,-1.91359854,3
287,disease|MONDO|43537,-2.12591064,4
287,disease|MONDO|19338,-2.36223149,5
288,disease|MONDO|1444,-1.70955837,1
288,disease|MONDO|5737,-1.71372485,2
288,disease|MONDO|18076,-1.81387734,3
288,disease|MONDO|43537,-2.10363436,4
288,disease|MONDO|19338,-2.17996883,5
288,disease|MONDO|5070,-3.64195454,6
288,disease|MONDO|3441,-4.31035936,7
289,disease|MONDO|18076,-0.95597100,1
289,disease|MONDO|5737,-1.33146203,2
289,disease|MONDO|1444,-1.49630630,3
289,disease|MONDO|19338,-1.98182201,4
289,disease|MONDO|9688,-2.23115540,5
289,disease|MONDO|4777,-3.24978542,6
289,disease|MONDO|5722,-3.89430773,7
289,disease|MONDO|5904,-3.89652044,8
289,disease|MONDO|2646,-4.16292930,9
289,disease|MONDO|4867,-4.71703690,10
290,disease|MONDO|1444,-1.77177024,1
290,disease|MONDO|4979,-5.05397427,2
291,disease|MONDO|18076,-1.63369513,1
291,disease|MONDO|1444,-1.73020375,2
291,disease|MONDO|19562,-1.78690970,3
291,disease|MONDO|5737,-1.87929559,4
291,disease|MONDO|7186,-2.02816820,5
291,disease|MONDO|19338,-2.19656324,6
291,disease|MONDO|9688,-2.40263557,7
291,disease|MONDO|5002,-2.54336566,8
291,disease|MONDO|4981,-4.52616251,9
292,disease|MONDO|43537,-2.41881955,1
292,disease|MONDO|2465,-3.17912692,2
292,disease|MONDO|16218,-4.39772397,3
292,disease|MONDO|4979,-5.18467093,4
292,disease|MONDO|5249,-6.43965787,5
292,disease|MONDO|19338,-6.77455980,6
293,disease|MONDO|1444,-1.54028404,1
293,disease|MONDO|5737,-1.57060623,2
293,disease|MONDO|18076,-1.63923383,3
293,disease|MONDO|9688,-2.31634998,4
293,disease|MONDO|19338,-2.32206702,5
293,effect/phenotype|HPO|4763,-4.34516746,6
293,disease|MONDO|5070,-5.01566660,7
294,disease|MONDO|5737,-1.47627234,1
294,disease|MONDO|19338,-2.30459881,2
294,disease|MONDO|2465,-3.02456313,3
294,disease|MONDO|5070,-4.03456730,4
294,disease|MONDO|16218,-4.18045121,5
294,disease|MONDO|9688,-4.81535077,6
294,disease|MONDO|5249,-6.19319063,7
295,disease|MONDO|8259,-0.42514068,1
295,disease|MONDO|1444,-1.60146701,2
295,disease|MONDO|19338,-2.04548883,3
295,disease|MONDO|43537,-2.06629753,4
295,disease|MONDO|9688,-2.18901706,5
295,disease|MONDO|19562,-3.88121217,6
296,disease|MONDO|1444,-1.31308162,1
296,disease|MONDO|5737,-1.49165761,2
296,disease|MONDO|43537,-1.89733642,3
296,disease|MONDO|9688,-2.15322900,4
296,disease|MONDO|19338,-2.16737962,5
296,disease|MONDO|5249,-3.67809510,6
297,disease|MONDO|1444,-1.73883915,1
297,disease|MONDO|9688,-2.15343046,2
297,disease|MONDO|19338,-2.23698378,3
297,disease|MONDO|43537,-2.54138029,4
297,disease|MONDO|4981,-4.33813190,5
298,disease|MONDO|1444,-1.51439786,1
298,disease|MONDO|19338,-2.28382373,2
298,disease|MONDO|9688,-2.28518057,3
298,disease|MONDO|5249,-4.18779200,4
298,effect/phenotype|HPO|4763,-4.39152998,5
298,disease|MONDO|18076,-5.75813693,6
299,disease|MONDO|1444,-1.38336563,1
299,disease|MONDO|19338,-2.03777671,2
299,disease|MONDO|43537,-2.17122662,3
299,disease|MONDO|9688,-2.18695474,4
299,disease|MONDO|5070,-4.54588956,5
299,disease|MONDO|5279,-4.74482679,6
299,disease|MONDO|2280,-5.32406414,7
300,disease|MONDO|1444,-1.75898504,1
300,disease|MONDO|4979,-5.05151790,2
301,disease|MONDO|1444,-1.32418418,1
301,disease|MONDO|18076,-1.39496839,2
301,disease|MONDO|19562,-1.72179520,3
301,disease|MONDO|19338,-1.99236667,4
301,disease|MONDO|5279,-3.25149703,5
302,disease|MONDO|1444,-1.45220208,1
302,disease|MONDO|5737,-1.45285773,2
302,disease|MONDO|43537,-1.99307787,3
302,disease|MONDO|19338,-2.18173289,4
302,disease|MONDO|9688,-2.21050787,5
302,disease|MONDO|29000,-3.49184090,6
303,disease|MONDO|1444,-1.31851196,1
303,disease|MONDO|18076,-1.39412689,2
303,disease|MONDO|5737,-1.70955110,3
303,disease|MONDO|19562,-1.71581411,4
303,disease|MONDO|19338,-1.96830773,5
303,disease|MONDO|5279,-3.24644417,6
304,effect/phenotype|HPO|25425,-3.14759767,1
304,disease|MONDO|29000,-3.26317072,2
304,disease|MONDO|9688,-3.61912131,3
304,effect/phenotype|HPO|1681,-4.03233385,4
304,disease|MONDO|4979,-4.31677377,5
304,disease|MONDO|2280,-4.50907683,6
304,disease|MONDO|4781,-4.60380793,7
304,disease|MONDO|5279,-5.38790482,8
305,disease|MONDO|5737,-1.64164829,1
305,disease|MONDO|1444,-1.67559421,2
305,disease|MONDO|19338,-2.24181676,3
305,disease|MONDO|9688,-2.40889955,4
305,disease|MONDO|5070,-5.99254990,5
306,disease|MONDO|1444,-1.38337934,1
306,disease|MONDO|19338,-2.03778076,2
306,disease|MONDO|9688,-2.18697762,3
306,disease|MONDO|5070,-4.54590130,4
306,disease|MONDO|5279,-4.74486375,5
306,disease|MONDO|2280,-5.32407671,6
307,disease|MONDO|1444,-1.69402647,1
307,disease|MONDO|18076,-1.72387719,2
307,disease|MONDO|43537,-2.37142396,3
307,disease|MONDO|19338,-2.43843746,4
307,disease|MONDO|2465,-3.05997622,5
307,disease|MONDO|16218,-4.26312035,6
307,disease|MONDO|4979,-5.00727141,7
307,disease|MONDO|5249,-6.26975024,8
308,disease|MONDO|1444,-1.31212044,1
308,disease|MONDO|18076,-1.39183211,2
308,disease|MONDO|43537,-1.57651019,3
308,disease|MONDO|5737,-1.69284105,4
308,disease|MONDO|19562,-1.71884179,5
308,disease|MONDO|19338,-1.95933342,6
309,disease|MONDO|1444,-1.36941612,1
309,disease|MONDO|18076,-1.44317818,2
309,disease|MONDO|19562,-1.71552360,3
309,disease|MONDO|5737,-1.76887608,4
309,disease|MONDO|19338,-2.00541401,5
309,disease|MONDO|9688,-2.22282434,6
310,disease|MONDO|1444,-1.32577252,1
310,disease|MONDO|18076,-1.39118016,2
310,disease|MONDO|19562,-1.72182608,3
310,disease|MONDO|19338,-1.99353194,4
310,disease|MONDO|5279,-3.25129014,5
310,effect/phenotype|HPO|1681,-4.23344356,6
310,disease|MONDO|4979,-5.92338306,7
311,disease|MONDO|5737,-1.63013315,1
311,disease|MONDO|5383,-1.89769888,2
311,disease|MONDO|19562,-2.10310149,3
311,disease|MONDO|19338,-2.24332070,4
311,disease|MONDO|4981,-6.77565455,5
312,disease|MONDO|1444,-1.44271708,1
312,disease|MONDO|19338,-1.54663801,2
312,disease|MONDO|43537,-1.91805303,3
312,disease|MONDO|9688,-2.04071283,4
312,disease|MONDO|29000,-2.44643903,5
312,disease|MONDO|5070,-4.09819525,6
313,disease|MONDO|1444,-1.45719290,1
313,disease|MONDO|5737,-1.45805430,2
313,disease|MONDO|19338,-2.18027115,3
313,disease|MONDO|9688,-2.22374868,4
313,disease|MONDO|21040,-4.12219858,5
314,disease|MONDO|18076,-1.63369513,1
314,disease|MONDO|1444,-1.73020375,2
314,disease|MONDO|19562,-1.78690970,3
314,disease|MONDO|5737,-1.87929559,4
314,disease|MONDO|7186,-2.02816820,5
314,disease|MONDO|19338,-2.19656324,6
314,disease|MONDO|9688,-2.40263557,7
314,disease|MONDO|5002,-2.54336566,8
314,disease|MONDO|4981,-4.52616251,9
315,disease|MONDO|43537,-1.72725421,1
315,disease|MONDO|2465,-3.32931042,2
316,disease|MONDO|5737,-1.52941656,1
316,disease|MONDO|1444,-1.58742487,2
316,disease|MONDO|18076,-1.80039442,3
316,disease|MONDO|19338,-2.23274541,4
316,disease|MONDO|5002,-3.40958369,5
316,disease|MONDO|4822,-3.96261102,6
317,disease|MONDO|18076,-1.70718980,1
317,disease|MONDO|1444,-1.72548807,2
317,disease|MONDO|19338,-2.54532599,3
317,disease|MONDO|2465,-3.16930664,4
317,disease|MONDO|16218,-4.37676555,5
317,disease|MONDO|4979,-5.10795593,6
317,disease|MONDO|5249,-6.40781379,7
318,disease|MONDO|18076,-0.97719240,1
318,disease|MONDO|5737,-1.33062530,2
318,disease|MONDO|1444,-1.50312686,3
318,disease|MONDO|19338,-1.98979056,4
318,disease|MONDO|9688,-2.24614453,5
318,disease|MONDO|4777,-3.28582072,6
318,disease|MONDO|5904,-3.94380417,7
318,disease|MONDO|5722,-3.95685929,8
318,disease|MONDO|2646,-4.18471897,9
318,disease|MONDO|4867,-4.77065855,10
319,disease|MONDO|5737,-1.47831976,1
319,disease|MONDO|1444,-1.64249563,2
319,disease|MONDO|18076,-1.81582475,3
319,disease|MONDO|19338,-2.27935266,4
319,disease|MONDO|2465,-3.02786899,5
319,disease|MONDO|5002,-3.25063002,6
319,disease|MONDO|5070,-4.00243741,7
319,disease|MONDO|16218,-4.20095086,8
320,disease|MONDO|5737,-1.68772578,1
320,disease|MONDO|18076,-1.72359920,2
320,disease|MONDO|1444,-1.75031424,3
320,disease|MONDO|43537,-2.39641690,4
320,disease|MONDO|19338,-2.57157469,5
320,disease|MONDO|2465,-3.18636584,6
320,disease|MONDO|4822,-4.15053737,7
320,disease|MONDO|16218,-4.37946099,8
320,disease|MONDO|5249,-6.44938254,9
321,effect/phenotype|HPO|25425,-3.14759767,1
321,disease|MONDO|29000,-3.26317072,2
321,disease|MONDO|9688,-3.61912131,3
321,effect/phenotype|HPO|1681,-4.03233385,4
321,disease|MONDO|4979,-4.31677377,5
321,disease|MONDO|2280,-4.50907683,6
321,disease|MONDO|4781,-4.60380793,7
321,disease|MONDO|5279,-5.38790482,8
322,disease|MONDO|5737,-1.49769592,1
322,disease|MONDO|19338,-2.29889774,2
322,disease|MONDO|43537,-2.53719878,3
322,disease|MONDO|2465,-3.03137147,4
322,disease|MONDO|5070,-4.00909328,5
322,disease|MONDO|16218,-4.20257443,6
322,disease|MONDO|5249,-6.18613029,7
323,disease|MONDO|1444,-1.43553925,1
323,disease|MONDO|5737,-1.47513151,2
323,disease|MONDO|18076,-1.60890281,3
323,disease|MONDO|9688,-1.61215985,4
323,disease|MONDO|19338,-1.94454479,5
323,disease|MONDO|5070,-3.55192560,6
324,disease|MONDO|1444,-0.88662869,1
324,disease|MONDO|43537,-1.85411751,2
324,disease|MONDO|19338,-2.10562110,3
324,disease|MONDO|9688,-2.17177558,4
324,disease|MONDO|5279,-3.51617682,5
324,effect/phenotype|HPO|1681,-4.34039623,6
325,disease|MONDO|43537,-2.60444558,1
325,disease|MONDO|2465,-3.31317711,2
325,disease|MONDO|16218,-4.59449041,3
325,disease|MONDO|5249,-6.37912399,4
326,disease|MONDO|1444,-1.34158862,1
326,disease|MONDO|5737,-1.51755631,2
326,disease|MONDO|43537,-1.88216567,3
326,disease|MONDO|19338,-2.00815248,4
326,disease|MONDO|9688,-2.16696024,5
326,disease|MONDO|29000,-3.14214945,6
326,disease|MONDO|21040,-3.87331533,7
326,disease|MONDO|4496,-5.07811052,8
326,disease|MONDO|2280,-6.06807351,9
327,disease|MONDO|5737,-1.67692959,1
327,disease|MONDO|1444,-1.78697324,2
327,disease|MONDO|19338,-2.60345411,3
327,disease|MONDO|9688,-2.76588011,4
327,effect/phenotype|HPO|1681,-5.44118369,5
327,disease|MONDO|4979,-5.47317010,6
328,disease|MONDO|1444,-1.51416075,1
328,disease|MONDO|9688,-1.88023448,2
328,disease|MONDO|19338,-2.02441120,3
328,disease|MONDO|29000,-2.85717273,4
328,disease|MONDO|5904,-3.59471518,5
328,effect/phenotype|HPO|4763,-4.02568018,6
328,disease|MONDO|4981,-4.40855002,7
328,disease|MONDO|5279,-4.84538919,8
329,disease|MONDO|1444,-1.35258663,1
329,disease|MONDO|18076,-1.39788568,2
329,disease|MONDO|5737,-1.65800989,3
329,disease|MONDO|43537,-1.79617417,4
329,disease|MONDO|19338,-1.89286649,5
329,disease|MONDO|9688,-1.99494362,6
329,disease|MONDO|5070,-3.02765775,7
329,disease|MONDO|3441,-3.84409583,8
329,disease|MONDO|5279,-4.75729162,9
330,disease|MONDO|1444,-1.48064208,1
330,disease|MONDO|5737,-1.57538593,2
330,disease|MONDO|18076,-1.58143854,3
330,disease|MONDO|19338,-2.05361056,4
330,disease|MONDO|2280,-4.44050956,5
330,disease|MONDO|5070,-5.26649141,6
331,disease|MONDO|1444,-1.60779631,1
331,disease|MONDO|18076,-1.70494139,2
331,disease|MONDO|5737,-1.91680169,3
331,disease|MONDO|43537,-2.13001561,4
331,disease|MONDO|19338,-2.36555552,5
332,disease|MONDO|1444,-1.48137701,1
332,disease|MONDO|5737,-1.52578938,2
332,disease|MONDO|9688,-1.64873409,3
332,disease|MONDO|18076,-1.68437135,4
332,disease|MONDO|19338,-2.18826270,5
332,disease|MONDO|5279,-4.70191109,6
333,disease|MONDO|1444,-1.38337934,1
333,disease|MONDO|19338,-2.03778076,2
333,disease|MONDO|9688,-2.18697762,3
333,disease|MONDO|5070,-4.54590130,4
333,disease|MONDO|5279,-4.74486375,5
333,disease|MONDO|2280,-5.32407671,6
334,disease|MONDO|5737,-1.45764685,1
334,disease|MONDO|1444,-1.45801961,2
334,disease|MONDO|43537,-1.99218881,3
334,disease|MONDO|19338,-2.17957664,4
334,disease|MONDO|9688,-2.21466088,5
335,disease|MONDO|5383,-1.87700057,1
336,disease|MONDO|1444,-1.35314155,1
336,disease|MONDO|43537,-1.79710513,2
336,disease|MONDO|19338,-1.89210105,3
336,disease|MONDO|9688,-2.00020909,4
336,disease|MONDO|29000,-2.54318166,5
337,disease|MONDO|5737,-1.63845944,1
337,disease|MONDO|1444,-1.66409159,2
337,disease|MONDO|19562,-2.09461689,3
337,disease|MONDO|19338,-2.24468827,4
337,disease|MONDO|9688,-2.41711330,5
337,disease|MONDO|5070,-6.00101805,6
337,disease|MONDO|4981,-6.74278593,7
338,disease|MONDO|43537,-2.14975882,1
338,disease|MONDO|2465,-2.89614135,2
338,disease|MONDO|29000,-3.14104736,3
338,disease|MONDO|16218,-4.04237437,4
338,disease|MONDO|19338,-4.65360248,5
338,disease|MONDO|5249,-5.87371767,6
338,disease|MONDO|4979,-6.63985443,7
339,disease|MONDO|1444,-1.46751726,1
339,disease|MONDO|5737,-1.67783999,2
339,disease|MONDO|43537,-1.86439282,3
339,disease|MONDO|19338,-2.06026459,4
339,disease|MONDO|9688,-2.24798489,5
339,disease|MONDO|4981,-4.14001024,6
339,disease|MONDO|5070,-4.34277624,7
340,disease|MONDO|5737,-1.69784081,1
340,disease|MONDO|1444,-1.71944427,2
340,disease|MONDO|18076,-1.72803748,3
340,disease|MONDO|43537,-2.37792981,4
340,disease|MONDO|19338,-2.50179100,5
340,disease|MONDO|2465,-3.10894263,6
340,disease|MONDO|5002,-3.66132462,7
340,disease|MONDO|16218,-4.35026544,8
340,disease|MONDO|5249,-6.34626949,9
341,disease|MONDO|18076,-1.60550117,1
341,disease|MONDO|1444,-1.63123679,2
341,disease|MONDO|5737,-1.65050280,3
341,disease|MONDO|43537,-2.17680168,4
341,disease|MONDO|19338,-2.32869959,5
341,disease|MONDO|2465,-2.93107969,6
341,disease|MONDO|5002,-3.43547595,7
341,disease|MONDO|16218,-4.08244586,8
341,disease|MONDO|5249,-5.92231899,9
341,disease|MONDO|4979,-6.71221149,10
342,disease|MONDO|1444,-1.82890403,1
342,disease|MONDO|18076,-1.89939260,2
342,disease|MONDO|5737,-1.96571374,3
342,disease|MONDO|43537,-2.44532394,4
342,disease|MONDO|19338,-2.50441694,5
342,disease|MONDO|9688,-2.71118832,6
342,disease|MONDO|2465,-3.25801128,7
342,disease|MONDO|5249,-6.56385893,8
343,disease|MONDO|1444,-1.71436095,1
343,disease|MONDO|18076,-1.72090912,2
343,disease|MONDO|19338,-2.55861282,3
343,disease|MONDO|2465,-3.18468690,4
343,disease|MONDO|16218,-4.39084452,5
343,disease|MONDO|4979,-5.12561685,6
343,disease|MONDO|5249,-6.45379043,7
344,effect/phenotype|HPO|25425,-2.40540409,1
344,disease|MONDO|43537,-3.58692217,2
344,disease|MONDO|19562,-4.02211159,3
344,disease|MONDO|16218,-5.12649536,4
345,disease|MONDO|1444,-1.78722692,1
345,disease|MONDO|19338,-4.72402549,2
345,disease|MONDO|4979,-5.08814847,3
346,disease|MONDO|1444,-1.63384604,1
346,disease|MONDO|19562,-1.86115038,2
346,disease|MONDO|19338,-2.10231304,3
346,disease|MONDO|9688,-2.16573596,4
346,disease|MONDO|5070,-4.55527306,5
346,effect/phenotype|HPO|1681,-5.37988466,6
347,disease|MONDO|5737,-1.69929373,1
347,disease|MONDO|1444,-1.73787045,2
347,disease|MONDO|18076,-1.73811555,3
347,disease|MONDO|43537,-2.39881051,4
347,disease|MONDO|19338,-2.53995180,5
347,disease|MONDO|2465,-3.13408601,6
347,disease|MONDO|5002,-3.66873074,7
347,disease|MONDO|16218,-4.38346356,8
347,disease|MONDO|5249,-6.39560115,9
348,disease|MONDO|5737,-1.66206408,1
348,disease|MONDO|1444,-1.80043089,2
348,disease|MONDO|19338,-2.59591103,3
348,disease|MONDO|9688,-2.74234819,4
348,disease|MONDO|4979,-5.44059324,5
348,effect/phenotype|HPO|1681,-5.45427316,6
349,disease|MONDO|1444,-1.47292733,1
349,disease|MONDO|5737,-1.56028199,2
349,disease|MONDO|18076,-1.57476699,3
349,disease|MONDO|19338,-2.03838491,4
349,disease|MONDO|29000,-3.99479723,5
349,disease|MONDO|2280,-4.44960570,6
349,disease|MONDO|9688,-4.63691694,7
350,disease|MONDO|1444,-1.48225272,1
350,disease|MONDO|5737,-1.66104770,2
350,disease|MONDO|43537,-1.92880273,3
350,disease|MONDO|19338,-2.12915778,4
350,disease|MONDO|9688,-2.12937212,5
350,disease|MONDO|5279,-3.80705082,6
351,disease|MONDO|1444,-1.64531934,1
351,disease|MONDO|18076,-1.73896730,2
351,disease|MONDO|19562,-1.91583562,3
351,disease|MONDO|7186,-2.01305151,4
351,disease|MONDO|19338,-2.11940670,5
351,disease|MONDO|9688,-4.71514565,6
352,disease|MONDO|1444,-1.35418165,1
352,disease|MONDO|19562,-1.81818366,2
353,disease|MONDO|1444,-1.68114138,1
353,disease|MONDO|19562,-1.96597862,2
353,disease|MONDO|43537,-2.47183168,3
353,disease|MONDO|2465,-2.76817912,4
353,disease|MONDO|16218,-3.92435914,5
353,disease|MONDO|4979,-3.93537045,6
353,disease|MONDO|5249,-5.98458028,7
353,disease|MONDO|19338,-6.75381833,8
354,disease|MONDO|18076,-1.61022580,1
354,disease|MONDO|1444,-1.72115433,2
354,disease|MONDO|5737,-1.88018107,3
354,disease|MONDO|19338,-2.19612694,4
354,disease|MONDO|9688,-2.39620519,5
354,disease|MONDO|5002,-2.54042411,6
354,disease|MONDO|4981,-4.52860188,7
355,disease|MONDO|1444,-1.47219634,1
355,disease|MONDO|5737,-1.55829740,2
355,disease|MONDO|18076,-1.57809865,3
355,disease|MONDO|19338,-2.04424882,4
355,disease|MONDO|43537,-2.26291931,5
355,disease|MONDO|9688,-3.56708133,6
356,disease|MONDO|5737,-1.46655273,1
356,disease|MONDO|43537,-1.95891362,2
356,disease|MONDO|19338,-2.13355112,3
356,disease|MONDO|18076,-4.81249750,4
357,disease|MONDO|1444,-1.48878753,1
357,disease|MONDO|5737,-1.66484797,2
357,disease|MONDO|43537,-1.87015384,3
357,disease|MONDO|19338,-2.07775903,4
357,disease|MONDO|9688,-2.25499916,5
357,disease|MONDO|5249,-3.50171858,6
357,disease|MONDO|5070,-4.40638888,7
358,disease|MONDO|1444,-1.48106956,1
358,disease|MONDO|5737,-1.66002131,2
358,disease|MONDO|43537,-1.93049258,3
358,disease|MONDO|9688,-2.12765288,4
358,disease|MONDO|19338,-2.13052344,5
358,disease|MONDO|5279,-3.81252277,6
359,disease|MONDO|18076,-1.40120530,1
359,disease|MONDO|5737,-1.66556716,2
359,disease|MONDO|43537,-1.78578603,3
359,disease|MONDO|19338,-1.90011036,4
359,disease|MONDO|5070,-3.02935052,5
359,disease|MONDO|5279,-4.76732263,6
360,disease|MONDO|1444,-1.68967867,1
360,disease|MONDO|19562,-1.96118414,2
360,disease|MONDO|43537,-2.49026155,3
360,disease|MONDO|2465,-2.76258248,4
360,disease|MONDO|16218,-3.95471829,5
360,disease|MONDO|4979,-3.98017240,6
360,disease|MONDO|5249,-5.97944540,7
360,disease|MONDO|19338,-6.78893030,8
361,disease|MONDO|1444,-1.43282688,1
361,disease|MONDO|5737,-1.69724882,2
361,disease|MONDO|43537,-1.82922280,3
361,disease|MONDO|19338,-2.12527442,4
361,disease|MONDO|9688,-2.23528409,5
362,disease|MONDO|1444,-1.45382857,1
362,disease|MONDO|5737,-1.45708036,2
362,disease|MONDO|43537,-1.99736428,3
362,disease|MONDO|19338,-2.18282437,4
362,disease|MONDO|9688,-2.20993447,5
363,disease|MONDO|5737,-1.46038949,1
363,disease|MONDO|1444,-1.46136343,2
363,disease|MONDO|43537,-1.99823391,3
363,disease|MONDO|19338,-2.18118668,4
363,disease|MONDO|9688,-2.22119045,5
363,disease|MONDO|29000,-3.49275655,6
364,disease|MONDO|5383,-2.00531274,1
364,disease|MONDO|19562,-2.09436512,2
364,disease|MONDO|3441,-4.31622976,3
365,disease|MONDO|1444,-1.59653401,1
365,disease|MONDO|18076,-1.69761109,2
365,disease|MONDO|5737,-1.91575015,3
365,disease|MONDO|43537,-2.10379410,4
365,disease|MONDO|19338,-2.34961581,5
365,disease|MONDO|9688,-4.83269644,6
366,disease|MONDO|1444,-1.46046853,1
366,disease|MONDO|43537,-1.84895438,2
366,disease|MONDO|19338,-2.01273274,3
366,disease|MONDO|9688,-2.18470383,4
366,disease|MONDO|5070,-4.15856761,5
366,disease|MONDO|16218,-4.28229243,6
367,disease|MONDO|1444,-1.44212306,1
367,disease|MONDO|5737,-1.46736205,2
367,disease|MONDO|43537,-1.96850771,3
367,disease|MONDO|19338,-2.13757443,4
367,disease|MONDO|9688,-2.15770459,5
367,disease|MONDO|5070,-4.41646719,6
368,disease|MONDO|1444,-1.38516748,1
368,disease|MONDO|5737,-1.58622932,2
368,disease|MONDO|43537,-1.87386978,3
368,disease|MONDO|19338,-2.11523676,4
368,disease|MONDO|9688,-2.18445253,5
368,disease|MONDO|5249,-3.58336121,6
368,disease|MONDO|5070,-4.42379534,7
369,disease|MONDO|5737,-1.45301735,1
369,disease|MONDO|43537,-1.99811721,2
369,disease|MONDO|19338,-2.17828989,3
369,disease|MONDO|4867,-2.81859070,4
369,disease|MONDO|29000,-3.48906147,5
369,disease|MONDO|5002,-3.73793155,6
369,disease|MONDO|5753,-4.09295106,7
369,disease|MONDO|5722,-4.12213600,8
369,disease|MONDO|3781,-5.48430365,9
370,disease|MONDO|5737,-0.96396720,1
370,disease|MONDO|1444,-1.62096214,2
370,disease|MONDO|18076,-1.68485355,3
370,disease|MONDO|9688,-2.34618354,4
370,disease|MONDO|19338,-2.41081762,5
370,disease|MONDO|21040,-4.45852697,6
371,disease|MONDO|18076,-1.39984894,1
371,disease|MONDO|5737,-1.66113210,2
371,disease|MONDO|43537,-1.79176134,3
371,disease|MONDO|19338,-1.90353692,4
371,disease|MONDO|5070,-3.03593010,5
371,disease|MONDO|5279,-4.76597536,6
372,disease|MONDO|5737,-1.54469395,1
372,disease|MONDO|1444,-1.59514618,2
372,disease|MONDO|18076,-1.67145383,3
372,disease|MONDO|19562,-1.91493809,4
372,disease|MONDO|7186,-2.12766933,5
372,disease|MONDO|19338,-2.15057111,6
373,disease|MONDO|1444,-1.48206890,1
373,disease|MONDO|5737,-1.66105783,2
373,disease|MONDO|43537,-1.93066889,3
373,disease|MONDO|19338,-2.13014174,4
373,disease|MONDO|5279,-3.80834103,5
374,disease|MONDO|1444,-1.58337891,1
374,disease|MONDO|18076,-1.68513691,2
374,disease|MONDO|5737,-1.91536355,3
374,disease|MONDO|19338,-2.32949376,4
374,disease|MONDO|9688,-4.80555719,5
375,disease|MONDO|5737,-1.48446715,1
375,disease|MONDO|19338,-2.28246021,2
375,disease|MONDO|43537,-2.51335645,3
375,disease|MONDO|2465,-3.03624696,4
375,disease|MONDO|5070,-3.98512316,5
375,disease|MONDO|16218,-4.21205038,6
375,disease|MONDO|5249,-6.16903943,7
376,disease|MONDO|5737,-1.49530494,1
376,disease|MONDO|43537,-1.89087635,2
376,disease|MONDO|19338,-2.16027284,3
376,disease|MONDO|5249,-3.64432096,4
377,disease|MONDO|43537,-2.70415127,1
377,disease|MONDO|2465,-3.44829297,2
377,disease|MONDO|16218,-4.59371752,3
378,disease|MONDO|1444,-1.35418189,1
378,disease|MONDO|19562,-1.81818306,2
378,disease|MONDO|3441,-4.16692400,3
378,disease|MONDO|19338,-4.44192970,4
378,disease|MONDO|4867,-4.95525986,5
379,disease|MONDO|1444,-1.48194432,1
379,disease|MONDO|5737,-1.66167545,2
379,disease|MONDO|43537,-1.93021876,3
379,disease|MONDO|19338,-2.12963891,4
379,disease|MONDO|9688,-2.13221073,5
379,disease|MONDO|5279,-3.80670184,6
380,disease|MONDO|1444,-1.43594337,1
380,disease|MONDO|5737,-1.46872473,2
380,disease|MONDO|18076,-1.61227071,3
380,disease|MONDO|9688,-1.61559248,4
380,disease|MONDO|19338,-1.94966745,5
380,effect/phenotype|HPO|25425,-4.83247370,6
381,disease|MONDO|43537,-2.41045308,1
381,disease|MONDO|2465,-3.16009808,2
381,disease|MONDO|16218,-4.37690455,3
381,disease|MONDO|4979,-5.20740807,4
381,disease|MONDO|5249,-6.40369225,5
381,disease|MONDO|19338,-6.76638931,6
382,disease|MONDO|1444,-1.44562674,1
382,disease|MONDO|5737,-1.44754052,2
382,disease|MONDO|19338,-2.17481184,3
382,disease|MONDO|9688,-2.21560550,4
382,disease|MONDO|21040,-4.09469616,5
383,disease|MONDO|1444,-1.35418153,1
383,disease|MONDO|19562,-1.81818330,2
383,disease|MONDO|19338,-2.16505075,3
383,disease|MONDO|9688,-2.32949829,4
383,disease|MONDO|3441,-4.16692340,5
383,disease|MONDO|4867,-4.95525932,6
384,disease|MONDO|1444,-1.62267768,1
384,disease|MONDO|5737,-1.71709526,2
384,disease|MONDO|18076,-1.76721287,3
384,disease|MONDO|19562,-1.90263236,4
384,disease|MONDO|7186,-2.03180647,5
384,disease|MONDO|19338,-2.14818573,6
385,disease|MONDO|1444,-1.39514089,1
385,disease|MONDO|19338,-2.06809330,2
385,disease|MONDO|9688,-2.25407338,3
385,disease|MONDO|29000,-3.29769987,4
386,disease|MONDO|5737,-1.66756463,1
386,disease|MONDO|43537,-1.89470720,2
386,disease|MONDO|19338,-2.07245612,3
386,disease|MONDO|5249,-3.53225237,4
386,disease|MONDO|4981,-4.15789604,5
387,disease|MONDO|5737,-1.52941608,1
387,disease|MONDO|1444,-1.58742440,2
387,disease|MONDO|18076,-1.80039406,3
387,disease|MONDO|19338,-2.23274541,4
387,disease|MONDO|9688,-2.44595623,5
387,effect/phenotype|HPO|4763,-4.35842055,6
388,disease|MONDO|1444,-1.68967867,1
388,disease|MONDO|19562,-1.96118414,2
388,disease|MONDO|43537,-2.49026155,3
388,disease|MONDO|2465,-2.76258248,4
388,disease|MONDO|16218,-3.95471829,5
388,disease|MONDO|4979,-3.98017240,6
388,disease|MONDO|5249,-5.97944540,7
388,disease|MONDO|19338,-6.78893030,8
389,disease|MONDO|1444,-1.44174337,1
389,disease|MONDO|5737,-1.46621084,2
389,disease|MONDO|43537,-1.96121496,3
389,disease|MONDO|19338,-2.13700819,4
389,disease|MONDO|9688,-2.15620255,5
389,disease|MONDO|18076,-4.82390040,6
390,disease|MONDO|1444,-1.38332784,1
390,disease|MONDO|19338,-2.03776884,2
390,disease|MONDO|43537,-2.17121911,3
390,disease|MONDO|9688,-2.18689728,4
390,disease|MONDO|5070,-4.54585886,5
390,disease|MONDO|5279,-4.74474305,6
390,disease|MONDO|2280,-5.32404631,7
391,disease|MONDO|5737,-1.61796355,1
391,disease|MONDO|1444,-1.67390716,2
391,disease|MONDO|5383,-1.91636282,3
391,disease|MONDO|19562,-2.10166502,4
391,disease|MONDO|19338,-2.24564433,5
391,disease|MONDO|9688,-2.41394091,6
391,disease|MONDO|3441,-4.54212523,7
391,disease|MONDO|4867,-5.64248371,8
391,disease|MONDO|4981,-6.79125887,9
392,disease|MONDO|5737,-1.70937002,1
392,disease|MONDO|1444,-1.72600234,2
392,disease|MONDO|18076,-1.74250495,3
392,disease|MONDO|43537,-2.37344182,4
392,disease|MONDO|19338,-2.53629255,5
392,disease|MONDO|2465,-3.12948185,6
392,disease|MONDO|5002,-3.65575731,7
392,disease|MONDO|16218,-4.35831094,8
392,disease|MONDO|5249,-6.38741452,9
393,disease|MONDO|1444,-1.45395911,1
393,disease|MONDO|5737,-1.45578086,2
393,disease|MONDO|43537,-1.98645383,3
393,disease|MONDO|19338,-2.17598987,4
393,disease|MONDO|9688,-2.21561718,5
394,disease|MONDO|1444,-1.62657845,1
394,disease|MONDO|5737,-1.67134261,2
394,disease|MONDO|18076,-1.74046850,3
394,disease|MONDO|19562,-1.92106986,4
394,disease|MONDO|7186,-2.02160430,5
394,disease|MONDO|19338,-2.12841082,6
394,disease|MONDO|9688,-4.72933555,7
395,disease|MONDO|1444,-1.68967867,1
395,disease|MONDO|19562,-1.96118414,2
395,disease|MONDO|43537,-2.49026155,3
395,disease|MONDO|2465,-2.76258248,4
395,disease|MONDO|16218,-3.95471829,5
395,disease|MONDO|4979,-3.98017240,6
395,disease|MONDO|5249,-5.97944540,7
395,disease|MONDO|19338,-6.78893030,8
396,disease|MONDO|1444,-1.58516979,1
396,disease|MONDO|18076,-1.98844337,2
396,disease|MONDO|19338,-2.53421164,3
396,disease|MONDO|2465,-3.42226434,4
397,disease|MONDO|1444,-1.51771212,1
397,disease|MONDO|5737,-1.60722077,2
397,disease|MONDO|18076,-1.68759894,3
397,disease|MONDO|19338,-2.27540445,4
397,disease|MONDO|4867,-3.51517981,5
397,disease|MONDO|5070,-4.12492496,6
397,disease|MONDO|5002,-4.26893634,7
397,disease|MONDO|4979,-4.89867711,8
398,disease|MONDO|1444,-1.35418153,1
398,disease|MONDO|19562,-1.81818342,2
398,disease|MONDO|19338,-2.16505075,3
398,disease|MONDO|9688,-2.32949829,4
398,disease|MONDO|3441,-4.16692305,5
398,disease|MONDO|4867,-4.95526001,6
399,disease|MONDO|1444,-1.48204291,1
399,disease|MONDO|5737,-1.66332066,2
399,disease|MONDO|43537,-1.93014866,3
399,disease|MONDO|19338,-2.12965584,4
399,disease|MONDO|9688,-2.13283491,5
399,disease|MONDO|5279,-3.80505979,6
400,disease|MONDO|5737,-1.46642709,1
400,disease|MONDO|1444,-1.66099584,2
400,disease|MONDO|18076,-1.83336949,3
400,disease|MONDO|19338,-2.30234885,4
400,disease|MONDO|2465,-3.01163578,5
400,disease|MONDO|5002,-3.28238475,6
400,disease|MONDO|16218,-4.18565309,7
400,disease|MONDO|5249,-6.18608999,8
401,disease|MONDO|43537,-2.59223831,1
401,disease|MONDO|2465,-3.36438793,2
401,disease|MONDO|16218,-4.65966737,3
401,disease|MONDO|5249,-6.45663863,4
402,disease|MONDO|18076,-1.69858861,1
402,disease|MONDO|5737,-1.76753056,2
402,disease|MONDO|1444,-1.79769850,3
402,disease|MONDO|43537,-2.41613150,4
402,disease|MONDO|19338,-2.48288035,5
402,disease|MONDO|2465,-3.05756319,6
402,disease|MONDO|4822,-4.40634108,7
402,disease|MONDO|16218,-4.44020343,8
402,disease|MONDO|5249,-6.31881130,9
403,disease|MONDO|18076,-1.72315061,1
403,disease|MONDO|1444,-1.76444018,2
403,disease|MONDO|19338,-2.28935981,3
403,disease|MONDO|9688,-2.43760729,4
403,disease|MONDO|21040,-4.90034521,5
404,disease|MONDO|1444,-1.54028332,1
404,disease|MONDO|5737,-1.57061005,2
404,disease|MONDO|18076,-1.63923252,3
404,disease|MONDO|9688,-2.31634641,4
404,disease|MONDO|19338,-2.32206130,5
404,effect/phenotype|HPO|4763,-4.34516370,6
404,disease|MONDO|5070,-5.01565588,7
405,disease|MONDO|18076,-1.69699228,1
405,disease|MONDO|5737,-1.74363112,2
405,disease|MONDO|1444,-1.79773903,3
405,disease|MONDO|43537,-2.41505110,4
405,disease|MONDO|19338,-2.47628617,5
405,disease|MONDO|9688,-2.90010786,6
405,disease|MONDO|2465,-3.07076645,7
405,disease|MONDO|16218,-4.44046998,8
405,disease|MONDO|5070,-5.44018304,9
405,disease|MONDO|5249,-6.32020617,10
406,disease|MONDO|1444,-1.50455618,1
406,disease|MONDO|5737,-1.58347511,2
406,disease|MONDO|19338,-2.52641797,3
406,disease|MONDO|9688,-2.60711813,4
406,disease|MONDO|4979,-5.07363373,5
407,disease|MONDO|1444,-1.48249376,1
407,disease|MONDO|5737,-1.66140032,2
407,disease|MONDO|43537,-1.93055874,3
407,disease|MONDO|19338,-2.13085151,4
407,disease|MONDO|5279,-3.81057847,5
408,disease|MONDO|1444,-1.71568882,1
408,disease|MONDO|9688,-2.14876199,2
408,disease|MONDO|19338,-2.24887300,3
408,disease|MONDO|5279,-4.11706948,4
408,disease|MONDO|4981,-4.35409689,5
408,effect/phenotype|HPO|1681,-4.76338577,6
409,disease|MONDO|1444,-1.48971725,1
409,disease|MONDO|5737,-1.64119220,2
409,disease|MONDO|43537,-1.92185789,3
409,disease|MONDO|9688,-2.10175323,4
409,disease|MONDO|19338,-2.12293339,5
409,disease|MONDO|5279,-3.83009946,6
410,disease|MONDO|1444,-1.36918402,1
410,disease|MONDO|18076,-1.44308805,2
410,disease|MONDO|19562,-1.71569073,3
410,disease|MONDO|5737,-1.76893544,4
410,disease|MONDO|43537,-1.88790464,5
410,disease|MONDO|19338,-2.00560713,6
411,disease|MONDO|43537,-2.11762881,1
412,disease|MONDO|1444,-1.49391925,1
412,disease|MONDO|5737,-1.65805268,2
412,disease|MONDO|43537,-1.95408905,3
412,disease|MONDO|19338,-2.14587569,4
412,disease|MONDO|9688,-2.15162683,5
412,disease|MONDO|5279,-3.86051184,6
413,disease|MONDO|1444,-1.45415652,1
413,disease|MONDO|5737,-1.45416176,2
413,disease|MONDO|43537,-1.99386895,3
413,disease|MONDO|19338,-2.17983127,4
413,disease|MONDO|9688,-2.21131825,5
413,disease|MONDO|4867,-2.81589377,6
413,disease|MONDO|29000,-3.48950475,7
413,disease|MONDO|5002,-3.73579299,8
413,disease|MONDO|5753,-4.10150445,9
413,disease|MONDO|5722,-4.12696981,10
413,disease|MONDO|21040,-4.17026293,11
413,disease|MONDO|5077,-4.87856582,12
413,disease|MONDO|3781,-5.48725748,13
414,disease|MONDO|1444,-1.35059547,1
414,disease|MONDO|18076,-1.40241647,2
414,disease|MONDO|5737,-1.65988028,3
414,disease|MONDO|43537,-1.80248344,4
414,disease|MONDO|19338,-1.89055598,5
414,disease|MONDO|9688,-1.99899292,6
414,disease|MONDO|5070,-3.02984732,7
414,disease|MONDO|3441,-3.84244639,8
414,disease|MONDO|5279,-4.75753024,9
415,disease|MONDO|5737,-1.64932549,1
415,disease|MONDO|1444,-1.79227090,2
415,disease|MONDO|19338,-2.60695767,3
415,disease|MONDO|9688,-2.74905610,4
415,disease|MONDO|4979,-5.41349256,5
415,effect/phenotype|HPO|1681,-5.44983101,6
416,disease|MONDO|1444,-1.68862665,1
416,disease|MONDO|18076,-1.72124147,2
416,disease|MONDO|43537,-2.37290764,3
416,disease|MONDO|19338,-2.45406699,4
416,disease|MONDO|2465,-3.08006823,5
416,disease|MONDO|16218,-4.27162898,6
416,disease|MONDO|5249,-6.28312624,7
416,disease|MONDO|4979,-6.94369680,8
417,disease|MONDO|1444,-1.31190991,1
417,disease|MONDO|18076,-1.38913083,2
417,disease|MONDO|43537,-1.56470251,3
417,disease|MONDO|5737,-1.70957577,4
417,disease|MONDO|19562,-1.71811223,5
417,disease|MONDO|19338,-1.96471989,6
418,disease|MONDO|5737,-1.48431277,1
418,disease|MONDO|1444,-1.65263581,2
418,disease|MONDO|18076,-1.82415891,3
418,disease|MONDO|19338,-2.29515219,4
418,disease|MONDO|2465,-3.01709747,5
418,disease|MONDO|5002,-3.26563883,6
418,disease|MONDO|16218,-4.18127489,7
418,disease|MONDO|5249,-6.17769730,8
419,disease|MONDO|8259,-0.43791521,1
419,disease|MONDO|5737,-1.54765010,2
419,disease|MONDO|1444,-1.57604194,3
419,disease|MONDO|43537,-2.00669175,4
419,disease|MONDO|19338,-2.10245299,5
419,disease|MONDO|9688,-2.18037105,6
419,disease|MONDO|5070,-4.64934874,7
420,disease|MONDO|43537,-1.84908479,1
420,disease|MONDO|3441,-2.99624515,2
421,disease|MONDO|5737,-1.71234500,1
421,disease|MONDO|1444,-1.72517610,2
421,disease|MONDO|18076,-1.95357347,3
421,disease|MONDO|19338,-2.39858127,4
421,disease|MONDO|9688,-5.13960993,5
422,disease|MONDO|5737,-1.65605891,1
422,disease|MONDO|1444,-1.79588056,2
422,disease|MONDO|19338,-2.59686804,3
422,disease|MONDO|9688,-2.75511336,4
422,disease|MONDO|4979,-5.43261629,5
422,effect/phenotype|HPO|1681,-5.44733524,6
423,disease|MONDO|1444,-1.31478560,1
423,disease|MONDO|18076,-1.39232302,2
423,disease|MONDO|43537,-1.57017422,3
423,disease|MONDO|5737,-1.70939982,4
423,disease|MONDO|19562,-1.71849465,5
423,disease|MONDO|19338,-1.96752489,6
424,disease|MONDO|1444,-1.35656452,1
424,disease|MONDO|19562,-1.82894695,2
424,disease|MONDO|3441,-4.17385739,3
424,disease|MONDO|19338,-4.43885005,4
424,disease|MONDO|4867,-4.95408440,5
425,disease|MONDO|1444,-1.36610079,1
425,disease|MONDO|43537,-1.82351977,2
425,disease|MONDO|19338,-1.89720798,3
425,disease|MONDO|9688,-2.01308131,4
425,disease|MONDO|29000,-2.55824387,5
426,disease|MONDO|1444,-1.36919713,1
426,disease|MONDO|18076,-1.44311714,2
426,disease|MONDO|19562,-1.71565735,3
426,disease|MONDO|5737,-1.76897037,4
426,disease|MONDO|19338,-2.00562811,5
426,disease|MONDO|9688,-2.22288179,6
427,disease|MONDO|1444,-1.36918688,1
427,disease|MONDO|18076,-1.44310975,2
427,disease|MONDO|19562,-1.71566212,3
427,disease|MONDO|5737,-1.76894844,4
427,disease|MONDO|19338,-2.00562596,5
429,disease|MONDO|29000,-3.35262322,1
429,disease|MONDO|5249,-4.17309570,2
429,disease|MONDO|19338,-5.45051301,3
430,disease|MONDO|19562,-1.92857897,1
430,disease|MONDO|7186,-2.14809394,2
430,disease|MONDO|19338,-4.39397931,3
431,disease|MONDO|19562,-2.04269600,1
431,disease|MONDO|7186,-2.25876427,2
431,disease|MONDO|19338,-4.38746524,3
432,disease|MONDO|1444,-1.62604392,1
432,disease|MONDO|18076,-1.95836556,2
432,disease|MONDO|19338,-2.32233882,3
432,disease|MONDO|2465,-3.36937481,4
433,disease|MONDO|1444,-1.58742583,1
433,disease|MONDO|19338,-2.23274469,2
433,disease|MONDO|9688,-2.44595647,3
433,disease|MONDO|5002,-3.40958321,4
433,disease|MONDO|4822,-3.96261173,5
433,effect/phenotype|HPO|4763,-4.35841614,6
434,disease|MONDO|5737,-1.47613192,1
434,disease|MONDO|1444,-1.65503895,2
434,disease|MONDO|18076,-1.98463130,3
434,disease|MONDO|19338,-2.29043937,4
434,disease|MONDO|2465,-3.47641236,5
434,disease|MONDO|5002,-3.53990817,6
435,disease|MONDO|1444,-1.64100873,1
435,disease|MONDO|18076,-1.74942541,2
435,disease|MONDO|5737,-1.81033850,3
435,disease|MONDO|43537,-2.25729835,4
435,disease|MONDO|19338,-2.40776920,5
435,disease|MONDO|9688,-4.81955510,6
436,disease|MONDO|1444,-1.62521172,1
436,disease|MONDO|5737,-1.66284275,2
436,disease|MONDO|18076,-1.75674069,3
436,disease|MONDO|19562,-1.93294823,4
436,disease|MONDO|7186,-2.03511119,5
436,disease|MONDO|19338,-2.14720416,6
436,disease|MONDO|9688,-4.78534228,7
437,disease|MONDO|1444,-1.44271708,1
437,disease|MONDO|19338,-1.54663789,2
437,disease|MONDO|43537,-1.91805303,3
437,disease|MONDO|9688,-2.04071259,4
437,disease|MONDO|29000,-2.44643915,5
437,disease|MONDO|5070,-4.09819543,6
438,disease|MONDO|1444,-1.70916605,1
438,disease|MONDO|5737,-1.71963561,2
438,disease|MONDO|18076,-1.81117189,3
438,disease|MONDO|19338,-2.17733645,4
438,disease|MONDO|21040,-3.69576228,5
438,disease|MONDO|3441,-4.30307966,6
439,disease|MONDO|5737,-1.54231286,1
439,disease|MONDO|1444,-1.91711140,2
439,disease|MONDO|9688,-2.45656085,3
439,disease|MONDO|19338,-2.52757621,4
439,disease|MONDO|2465,-2.64539325,5
439,disease|MONDO|16218,-3.92641592,6
439,disease|MONDO|21040,-4.89408004,7
439,disease|MONDO|5249,-6.00800383,8
440,disease|MONDO|5737,-1.46881664,1
440,disease|MONDO|1444,-1.58921254,2
440,disease|MONDO|18076,-1.61232781,3
440,disease|MONDO|19562,-1.80964065,4
440,disease|MONDO|19338,-2.16218805,5
441,disease|MONDO|1444,-1.32674646,1
441,disease|MONDO|18076,-1.39618242,2
441,disease|MONDO|5737,-1.70819366,3
441,disease|MONDO|19562,-1.71319842,4
441,disease|MONDO|19338,-1.97669733,5
441,disease|MONDO|5279,-3.26279104,6
442,disease|MONDO|1444,-1.32808995,1
442,disease|MONDO|18076,-1.39998722,2
442,disease|MONDO|43537,-1.59864128,3
442,disease|MONDO|19562,-1.73161757,4
442,disease|MONDO|19338,-1.99265695,5
442,disease|MONDO|5279,-3.27067703,6
443,disease|MONDO|1444,-1.63556302,1
443,disease|MONDO|19562,-1.86087251,2
443,disease|MONDO|43537,-2.21662939,3
443,disease|MONDO|4981,-4.14384061,4
444,disease|MONDO|1444,-1.71277344,1
444,disease|MONDO|5737,-1.71473730,2
444,disease|MONDO|18076,-1.95830846,3
444,disease|MONDO|19338,-2.39190459,4
444,disease|MONDO|9688,-2.55376482,5
445,disease|MONDO|1444,-1.76126385,1
445,disease|MONDO|4979,-5.05812860,2
445,disease|MONDO|4981,-6.99580276,3
446,disease|MONDO|5737,-1.45098281,1
446,disease|MONDO|1444,-1.45188498,2
446,disease|MONDO|43537,-1.99223226,3
446,disease|MONDO|19338,-2.17671680,4
446,disease|MONDO|9688,-2.20650434,5
446,disease|MONDO|29000,-3.47566581,6
447,disease|MONDO|1444,-1.36454916,1
447,disease|MONDO|18076,-1.53259730,2
447,disease|MONDO|5737,-1.61704791,3
447,disease|MONDO|43537,-1.81453294,4
447,disease|MONDO|19338,-1.99741483,5
447,disease|MONDO|9688,-2.17244244,6
447,disease|MONDO|5070,-2.69494849,7
448,disease|MONDO|5737,-1.62619340,1
448,disease|MONDO|5383,-1.90864307,2
448,disease|MONDO|19338,-2.24428058,3
448,disease|MONDO|3441,-4.54411912,4
448,disease|MONDO|4867,-5.64646846,5
448,disease|MONDO|4981,-6.78072327,6
449,disease|MONDO|18076,-1.60365522,1
449,disease|MONDO|1444,-1.61996639,2
449,disease|MONDO|5737,-1.64275324,3
449,disease|MONDO|43537,-2.16559994,4
449,disease|MONDO|19338,-2.29796815,5
449,disease|MONDO|2465,-2.90824503,6
449,disease|MONDO|5002,-3.39213896,7
449,disease|MONDO|16218,-4.05436099,8
449,disease|MONDO|5249,-5.89802188,9
449,disease|MONDO|4979,-6.67167771,10
450,disease|MONDO|1444,-1.44269490,1
450,disease|MONDO|5737,-1.46886659,2
450,disease|MONDO|43537,-1.96476841,3
450,disease|MONDO|19338,-2.13626242,4
450,disease|MONDO|9688,-2.15789509,5
450,disease|MONDO|5070,-4.40401512,6
451,disease|MONDO|1444,-1.36919188,1
451,disease|MONDO|18076,-1.44308257,2
451,disease|MONDO|19562,-1.71566331,3
451,disease|MONDO|5737,-1.76896310,4
451,disease|MONDO|19338,-2.00553560,5
451,disease|MONDO|9688,-2.22279239,6
452,disease|MONDO|1444,-1.57228482,1
452,disease|MONDO|19562,-1.88158858,2
452,disease|MONDO|19338,-2.10615206,3
452,disease|MONDO|9688,-2.28468776,4
452,disease|MONDO|29000,-3.46283674,5
452,disease|MONDO|4981,-6.45164663,6
454,disease|MONDO|1444,-1.36913931,1
454,disease|MONDO|18076,-1.44308162,2
454,disease|MONDO|19562,-1.71569085,3
454,disease|MONDO|5737,-1.76897430,4
454,disease|MONDO|43537,-1.88780141,5
454,disease|MONDO|19338,-2.00560760,6
454,disease|MONDO|9688,-2.22285652,7
455,disease|MONDO|5737,-1.48113441,1
455,disease|MONDO|1444,-1.67058206,2
455,disease|MONDO|18076,-1.98226762,3
455,disease|MONDO|19338,-2.29228544,4
455,disease|MONDO|43537,-2.67338979,5
455,disease|MONDO|2465,-3.45034999,6
455,disease|MONDO|5002,-3.53771961,7
455,disease|MONDO|16218,-4.61758304,8
456,disease|MONDO|1444,-1.38332784,1
456,disease|MONDO|19338,-2.03776884,2
456,disease|MONDO|43537,-2.17121911,3
456,disease|MONDO|9688,-2.18689728,4
456,disease|MONDO|5070,-4.54585886,5
456,disease|MONDO|5279,-4.74474305,6
456,disease|MONDO|2280,-5.32404631,7
457,disease|MONDO|18076,-1.61659706,1
457,disease|MONDO|1444,-1.95580029,2
457,disease|MONDO|19338,-2.40054679,3
457,disease|MONDO|9688,-2.71733952,4
457,disease|MONDO|2465,-2.91850436,5
457,disease|MONDO|4867,-3.72524834,6
457,disease|MONDO|16218,-4.21606290,7
457,disease|MONDO|5002,-4.26146531,8
457,disease|MONDO|5070,-4.56569934,9
457,disease|MONDO|4979,-5.17638981,10
457,disease|MONDO|5249,-6.18818879,11
458,disease|MONDO|5737,-1.45612335,1
458,disease|MONDO|1444,-1.45804751,2
458,disease|MONDO|43537,-2.00120133,3
458,disease|MONDO|19338,-2.18810487,4
458,disease|MONDO|9688,-2.21175623,5
458,disease|MONDO|4867,-2.82737416,6
458,disease|MONDO|29000,-3.49493825,7
458,disease|MONDO|5002,-3.75200671,8
458,disease|MONDO|5753,-4.09956211,9
458,disease|MONDO|5722,-4.12880838,10
458,disease|MONDO|3781,-5.47719222,11
459,disease|MONDO|1444,-1.74151456,1
459,disease|MONDO|19562,-1.83350766,2
459,disease|MONDO|19338,-2.13290596,3
459,disease|MONDO|9688,-2.22744036,4
459,disease|MONDO|29000,-3.56684446,5
460,disease|MONDO|5737,-1.51416242,1
460,disease|MONDO|1444,-1.56791735,2
460,disease|MONDO|18076,-1.73758197,3
460,disease|MONDO|9688,-2.33934641,4
460,disease|MONDO|19338,-2.37374449,5
460,disease|MONDO|4981,-4.98337710,6
460,disease|MONDO|5279,-5.39499748,7
461,disease|MONDO|1444,-1.71293700,1
461,disease|MONDO|19562,-1.83849192,2
461,disease|MONDO|19338,-2.13887596,3
461,disease|MONDO|9688,-2.23639154,4
461,disease|MONDO|43537,-2.29858351,5
462,disease|MONDO|1444,-1.51439786,1
462,disease|MONDO|19338,-2.28382373,2
462,disease|MONDO|9688,-2.28518057,3
462,disease|MONDO|5249,-4.18779200,4
462,effect/phenotype|HPO|4763,-4.39152998,5
462,disease|MONDO|18076,-5.75813693,6
463,disease|MONDO|1444,-1.45403910,1
463,disease|MONDO|5737,-1.45561230,2
463,disease|MONDO|43537,-1.98583746,3
463,disease|MONDO|19338,-2.17785811,4
463,disease|MONDO|9688,-2.21671963,5
463,disease|MONDO|4867,-2.80656773,6
463,disease|MONDO|29000,-3.47489911,7
463,disease|MONDO|5002,-3.73005575,8
463,disease|MONDO|5753,-4.09374386,9
463,disease|MONDO|5722,-4.10592777,10
463,disease|MONDO|21040,-4.15595102,11
463,disease|MONDO|3781,-5.47677892,12
464,disease|MONDO|43537,-1.72725421,1
464,disease|MONDO|2465,-3.32931042,2
465,disease|MONDO|5737,-1.65235412,1
465,disease|MONDO|1444,-1.76670218,2
465,disease|MONDO|19338,-2.61500931,3
465,disease|MONDO|9688,-2.75657558,4
465,disease|MONDO|4979,-5.40056163,5
465,effect/phenotype|HPO|1681,-5.45465451,6
466,disease|MONDO|1444,-1.36920261,1
466,disease|MONDO|18076,-1.44312787,2
466,disease|MONDO|19562,-1.71563911,3
466,disease|MONDO|5737,-1.76894534,4
466,disease|MONDO|19338,-2.00561714,5
466,disease|MONDO|9688,-2.22290993,6
467,disease|MONDO|1444,-1.58353257,1
467,disease|MONDO|5737,-1.59714079,2
467,disease|MONDO|18076,-1.98741889,3
467,disease|MONDO|43537,-2.38150787,4
467,disease|MONDO|19338,-2.51283193,5
467,disease|MONDO|2465,-3.34428728,6
467,disease|MONDO|5002,-3.60586989,7
467,disease|MONDO|16218,-4.49245417,8
468,effect/phenotype|HPO|25425,-3.14759767,1
468,disease|MONDO|29000,-3.26317072,2
468,disease|MONDO|9688,-3.61912131,3
468,effect/phenotype|HPO|1681,-4.03233385,4
468,disease|MONDO|4979,-4.31677377,5
468,disease|MONDO|2280,-4.50907683,6
468,disease|MONDO|4781,-4.60380793,7
468,disease|MONDO|5279,-5.38790482,8
469,disease|MONDO|1444,-1.33211339,1
469,disease|MONDO|5737,-1.52912533,2
469,disease|MONDO|43537,-1.87881207,3
469,disease|MONDO|19338,-1.99491596,4
469,disease|MONDO|9688,-2.13369250,5
469,disease|MONDO|4981,-3.40994978,6
469,disease|MONDO|5070,-4.17446613,7
470,disease|MONDO|18076,-1.39872789,1
470,disease|MONDO|5737,-1.66266215,2
470,disease|MONDO|43537,-1.79001015,3
470,disease|MONDO|19338,-1.90237892,4
470,disease|MONDO|5070,-3.03397530,5
470,disease|MONDO|5279,-4.76766723,6
471,disease|MONDO|1444,-1.58223391,1
471,disease|MONDO|19562,-1.88426828,2
471,disease|MONDO|19338,-2.10734415,3
471,disease|MONDO|9688,-2.28702450,4
471,disease|MONDO|29000,-3.48524147,5
472,disease|MONDO|1444,-1.52912557,1
472,disease|MONDO|5737,-1.63037813,2
472,disease|MONDO|18076,-1.70945787,3
472,disease|MONDO|19338,-2.29910254,4
472,disease|MONDO|4867,-3.59000623,5
472,disease|MONDO|5070,-4.16614759,6
472,disease|MONDO|5002,-4.33323371,7
472,disease|MONDO|4979,-4.94239044,8
473,disease|MONDO|1444,-1.76520026,1
473,disease|MONDO|4979,-5.05990487,2
474,disease|MONDO|5737,-1.42992592,1
474,disease|MONDO|1444,-1.44644785,2
474,disease|MONDO|43537,-1.99081612,3
474,disease|MONDO|19338,-2.16955376,4
474,disease|MONDO|9688,-2.19303441,5
474,disease|MONDO|21040,-4.04469669,6
475,disease|MONDO|1444,-1.38337934,1
475,disease|MONDO|19338,-2.03778076,2
475,disease|MONDO|9688,-2.18697762,3
475,disease|MONDO|5070,-4.54590130,4
475,disease|MONDO|5279,-4.74486375,5
475,disease|MONDO|2280,-5.32407671,6
476,disease|MONDO|5737,-1.54143357,1
476,disease|MONDO|1444,-1.58055568,2
476,disease|MONDO|18076,-1.65803301,3
476,disease|MONDO|19562,-1.91436923,4
476,disease|MONDO|7186,-2.12072301,5
476,disease|MONDO|19338,-2.13392830,6
477,disease|MONDO|1444,-1.32744610,1
477,disease|MONDO|5737,-1.48621082,2
477,disease|MONDO|43537,-1.89896840,3
477,disease|MONDO|19338,-2.16519618,4
477,disease|MONDO|9688,-2.16885304,5
478,disease|MONDO|5737,-1.51786160,1
478,disease|MONDO|1444,-1.66675341,2
478,disease|MONDO|18076,-1.83695912,3
478,disease|MONDO|19338,-2.31819344,4
478,disease|MONDO|2465,-2.99924225,5
478,disease|MONDO|5002,-3.27821827,6
478,disease|MONDO|16218,-4.21565151,7
478,disease|MONDO|5249,-6.17931193,8
479,disease|MONDO|43537,-2.26450682,1
479,disease|MONDO|5249,-3.37180352,2
479,disease|MONDO|5002,-3.50754106,3
479,disease|MONDO|9688,-3.57547653,4
479,disease|MONDO|4979,-3.76945722,5
479,disease|MONDO|29000,-3.99723333,6
479,disease|MONDO|19338,-5.82463437,7
480,disease|MONDO|1444,-1.34935725,1
480,disease|MONDO|18076,-1.39736617,2
480,disease|MONDO|5737,-1.65868819,3
480,disease|MONDO|43537,-1.79415566,4
480,disease|MONDO|19338,-1.89249063,5
480,disease|MONDO|9688,-1.99560356,6
480,disease|MONDO|5070,-3.02708369,7
480,disease|MONDO|5279,-4.75950441,8
481,disease|MONDO|5737,-1.51416242,1
481,disease|MONDO|1444,-1.56791735,2
481,disease|MONDO|18076,-1.73758209,3
481,disease|MONDO|9688,-2.33934641,4
481,disease|MONDO|19338,-2.37374449,5
481,disease|MONDO|4981,-4.98337710,6
481,disease|MONDO|5279,-5.39499730,7
482,disease|MONDO|18076,-1.40336180,1
482,disease|MONDO|5737,-1.66703677,2
482,disease|MONDO|43537,-1.79906178,3
482,disease|MONDO|19338,-1.90378571,4
482,disease|MONDO|5070,-3.03784877,5
482,disease|MONDO|5279,-4.76916355,6
483,disease|MONDO|43537,-1.75639498,1
483,disease|MONDO|29000,-3.20143628,2
483,disease|MONDO|2465,-3.33118600,3
483,disease|MONDO|4981,-4.95690703,4
484,disease|MONDO|1444,-1.60260367,1
484,disease|MONDO|19562,-1.87995231,2
485,disease|MONDO|43537,-2.12783432,1
485,disease|MONDO|2465,-3.04757649,2
485,disease|MONDO|29000,-3.09924054,3
485,disease|MONDO|16218,-4.16735268,4
485,disease|MONDO|5249,-6.11142904,5
486,disease|MONDO|1444,-1.31930888,1
486,disease|MONDO|18076,-1.39145911,2
486,disease|MONDO|19562,-1.71089184,3
486,disease|MONDO|5737,-1.71980333,4
486,disease|MONDO|19338,-1.97670650,5
486,disease|MONDO|5279,-3.24617934,6
487,disease|MONDO|18076,-0.95173347,1
487,disease|MONDO|5737,-1.33122039,2
487,disease|MONDO|1444,-1.50041413,3
487,disease|MONDO|19338,-1.97789061,4
487,disease|MONDO|9688,-2.22053099,5
487,disease|MONDO|4777,-3.24870226,6
487,disease|MONDO|5722,-3.90040180,7
487,disease|MONDO|5904,-3.90689698,8
487,disease|MONDO|2646,-4.16496661,9
487,disease|MONDO|5070,-4.35970813,10
487,disease|MONDO|4867,-4.67714795,11
488,disease|MONDO|43537,-2.17122477,1
489,disease|MONDO|5737,-1.61098182,1
489,disease|MONDO|5383,-1.92282712,2
489,disease|MONDO|19338,-2.24318981,3
489,disease|MONDO|4981,-4.34397382,4
489,effect/phenotype|HPO|4763,-4.90522659,5
490,disease|MONDO|1444,-1.76828492,1
490,disease|MONDO|4979,-5.05404621,2
490,disease|MONDO|4981,-7.00330639,3
491,disease|MONDO|3441,-4.55592322,1
491,disease|MONDO|4867,-5.66056365,2
492,disease|MONDO|100053,-3.22822583,1
492,disease|MONDO|4822,-3.29319978,2
492,disease|MONDO|5904,-3.39398229,3
492,disease|MONDO|5249,-3.39976728,4
492,disease|MONDO|5109,-3.50278008,5
492,disease|MONDO|3781,-3.53402591,6
492,disease|MONDO|5002,-3.68461835,7
492,disease|MONDO|7915,-3.72564423,8
492,disease|MONDO|9688,-3.73056090,9
492,disease|MONDO|4781,-4.09695816,10
492,disease|MONDO|2280,-4.14978957,11
492,disease|MONDO|19338,-6.23315370,12
493,disease|MONDO|5737,-1.62195981,1
493,disease|MONDO|1444,-1.67392004,2
493,disease|MONDO|5383,-1.89987713,3
493,disease|MONDO|19562,-2.10152531,4
493,disease|MONDO|19338,-2.23853946,5
493,disease|MONDO|9688,-2.40718341,6
493,disease|MONDO|5070,-6.00821608,7
494,disease|MONDO|8259,-0.43791521,1
494,disease|MONDO|5737,-1.54765010,2
494,disease|MONDO|1444,-1.57604194,3
494,disease|MONDO|43537,-2.00669175,4
494,disease|MONDO|19338,-2.10245299,5
494,disease|MONDO|9688,-2.18037105,6
494,disease|MONDO|5070,-4.64934874,7
495,disease|MONDO|1444,-1.51439786,1
495,disease|MONDO|19338,-2.28382373,2
495,disease|MONDO|9688,-2.28518057,3
495,disease|MONDO|5249,-4.18779200,4
495,effect/phenotype|HPO|4763,-4.39152998,5
495,disease|MONDO|18076,-5.75813693,6
496,disease|MONDO|1444,-1.48137701,1
496,disease|MONDO|5737,-1.52578938,2
496,disease|MONDO|9688,-1.64873409,3
496,disease|MONDO|18076,-1.68437135,4
496,disease|MONDO|19338,-2.18826270,5
496,disease|MONDO|5279,-4.70191109,6
497,disease|MONDO|1444,-1.31604123,1
497,disease|MONDO|5737,-1.49617112,2
497,disease|MONDO|43537,-1.89636874,3
497,disease|MONDO|9688,-2.15783739,4
497,disease|MONDO|19338,-2.16636968,5
497,disease|MONDO|5249,-3.67787004,6
498,disease|MONDO|1444,-1.76610494,1
498,disease|MONDO|4979,-5.06346804,2
499,disease|MONDO|1444,-1.39514089,1
499,disease|MONDO|5737,-1.55406976,2
499,disease|MONDO|43537,-2.04213047,3
499,disease|MONDO|19338,-2.06809330,4
499,disease|MONDO|9688,-2.25407362,5
499,disease|MONDO|29000,-3.29769999,6
499,disease|MONDO|4981,-3.36200881,7
499,disease|MONDO|21040,-4.08134043,8
500,disease|MONDO|18076,-1.73234510,1
500,disease|MONDO|1444,-1.75981283,2
500,disease|MONDO|19338,-2.28731251,3
500,disease|MONDO|9688,-2.44266987,4
500,disease|MONDO|21040,-4.91590911,5
