patient_index,mean_pairwise_cosine,pair_cosines
0,0.44945853,"{""0-1"": 0.9965492486953735, ""0-2"": 0.1385309100151062, ""1-2"": 0.21329542994499207}"
1,-0.02560129,"{""0-1"": -0.06895896792411804, ""0-2"": -0.02002292312681675, ""1-2"": 0.012178020551800728}"
2,0.03035290,"{""0-1"": -0.037587907165288925, ""0-2"": 0.04442272335290909, ""1-2"": 0.08422388881444931}"
3,0.00580374,"{""0-1"": 0.005803743842989206}"
4,0.63424343,"{""0-1"": 0.6342434287071228}"
5,1.00000000,"{""0-1"": 1.0}"
6,0.04229213,"{""0-1"": 0.04229212552309036}"
7,0.69751352,"{""0-1"": 0.6975135207176208}"
8,0.07894017,"{""0-1"": 0.24367836117744446, ""0-2"": 0.0008221857133321464, ""1-2"": -0.0076800258830189705}"
9,0.00921680,"{""0-1"": -0.03949664160609245, ""0-2"": 0.007758860941976309, ""1-2"": 0.059388168156147}"
10,0.00000000,{}
11,1.00000000,"{""0-1"": 1.0}"
12,0.08048348,"{""0-1"": 0.22359493374824524, ""0-2"": -0.021171145141124725, ""1-2"": 0.0390266552567482}"
13,0.22348803,"{""0-1"": 0.4968748092651367, ""0-2"": 0.08361368626356125, ""1-2"": 0.08997560292482376}"
14,0.00262000,"{""0-1"": -0.016321050003170967, ""0-2"": -0.027709992602467537, ""1-2"": 0.05189105123281479}"
15,0.16036232,"{""0-1"": 0.0957116186618805, ""0-2"": -0.034387461841106415, ""1-2"": 0.4197627902030945}"
16,0.93530667,"{""0-1"": 0.9353066682815552}"
17,0.07865506,"{""0-1"": 0.08531441539525986, ""0-2"": 0.17989805340766907, ""1-2"": -0.029247291386127472}"
18,0.00000000,{}
19,0.03854829,"{""0-1"": 0.03608689457178116, ""0-2"": 0.010174574330449104, ""1-2"": 0.069383405148983}"
20,0.20044858,"{""0-1"": 0.0912131816148758, ""0-2"": -0.023205803707242012, ""1-2"": 0.5333383679389954}"
21,0.22127061,"{""0-1"": 0.0643998235464096, ""0-2"": 0.03010229952633381, ""1-2"": 0.5693097114562988}"
22,0.01915587,"{""0-1"": 0.09004881978034973, ""0-2"": -0.007824685424566269, ""1-2"": -0.024756532162427902}"
23,0.00000000,{}
24,0.51108575,"{""0-1"": 0.5110857486724854}"
25,0.04901931,"{""0-1"": 0.12404680997133255, ""0-2"": -0.1490326076745987, ""1-2"": 0.17204372584819794}"
26,0.19456127,"{""0-1"": 0.1822066605091095, ""0-2"": 0.2608128488063812, ""1-2"": 0.14066430926322937}"
27,0.03942569,"{""0-1"": 0.08923838287591934, ""0-2"": 0.03564928099513054, ""1-2"": -0.006610598415136337}"
28,0.01326926,"{""0-1"": -0.08894047141075134, ""0-2"": -0.1296282261610031, ""1-2"": 0.25837647914886475}"
29,0.32336858,"{""0-1"": 0.3233685791492462}"
30,0.31155518,"{""0-1"": 0.9981942176818848, ""0-2"": -0.028071150183677673, ""1-2"": -0.035457536578178406}"
31,0.29208201,"{""0-1"": 0.952850878238678, ""0-2"": -0.06131522357463837, ""1-2"": -0.015289613045752048}"
32,0.22663326,"{""0-1"": 0.01794351637363434, ""0-2"": 0.44307857751846313, ""1-2"": 0.21887768805027008}"
33,0.08331028,"{""0-1"": 0.08331028372049332}"
34,0.05122793,"{""0-1"": -0.09500747174024582, ""0-2"": 0.18210597336292267, ""1-2"": 0.06658528745174408}"
35,0.30612464,"{""0-1"": 0.9986584186553955, ""0-2"": -0.04005962982773781, ""1-2"": -0.040224868804216385}"
36,-0.01088951,"{""0-1"": -0.010356131941080093, ""0-2"": 0.05049062892794609, ""1-2"": -0.07280302047729492}"
37,0.08263803,"{""0-1"": 0.08263803273439407}"
38,0.17342033,"{""0-1"": 0.08041608333587646, ""0-2"": 0.39364737272262573, ""1-2"": 0.04619753360748291}"
39,0.18755764,"{""0-1"": 0.2410622388124466, ""0-2"": 0.14021149277687073, ""1-2"": 0.1813991814851761}"
40,0.38107205,"{""0-1"": 0.9136433601379395, ""0-2"": 0.10691118240356445, ""1-2"": 0.12266162037849426}"
41,0.06264109,"{""0-1"": 0.09247518330812454, ""0-2"": 0.048629071563482285, ""1-2"": 0.04681900516152382}"
42,-0.01722489,"{""0-1"": -0.015591002069413662, ""0-2"": -0.03514206036925316, ""1-2"": -0.0009416133398190141}"
43,-0.00842308,"{""0-1"": -0.010196307674050331, ""0-2"": -0.013450045138597488, ""1-2"": -0.001622878946363926}"
44,-0.03942981,"{""0-1"": -0.039429809898138046}"
45,-0.06310546,"{""0-1"": -0.14724445343017578, ""0-2"": 0.013974850066006184, ""1-2"": -0.05604677274823189}"
46,-0.04653354,"{""0-1"": -0.04453105106949806, ""0-2"": -0.035633914172649384, ""1-2"": -0.059435658156871796}"
47,0.09104239,"{""0-1"": 0.09104239195585251}"
48,0.06731228,"{""0-1"": 0.25046226382255554, ""0-2"": -0.09199339151382446, ""1-2"": 0.04346797615289688}"
49,0.02598301,"{""0-1"": 0.025983009487390518}"
50,0.28230067,"{""0-1"": 0.00605505146086216, ""0-2"": 0.07065452635288239, ""1-2"": 0.7701924443244934}"
51,1.00000000,"{""0-1"": 1.0}"
52,0.99999756,"{""0-1"": 0.9999975562095642}"
53,0.10271702,"{""0-1"": 0.10271701961755753}"
54,0.99436134,"{""0-1"": 0.9943613409996033}"
55,0.55811222,"{""0-1"": 0.9696159958839417, ""0-2"": 0.3598717153072357, ""1-2"": 0.34484896063804626}"
56,0.10256420,"{""0-1"": -0.02198829874396324, ""0-2"": -0.01820814236998558, ""1-2"": 0.3478890359401703}"
57,-0.04706587,"{""0-1"": 0.002945544430986047, ""0-2"": -0.18614734709262848, ""1-2"": 0.04200420528650284}"
58,0.33629611,"{""0-1"": 0.9912722110748291, ""0-2"": 0.016364235430955887, ""1-2"": 0.0012518855510279536}"
59,0.03690995,"{""0-1"": 0.03690995275974274}"
60,0.06939599,"{""0-1"": 0.23189327120780945, ""0-2"": -0.0018082703463733196, ""1-2"": -0.021897025406360626}"
61,0.06827137,"{""0-1"": 0.08165494352579117, ""0-2"": 0.02145276963710785, ""1-2"": 0.10170640051364899}"
62,0.99999863,"{""0-1"": 0.9999986290931702}"
63,0.01047467,"{""0-1"": -0.09911907464265823, ""0-2"": 0.01794390007853508, ""1-2"": 0.11259918659925461}"
64,-0.04905862,"{""0-1"": 0.0417124442756176, ""0-2"": -0.15574359893798828, ""1-2"": -0.033144719898700714}"
65,0.16022118,"{""0-1"": -0.032177310436964035, ""0-2"": 0.06953831762075424, ""1-2"": 0.44330254197120667}"
66,0.13508118,"{""0-1"": 0.0013681012205779552, ""0-2"": 0.038713593035936356, ""1-2"": 0.36516183614730835}"
67,-0.02013483,"{""0-1"": 0.027469398453831673, ""0-2"": -0.0058897631242871284, ""1-2"": -0.08198413997888565}"
68,-0.06310578,"{""0-1"": -0.06310578435659409}"
69,0.01949605,"{""0-1"": 0.040993619710206985, ""0-2"": -0.023991655558347702, ""1-2"": 0.04148619621992111}"
70,0.03644444,"{""0-1"": 0.11692650616168976, ""0-2"": 0.004902697168290615, ""1-2"": -0.01249589305371046}"
71,-0.03402623,"{""0-1"": 0.09712149202823639, ""0-2"": -0.062020812183618546, ""1-2"": -0.13717937469482422}"
72,0.16847094,"{""0-1"": -0.02398623712360859, ""0-2"": 0.5122285485267639, ""1-2"": 0.01717052049934864}"
73,-0.00595484,"{""0-1"": 0.011902843602001667, ""0-2"": -0.024289017543196678, ""1-2"": -0.005478347651660442}"
74,-0.03164853,"{""0-1"": -0.031648531556129456}"
75,0.05110271,"{""0-1"": -0.07231062650680542, ""0-2"": 0.012533697299659252, ""1-2"": 0.21308507025241852}"
76,0.31897601,"{""0-1"": 0.3189760148525238}"
77,0.21712604,"{""0-1"": 0.2171260416507721}"
78,0.12450011,"{""0-1"": 0.24159690737724304, ""0-2"": 0.04500323161482811, ""1-2"": 0.08690019696950912}"
79,0.03335094,"{""0-1"": 0.03335094079375267}"
80,0.02635172,"{""0-1"": 0.12101016938686371, ""0-2"": -0.012764740735292435, ""1-2"": -0.02919028326869011}"
81,0.44215882,"{""0-1"": 0.953845739364624, ""0-2"": 0.17551206052303314, ""1-2"": 0.19711866974830627}"
82,-0.03639103,"{""0-1"": -0.03639103099703789}"
83,1.00000000,"{""0-1"": 1.0}"
84,0.11867881,"{""0-1"": -0.04656630754470825, ""0-2"": 0.3494628965854645, ""1-2"": 0.05313985049724579}"
85,0.02597150,"{""0-1"": 0.2190517634153366, ""0-2"": -0.0646493062376976, ""1-2"": -0.0764879509806633}"
86,0.00239353,"{""0-1"": 0.0023935260251164436}"
87,0.01276962,"{""0-1"": 0.06511691957712173, ""0-2"": -0.05167025700211525, ""1-2"": 0.02486218884587288}"
88,0.00336553,"{""0-1"": -0.01738380827009678, ""0-2"": 0.006586483679711819, ""1-2"": 0.020893920212984085}"
89,0.89015955,"{""0-1"": 0.890159547328949}"
90,0.05935487,"{""0-1"": -0.0035693433601409197, ""0-2"": -0.0049758912064135075, ""1-2"": 0.18660983443260193}"
91,-0.00193313,"{""0-1"": 0.007081988267600536, ""0-2"": 0.04968343675136566, ""1-2"": -0.06256482750177383}"
92,0.32167742,"{""0-1"": 0.32167741656303406}"
93,0.04768320,"{""0-1"": 0.015875982120633125, ""0-2"": 0.1555454283952713, ""1-2"": -0.028371822088956833}"
94,0.55806911,"{""0-1"": 0.9344491958618164, ""0-2"": 0.3326585590839386, ""1-2"": 0.40709957480430603}"
95,-0.02918227,"{""0-1"": 0.012243889272212982, ""0-2"": -0.058676909655332565, ""1-2"": -0.04111379012465477}"
96,0.00910074,"{""0-1"": 0.03091280534863472, ""0-2"": -0.04712168872356415, ""1-2"": 0.04351108893752098}"
97,-0.01992296,"{""0-1"": 0.15148498117923737, ""0-2"": -0.14596785604953766, ""1-2"": -0.06528599560260773}"
98,-0.01775853,"{""0-1"": -0.10895446687936783, ""0-2"": -0.04852011799812317, ""1-2"": 0.10419898480176926}"
99,0.00000000,{}
100,0.07814754,"{""0-1"": -0.153609037399292, ""0-2"": 0.19031554460525513, ""1-2"": 0.19773609936237335}"
101,-0.00847817,"{""0-1"": -0.013021724298596382, ""0-2"": -0.006185092031955719, ""1-2"": -0.00622768048197031}"
102,0.00563979,"{""0-1"": 0.021734001114964485, ""0-2"": -0.002181521151214838, ""1-2"": -0.002633102471008897}"
103,-0.02133546,"{""0-1"": -0.06212940439581871, ""0-2"": -0.02951797842979431, ""1-2"": 0.027641015127301216}"
104,-0.05963149,"{""0-1"": -0.15095971524715424, ""0-2"": 0.007812255062162876, ""1-2"": -0.03574700281023979}"
105,0.17430140,"{""0-1"": 0.1743014007806778}"
106,0.73153418,"{""0-1"": 0.7315341830253601}"
107,0.48467598,"{""0-1"": 0.8786155581474304, ""0-2"": 0.31578075885772705, ""1-2"": 0.2596316337585449}"
108,0.01477592,"{""0-1"": 0.01477592159062624}"
109,-0.00149042,"{""0-1"": 0.0811360701918602, ""0-2"": -0.10616083443164825, ""1-2"": 0.020553501322865486}"
110,-0.01442542,"{""0-1"": -0.037060435861349106, ""0-2"": -0.051400452852249146, ""1-2"": 0.045184627175331116}"
111,0.01479729,"{""0-1"": 0.014797285199165344}"
112,0.04554247,"{""0-1"": 0.030389346182346344, ""0-2"": -0.04636796936392784, ""1-2"": 0.1526060253381729}"
113,-0.00094524,"{""0-1"": 0.12956452369689941, ""0-2"": -0.06477580964565277, ""1-2"": -0.06762442737817764}"
114,0.00000000,{}
115,0.00000000,{}
116,0.45296173,"{""0-1"": 0.9979535341262817, ""0-2"": 0.1556817591190338, ""1-2"": 0.20524990558624268}"
117,-0.06289159,"{""0-1"": -0.07249972224235535, ""0-2"": -0.07820212095975876, ""1-2"": -0.03797292709350586}"
118,0.00000000,{}
119,-0.07150134,"{""0-1"": -0.07150133699178696}"
120,-0.01134478,"{""0-1"": -0.040554895997047424, ""0-2"": -0.02737089991569519, ""1-2"": 0.03389144688844681}"
121,-0.00868363,"{""0-1"": -0.008683632127940655}"
122,0.00445821,"{""0-1"": 0.07340432703495026, ""0-2"": -0.030927760526537895, ""1-2"": -0.029101943597197533}"
123,0.04853487,"{""0-1"": 0.07554727047681808, ""0-2"": -0.03300878405570984, ""1-2"": 0.10306613147258759}"
124,0.00518342,"{""0-1"": 0.005183421075344086}"
125,-0.01324516,"{""0-1"": -0.013245162554085255}"
126,-0.09920768,"{""0-1"": -0.16890689730644226, ""0-2"": -0.011483375914394855, ""1-2"": -0.11723276227712631}"
127,0.00000000,{}
128,0.00000000,{}
129,0.20841283,"{""0-1"": 0.20841282606124878}"
130,0.00320891,"{""0-1"": 0.03475841134786606, ""0-2"": 0.09545182436704636, ""1-2"": -0.12058351933956146}"
131,0.30685733,"{""0-1"": 0.9986452460289001, ""0-2"": -0.03697402775287628, ""1-2"": -0.04109921678900719}"
132,0.00000000,{}
133,0.99999994,"{""0-1"": 0.9999999403953552}"
134,0.09088045,"{""0-1"": -0.09426946192979813, ""0-2"": -0.104976125061512, ""1-2"": 0.47188693284988403}"
135,0.00612206,"{""0-1"": -0.0659983828663826, ""0-2"": 0.030749067664146423, ""1-2"": 0.05361549183726311}"
136,-0.03829321,"{""0-1"": -0.04663573205471039, ""0-2"": -0.08087790757417679, ""1-2"": 0.012634017504751682}"
137,-0.04102190,"{""0-1"": -0.0752391666173935, ""0-2"": -0.06033604219555855, ""1-2"": 0.01250951923429966}"
138,0.00337615,"{""0-1"": 0.016268063336610794, ""0-2"": -0.010143324732780457, ""1-2"": 0.004003705456852913}"
139,-0.19549862,"{""0-1"": -0.19549861550331116}"
140,-0.00618922,"{""0-1"": 0.030391324311494827, ""0-2"": 0.03379938751459122, ""1-2"": -0.08275837451219559}"
141,-0.04653354,"{""0-1"": -0.04453105106949806, ""0-2"": -0.035633914172649384, ""1-2"": -0.059435658156871796}"
142,0.99083602,"{""0-1"": 0.9908360242843628}"
143,-0.00590738,"{""0-1"": -0.005907384213060141}"
144,0.57327271,"{""0-1"": 0.573272705078125}"
145,0.08627188,"{""0-1"": -0.02928667701780796, ""0-2"": 0.1837160289287567, ""1-2"": 0.10438628494739532}"
146,0.01332641,"{""0-1"": 0.04674263671040535, ""0-2"": -0.0076257227919995785, ""1-2"": 0.0008623290923424065}"
147,0.62149878,"{""0-1"": 0.738563060760498, ""0-2"": 0.5953077673912048, ""1-2"": 0.5306255221366882}"
148,0.22239551,"{""0-1"": 0.22239550948143005}"
149,1.00000012,"{""0-1"": 1.0000001192092896}"
150,0.73676950,"{""0-1"": 0.7367694973945618}"
151,0.24250358,"{""0-1"": 0.2425035834312439}"
152,0.15516020,"{""0-1"": -0.06762123852968216, ""0-2"": 0.16110193729400635, ""1-2"": 0.3719998896121979}"
153,-0.12213339,"{""0-1"": -0.03149223327636719, ""0-2"": -0.11531996726989746, ""1-2"": -0.21958798170089722}"
154,-0.05879346,"{""0-1"": -0.058793459087610245}"
155,0.01276962,"{""0-1"": 0.06511691957712173, ""0-2"": -0.05167025700211525, ""1-2"": 0.02486218884587288}"
156,0.04399358,"{""0-1"": 0.04399358481168747}"
157,0.15928074,"{""0-1"": -0.017421871423721313, ""0-2"": -0.019973598420619965, ""1-2"": 0.5152376890182495}"
158,0.02790298,"{""0-1"": 0.02790297567844391}"
159,-0.26425570,"{""0-1"": -0.26425570249557495}"
160,0.22663326,"{""0-1"": 0.01794351637363434, ""0-2"": 0.44307857751846313, ""1-2"": 0.21887768805027008}"
161,-0.00398613,"{""0-1"": 0.032561272382736206, ""0-2"": -0.028456108644604683, ""1-2"": -0.01606355793774128}"
162,0.07312343,"{""0-1"": 0.034816205501556396, ""0-2"": 0.019047092646360397, ""1-2"": 0.1655070036649704}"
163,0.30860888,"{""0-1"": 0.8476105332374573, ""0-2"": 0.07036684453487396, ""1-2"": 0.007849255576729774}"
164,-0.05379219,"{""0-1"": -0.06085910648107529, ""0-2"": 0.010419687256217003, ""1-2"": -0.11093714833259583}"
165,0.03130407,"{""0-1"": 0.1546146720647812, ""0-2"": -0.07880505174398422, ""1-2"": 0.018102576956152916}"
166,-0.01123883,"{""0-1"": -0.12378861010074615, ""0-2"": 0.0415298268198967, ""1-2"": 0.04854229837656021}"
167,-0.09199470,"{""0-1"": -0.09199470281600952}"
168,0.08627188,"{""0-1"": -0.02928667701780796, ""0-2"": 0.1837160289287567, ""1-2"": 0.10438628494739532}"
169,0.00000000,{}
170,-0.04491895,"{""0-1"": -0.04491894692182541}"
171,0.30612464,"{""0-1"": 0.9986584186553955, ""0-2"": -0.04005962982773781, ""1-2"": -0.040224868804216385}"
172,0.00000000,{}
173,-0.03336940,"{""0-1"": -0.03336940333247185}"
174,0.01035406,"{""0-1"": 0.06175047159194946, ""0-2"": -0.0687357559800148, ""1-2"": 0.03804745897650719}"
175,0.13066977,"{""0-1"": -0.06351061165332794, ""0-2"": -0.0897718146443367, ""1-2"": 0.5452917218208313}"
176,0.03461614,"{""0-1"": -0.13296237587928772, ""0-2"": 0.3786012530326843, ""1-2"": -0.1417904645204544}"
177,-0.03097092,"{""0-1"": -0.030970923602581024}"
178,-0.06389747,"{""0-1"": -0.06389746814966202}"
179,-0.04180939,"{""0-1"": 0.03156052902340889, ""0-2"": -0.11675435304641724, ""1-2"": -0.04023435711860657}"
180,0.08627188,"{""0-1"": -0.02928667701780796, ""0-2"": 0.1837160289287567, ""1-2"": 0.10438628494739532}"
181,0.05425053,"{""0-1"": 0.01632520742714405, ""0-2"": 0.1757529228925705, ""1-2"": -0.029326550662517548}"
182,-0.02884157,"{""0-1"": -0.0062919133342802525, ""0-2"": -0.052298542112112045, ""1-2"": -0.02793426811695099}"
183,0.02277361,"{""0-1"": 0.04629276692867279, ""0-2"": -0.02037660777568817, ""1-2"": 0.0424046665430069}"
184,-0.06547479,"{""0-1"": -0.11864573508501053, ""0-2"": -0.03021104447543621, ""1-2"": -0.04756759852170944}"
185,-0.05723479,"{""0-1"": -0.014251301065087318, ""0-2"": -0.07869821041822433, ""1-2"": -0.07875484973192215}"
186,0.04808816,"{""0-1"": 0.19046369194984436, ""0-2"": 0.0022245878353714943, ""1-2"": -0.04842380806803703}"
187,-0.03559943,"{""0-1"": -0.04189617186784744, ""0-2"": -0.012480069883167744, ""1-2"": -0.05242203548550606}"
188,0.00058575,"{""0-1"": 0.03857741504907608, ""0-2"": -0.044666968286037445, ""1-2"": 0.007846803404390812}"
189,0.08594549,"{""0-1"": -0.01589280739426613, ""0-2"": 0.007684493903070688, ""1-2"": 0.2660447955131531}"
190,-0.02244640,"{""0-1"": -0.0224464014172554}"
191,0.22192144,"{""0-1"": 0.22192144393920898}"
192,0.03183904,"{""0-1"": 0.0318390354514122}"
193,0.07017088,"{""0-1"": 0.07017087936401367}"
194,0.14693186,"{""0-1"": 0.18291784822940826, ""0-2"": 0.11690119653940201, ""1-2"": 0.14097654819488525}"
195,-0.01339295,"{""0-1"": -0.01006226148456335, ""0-2"": -0.01604887656867504, ""1-2"": -0.014067722484469414}"
196,-0.09171914,"{""0-1"": -0.02433871477842331, ""0-2"": -0.1400897204875946, ""1-2"": -0.11072897166013718}"
197,0.64037162,"{""0-1"": 0.6403716206550598}"
198,-0.08825907,"{""0-1"": -0.0659831315279007, ""0-2"": -0.13068661093711853, ""1-2"": -0.068107470870018}"
199,0.02806406,"{""0-1"": 0.02806405909359455}"
200,0.05414877,"{""0-1"": 0.017945654690265656, ""0-2"": 0.18602706491947174, ""1-2"": -0.041526418179273605}"
201,-0.00110296,"{""0-1"": -0.0514395497739315, ""0-2"": 0.015454373322427273, ""1-2"": 0.03267628699541092}"
202,0.02601847,"{""0-1"": 0.12741616368293762, ""0-2"": -0.037908077239990234, ""1-2"": -0.011452682316303253}"
203,0.03770413,"{""0-1"": 0.012258637696504593, ""0-2"": 0.03069210797548294, ""1-2"": 0.07016164809465408}"
204,0.07007839,"{""0-1"": 0.26027336716651917, ""0-2"": 0.10862593352794647, ""1-2"": -0.15866412222385406}"
205,0.22237670,"{""0-1"": -0.018086351454257965, ""0-2"": 0.027812441810965538, ""1-2"": 0.6574040055274963}"
206,0.66707397,"{""0-1"": 0.6670739650726318}"
207,0.16559767,"{""0-1"": 0.02308151312172413, ""0-2"": 0.136557474732399, ""1-2"": 0.3371540307998657}"
208,0.04447757,"{""0-1"": 0.13898633420467377, ""0-2"": 0.008970452472567558, ""1-2"": -0.014524063095450401}"
209,-0.06555321,"{""0-1"": 0.01842968910932541, ""0-2"": -0.11650370806455612, ""1-2"": -0.09858561307191849}"
210,0.00000000,{}
211,0.22239551,"{""0-1"": 0.22239550948143005}"
212,-0.03624745,"{""0-1"": 0.01595735177397728, ""0-2"": 0.0110621964558959, ""1-2"": -0.13576188683509827}"
213,0.18251355,"{""0-1"": 0.1825135499238968}"
214,0.23611367,"{""0-1"": 0.6173012852668762, ""0-2"": 0.057411689311265945, ""1-2"": 0.033628031611442566}"
215,0.00000000,{}
216,0.75454378,"{""0-1"": 0.7545437812805176}"
217,-0.04618599,"{""0-1"": 0.02093176171183586, ""0-2"": -0.03242478147149086, ""1-2"": -0.12706495821475983}"
218,-0.00029986,"{""0-1"": -0.032501060515642166, ""0-2"": -0.01767556183040142, ""1-2"": 0.04927702993154526}"
219,0.99999994,"{""0-1"": 0.9999999403953552}"
220,0.00502897,"{""0-1"": 0.01599670946598053, ""0-2"": -0.02645682543516159, ""1-2"": 0.025547020137310028}"
221,0.16195247,"{""0-1"": 0.14246338605880737, ""0-2"": 0.16293194890022278, ""1-2"": 0.1804620772600174}"
222,-0.01716260,"{""0-1"": 0.014311636798083782, ""0-2"": -0.03495056927204132, ""1-2"": -0.03084886446595192}"
223,0.39228740,"{""0-1"": 0.8382181525230408, ""0-2"": 0.41665881872177124, ""1-2"": -0.07801476866006851}"
224,-0.03563476,"{""0-1"": -0.022770516574382782, ""0-2"": -0.044382963329553604, ""1-2"": -0.03975081071257591}"
225,-0.02036678,"{""0-1"": 0.02263934165239334, ""0-2"": 0.0479806549847126, ""1-2"": -0.13172034919261932}"
226,0.01047467,"{""0-1"": -0.09911907464265823, ""0-2"": 0.01794390007853508, ""1-2"": 0.11259918659925461}"
227,0.01176731,"{""0-1"": -0.00251540495082736, ""0-2"": 0.02704765647649765, ""1-2"": 0.010769689455628395}"
228,-0.01946148,"{""0-1"": -0.06971458345651627, ""0-2"": -0.006650049239397049, ""1-2"": 0.017980191856622696}"
229,-0.01624358,"{""0-1"": 0.13200092315673828, ""0-2"": -0.10847180336713791, ""1-2"": -0.07225985825061798}"
230,0.26025678,"{""0-1"": -0.01661958545446396, ""0-2"": 0.012255921959877014, ""1-2"": 0.7851340174674988}"
231,0.97662354,"{""0-1"": 0.97662353515625}"
232,0.01640081,"{""0-1"": -0.03444293513894081, ""0-2"": -0.04236181080341339, ""1-2"": 0.12600718438625336}"
233,0.01479729,"{""0-1"": 0.014797285199165344}"
234,0.10068551,"{""0-1"": 0.19455580413341522, ""0-2"": -0.008004848845303059, ""1-2"": 0.11550556123256683}"
235,0.00000000,{}
236,-0.04859779,"{""0-1"": -0.0485977865755558}"
237,-0.02781660,"{""0-1"": -0.1870509833097458, ""0-2"": -0.010299339890480042, ""1-2"": 0.11390053480863571}"
238,-0.02356089,"{""0-1"": 0.0073323636315763, ""0-2"": -0.06403948366641998, ""1-2"": -0.013975558802485466}"
239,1.00000012,"{""0-1"": 1.0000001192092896}"
240,-0.00976871,"{""0-1"": -0.009768707677721977}"
241,0.21856081,"{""0-1"": 0.5897743105888367, ""0-2"": 0.009624486789107323, ""1-2"": 0.0562836192548275}"
242,0.22033557,"{""0-1"": 0.22033557295799255}"
243,-0.00116748,"{""0-1"": 0.02234543301165104, ""0-2"": -0.1414424329996109, ""1-2"": 0.11559455096721649}"
244,0.29225057,"{""0-1"": 0.2922505736351013}"
245,0.02067491,"{""0-1"": 0.06724212318658829, ""0-2"": 0.014675590209662914, ""1-2"": -0.0198929775506258}"
246,0.10219809,"{""0-1"": 0.10219808667898178}"
247,0.93962389,"{""0-1"": 0.9396238923072815}"
248,0.29527548,"{""0-1"": 0.29527547955513}"
249,0.07773381,"{""0-1"": 0.06196935847401619, ""0-2"": 0.13361647725105286, ""1-2"": 0.03761560097336769}"
250,0.05629023,"{""0-1"": 0.05629022791981697}"
251,0.11842330,"{""0-1"": 0.11842329800128937}"
252,-0.02862637,"{""0-1"": -0.07528399676084518, ""0-2"": 0.004968401975929737, ""1-2"": -0.015563508495688438}"
253,0.00000000,{}
254,0.22068987,"{""0-1"": -0.09506803005933762, ""0-2"": -0.015151053667068481, ""1-2"": 0.7722886800765991}"
255,0.27964589,"{""0-1"": 0.2796458899974823}"
256,0.03296301,"{""0-1"": 0.10031625628471375, ""0-2"": -0.10007540136575699, ""1-2"": 0.09864816814661026}"
257,0.30322030,"{""0-1"": 0.6581429839134216, ""0-2"": -0.06209058314561844, ""1-2"": 0.3136084973812103}"
258,0.16393590,"{""0-1"": 0.16393589973449707}"
259,0.02499972,"{""0-1"": 0.003791464725509286, ""0-2"": 0.021418873220682144, ""1-2"": 0.049788810312747955}"
260,0.19595862,"{""0-1"": 0.017999479547142982, ""0-2"": 0.40118157863616943, ""1-2"": 0.16869479417800903}"
261,0.20885567,"{""0-1"": 0.20885567367076874}"
262,0.03124934,"{""0-1"": -0.11181475222110748, ""0-2"": 0.15110193192958832, ""1-2"": 0.05446085333824158}"
263,1.00000000,"{""0-1"": 1.0}"
264,-0.01017065,"{""0-1"": 0.02403276599943638, ""0-2"": -0.029266877099871635, ""1-2"": -0.025277849286794662}"
265,0.42381504,"{""0-1"": 0.4238150417804718}"
266,0.01560925,"{""0-1"": 0.026338975876569748, ""0-2"": 0.05741213262081146, ""1-2"": -0.036923348903656006}"
267,-0.00733937,"{""0-1"": -0.013146864250302315, ""0-2"": 0.032861605286598206, ""1-2"": -0.041732851415872574}"
268,0.16892361,"{""0-1"": 0.526458740234375, ""0-2"": 0.004873625468462706, ""1-2"": -0.024561524391174316}"
269,0.63452263,"{""0-1"": 0.9107874631881714, ""0-2"": 0.5519774556159973, ""1-2"": 0.4408029615879059}"
270,-0.06260231,"{""0-1"": -0.09754899889230728, ""0-2"": -0.17416976392269135, ""1-2"": 0.08391184359788895}"
271,0.01138355,"{""0-1"": -0.030188722535967827, ""0-2"": -0.018863199278712273, ""1-2"": 0.08320257812738419}"
272,0.14523360,"{""0-1"": 0.26271793246269226, ""0-2"": 0.12631158530712128, ""1-2"": 0.04667128250002861}"
273,0.05223995,"{""0-1"": -0.07114841043949127, ""0-2"": 0.033277373760938644, ""1-2"": 0.19459089636802673}"
274,0.00329551,"{""0-1"": -0.021154427900910378, ""0-2"": 0.13052645325660706, ""1-2"": -0.09948549419641495}"
275,0.71057302,"{""0-1"": 0.7105730175971985}"
276,0.09369405,"{""0-1"": 0.019286667928099632, ""0-2"": -0.049621570855379105, ""1-2"": 0.3114170432090759}"
277,0.04520572,"{""0-1"": 0.04520571976900101}"
278,0.23974229,"{""0-1"": 0.016198037192225456, ""0-2"": 0.6098425984382629, ""1-2"": 0.09318622201681137}"
279,0.27075701,"{""0-1"": 0.536555290222168, ""0-2"": 0.10695719718933105, ""1-2"": 0.1687585413455963}"
280,0.24539140,"{""0-1"": -0.08434824645519257, ""0-2"": 0.09509208053350449, ""1-2"": 0.7254303693771362}"
281,0.89357376,"{""0-1"": 0.8935737609863281}"
282,-0.07843880,"{""0-1"": -0.08456923812627792, ""0-2"": -0.057263247668743134, ""1-2"": -0.09348391741514206}"
283,0.31637437,"{""0-1"": 0.9619008898735046, ""0-2"": 0.11480244249105453, ""1-2"": -0.12758022546768188}"
284,0.59000868,"{""0-1"": 0.5900086760520935}"
285,-0.00269642,"{""0-1"": -0.03517879545688629, ""0-2"": -0.10696510225534439, ""1-2"": 0.13405464589595795}"
286,0.00000000,{}
287,0.00000000,{}
288,0.97035390,"{""0-1"": 0.970353901386261}"
289,0.19054921,"{""0-1"": 0.06688841432332993, ""0-2"": 0.4432610869407654, ""1-2"": 0.061498139053583145}"
290,0.17679512,"{""0-1"": 0.07261022925376892, ""0-2"": 0.3741528391838074, ""1-2"": 0.08362229913473129}"
291,-0.01805357,"{""0-1"": -0.02843368425965309, ""0-2"": -0.08130966871976852, ""1-2"": 0.05558263137936592}"
292,0.03823962,"{""0-1"": 0.0006028612260706723, ""0-2"": 0.04372730106115341, ""1-2"": 0.07038869708776474}"
293,-0.01255255,"{""0-1"": -0.010973968543112278, ""0-2"": -0.015020456165075302, ""1-2"": -0.011663220822811127}"
294,0.29992982,"{""0-1"": 0.9676985740661621, ""0-2"": -0.02887480892241001, ""1-2"": -0.039034318178892136}"
295,0.01826908,"{""0-1"": 0.008339343592524529, ""0-2"": 0.00023088841408025473, ""1-2"": 0.04623700678348541}"
296,-0.04653354,"{""0-1"": -0.04453105106949806, ""0-2"": -0.035633914172649384, ""1-2"": -0.059435658156871796}"
297,-0.04660636,"{""0-1"": -0.037470050156116486, ""0-2"": -0.08229919523000717, ""1-2"": -0.02004983462393284}"
298,-0.09478635,"{""0-1"": -0.09478634595870972}"
299,-0.02163193,"{""0-1"": -0.021631931886076927}"
300,0.01460912,"{""0-1"": 0.05808192864060402, ""0-2"": -0.010450482368469238, ""1-2"": -0.0038040827494114637}"
301,0.33629611,"{""0-1"": 0.9912722110748291, ""0-2"": 0.016364235430955887, ""1-2"": 0.0012518855510279536}"
302,0.21842737,"{""0-1"": 0.218427374958992}"
303,0.00000000,{}
304,0.10002749,"{""0-1"": 0.11012773215770721, ""0-2"": 0.03646183758974075, ""1-2"": 0.15349291265010834}"
305,0.01403695,"{""0-1"": 0.0016738299746066332, ""0-2"": 0.00398546876385808, ""1-2"": 0.0364515483379364}"
306,0.96530545,"{""0-1"": 0.9653054475784302}"
307,0.30633972,"{""0-1"": 0.999290943145752, ""0-2"": -0.03902619704604149, ""1-2"": -0.04124559834599495}"
308,-0.07358471,"{""0-1"": -0.06444971263408661, ""0-2"": -0.15665894746780396, ""1-2"": 0.0003545261570252478}"
309,0.21494399,"{""0-1"": -0.043445125222206116, ""0-2"": -0.06401567161083221, ""1-2"": 0.7522927522659302}"
310,0.04307837,"{""0-1"": 0.14320047199726105, ""0-2"": -0.00015181420894805342, ""1-2"": -0.013813532888889313}"
311,-0.00025229,"{""0-1"": 0.008460148237645626, ""0-2"": -0.0484023243188858, ""1-2"": 0.039185311645269394}"
312,0.08093962,"{""0-1"": 0.07983154058456421, ""0-2"": 0.029754914343357086, ""1-2"": 0.13323239982128143}"
313,0.06825652,"{""0-1"": 0.05310267210006714, ""0-2"": 0.18498875200748444, ""1-2"": -0.03332187607884407}"
314,0.67942009,"{""0-1"": 0.9363493323326111, ""0-2"": 0.573609471321106, ""1-2"": 0.528301477432251}"
315,0.00000000,{}
316,0.00563979,"{""0-1"": 0.021734001114964485, ""0-2"": -0.002181521151214838, ""1-2"": -0.002633102471008897}"
317,-0.03546581,"{""0-1"": -0.11183901131153107, ""0-2"": -0.039701156318187714, ""1-2"": 0.04514274001121521}"
318,-0.00301711,"{""0-1"": -0.05817888677120209, ""0-2"": 0.015671154484152794, ""1-2"": 0.03345639631152153}"
319,0.27672562,"{""0-1"": 0.2767256200313568}"
320,0.23545807,"{""0-1"": -0.017752189189195633, ""0-2"": 0.7454627752304077, ""1-2"": -0.021336384117603302}"
321,0.02837561,"{""0-1"": 0.021520188078284264, ""0-2"": -0.025778362527489662, ""1-2"": 0.08938499540090561}"
322,0.00000000,{}
323,0.00792091,"{""0-1"": 0.03377111628651619, ""0-2"": -0.032528191804885864, ""1-2"": 0.022519797086715698}"
324,-0.18267351,"{""0-1"": -0.18267351388931274}"
325,0.99999863,"{""0-1"": 0.9999986290931702}"
326,-0.05737253,"{""0-1"": -0.05007736384868622, ""0-2"": -0.15753298997879028, ""1-2"": 0.035492751747369766}"
327,0.04150857,"{""0-1"": 0.050971049815416336, ""0-2"": -0.003158529521897435, ""1-2"": 0.0767131969332695}"
328,0.04663653,"{""0-1"": -0.0415361225605011, ""0-2"": 0.16359560191631317, ""1-2"": 0.017850102856755257}"
329,0.04955228,"{""0-1"": 0.049552276730537415}"
330,0.10047968,"{""0-1"": 0.10047967731952667}"
331,-0.05160861,"{""0-1"": -0.08682405203580856, ""0-2"": -0.17651847004890442, ""1-2"": 0.10851669311523438}"
332,0.31448215,"{""0-1"": 0.9987649917602539, ""0-2"": -0.025860963389277458, ""1-2"": -0.029457565397024155}"
333,0.22348803,"{""0-1"": 0.4968748092651367, ""0-2"": 0.08361368626356125, ""1-2"": 0.08997560292482376}"
334,0.21712604,"{""0-1"": 0.2171260416507721}"
335,0.00000000,{}
336,1.00000012,"{""0-1"": 1.0000001192092896}"
337,0.00874083,"{""0-1"": -0.010095800273120403, ""0-2"": -0.0044168950989842415, ""1-2"": 0.04073518142104149}"
338,0.28755984,"{""0-1"": 0.28755983710289}"
339,-0.03164853,"{""0-1"": -0.031648531556129456}"
340,0.03685798,"{""0-1"": 0.03685798496007919}"
341,0.05391772,"{""0-1"": 0.17362986505031586, ""0-2"": -0.05979735404253006, ""1-2"": 0.04792064428329468}"
342,-0.02197363,"{""0-1"": -0.08415636420249939, ""0-2"": -0.003832562593743205, ""1-2"": 0.022068044170737267}"
343,0.04977708,"{""0-1"": 0.061690136790275574, ""0-2"": 0.12679490447044373, ""1-2"": -0.03915378823876381}"
344,0.30077374,"{""0-1"": 0.3007737398147583}"
345,0.13064312,"{""0-1"": 0.4275304675102234, ""0-2"": 0.023454301059246063, ""1-2"": -0.059055395424366}"
346,-0.02237005,"{""0-1"": -0.022370051592588425}"
347,0.21156618,"{""0-1"": 0.21156617999076843}"
348,-0.01298032,"{""0-1"": -0.012980321422219276}"
349,0.00050034,"{""0-1"": 0.0005003438564017415}"
350,0.02048436,"{""0-1"": -0.010613503865897655, ""0-2"": 0.07475988566875458, ""1-2"": -0.0026933082845062017}"
351,0.02790298,"{""0-1"": 0.02790297567844391}"
352,-0.06141396,"{""0-1"": -0.09264518320560455, ""0-2"": -0.06414787471294403, ""1-2"": -0.02744881808757782}"
353,0.27718404,"{""0-1"": -0.003131037810817361, ""0-2"": 0.024368809536099434, ""1-2"": 0.8103143572807312}"
354,0.99999863,"{""0-1"": 0.9999986290931702}"
355,0.00000000,{}
356,-0.00423162,"{""0-1"": 0.0019283684669062495, ""0-2"": 0.017673438414931297, ""1-2"": -0.03229667246341705}"
357,0.11676765,"{""0-1"": 0.11676765233278275}"
358,0.22239551,"{""0-1"": 0.22239550948143005}"
359,0.19851920,"{""0-1"": 0.19851920008659363}"
360,-0.00393932,"{""0-1"": -0.003939320333302021}"
361,0.47686687,"{""0-1"": 0.47686687111854553}"
362,0.32713689,"{""0-1"": 0.9858962893486023, ""0-2"": -0.00737830949947238, ""1-2"": 0.0028926965314894915}"
363,-0.02862637,"{""0-1"": -0.07528399676084518, ""0-2"": 0.004968401975929737, ""1-2"": -0.015563508495688438}"
364,0.83504313,"{""0-1"": 0.8350431323051453}"
365,0.01880193,"{""0-1"": -0.18408916890621185, ""0-2"": 0.35453149676322937, ""1-2"": -0.11403653770685196}"
366,0.07068040,"{""0-1"": 0.04468119889497757, ""0-2"": 0.2472103387117386, ""1-2"": -0.07985033839941025}"
367,0.99440581,"{""0-1"": 0.9944058060646057}"
368,0.08627188,"{""0-1"": -0.02928667701780796, ""0-2"": 0.1837160289287567, ""1-2"": 0.10438628494739532}"
369,-0.03170697,"{""0-1"": -0.10019263625144958, ""0-2"": 0.013193409889936447, ""1-2"": -0.008121682330965996}"
370,0.02165157,"{""0-1"": -0.03144366294145584, ""0-2"": 0.05793411284685135, ""1-2"": 0.0384642668068409}"
371,-0.00590738,"{""0-1"": -0.005907384213060141}"
372,0.33573972,"{""0-1"": 0.9361619353294373, ""0-2"": 0.03664978966116905, ""1-2"": 0.034407440572977066}"
373,0.16872050,"{""0-1"": -0.005765621550381184, ""0-2"": -0.05155260115861893, ""1-2"": 0.5634797215461731}"
374,0.97305161,"{""0-1"": 0.9730516076087952}"
375,0.11077000,"{""0-1"": -0.08669068664312363, ""0-2"": 0.00542103685438633, ""1-2"": 0.41357964277267456}"
376,-0.06520240,"{""0-1"": -0.2366102784872055, ""0-2"": 0.03630630671977997, ""1-2"": 0.004696759395301342}"
377,0.03329619,"{""0-1"": -0.012094126082956791, ""0-2"": 0.1531810611486435, ""1-2"": -0.04119836166501045}"
378,0.53906327,"{""0-1"": 0.5390632748603821}"
379,0.01878764,"{""0-1"": -0.037518929690122604, ""0-2"": 0.010859588161110878, ""1-2"": 0.08302225172519684}"
380,-0.03228140,"{""0-1"": -0.03658105060458183, ""0-2"": -0.014385189861059189, ""1-2"": -0.04587794467806816}"
381,-0.06596592,"{""0-1"": -0.17057918012142181, ""0-2"": -0.01243969053030014, ""1-2"": -0.014878900721669197}"
382,0.37718090,"{""0-1"": 0.37718090415000916}"
383,-0.02289890,"{""0-1"": -0.006571836303919554, ""0-2"": -0.02352043427526951, ""1-2"": -0.03860443830490112}"
384,0.19851920,"{""0-1"": 0.19851920008659363}"
385,0.05578654,"{""0-1"": -0.0022417702712118626, ""0-2"": 0.061070144176483154, ""1-2"": 0.10853125900030136}"
386,0.05935487,"{""0-1"": -0.0035693433601409197, ""0-2"": -0.0049758912064135075, ""1-2"": 0.18660983443260193}"
387,-0.01643151,"{""0-1"": -0.10367639362812042, ""0-2"": -0.044963594526052475, ""1-2"": 0.09934545308351517}"
388,0.20700941,"{""0-1"": 0.6763705015182495, ""0-2"": -0.02067248709499836, ""1-2"": -0.03466979041695595}"
389,0.00459544,"{""0-1"": -0.015722274780273438, ""0-2"": -0.05350034311413765, ""1-2"": 0.08300894498825073}"
390,-0.03347224,"{""0-1"": -0.02567426674067974, ""0-2"": -0.04192489758133888, ""1-2"": -0.032817546278238297}"
391,0.50348735,"{""0-1"": 0.5034873485565186}"
392,-0.04035171,"{""0-1"": -0.19951461255550385, ""0-2"": 0.0730544701218605, ""1-2"": 0.00540501344949007}"
393,0.04709568,"{""0-1"": -0.0977947786450386, ""0-2"": 0.00596176041290164, ""1-2"": 0.23312005400657654}"
394,0.33836040,"{""0-1"": 0.38943544030189514, ""0-2"": -0.05899333208799362, ""1-2"": 0.6846390962600708}"
395,0.00757606,"{""0-1"": 0.01850227825343609, ""0-2"": 0.003659032052382827, ""1-2"": 0.0005668681696988642}"
396,0.50828832,"{""0-1"": 0.5082883238792419}"
397,0.02315504,"{""0-1"": 0.023155037313699722}"
398,0.50417624,"{""0-1"": 0.9363518953323364, ""0-2"": 0.2862251102924347, ""1-2"": 0.28995171189308167}"
399,-0.00542085,"{""0-1"": -0.016700029373168945, ""0-2"": -0.011933261528611183, ""1-2"": 0.012370748445391655}"
400,0.12951781,"{""0-1"": 0.15982232987880707, ""0-2"": 0.1845359206199646, ""1-2"": 0.04419519379734993}"
401,0.09326069,"{""0-1"": 0.09326069056987762}"
402,0.00000000,{}
403,-0.04746057,"{""0-1"": -0.06797438114881516, ""0-2"": -0.019253695383667946, ""1-2"": -0.05515364184975624}"
404,0.06274965,"{""0-1"": 0.07135288417339325, ""0-2"": 0.040688496083021164, ""1-2"": 0.07620756328105927}"
405,0.03088797,"{""0-1"": 0.030887965112924576}"
406,-0.00680710,"{""0-1"": -0.03182266652584076, ""0-2"": 0.036068517714738846, ""1-2"": -0.024667147547006607}"
407,0.30312390,"{""0-1"": 0.7164522409439087, ""0-2"": 0.15949919819831848, ""1-2"": 0.033420246094465256}"
408,0.07850346,"{""0-1"": -0.025674784556031227, ""0-2"": 0.11062357574701309, ""1-2"": 0.15056158602237701}"
409,0.01479081,"{""0-1"": 0.014790814369916916}"
410,0.99999994,"{""0-1"": 0.9999999403953552}"
411,0.08257002,"{""0-1"": 0.03434305638074875, ""0-2"": 0.1832713782787323, ""1-2"": 0.030095618218183517}"
412,0.00000000,{}
413,-0.18267351,"{""0-1"": -0.18267351388931274}"
414,0.01997815,"{""0-1"": 0.019978152588009834}"
415,-0.02204724,"{""0-1"": 0.057126861065626144, ""0-2"": -0.05777798965573311, ""1-2"": -0.06549059599637985}"
416,0.02581502,"{""0-1"": 0.025815019384026527}"
417,0.01851253,"{""0-1"": 0.01554311253130436, ""0-2"": -0.0030009690672159195, ""1-2"": 0.042995452880859375}"
418,-0.09406950,"{""0-1"": -0.03894995152950287, ""0-2"": -0.11770977079868317, ""1-2"": -0.12554876506328583}"
419,0.91273797,"{""0-1"": 0.9127379655838013}"
420,0.00000000,{}
421,0.40003839,"{""0-1"": 0.40003839135169983}"
422,-0.01949184,"{""0-1"": -0.019491836428642273}"
423,-0.03706008,"{""0-1"": -0.11463222652673721, ""0-2"": -0.006790116894990206, ""1-2"": 0.01024211011826992}"
424,-0.01796176,"{""0-1"": -0.07000824064016342, ""0-2"": 0.009307291358709335, ""1-2"": 0.006815668195486069}"
425,0.99999863,"{""0-1"": 0.9999986290931702}"
426,0.07546925,"{""0-1"": 0.359773188829422, ""0-2"": -0.10104410350322723, ""1-2"": -0.03232134133577347}"
427,0.13507795,"{""0-1"": -0.0668587014079094, ""0-2"": -0.03739209473133087, ""1-2"": 0.5094846487045288}"
428,0.04881105,"{""0-1"": 0.10962974280118942, ""0-2"": 0.010252134874463081, ""1-2"": 0.0265512578189373}"
429,0.04526834,"{""0-1"": 0.14560861885547638, ""0-2"": 0.0076215690933167934, ""1-2"": -0.017425181344151497}"
430,0.24417199,"{""0-1"": 0.24417199194431305}"
431,0.01412563,"{""0-1"": 0.014125628396868706}"
432,0.26673108,"{""0-1"": 0.2667310833930969}"
433,0.37510022,"{""0-1"": 0.27533504366874695, ""0-2"": 0.9199094772338867, ""1-2"": -0.0699438601732254}"
434,0.00000000,{}
435,-0.07088658,"{""0-1"": 0.024345742538571358, ""0-2"": -0.1480945199728012, ""1-2"": -0.08891096711158752}"
436,0.44215882,"{""0-1"": 0.953845739364624, ""0-2"": 0.17551206052303314, ""1-2"": 0.19711866974830627}"
437,0.95808864,"{""0-1"": 0.9580886363983154}"
438,-0.02017871,"{""0-1"": 0.07713012397289276, ""0-2"": -0.0554983876645565, ""1-2"": -0.0821678638458252}"
439,0.05629023,"{""0-1"": 0.05629022791981697}"
440,0.30685733,"{""0-1"": 0.9986452460289001, ""0-2"": -0.03697402775287628, ""1-2"": -0.04109921678900719}"
441,0.93283385,"{""0-1"": 0.9328338503837585}"
442,-0.02910115,"{""0-1"": -0.02410964109003544, ""0-2"": 0.019080517813563347, ""1-2"": -0.08227433264255524}"
443,0.20396708,"{""0-1"": 0.3115482032299042, ""0-2"": 0.051022790372371674, ""1-2"": 0.24933023750782013}"
444,0.41984871,"{""0-1"": 0.4198487102985382}"
445,0.10098458,"{""0-1"": 0.10098458081483841}"
446,0.04229213,"{""0-1"": 0.04229212552309036}"
447,0.00000000,{}
448,0.10434741,"{""0-1"": 0.10434740781784058}"
449,0.21712604,"{""0-1"": 0.2171260416507721}"
450,0.06830127,"{""0-1"": 0.09452268481254578, ""0-2"": -0.05418075621128082, ""1-2"": 0.16456186771392822}"
451,-0.01057497,"{""0-1"": -0.00638875737786293, ""0-2"": -0.014550874941051006, ""1-2"": -0.010785278864204884}"
452,0.29225057,"{""0-1"": 0.2922505736351013}"
453,0.74455899,"{""0-1"": 0.7445589900016785}"
454,-0.00617538,"{""0-1"": -0.0036924039013683796, ""0-2"": -0.03405144810676575, ""1-2"": 0.01921772211790085}"
455,0.15727693,"{""0-1"": 0.1572769284248352}"
456,-0.00282568,"{""0-1"": -0.10083819180727005, ""0-2"": 0.0013134132605046034, ""1-2"": 0.0910477414727211}"
457,0.05155044,"{""0-1"": 0.005880489479750395, ""0-2"": -0.009577320888638496, ""1-2"": 0.15834815800189972}"
458,0.00000000,{}
459,-0.03833905,"{""0-1"": -0.029917869716882706, ""0-2"": -0.05302072688937187, ""1-2"": -0.03207856044173241}"
460,0.27175826,"{""0-1"": 0.2717582583427429}"
461,-0.01061044,"{""0-1"": 0.032626327127218246, ""0-2"": -0.014905080199241638, ""1-2"": -0.0495525598526001}"
462,-0.00265254,"{""0-1"": -0.054827045649290085, ""0-2"": 0.05572831630706787, ""1-2"": -0.008858878165483475}"
463,-0.03170091,"{""0-1"": 0.0005475186044350266, ""0-2"": -0.06942494958639145, ""1-2"": -0.026225300505757332}"
464,-0.04171861,"{""0-1"": -0.0714116171002388, ""0-2"": 0.0586225800216198, ""1-2"": -0.11236678808927536}"
465,-0.01075278,"{""0-1"": -0.0319938138127327, ""0-2"": -0.010189012624323368, ""1-2"": 0.009924481622874737}"
466,-0.03645761,"{""0-1"": -0.19700229167938232, ""0-2"": 0.03784080222249031, ""1-2"": 0.04978865385055542}"
467,0.02809370,"{""0-1"": -0.04262849688529968, ""0-2"": 0.06567836552858353, ""1-2"": 0.061231229454278946}"
468,0.01903457,"{""0-1"": 0.03266787901520729, ""0-2"": -0.026816142722964287, ""1-2"": 0.05125197395682335}"
469,-0.03360746,"{""0-1"": -0.03360746428370476}"
470,-0.00506625,"{""0-1"": -0.032101765275001526, ""0-2"": 0.039175957441329956, ""1-2"": -0.022272948175668716}"
471,-0.05060704,"{""0-1"": -0.05060703679919243}"
472,0.00563979,"{""0-1"": 0.021734001114964485, ""0-2"": -0.002181521151214838, ""1-2"": -0.002633102471008897}"
473,1.00000000,"{""0-1"": 1.0}"
474,0.03559393,"{""0-1"": 0.011791973374783993, ""0-2"": 0.030315924435853958, ""1-2"": 0.06467388570308685}"
475,0.10928076,"{""0-1"": 0.10928075760602951}"
476,0.51502146,"{""0-1"": 0.2869320809841156, ""0-2"": 0.2734168469905853, ""1-2"": 0.984715461730957}"
477,0.29778755,"{""0-1"": 0.016618577763438225, ""0-2"": -0.01111443992704153, ""1-2"": 0.887858510017395}"
478,0.02499972,"{""0-1"": 0.003791464725509286, ""0-2"": 0.021418873220682144, ""1-2"": 0.049788810312747955}"
479,0.00000000,{}
480,0.32226655,"{""0-1"": 0.322266548871994}"
481,0.19654320,"{""0-1"": 0.8101139664649963, ""0-2"": -0.0749833881855011, ""1-2"": -0.14550097286701202}"
482,0.99999994,"{""0-1"": 0.9999999403953552}"
483,0.32814699,"{""0-1"": 0.7578985691070557, ""0-2"": 0.11998330056667328, ""1-2"": 0.10655909031629562}"
484,-0.12069772,"{""0-1"": -0.13440781831741333, ""0-2"": -0.2009291648864746, ""1-2"": -0.02675618603825569}"
485,-0.03645761,"{""0-1"": -0.19700229167938232, ""0-2"": 0.03784080222249031, ""1-2"": 0.04978865385055542}"
486,0.00817351,"{""0-1"": 0.05578455328941345, ""0-2"": -0.0011016845237463713, ""1-2"": -0.030162330716848373}"
487,-0.01520393,"{""0-1"": -0.03134196996688843, ""0-2"": -0.029672790318727493, ""1-2"": 0.015402968041598797}"
488,0.95598263,"{""0-1"": 0.9559826254844666}"
489,0.02499972,"{""0-1"": 0.003791464725509286, ""0-2"": 0.021418873220682144, ""1-2"": 0.049788810312747955}"
490,0.02721471,"{""0-1"": 0.1308063566684723, ""0-2"": -0.04176391288638115, ""1-2"": -0.0073983087204396725}"
491,0.01526553,"{""0-1"": 0.09838443994522095, ""0-2"": 0.0024435939267277718, ""1-2"": -0.05503145605325699}"
492,0.00000000,{}
493,0.05107655,"{""0-1"": 0.05107655003666878}"
494,0.27816248,"{""0-1"": 0.15120799839496613, ""0-2"": 0.11648999154567719, ""1-2"": 0.566789448261261}"
495,0.02499972,"{""0-1"": 0.003791464725509286, ""0-2"": 0.021418873220682144, ""1-2"": 0.049788810312747955}"
496,-0.04420429,"{""0-1"": 0.014843384735286236, ""0-2"": -0.17541615664958954, ""1-2"": 0.027959903702139854}"
497,0.00906021,"{""0-1"": 0.014298740774393082, ""0-2"": 0.11155364662408829, ""1-2"": -0.09867175668478012}"
498,0.06842432,"{""0-1"": 0.10395153611898422, ""0-2"": 0.05643996596336365, ""1-2"": 0.04488144814968109}"
499,0.21814119,"{""0-1"": 0.5669973492622375, ""0-2"": 0.03010261245071888, ""1-2"": 0.05732359364628792}"
500,-0.02804389,"{""0-1"": -0.04521084576845169, ""0-2"": -0.07819506525993347, ""1-2"": 0.039274249225854874}"
501,0.24461459,"{""0-1"": 0.7689764499664307, ""0-2"": -0.03380639851093292, ""1-2"": -0.0013262963620945811}"
502,-0.05126685,"{""0-1"": -0.16947460174560547, ""0-2"": 0.02386489510536194, ""1-2"": -0.008190836757421494}"
503,0.07007839,"{""0-1"": 0.26027336716651917, ""0-2"": 0.10862593352794647, ""1-2"": -0.15866412222385406}"
504,0.01953151,"{""0-1"": 0.03514067083597183, ""0-2"": 0.11798810213804245, ""1-2"": -0.0945342406630516}"
505,0.19062441,"{""0-1"": 0.8670620322227478, ""0-2"": -0.1237802505493164, ""1-2"": -0.17140856385231018}"
506,0.08906502,"{""0-1"": 0.08906502276659012}"
507,0.02499972,"{""0-1"": 0.003791464725509286, ""0-2"": 0.021418873220682144, ""1-2"": 0.049788810312747955}"
508,0.02790298,"{""0-1"": 0.02790297567844391}"
509,-0.06272757,"{""0-1"": -0.1525576263666153, ""0-2"": -0.021440645679831505, ""1-2"": -0.01418443862348795}"
510,0.10045824,"{""0-1"": -0.04083314538002014, ""0-2"": 0.35356536507606506, ""1-2"": -0.011357505805790424}"
511,0.02270061,"{""0-1"": -0.06669651716947556, ""0-2"": -0.010417880490422249, ""1-2"": 0.14521624147891998}"
512,1.00000000,"{""0-1"": 1.0}"
513,0.02022396,"{""0-1"": -0.03298238292336464, ""0-2"": -0.03895144164562225, ""1-2"": 0.13260571658611298}"
514,0.16146901,"{""0-1"": 0.11981842666864395, ""0-2"": 0.2832918167114258, ""1-2"": 0.08129677921533585}"
515,-0.05925482,"{""0-1"": -0.020021915435791016, ""0-2"": -0.047675762325525284, ""1-2"": -0.11006679385900497}"
516,0.04610623,"{""0-1"": 0.017625518143177032, ""0-2"": 0.10067138820886612, ""1-2"": 0.020021796226501465}"
517,0.31355747,"{""0-1"": 0.9894853830337524, ""0-2"": 0.035757455974817276, ""1-2"": -0.08457043021917343}"
518,0.39797225,"{""0-1"": 0.8326264023780823, ""0-2"": 0.4425249695777893, ""1-2"": -0.08123462647199631}"
519,0.00000000,{}
520,-0.03003229,"{""0-1"": -0.04697445407509804, ""0-2"": -0.01618179865181446, ""1-2"": -0.026940610259771347}"
521,-0.03336940,"{""0-1"": -0.03336940333247185}"
522,0.11185734,"{""0-1"": 0.05527481064200401, ""0-2"": 0.09089861810207367, ""1-2"": 0.18939858675003052}"
523,0.30633972,"{""0-1"": 0.999290943145752, ""0-2"": -0.03902619704604149, ""1-2"": -0.04124559834599495}"
524,0.07961841,"{""0-1"": 0.0796184092760086}"
525,0.32312490,"{""0-1"": 0.9692310690879822, ""0-2"": 0.003231629729270935, ""1-2"": -0.003088004421442747}"
526,0.09104239,"{""0-1"": 0.09104239195585251}"
527,-0.02773501,"{""0-1"": 0.03529983013868332, ""0-2"": -0.10295487195253372, ""1-2"": -0.015549988485872746}"
528,-0.01050432,"{""0-1"": -0.02127971686422825, ""0-2"": -0.03405853733420372, ""1-2"": 0.023825284093618393}"
529,0.01235755,"{""0-1"": 0.04647556692361832, ""0-2"": -0.04335644468665123, ""1-2"": 0.033953532576560974}"
530,0.08484674,"{""0-1"": 0.30597034096717834, ""0-2"": -0.03444768115878105, ""1-2"": -0.01698245480656624}"
531,-0.02140298,"{""0-1"": 0.02136346884071827, ""0-2"": -0.03941822424530983, ""1-2"": -0.046154189854860306}"
532,0.02203599,"{""0-1"": 0.08601386845111847, ""0-2"": -0.04598960652947426, ""1-2"": 0.026083694770932198}"
533,0.13048720,"{""0-1"": 0.13048720359802246}"
534,-0.01451909,"{""0-1"": 0.11202174425125122, ""0-2"": -0.07143619656562805, ""1-2"": -0.08414281159639359}"
535,0.05282139,"{""0-1"": 0.14920395612716675, ""0-2"": -0.005358999129384756, ""1-2"": 0.014619209803640842}"
536,0.00899487,"{""0-1"": -0.04734978824853897, ""0-2"": 0.053493428975343704, ""1-2"": 0.020840957760810852}"
537,-0.02270948,"{""0-1"": -0.007263221312314272, ""0-2"": -0.04904518648982048, ""1-2"": -0.011820046231150627}"
538,0.05357193,"{""0-1"": 0.04123273491859436, ""0-2"": 0.09582313895225525, ""1-2"": 0.023659924045205116}"
539,0.16393590,"{""0-1"": 0.16393589973449707}"
540,0.15788761,"{""0-1"": 0.15788760781288147}"
541,0.01470665,"{""0-1"": 0.014706654474139214}"
542,0.17563598,"{""0-1"": 0.17563597857952118}"
543,-0.02898945,"{""0-1"": -0.042755331844091415, ""0-2"": -0.05568559467792511, ""1-2"": 0.011472588405013084}"
544,0.07850346,"{""0-1"": -0.025674784556031227, ""0-2"": 0.11062357574701309, ""1-2"": 0.15056158602237701}"
545,0.06731228,"{""0-1"": 0.25046226382255554, ""0-2"": -0.09199339151382446, ""1-2"": 0.04346797615289688}"
546,-0.00327836,"{""0-1"": -0.016756612807512283, ""0-2"": -0.021413644775748253, ""1-2"": 0.02833518199622631}"
547,0.99999863,"{""0-1"": 0.9999986290931702}"
548,-0.04641054,"{""0-1"": -0.046410541981458664}"
549,-0.03177701,"{""0-1"": -0.03177700564265251}"
550,-0.04044975,"{""0-1"": -0.04044974967837334}"
551,0.17502496,"{""0-1"": 0.029820110648870468, ""0-2"": 0.010490047745406628, ""1-2"": 0.4847647249698639}"
552,0.55701298,"{""0-1"": 0.5570129752159119}"
553,0.44975394,"{""0-1"": 0.44975394010543823}"
554,0.17328191,"{""0-1"": 0.11094367504119873, ""0-2"": -0.014728755690157413, ""1-2"": 0.42363080382347107}"
555,0.29855696,"{""0-1"": -0.05419682711362839, ""0-2"": -0.03881032019853592, ""1-2"": 0.9886780381202698}"
556,0.99999994,"{""0-1"": 0.9999999403953552}"
557,-0.00364982,"{""0-1"": -0.0036498194094747305}"
558,0.10447817,"{""0-1"": 0.2280924767255783, ""0-2"": 0.09009101986885071, ""1-2"": -0.0047489944845438}"
559,0.10059831,"{""0-1"": -0.0214983057230711, ""0-2"": -0.07463731616735458, ""1-2"": 0.3979305624961853}"
560,0.00000000,{}
561,0.88511229,"{""0-1"": 0.8851122856140137}"
562,0.00000000,{}
563,0.21712604,"{""0-1"": 0.2171260416507721}"
564,0.00000000,{}
565,0.43694809,"{""0-1"": 0.43694809079170227}"
566,0.05107655,"{""0-1"": 0.05107655003666878}"
567,-0.02918227,"{""0-1"": 0.012243889272212982, ""0-2"": -0.058676909655332565, ""1-2"": -0.04111379012465477}"
568,0.99501544,"{""0-1"": 0.9950154423713684}"
569,-0.03867615,"{""0-1"": 0.04206506535410881, ""0-2"": -0.10872063040733337, ""1-2"": -0.04937288910150528}"
570,0.05629023,"{""0-1"": 0.05629022791981697}"
571,0.36192699,"{""0-1"": 0.10082017630338669, ""0-2"": 0.06780200451612473, ""1-2"": 0.9171587824821472}"
572,0.01721173,"{""0-1"": 0.04188862070441246, ""0-2"": -0.01185446698218584, ""1-2"": 0.021601025015115738}"
573,0.07607212,"{""0-1"": 0.0058893910609185696, ""0-2"": 0.15482275187969208, ""1-2"": 0.06750420480966568}"
574,0.00815981,"{""0-1"": 0.044639166444540024, ""0-2"": -0.043955035507678986, ""1-2"": 0.023795293644070625}"
575,-0.02113203,"{""0-1"": -0.07632464915513992, ""0-2"": -0.037507571280002594, ""1-2"": 0.05043614283204079}"
576,0.11859940,"{""0-1"": 0.11859939992427826}"
577,0.92710662,"{""0-1"": 0.9271066188812256}"
578,0.02430428,"{""0-1"": 0.015137198381125927, ""0-2"": 0.0409247949719429, ""1-2"": 0.016850849613547325}"
579,-0.01504509,"{""0-1"": -0.0244179405272007, ""0-2"": -0.06017204746603966, ""1-2"": 0.039454713463783264}"
580,0.16491123,"{""0-1"": 0.16491122543811798}"
581,0.06405683,"{""0-1"": 0.06405682861804962}"
582,0.17563598,"{""0-1"": 0.17563597857952118}"
584,-0.04549192,"{""0-1"": -0.04549191892147064}"
585,0.01381886,"{""0-1"": -0.05627766624093056, ""0-2"": 0.03900887817144394, ""1-2"": 0.058725371956825256}"
586,0.94277704,"{""0-1"": 0.9427770376205444}"
587,0.02747624,"{""0-1"": -0.015361686237156391, ""0-2"": 0.08385453373193741, ""1-2"": 0.013935886323451996}"
588,0.00000000,{}
589,0.01522700,"{""0-1"": 0.00973459705710411, ""0-2"": -0.01019971538335085, ""1-2"": 0.04614612087607384}"
590,0.04131432,"{""0-1"": 0.07173573225736618, ""0-2"": 0.0191836878657341, ""1-2"": 0.03302353620529175}"
591,0.00605831,"{""0-1"": 0.05693451315164566, ""0-2"": 0.0425388477742672, ""1-2"": -0.08129843324422836}"
592,-0.02583805,"{""0-1"": -0.025149980559945107, ""0-2"": 0.025123270228505135, ""1-2"": -0.07748745381832123}"
593,-0.04455118,"{""0-1"": -0.02833583578467369, ""0-2"": -0.06626804918050766, ""1-2"": -0.0390496663749218}"
594,0.02137587,"{""0-1"": -0.008457338437438011, ""0-2"": -0.018994266167283058, ""1-2"": 0.09157920628786087}"
595,0.00334173,"{""0-1"": 0.015606804750859737, ""0-2"": -0.021110912784934044, ""1-2"": 0.015529290772974491}"
596,-0.00932016,"{""0-1"": -0.050355587154626846, ""0-2"": 0.02269209548830986, ""1-2"": -0.0002969870110973716}"
597,0.06425185,"{""0-1"": 0.23945286870002747, ""0-2"": -0.046324584633111954, ""1-2"": -0.00037272644112817943}"
598,0.30992024,"{""0-1"": 0.8702112436294556, ""0-2"": -0.03303642198443413, ""1-2"": 0.09258589148521423}"
599,-0.01653331,"{""0-1"": 0.07631158828735352, ""0-2"": -0.150108203291893, ""1-2"": 0.024196676909923553}"
600,0.18919085,"{""0-1"": 0.09737209230661392, ""0-2"": -0.10634496062994003, ""1-2"": 0.5765454173088074}"
601,-0.02884378,"{""0-1"": -0.02957758493721485, ""0-2"": 0.00381928076967597, ""1-2"": -0.060773033648729324}"
602,0.00000000,{}
603,-0.00643820,"{""0-1"": 0.020881203934550285, ""0-2"": -0.03180566057562828, ""1-2"": -0.008390131406486034}"
604,0.00215904,"{""0-1"": 0.13828682899475098, ""0-2"": -0.11261641979217529, ""1-2"": -0.019193291664123535}"
605,0.12558475,"{""0-1"": -0.03760121762752533, ""0-2"": 0.5028060078620911, ""1-2"": -0.08845055103302002}"
606,0.00459544,"{""0-1"": -0.015722274780273438, ""0-2"": -0.05350034311413765, ""1-2"": 0.08300894498825073}"
607,0.40597475,"{""0-1"": 0.40597474575042725}"
608,0.99999756,"{""0-1"": 0.9999975562095642}"
609,0.06731228,"{""0-1"": 0.25046226382255554, ""0-2"": -0.09199339151382446, ""1-2"": 0.04346797615289688}"
610,0.16709809,"{""0-1"": -0.03516446053981781, ""0-2"": -0.03805912286043167, ""1-2"": 0.5745178461074829}"
611,0.35925188,"{""0-1"": 0.8886616826057434, ""0-2"": -0.06347842514514923, ""1-2"": 0.2525723874568939}"
612,0.00000000,{}
613,0.99999756,"{""0-1"": 0.9999975562095642}"
614,0.00570026,"{""0-1"": 0.03284727782011032, ""0-2"": -0.041797857731580734, ""1-2"": 0.026051374152302742}"
615,0.00456641,"{""0-1"": 0.004566407296806574}"
616,0.10803968,"{""0-1"": -0.03734968975186348, ""0-2"": 0.2501589059829712, ""1-2"": 0.11130982637405396}"
617,-0.01074427,"{""0-1"": -0.04286917299032211, ""0-2"": -0.018418045714497566, ""1-2"": 0.02905440330505371}"
618,-0.03336940,"{""0-1"": -0.03336940333247185}"
619,0.02598301,"{""0-1"": 0.025983009487390518}"
620,0.06048870,"{""0-1"": 0.18339690566062927, ""0-2"": 0.07469126582145691, ""1-2"": -0.07662206888198853}"
621,0.99999857,"{""0-1"": 0.9999985694885254}"
622,0.00000000,{}
624,-0.00149042,"{""0-1"": 0.0811360701918602, ""0-2"": -0.10616083443164825, ""1-2"": 0.020553501322865486}"
625,0.01665932,"{""0-1"": -0.01390803698450327, ""0-2"": 0.0853843241930008, ""1-2"": -0.021498339250683784}"
626,0.04038187,"{""0-1"": 0.07267730683088303, ""0-2"": 0.04094808176159859, ""1-2"": 0.007520233280956745}"
627,0.18755764,"{""0-1"": 0.2410622388124466, ""0-2"": 0.14021149277687073, ""1-2"": 0.1813991814851761}"
628,0.00279631,"{""0-1"": 0.05038895085453987, ""0-2"": -0.0038104946725070477, ""1-2"": -0.038189537823200226}"
629,-0.05436097,"{""0-1"": -0.1258222460746765, ""0-2"": -0.06738632172346115, ""1-2"": 0.03012567199766636}"
630,0.00000000,{}
631,-0.06125177,"{""0-1"": -0.04539359733462334, ""0-2"": -0.11567869782447815, ""1-2"": -0.02268301136791706}"
632,-0.02941607,"{""0-1"": 0.01958133652806282, ""0-2"": -0.10603446513414383, ""1-2"": -0.0017950673354789615}"
633,0.99971455,"{""0-1"": 0.9997145533561707}"
634,0.93996692,"{""0-1"": 0.9399669170379639}"
635,0.07597481,"{""0-1"": 0.0228535495698452, ""0-2"": 0.13494394719600677, ""1-2"": 0.07012694329023361}"
636,0.97694457,"{""0-1"": 0.9769445657730103}"
637,0.00491119,"{""0-1"": -0.05246651545166969, ""0-2"": 0.18153992295265198, ""1-2"": -0.11433983594179153}"
638,0.16393590,"{""0-1"": 0.16393589973449707}"
639,0.36215132,"{""0-1"": 0.3621513247489929}"
640,0.24417199,"{""0-1"": 0.24417199194431305}"
641,0.00984110,"{""0-1"": 0.009841102175414562}"
642,1.00000000,"{""0-1"": 1.0}"
643,0.00000000,{}
644,-0.00676250,"{""0-1"": 0.13492882251739502, ""0-2"": -0.061764635145664215, ""1-2"": -0.09345169365406036}"
645,-0.07858653,"{""0-1"": -0.14233098924160004, ""0-2"": -0.028132274746894836, ""1-2"": -0.06529632210731506}"
646,-0.05138911,"{""0-1"": -0.05138910934329033}"
647,-0.07150134,"{""0-1"": -0.07150133699178696}"
648,0.07272857,"{""0-1"": 0.02506328746676445, ""0-2"": 0.142438143491745, ""1-2"": 0.05068427324295044}"
649,0.02290823,"{""0-1"": -0.0289701446890831, ""0-2"": 0.008091345429420471, ""1-2"": 0.0896034836769104}"
650,0.06084266,"{""0-1"": 0.07301753014326096, ""0-2"": -0.04406629130244255, ""1-2"": 0.15357674658298492}"
651,-0.06310578,"{""0-1"": -0.06310578435659409}"
652,-0.00721776,"{""0-1"": -0.05472696200013161, ""0-2"": 0.041757676750421524, ""1-2"": -0.008683991618454456}"
653,1.00000012,"{""0-1"": 1.0000001192092896}"
654,0.16333158,"{""0-1"": 0.16333158314228058}"
655,-0.02662048,"{""0-1"": 0.09099149703979492, ""0-2"": -0.15305876731872559, ""1-2"": -0.017794176936149597}"
656,0.11552094,"{""0-1"": 0.0756649374961853, ""0-2"": -0.05606898292899132, ""1-2"": 0.3269668519496918}"
657,0.13258176,"{""0-1"": -0.06213283911347389, ""0-2"": -0.02104315720498562, ""1-2"": 0.48092126846313477}"
658,0.12192594,"{""0-1"": -0.027779242023825645, ""0-2"": 0.07776723057031631, ""1-2"": 0.3157898187637329}"
659,0.25516580,"{""0-1"": 0.06295763701200485, ""0-2"": 0.5235098004341125, ""1-2"": 0.17902997136116028}"
660,0.61446513,"{""0-1"": 0.5202758312225342, ""0-2"": 0.35126516222953796, ""1-2"": 0.9718543887138367}"
661,0.94611758,"{""0-1"": 0.9461175799369812}"
662,0.00757606,"{""0-1"": 0.01850227825343609, ""0-2"": 0.003659032052382827, ""1-2"": 0.0005668681696988642}"
663,-0.00641396,"{""0-1"": 0.04284697771072388, ""0-2"": -0.07674595713615417, ""1-2"": 0.014657100662589073}"
664,0.41456139,"{""0-1"": 0.2998200058937073, ""0-2"": 0.22560922801494598, ""1-2"": 0.7182549238204956}"
665,0.06731228,"{""0-1"": 0.25046226382255554, ""0-2"": -0.09199339151382446, ""1-2"": 0.04346797615289688}"
666,-0.03467273,"{""0-1"": -0.06031128391623497, ""0-2"": 0.09322206676006317, ""1-2"": -0.1369289606809616}"
667,0.99999994,"{""0-1"": 0.9999999403953552}"
668,0.35689056,"{""0-1"": 0.35689055919647217}"
669,0.64037162,"{""0-1"": 0.6403716206550598}"
670,1.00000000,"{""0-1"": 1.0}"
671,0.04069002,"{""0-1"": 0.06080619990825653, ""0-2"": -0.046703945845365524, ""1-2"": 0.1079678013920784}"
672,0.45305897,"{""0-1"": 0.9963677525520325, ""0-2"": 0.14321285486221313, ""1-2"": 0.21959629654884338}"
673,0.62380493,"{""0-1"": 0.6238049268722534}"
674,0.04900628,"{""0-1"": 0.04900628328323364}"
675,0.28824783,"{""0-1"": 0.02239527367055416, ""0-2"": -0.03403925895690918, ""1-2"": 0.8763874769210815}"
676,-0.03164853,"{""0-1"": -0.031648531556129456}"
677,-0.03430130,"{""0-1"": -0.03428312763571739, ""0-2"": -0.044329605996608734, ""1-2"": -0.02429116889834404}"
678,0.12973238,"{""0-1"": 0.03469046577811241, ""0-2"": 0.2863936722278595, ""1-2"": 0.06811300665140152}"
679,0.00000000,{}
680,0.02158270,"{""0-1"": 0.028631309047341347, ""0-2"": -0.04064536094665527, ""1-2"": 0.07676215469837189}"
681,0.60438544,"{""0-1"": 0.6043854355812073}"
682,0.49157095,"{""0-1"": 0.49157094955444336}"
683,-0.04044975,"{""0-1"": -0.04044974967837334}"
684,-0.01162966,"{""0-1"": -0.022694114595651627, ""0-2"": 0.01852446049451828, ""1-2"": -0.030719313770532608}"
685,0.36670768,"{""0-1"": 0.3667076826095581}"
686,0.08028064,"{""0-1"": 0.08028063923120499}"
687,0.01370561,"{""0-1"": 0.013705614022910595}"
688,-0.01582354,"{""0-1"": -0.024491900578141212, ""0-2"": -0.028565825894474983, ""1-2"": 0.005587120074778795}"
689,0.19959678,"{""0-1"": 0.6620880365371704, ""0-2"": -0.04472978040575981, ""1-2"": -0.018567930907011032}"
690,1.00000000,"{""0-1"": 1.0}"
691,-0.04979621,"{""0-1"": -0.11128400266170502, ""0-2"": -0.039206575602293015, ""1-2"": 0.0011019414523616433}"
692,-0.11266868,"{""0-1"": -0.19909051060676575, ""0-2"": -0.15570271015167236, ""1-2"": 0.016787178814411163}"
693,-0.04538893,"{""0-1"": 0.12098494917154312, ""0-2"": -0.13949169218540192, ""1-2"": -0.1176600456237793}"
694,1.00000012,"{""0-1"": 1.0000001192092896}"
695,0.99999815,"{""0-1"": 0.999998152256012}"
696,0.30646685,"{""0-1"": -0.004294671583920717, ""0-2"": 0.009523475542664528, ""1-2"": 0.9141717553138733}"
697,-0.02876371,"{""0-1"": -0.009882344864308834, ""0-2"": -0.06328002363443375, ""1-2"": -0.013128750957548618}"
698,-0.04705869,"{""0-1"": 0.00843091495335102, ""0-2"": -0.11321081221103668, ""1-2"": -0.03639616072177887}"
699,0.00389330,"{""0-1"": -0.06712307780981064, ""0-2"": 0.061802297830581665, ""1-2"": 0.01700069196522236}"
700,-0.02902059,"{""0-1"": -0.07430762052536011, ""0-2"": -0.0359514057636261, ""1-2"": 0.02319725789129734}"
701,-0.02685840,"{""0-1"": -0.027518833056092262, ""0-2"": -0.053294237703084946, ""1-2"": 0.0002378765057073906}"
702,-0.00871889,"{""0-1"": 0.07129120826721191, ""0-2"": -0.059738676995038986, ""1-2"": -0.03770919516682625}"
703,0.06405978,"{""0-1"": 0.11427454650402069, ""0-2"": 0.022515665739774704, ""1-2"": 0.05538913235068321}"
704,-0.06520240,"{""0-1"": -0.2366102784872055, ""0-2"": 0.03630630671977997, ""1-2"": 0.004696759395301342}"
705,0.12053871,"{""0-1"": 0.03589276596903801, ""0-2"": 0.3674144446849823, ""1-2"": -0.04169108718633652}"
706,0.17748006,"{""0-1"": 0.1774800568819046}"
707,-0.04035171,"{""0-1"": -0.19951461255550385, ""0-2"": 0.0730544701218605, ""1-2"": 0.00540501344949007}"
708,-0.02864281,"{""0-1"": -0.05976927652955055, ""0-2"": -0.06430422514677048, ""1-2"": 0.03814508393406868}"
709,0.22836507,"{""0-1"": -0.07430260628461838, ""0-2"": -0.10541069507598877, ""1-2"": 0.8648084998130798}"
710,0.00000000,{}
711,0.02302309,"{""0-1"": 0.023023085668683052}"
712,0.04256628,"{""0-1"": 0.08347281068563461, ""0-2"": -0.010112394578754902, ""1-2"": 0.054338421672582626}"
713,-0.01425503,"{""0-1"": 0.008907369337975979, ""0-2"": -0.03084700182080269, ""1-2"": -0.020825447514653206}"
714,-0.13018970,"{""0-1"": -0.1301897019147873}"
715,0.14033755,"{""0-1"": 0.17566226422786713, ""0-2"": 0.2043883353471756, ""1-2"": 0.040962036699056625}"
716,0.19512830,"{""0-1"": 0.3594592213630676, ""0-2"": 0.18013431131839752, ""1-2"": 0.04579136148095131}"
717,0.99999756,"{""0-1"": 0.9999975562095642}"
718,-0.01452426,"{""0-1"": -0.01452425867319107}"
719,0.06054033,"{""0-1"": 0.008639708161354065, ""0-2"": 0.038051266223192215, ""1-2"": 0.13493002951145172}"
720,-0.06754457,"{""0-1"": -0.12740594148635864, ""0-2"": 0.07443874329328537, ""1-2"": -0.14966651797294617}"
721,0.38121290,"{""0-1"": 0.06972678005695343, ""0-2"": 0.07580960541963577, ""1-2"": 0.9981023073196411}"
722,0.03842753,"{""0-1"": 0.1102052852511406, ""0-2"": 0.04239381477236748, ""1-2"": -0.03731650859117508}"
723,-0.03397658,"{""0-1"": -0.011007249355316162, ""0-2"": -0.05822528526186943, ""1-2"": -0.032697197049856186}"
724,-0.04653354,"{""0-1"": -0.04453105106949806, ""0-2"": -0.035633914172649384, ""1-2"": -0.059435658156871796}"
725,-0.03164853,"{""0-1"": -0.031648531556129456}"
726,-0.03274282,"{""0-1"": -0.10869444906711578, ""0-2"": -0.043577004224061966, ""1-2"": 0.0540429949760437}"
727,-0.00495440,"{""0-1"": 0.01421237364411354, ""0-2"": -0.026295633986592293, ""1-2"": -0.0027799352537840605}"
728,0.01540376,"{""0-1"": 0.07762784510850906, ""0-2"": -0.011353096924722195, ""1-2"": -0.020063459873199463}"
729,0.13574073,"{""0-1"": 0.2810764014720917, ""0-2"": 0.08191290497779846, ""1-2"": 0.044232893735170364}"
730,0.00000000,{}
731,0.18810404,"{""0-1"": 0.09569373726844788, ""0-2"": 0.10929780453443527, ""1-2"": 0.35932058095932007}"
732,0.10117791,"{""0-1"": 0.17741768062114716, ""0-2"": 0.12897060811519623, ""1-2"": -0.0028545630630105734}"
733,1.00000012,"{""0-1"": 1.0000001192092896}"
734,0.20369575,"{""0-1"": 0.5424449443817139, ""0-2"": 0.0035729885566979647, ""1-2"": 0.06506932526826859}"
735,0.28379753,"{""0-1"": 0.18522512912750244, ""0-2"": 0.6836364269256592, ""1-2"": -0.01746896468102932}"
736,0.08028064,"{""0-1"": 0.08028063923120499}"
737,0.00439096,"{""0-1"": -0.03712150454521179, ""0-2"": 0.016473211348056793, ""1-2"": 0.03382117301225662}"
738,-0.01364745,"{""0-1"": -0.013647454790771008}"
739,0.14045852,"{""0-1"": 0.14045852422714233}"
740,0.18537860,"{""0-1"": 0.18537859618663788}"
741,0.25291753,"{""0-1"": -0.10206259787082672, ""0-2"": -0.11582308262586594, ""1-2"": 0.9766382575035095}"
742,-0.03739032,"{""0-1"": -0.006839716341346502, ""0-2"": -0.19681116938591003, ""1-2"": 0.09147991240024567}"
743,0.00000000,{}
744,0.01943261,"{""0-1"": -0.05951080098748207, ""0-2"": 0.027910295873880386, ""1-2"": 0.08989833295345306}"
745,0.20642581,"{""0-1"": 0.03204554319381714, ""0-2"": 0.396230012178421, ""1-2"": 0.19100187718868256}"
746,0.48600492,"{""0-1"": 0.48600491881370544}"
747,0.09150169,"{""0-1"": 0.0735759437084198, ""0-2"": 0.2580060064792633, ""1-2"": -0.057076867669820786}"
748,0.04447757,"{""0-1"": 0.13898633420467377, ""0-2"": 0.008970452472567558, ""1-2"": -0.014524063095450401}"
749,0.00000000,{}
750,0.48600492,"{""0-1"": 0.48600491881370544}"
751,0.16476808,"{""0-1"": 0.16476808488368988}"
752,0.33573972,"{""0-1"": 0.9361619353294373, ""0-2"": 0.03664978966116905, ""1-2"": 0.034407440572977066}"
753,0.34799868,"{""0-1"": 0.019178587943315506, ""0-2"": 0.02958730049431324, ""1-2"": 0.9952301383018494}"
754,0.32127397,"{""0-1"": 0.9776449203491211, ""0-2"": -0.012070433236658573, ""1-2"": -0.0017525837756693363}"
755,0.07121705,"{""0-1"": 0.02835198864340782, ""0-2"": 0.002273119520395994, ""1-2"": 0.1830260455608368}"
756,-0.03645761,"{""0-1"": -0.19700229167938232, ""0-2"": 0.03784080222249031, ""1-2"": 0.04978865385055542}"
757,0.23828406,"{""0-1"": -0.03573136776685715, ""0-2"": 0.8591726422309875, ""1-2"": -0.10858909785747528}"
758,0.69751352,"{""0-1"": 0.6975135207176208}"
759,0.34158027,"{""0-1"": 0.030891573056578636, ""0-2"": 0.07736203074455261, ""1-2"": 0.9164872169494629}"
760,-0.04653354,"{""0-1"": -0.04453105106949806, ""0-2"": -0.035633914172649384, ""1-2"": -0.059435658156871796}"
761,0.08922966,"{""0-1"": 0.08582083880901337, ""0-2"": -0.006371698807924986, ""1-2"": 0.18823984265327454}"
762,0.99999994,"{""0-1"": 0.9999999403953552}"
763,0.31897601,"{""0-1"": 0.3189760148525238}"
764,0.02126967,"{""0-1"": 0.021269669756293297}"
765,0.37718090,"{""0-1"": 0.37718090415000916}"
766,-0.02864281,"{""0-1"": -0.05976927652955055, ""0-2"": -0.06430422514677048, ""1-2"": 0.03814508393406868}"
767,-0.07237217,"{""0-1"": -0.06106443703174591, ""0-2"": 0.07940936088562012, ""1-2"": -0.23546144366264343}"
768,0.00000000,{}
769,0.04139817,"{""0-1"": 0.04139816761016846}"
770,0.18692158,"{""0-1"": -0.03103029727935791, ""0-2"": -0.0027979654259979725, ""1-2"": 0.5945929884910583}"
771,-0.01722489,"{""0-1"": -0.015591002069413662, ""0-2"": -0.03514206036925316, ""1-2"": -0.0009416133398190141}"
772,0.32095013,"{""0-1"": -0.006383821368217468, ""0-2"": 0.028550950810313225, ""1-2"": 0.9406832456588745}"
773,0.03851121,"{""0-1"": 0.007168822456151247, ""0-2"": 0.03846051171422005, ""1-2"": 0.06990429759025574}"
774,0.01412563,"{""0-1"": 0.014125628396868706}"
775,0.03279102,"{""0-1"": 0.1291804015636444, ""0-2"": -0.004026324022561312, ""1-2"": -0.02678101882338524}"
776,0.00000000,{}
777,0.01953151,"{""0-1"": 0.03514067083597183, ""0-2"": 0.11798810213804245, ""1-2"": -0.0945342406630516}"
778,0.15797197,"{""0-1"": -0.02687537856400013, ""0-2"": -0.003948722034692764, ""1-2"": 0.5047399997711182}"
779,0.03815958,"{""0-1"": 0.002199435606598854, ""0-2"": 0.04284682869911194, ""1-2"": 0.06943248957395554}"
780,0.99999857,"{""0-1"": 0.9999985694885254}"
781,0.99440581,"{""0-1"": 0.9944058060646057}"
782,0.44521875,"{""0-1"": 0.996920645236969, ""0-2"": 0.13647404313087463, ""1-2"": 0.2022615671157837}"
783,0.01035406,"{""0-1"": 0.06175047159194946, ""0-2"": -0.0687357559800148, ""1-2"": 0.03804745897650719}"
784,0.99533004,"{""0-1"": 0.9953300356864929}"
785,-0.02167723,"{""0-1"": -0.057778939604759216, ""0-2"": -0.08696690946817398, ""1-2"": 0.07971414923667908}"
786,0.22145828,"{""0-1"": 0.1781845986843109, ""0-2"": 0.44455596804618835, ""1-2"": 0.04163428768515587}"
787,-0.00373123,"{""0-1"": 0.04902714118361473, ""0-2"": -0.026236923411488533, ""1-2"": -0.03398389741778374}"
788,0.03883820,"{""0-1"": -0.03751534968614578, ""0-2"": 0.12501254677772522, ""1-2"": 0.029017401859164238}"
789,-0.04755488,"{""0-1"": -0.04755488038063049}"
790,0.05714332,"{""0-1"": 0.05714331567287445}"
791,0.99999970,"{""0-1"": 0.9999997019767761}"
792,0.23605179,"{""0-1"": 0.6277979016304016, ""0-2"": 0.10081731528043747, ""1-2"": -0.020459860563278198}"
793,0.02903637,"{""0-1"": 0.07738064974546432, ""0-2"": 0.0326508954167366, ""1-2"": -0.022922420874238014}"
794,0.00097760,"{""0-1"": -0.03271079435944557, ""0-2"": 0.0017342079663649201, ""1-2"": 0.033909380435943604}"
795,0.00209988,"{""0-1"": -0.06934410333633423, ""0-2"": -0.031583476811647415, ""1-2"": 0.10722721368074417}"
796,0.17739540,"{""0-1"": 0.17739540338516235}"
797,0.23945117,"{""0-1"": 0.4241048991680145, ""0-2"": 0.02031860314309597, ""1-2"": 0.27393001317977905}"
798,0.00245964,"{""0-1"": 0.0014024231350049376, ""0-2"": 0.00681211007758975, ""1-2"": -0.0008356135804206133}"
799,0.17642488,"{""0-1"": 0.17642487585544586}"
800,0.08276252,"{""0-1"": 0.08202430605888367, ""0-2"": -0.04645554721355438, ""1-2"": 0.21271879971027374}"
801,0.00499325,"{""0-1"": 0.06306073814630508, ""0-2"": -0.07377804070711136, ""1-2"": 0.02569706365466118}"
802,0.00000000,{}
803,0.09464584,"{""0-1"": 0.018770717084407806, ""0-2"": 0.196046382188797, ""1-2"": 0.06912042945623398}"
804,0.27827975,"{""0-1"": 0.27827975153923035}"
805,0.19466127,"{""0-1"": 0.19466127455234528}"
806,-0.04035171,"{""0-1"": -0.19951461255550385, ""0-2"": 0.0730544701218605, ""1-2"": 0.00540501344949007}"
807,0.02007442,"{""0-1"": -0.04707365855574608, ""0-2"": 0.1399465799331665, ""1-2"": -0.03264967352151871}"
808,0.01731996,"{""0-1"": 0.0793030634522438, ""0-2"": -0.007163629401475191, ""1-2"": -0.020179560407996178}"
809,0.52717060,"{""0-1"": 0.5271705985069275}"
810,0.00436543,"{""0-1"": 0.059761349111795425, ""0-2"": -0.026666952297091484, ""1-2"": -0.019998101517558098}"
811,-0.02862637,"{""0-1"": -0.07528399676084518, ""0-2"": 0.004968401975929737, ""1-2"": -0.015563508495688438}"
812,0.01714333,"{""0-1"": 0.052420079708099365, ""0-2"": 0.05240584909915924, ""1-2"": -0.05339593440294266}"
813,0.03458502,"{""0-1"": -0.01364034041762352, ""0-2"": -0.0019217513035982847, ""1-2"": 0.11931715905666351}"
814,0.00000000,{}
815,0.04395097,"{""0-1"": 0.24376244843006134, ""0-2"": -0.10499776899814606, ""1-2"": -0.006911758333444595}"
816,0.00000000,{}
817,0.34221192,"{""0-1"": 0.9087676405906677, ""0-2"": 0.046990640461444855, ""1-2"": 0.07087747007608414}"
818,0.29257411,"{""0-1"": 0.29257410764694214}"
819,-0.02468165,"{""0-1"": -0.018287625163793564, ""0-2"": -0.03191640228033066, ""1-2"": -0.02384091727435589}"
820,-0.03942981,"{""0-1"": -0.039429809898138046}"
821,-0.00687211,"{""0-1"": -0.005298388656228781, ""0-2"": -0.011724717915058136, ""1-2"": -0.0035932206083089113}"
822,0.04610623,"{""0-1"": 0.017625518143177032, ""0-2"": 0.10067138820886612, ""1-2"": 0.020021796226501465}"
823,0.16947952,"{""0-1"": -0.03042851760983467, ""0-2"": 0.5758002996444702, ""1-2"": -0.03693322092294693}"
824,-0.07098053,"{""0-1"": -0.034110136330127716, ""0-2"": -0.07904461771249771, ""1-2"": -0.09978684782981873}"
825,0.29116475,"{""0-1"": 0.40820544958114624, ""0-2"": 0.29128190875053406, ""1-2"": 0.1740068942308426}"
826,0.04040105,"{""0-1"": 0.1407729536294937, ""0-2"": -0.041283734142780304, ""1-2"": 0.021713944151997566}"
827,0.06895136,"{""0-1"": 0.1654197871685028, ""0-2"": -0.029871251434087753, ""1-2"": 0.0713055357336998}"
828,0.99997503,"{""0-1"": 0.9999750256538391}"
829,0.99567926,"{""0-1"": 0.9956792593002319}"
830,-0.06113725,"{""0-1"": -0.03404718637466431, ""0-2"": -0.12162689864635468, ""1-2"": -0.027737662196159363}"
831,0.02872189,"{""0-1"": 0.02021242491900921, ""0-2"": 0.02246673032641411, ""1-2"": 0.043486516922712326}"
832,0.00000000,{}
833,0.08321984,"{""0-1"": 0.05493316054344177, ""0-2"": 0.1474297195672989, ""1-2"": 0.047296635806560516}"
834,-0.03420914,"{""0-1"": -0.10794322937726974, ""0-2"": 0.044355519115924835, ""1-2"": -0.03903970494866371}"
835,0.01230452,"{""0-1"": 0.012304519303143024}"
836,0.09976852,"{""0-1"": -0.005124909803271294, ""0-2"": -0.01886308752000332, ""1-2"": 0.3232935667037964}"
837,0.58417809,"{""0-1"": 0.58417809009552}"
838,0.00000000,{}
839,0.12815416,"{""0-1"": 0.4564611613750458, ""0-2"": -0.05618372932076454, ""1-2"": -0.01581495814025402}"
840,0.04977708,"{""0-1"": 0.061690136790275574, ""0-2"": 0.12679490447044373, ""1-2"": -0.03915378823876381}"
841,0.02293606,"{""0-1"": 0.041236381977796555, ""0-2"": -0.001649452606216073, ""1-2"": 0.029221249744296074}"
842,0.03616836,"{""0-1"": -0.02452307939529419, ""0-2"": 0.08025329560041428, ""1-2"": 0.05277485027909279}"
843,-0.03970609,"{""0-1"": -0.12825973331928253, ""0-2"": -0.047302279621362686, ""1-2"": 0.05644374340772629}"
844,0.04701566,"{""0-1"": 0.04701566323637962}"
845,0.62380493,"{""0-1"": 0.6238049268722534}"
846,0.02623148,"{""0-1"": 0.11454534530639648, ""0-2"": 0.024391373619437218, ""1-2"": -0.06024228036403656}"
847,0.00000000,{}
848,0.58243239,"{""0-1"": 0.5824323892593384}"
849,0.27964589,"{""0-1"": 0.2796458899974823}"
850,-0.01433408,"{""0-1"": -0.040332354605197906, ""0-2"": -0.025652481243014336, ""1-2"": 0.022982589900493622}"
851,0.21156618,"{""0-1"": 0.21156617999076843}"
852,-0.09257290,"{""0-1"": -0.08244002610445023, ""0-2"": -0.24929063022136688, ""1-2"": 0.05401196703314781}"
853,-0.04237029,"{""0-1"": -0.05059733986854553, ""0-2"": -0.003558100201189518, ""1-2"": -0.07295544445514679}"
854,0.00914066,"{""0-1"": 0.0013103748206049204, ""0-2"": -0.024945449084043503, ""1-2"": 0.05105706304311752}"
855,0.31011143,"{""0-1"": 0.9987244009971619, ""0-2"": -0.03030874952673912, ""1-2"": -0.038081374019384384}"
856,0.02076597,"{""0-1"": 0.020765967667102814}"
857,0.32302059,"{""0-1"": 0.0197791438549757, ""0-2"": 0.030467364937067032, ""1-2"": 0.9188152551651001}"
858,-0.00631735,"{""0-1"": -0.027635209262371063, ""0-2"": 0.0003130511613562703, ""1-2"": 0.008370102383196354}"
859,0.09211294,"{""0-1"": 0.08197977393865585, ""0-2"": -0.02059442549943924, ""1-2"": 0.2149534821510315}"
860,0.00000000,{}
861,0.02151956,"{""0-1"": -0.0004308133211452514, ""0-2"": 0.1911597102880478, ""1-2"": -0.12617020308971405}"
862,0.15234595,"{""0-1"": 0.030946986749768257, ""0-2"": 0.0814516618847847, ""1-2"": 0.34463921189308167}"
863,0.06213361,"{""0-1"": 0.06213361397385597}"
864,-0.18267351,"{""0-1"": -0.18267351388931274}"
865,-0.01585044,"{""0-1"": 0.008238342590630054, ""0-2"": -0.03863750025629997, ""1-2"": -0.017152149230241776}"
866,0.37406324,"{""0-1"": 0.8920632600784302, ""0-2"": 0.32125863432884216, ""1-2"": -0.09113216400146484}"
867,0.02634971,"{""0-1"": 0.162202388048172, ""0-2"": -0.07879254221916199, ""1-2"": -0.0043607172556221485}"
868,0.02274068,"{""0-1"": 0.02274068258702755}"
869,0.04006363,"{""0-1"": 0.016338378190994263, ""0-2"": 0.03302738815546036, ""1-2"": 0.07082513719797134}"
870,0.07745814,"{""0-1"": 0.16709668934345245, ""0-2"": 0.021271824836730957, ""1-2"": 0.044005900621414185}"
871,0.09587979,"{""0-1"": 0.2076481431722641, ""0-2"": -0.013143284246325493, ""1-2"": 0.09313451498746872}"
872,0.07007839,"{""0-1"": 0.26027336716651917, ""0-2"": 0.10862593352794647, ""1-2"": -0.15866412222385406}"
873,0.00000000,{}
874,-0.04294655,"{""0-1"": 0.005496385972946882, ""0-2"": -0.06342604756355286, ""1-2"": -0.07090998440980911}"
875,0.00563979,"{""0-1"": 0.021734001114964485, ""0-2"": -0.002181521151214838, ""1-2"": -0.002633102471008897}"
876,0.01271723,"{""0-1"": -0.05528789386153221, ""0-2"": 0.00025987072149291635, ""1-2"": 0.09317971020936966}"
877,-0.00459332,"{""0-1"": 0.0174877867102623, ""0-2"": 0.042755525559186935, ""1-2"": -0.0740232765674591}"
878,0.01151541,"{""0-1"": 0.06390627473592758, ""0-2"": -0.007434662897139788, ""1-2"": -0.021925387904047966}"
879,0.22127061,"{""0-1"": 0.0643998235464096, ""0-2"": 0.03010229952633381, ""1-2"": 0.5693097114562988}"
880,0.29225057,"{""0-1"": 0.2922505736351013}"
881,0.02677276,"{""0-1"": 0.02677275985479355}"
882,-0.02569520,"{""0-1"": -0.04946070909500122, ""0-2"": -0.06405118107795715, ""1-2"": 0.036426302045583725}"
883,-0.00868471,"{""0-1"": -0.01834339275956154, ""0-2"": -0.03680190443992615, ""1-2"": 0.02909117192029953}"
884,-0.08115889,"{""0-1"": -0.1385919451713562, ""0-2"": -0.05923376977443695, ""1-2"": -0.04565095901489258}"
885,-0.01439892,"{""0-1"": -0.003927324432879686, ""0-2"": -0.01614474318921566, ""1-2"": -0.023124679923057556}"
886,0.37887749,"{""0-1"": 0.05528968572616577, ""0-2"": 0.1501464545726776, ""1-2"": 0.9311963319778442}"
887,0.06731228,"{""0-1"": 0.25046226382255554, ""0-2"": -0.09199339151382446, ""1-2"": 0.04346797615289688}"
888,0.02872189,"{""0-1"": 0.02021242491900921, ""0-2"": 0.02246673032641411, ""1-2"": 0.043486516922712326}"
889,0.16393590,"{""0-1"": 0.16393589973449707}"
890,0.06731228,"{""0-1"": 0.25046226382255554, ""0-2"": -0.09199339151382446, ""1-2"": 0.04346797615289688}"
891,-0.02197378,"{""0-1"": 0.013234714046120644, ""0-2"": -0.04717585816979408, ""1-2"": -0.03198020160198212}"
892,0.29973730,"{""0-1"": 0.051891081035137177, ""0-2"": 0.6722464561462402, ""1-2"": 0.17507436871528625}"
893,0.30837987,"{""0-1"": 0.9988666772842407, ""0-2"": -0.03580879420042038, ""1-2"": -0.037918273359537125}"
894,0.20293973,"{""0-1"": 0.05039570853114128, ""0-2"": 0.5357717275619507, ""1-2"": 0.022651739418506622}"
895,0.99893224,"{""0-1"": 0.9989322423934937}"
896,-0.00101070,"{""0-1"": 0.019353842362761497, ""0-2"": -0.0020151115022599697, ""1-2"": -0.020370837301015854}"
897,0.11842330,"{""0-1"": 0.11842329800128937}"
898,0.01752062,"{""0-1"": -0.053406115621328354, ""0-2"": -0.022484783083200455, ""1-2"": 0.12845276296138763}"
899,0.47568891,"{""0-1"": 0.9102770090103149, ""0-2"": 0.27884969115257263, ""1-2"": 0.23794002830982208}"
900,-0.01646423,"{""0-1"": -0.020851297304034233, ""0-2"": -0.014325468800961971, ""1-2"": -0.01421593688428402}"
901,0.00439096,"{""0-1"": -0.03712150454521179, ""0-2"": 0.016473211348056793, ""1-2"": 0.03382117301225662}"
902,1.00000012,"{""0-1"": 1.0000001192092896}"
903,0.00000000,{}
904,-0.02499616,"{""0-1"": -0.10771293193101883, ""0-2"": 0.03331043943762779, ""1-2"": -0.0005860014352947474}"
905,0.00050034,"{""0-1"": 0.0005003438564017415}"
906,0.51873064,"{""0-1"": 0.518730640411377}"
907,-0.01929195,"{""0-1"": -0.0012773917987942696, ""0-2"": -0.0011687475489452481, ""1-2"": -0.05542970821261406}"
908,-0.02268596,"{""0-1"": -0.05787378549575806, ""0-2"": 0.01337121520191431, ""1-2"": -0.023555299267172813}"
909,-0.05291645,"{""0-1"": -0.04528459534049034, ""0-2"": -0.07399576157331467, ""1-2"": -0.03946899622678757}"
910,0.03043097,"{""0-1"": -0.03161027655005455, ""0-2"": 0.12347165495157242, ""1-2"": -0.0005684749339707196}"
911,0.46757682,"{""0-1"": 0.24871647357940674, ""0-2"": 0.29033327102661133, ""1-2"": 0.8636807203292847}"
912,0.26058567,"{""0-1"": -0.009511278010904789, ""0-2"": 0.023361435160040855, ""1-2"": 0.7679068446159363}"
913,0.30229080,"{""0-1"": 0.30229079723358154}"
914,-0.02954859,"{""0-1"": -0.17775368690490723, ""0-2"": 0.03887641429901123, ""1-2"": 0.05023149773478508}"
915,0.12480335,"{""0-1"": 0.0805557444691658, ""0-2"": 0.24226343631744385, ""1-2"": 0.051590874791145325}"
916,0.03278429,"{""0-1"": -0.08048668503761292, ""0-2"": -0.004643343389034271, ""1-2"": 0.18348290026187897}"
917,-0.04614978,"{""0-1"": -0.09060420840978622, ""0-2"": -0.014793653972446918, ""1-2"": -0.033051490783691406}"
918,0.99999756,"{""0-1"": 0.9999975562095642}"
919,0.00000000,{}
920,-0.03158774,"{""0-1"": -0.023659154772758484, ""0-2"": -0.024302562698721886, ""1-2"": -0.04680151119828224}"
921,-0.06680326,"{""0-1"": 0.016578039154410362, ""0-2"": -0.14458400011062622, ""1-2"": -0.07240383327007294}"
922,0.01900195,"{""0-1"": -0.015175417065620422, ""0-2"": -0.021103594452142715, ""1-2"": 0.09328487515449524}"
923,0.00000000,{}
924,0.36336719,"{""0-1"": 0.8467774391174316, ""0-2"": 0.10541152209043503, ""1-2"": 0.13791261613368988}"
925,-0.02383302,"{""0-1"": -0.02726721577346325, ""0-2"": 0.003773464821279049, ""1-2"": -0.048005301505327225}"
926,0.10120118,"{""0-1"": 0.10120117664337158}"
927,0.16057871,"{""0-1"": 0.2682044208049774, ""0-2"": 0.17944402992725372, ""1-2"": 0.03408767655491829}"
928,0.44521875,"{""0-1"": 0.996920645236969, ""0-2"": 0.13647404313087463, ""1-2"": 0.2022615671157837}"
929,0.20985584,"{""0-1"": 0.6340296864509583, ""0-2"": 0.011724015697836876, ""1-2"": -0.016186194494366646}"
930,0.33837370,"{""0-1"": 0.8648378252983093, ""0-2"": 0.087020143866539, ""1-2"": 0.06326313316822052}"
931,0.02242554,"{""0-1"": 0.022425537928938866}"
932,0.01635600,"{""0-1"": -0.019963853061199188, ""0-2"": -0.07118961960077286, ""1-2"": 0.1402214765548706}"
933,0.32496322,"{""0-1"": 0.9654508233070374, ""0-2"": 0.006526788230985403, ""1-2"": 0.0029120389372110367}"
934,0.12440823,"{""0-1"": 0.18757860362529755, ""0-2"": 0.03057960234582424, ""1-2"": 0.15506649017333984}"
935,0.45305897,"{""0-1"": 0.9963677525520325, ""0-2"": 0.14321285486221313, ""1-2"": 0.21959629654884338}"
936,-0.00364982,"{""0-1"": -0.0036498194094747305}"
937,0.09578923,"{""0-1"": -0.026221508160233498, ""0-2"": -0.03562408685684204, ""1-2"": 0.34921327233314514}"
938,0.02433942,"{""0-1"": -0.01649288460612297, ""0-2"": 0.1794200986623764, ""1-2"": -0.08990894258022308}"
939,0.04977708,"{""0-1"": 0.061690136790275574, ""0-2"": 0.12679490447044373, ""1-2"": -0.03915378823876381}"
940,0.00058575,"{""0-1"": 0.03857741504907608, ""0-2"": -0.044666968286037445, ""1-2"": 0.007846803404390812}"
941,0.10230141,"{""0-1"": 0.16965815424919128, ""0-2"": 0.08825431019067764, ""1-2"": 0.048991769552230835}"
942,0.02612859,"{""0-1"": -0.002057839184999466, ""0-2"": 0.04123268276453018, ""1-2"": 0.03921092674136162}"
943,0.10503553,"{""0-1"": 0.024614712223410606, ""0-2"": 0.09290911257266998, ""1-2"": 0.19758275151252747}"
944,0.00000000,{}
945,0.01276962,"{""0-1"": 0.06511691957712173, ""0-2"": -0.05167025700211525, ""1-2"": 0.02486218884587288}"
946,-0.01560915,"{""0-1"": -0.004732056055217981, ""0-2"": -0.002774843480437994, ""1-2"": -0.03932055085897446}"
947,0.17642488,"{""0-1"": 0.17642487585544586}"
948,0.17296399,"{""0-1"": 0.17296399176120758}"
949,-0.06800267,"{""0-1"": -0.11671601235866547, ""0-2"": -0.04786432161927223, ""1-2"": -0.03942767158150673}"
950,0.42298272,"{""0-1"": 0.42298272252082825}"
951,0.01718558,"{""0-1"": -0.06917766481637955, ""0-2"": 0.05421251803636551, ""1-2"": 0.06652189046144485}"
952,0.16526691,"{""0-1"": 0.5154028534889221, ""0-2"": 0.004811935126781464, ""1-2"": -0.0244140587747097}"
953,0.99999815,"{""0-1"": 0.999998152256012}"
954,0.01629267,"{""0-1"": 0.016292668879032135}"
955,0.02599447,"{""0-1"": 0.025994470342993736}"
956,0.45296173,"{""0-1"": 0.9979535341262817, ""0-2"": 0.1556817591190338, ""1-2"": 0.20524990558624268}"
957,-0.02274127,"{""0-1"": -0.01144526619464159, ""0-2"": 0.024860229343175888, ""1-2"": -0.08163876086473465}"
958,0.04955228,"{""0-1"": 0.049552276730537415}"
959,0.14375006,"{""0-1"": -0.08384303003549576, ""0-2"": -0.012691257521510124, ""1-2"": 0.5277844667434692}"
960,0.99999863,"{""0-1"": 0.9999986290931702}"
961,0.12380818,"{""0-1"": 0.09084257483482361, ""0-2"": 0.28508034348487854, ""1-2"": -0.004498375114053488}"
962,-0.05315506,"{""0-1"": -0.09895039349794388, ""0-2"": -0.05456641688942909, ""1-2"": -0.005948380101472139}"
963,0.24945908,"{""0-1"": 0.15019503235816956, ""0-2"": 0.587510347366333, ""1-2"": 0.01067186240106821}"
964,-0.04820938,"{""0-1"": 0.03575882315635681, ""0-2"": -0.12415652722120285, ""1-2"": -0.05623042583465576}"
965,0.10530853,"{""0-1"": 0.1543480008840561, ""0-2"": 0.10641904175281525, ""1-2"": 0.05515853688120842}"
966,-0.06019937,"{""0-1"": -0.13482707738876343, ""0-2"": 0.024443257600069046, ""1-2"": -0.07021428644657135}"
967,0.05741117,"{""0-1"": 0.05741117149591446}"
968,-0.03097092,"{""0-1"": -0.030970923602581024}"
969,-0.03445093,"{""0-1"": -0.0560162290930748, ""0-2"": -0.010701251216232777, ""1-2"": -0.03663530945777893}"
970,0.09328562,"{""0-1"": 0.09328562021255493}"
971,0.30688194,"{""0-1"": 0.9987986087799072, ""0-2"": -0.03731352835893631, ""1-2"": -0.04083926975727081}"
972,0.00000000,{}
973,0.09554000,"{""0-1"": 0.07735035568475723, ""0-2"": 0.13998648524284363, ""1-2"": 0.06928316503763199}"
974,0.29527548,"{""0-1"": 0.29527547955513}"
975,-0.02898945,"{""0-1"": -0.042755331844091415, ""0-2"": -0.05568559467792511, ""1-2"": 0.011472588405013084}"
976,0.07121705,"{""0-1"": 0.02835198864340782, ""0-2"": 0.002273119520395994, ""1-2"": 0.1830260455608368}"
977,0.01296130,"{""0-1"": 0.012934583239257336, ""0-2"": -0.01776818372309208, ""1-2"": 0.04371750354766846}"
978,-0.00009904,"{""0-1"": -0.002002567518502474, ""0-2"": -0.12263496220111847, ""1-2"": 0.12434042245149612}"
979,-0.12658632,"{""0-1"": -0.12658631801605225}"
980,-0.04653354,"{""0-1"": -0.04453105106949806, ""0-2"": -0.035633914172649384, ""1-2"": -0.059435658156871796}"
981,0.01479081,"{""0-1"": 0.014790814369916916}"
982,0.00546616,"{""0-1"": -0.03262357786297798, ""0-2"": -0.038456905633211136, ""1-2"": 0.08747896552085876}"
983,0.01721173,"{""0-1"": 0.04188862070441246, ""0-2"": -0.01185446698218584, ""1-2"": 0.021601025015115738}"
984,0.10932930,"{""0-1"": 0.23331041634082794, ""0-2"": 0.10924410820007324, ""1-2"": -0.014566633850336075}"
985,0.00701740,"{""0-1"": -0.03369209170341492, ""0-2"": -0.017906196415424347, ""1-2"": 0.0726504921913147}"
986,0.62083769,"{""0-1"": 0.6208376884460449}"
987,0.17212902,"{""0-1"": 0.17212902009487152}"
988,0.02506422,"{""0-1"": 0.025064222514629364}"
989,0.29973730,"{""0-1"": 0.051891081035137177, ""0-2"": 0.6722464561462402, ""1-2"": 0.17507436871528625}"
990,0.01753396,"{""0-1"": 0.05034693330526352, ""0-2"": 0.04427245631814003, ""1-2"": -0.04201750084757805}"
991,0.12824284,"{""0-1"": 0.1282428354024887}"
992,0.52869820,"{""0-1"": 0.9368997812271118, ""0-2"": 0.3192375600337982, ""1-2"": 0.3299572467803955}"
993,0.21530868,"{""0-1"": 0.6391015648841858, ""0-2"": -0.00631070276722312, ""1-2"": 0.013135173358023167}"
994,-0.02104174,"{""0-1"": -0.000623270170763135, ""0-2"": -0.0846223458647728, ""1-2"": 0.0221203975379467}"
995,-0.02388689,"{""0-1"": -0.06133104860782623, ""0-2"": 0.020514056086540222, ""1-2"": -0.030843667685985565}"
996,0.05865724,"{""0-1"": 0.058657240122556686}"
997,0.01176731,"{""0-1"": -0.00251540495082736, ""0-2"": 0.02704765647649765, ""1-2"": 0.010769689455628395}"
998,0.03710973,"{""0-1"": 0.0579657107591629, ""0-2"": -0.024628756567835808, ""1-2"": 0.07799222320318222}"
999,0.06274965,"{""0-1"": 0.07135288417339325, ""0-2"": 0.040688496083021164, ""1-2"": 0.07620756328105927}"
1000,0.61470824,"{""0-1"": 0.6147082448005676}"
1001,0.31245690,"{""0-1"": 0.1495734304189682, ""0-2"": 0.10991775244474411, ""1-2"": 0.6778795123100281}"
1002,0.99083602,"{""0-1"": 0.9908360242843628}"
1003,-0.01277732,"{""0-1"": -0.06279649585485458, ""0-2"": 0.04772309958934784, ""1-2"": -0.023258555680513382}"
1004,0.19531130,"{""0-1"": 0.6187945008277893, ""0-2"": -0.028204604983329773, ""1-2"": -0.004655987955629826}"
1005,0.93963265,"{""0-1"": 0.9396326541900635}"
1006,0.08653374,"{""0-1"": 0.0812583640217781, ""0-2"": -0.055055297911167145, ""1-2"": 0.23339815437793732}"
1007,0.09768552,"{""0-1"": 0.09768552333116531}"
1008,-0.09194462,"{""0-1"": -0.1108536422252655, ""0-2"": -0.14662021398544312, ""1-2"": -0.018360018730163574}"
1009,0.05644591,"{""0-1"": 0.07046151906251907, ""0-2"": 0.03617857024073601, ""1-2"": 0.062697634100914}"
1010,-0.03611431,"{""0-1"": -0.038360536098480225, ""0-2"": 0.018143484368920326, ""1-2"": -0.08812589198350906}"
1011,0.27964589,"{""0-1"": 0.2796458899974823}"
1012,-0.02695758,"{""0-1"": 0.01863960362970829, ""0-2"": -0.02359655871987343, ""1-2"": -0.07591579854488373}"
1013,-0.11311148,"{""0-1"": -0.15416017174720764, ""0-2"": -0.13149018585681915, ""1-2"": -0.05368407443165779}"
1014,0.15647971,"{""0-1"": 0.044083379209041595, ""0-2"": 0.19066664576530457, ""1-2"": 0.2346891164779663}"
1015,0.99999863,"{""0-1"": 0.9999986290931702}"
1016,0.02007442,"{""0-1"": -0.04707365855574608, ""0-2"": 0.1399465799331665, ""1-2"": -0.03264967352151871}"
1017,0.00050034,"{""0-1"": 0.0005003438564017415}"
1018,-0.04012853,"{""0-1"": -0.04012852534651756}"
1019,0.04416914,"{""0-1"": 0.0061204927042126656, ""0-2"": 0.18641696870326996, ""1-2"": -0.06003003567457199}"
1020,-0.13280661,"{""0-1"": -0.1851341724395752, ""0-2"": -0.15429355204105377, ""1-2"": -0.058992110192775726}"
1021,0.01869170,"{""0-1"": 0.06475607305765152, ""0-2"": 0.04508285969495773, ""1-2"": -0.05376383662223816}"
1022,-0.03639103,"{""0-1"": -0.03639103099703789}"
1023,-0.02856847,"{""0-1"": -0.02856847271323204}"
1024,-0.04367439,"{""0-1"": -0.10881460458040237, ""0-2"": -0.023767799139022827, ""1-2"": 0.0015592218842357397}"
1025,0.00431313,"{""0-1"": -0.022129878401756287, ""0-2"": 0.04291720315814018, ""1-2"": -0.007847946137189865}"
1026,0.99999863,"{""0-1"": 0.9999986290931702}"
1027,0.15864381,"{""0-1"": 0.15864381194114685}"
1028,-0.02003457,"{""0-1"": -0.013475905172526836, ""0-2"": 0.05498044565320015, ""1-2"": -0.10160823911428452}"
1029,0.50733948,"{""0-1"": 0.5073394775390625}"
1030,0.11930015,"{""0-1"": 0.43647465109825134, ""0-2"": -0.04020632803440094, ""1-2"": -0.038367871195077896}"
1031,0.08382074,"{""0-1"": -0.03327763453125954, ""0-2"": 0.24982768297195435, ""1-2"": 0.034912168979644775}"
1032,0.74012208,"{""0-1"": 0.7401220798492432}"
1033,-0.03027889,"{""0-1"": -0.15064026415348053, ""0-2"": 0.008544513024389744, ""1-2"": 0.051259081810712814}"
1034,0.16315436,"{""0-1"": 0.16315436363220215}"
1035,-0.01836334,"{""0-1"": 0.02945060282945633, ""0-2"": -0.09924694150686264, ""1-2"": 0.014706323854625225}"
1036,0.06386040,"{""0-1"": 0.06386040151119232}"
1037,0.21156618,"{""0-1"": 0.21156617999076843}"
1038,0.99999815,"{""0-1"": 0.999998152256012}"
1039,0.61470824,"{""0-1"": 0.6147082448005676}"
1040,-0.01150266,"{""0-1"": -0.15096955001354218, ""0-2"": 0.09241633862257004, ""1-2"": 0.024045245721936226}"
1041,1.00000000,"{""0-1"": 1.0}"
1042,-0.01753441,"{""0-1"": -0.02800297737121582, ""0-2"": 0.0206813495606184, ""1-2"": -0.04528158903121948}"
1043,0.80406934,"{""0-1"": 0.8040693402290344}"
1044,0.01495557,"{""0-1"": -0.007712251506745815, ""0-2"": -0.0162284504622221, ""1-2"": 0.06880741566419601}"
1045,0.19913070,"{""0-1"": 0.3258301019668579, ""0-2"": 0.08782840520143509, ""1-2"": 0.18373359739780426}"
1046,-0.18267351,"{""0-1"": -0.18267351388931274}"
1047,0.01095403,"{""0-1"": 0.052273500710725784, ""0-2"": -0.008946752175688744, ""1-2"": -0.010464666411280632}"
1048,0.04274527,"{""0-1"": -0.035961687564849854, ""0-2"": 0.1038496270775795, ""1-2"": 0.060347869992256165}"
1049,0.02113342,"{""0-1"": 0.03512893617153168, ""0-2"": -0.023829037323594093, ""1-2"": 0.052100371569395065}"
1050,-0.14745047,"{""0-1"": -0.18152987957000732, ""0-2"": 0.01387469656765461, ""1-2"": -0.2746962308883667}"
1051,0.03493948,"{""0-1"": 0.045526452362537384, ""0-2"": 0.0045776888728141785, ""1-2"": 0.05471429228782654}"
1052,0.11888691,"{""0-1"": 0.23514658212661743, ""0-2"": 0.05815306678414345, ""1-2"": 0.06336109340190887}"
1053,-0.05961587,"{""0-1"": -0.05961586534976959}"
1054,0.95934802,"{""0-1"": 0.9593480229377747}"
1055,0.00000000,{}
1056,0.01729688,"{""0-1"": 0.01729688048362732}"
1057,0.01203748,"{""0-1"": -0.020638098940253258, ""0-2"": -0.13064083456993103, ""1-2"": 0.18739138543605804}"
1058,0.75454378,"{""0-1"": 0.7545437812805176}"
1059,0.17065431,"{""0-1"": -0.04139083996415138, ""0-2"": 0.06200386583805084, ""1-2"": 0.4913499057292938}"
1060,1.00000000,"{""0-1"": 1.0}"
1061,0.34321726,"{""0-1"": -0.019394228234887123, ""0-2"": 0.0571645051240921, ""1-2"": 0.9918814897537231}"
1062,-0.04653354,"{""0-1"": -0.04453105106949806, ""0-2"": -0.035633914172649384, ""1-2"": -0.059435658156871796}"
1063,-0.05725914,"{""0-1"": -0.04642793908715248, ""0-2"": 0.01449559722095728, ""1-2"": -0.1398450881242752}"
1064,-0.00630430,"{""0-1"": -0.04971284046769142, ""0-2"": -0.0001314862456638366, ""1-2"": 0.030931422486901283}"
1065,0.41220549,"{""0-1"": 0.09930574148893356, ""0-2"": 0.9593302607536316, ""1-2"": 0.1779804676771164}"
1066,-0.04653354,"{""0-1"": -0.04453105106949806, ""0-2"": -0.035633914172649384, ""1-2"": -0.059435658156871796}"
1067,0.07875238,"{""0-1"": 0.08294015377759933, ""0-2"": 0.09479102492332458, ""1-2"": 0.05852596089243889}"
1068,0.04511535,"{""0-1"": 0.10303153097629547, ""0-2"": -0.010842558927834034, ""1-2"": 0.043157074600458145}"
1069,-0.05407447,"{""0-1"": -0.03799328953027725, ""0-2"": 0.013904532417654991, ""1-2"": -0.1381346583366394}"
1070,0.16176669,"{""0-1"": 0.0782240629196167, ""0-2"": 0.3581162691116333, ""1-2"": 0.04895973578095436}"
1071,-0.02097103,"{""0-1"": 0.0037989651318639517, ""0-2"": 0.042038444429636, ""1-2"": -0.10875050723552704}"
1072,1.00000012,"{""0-1"": 1.0000001192092896}"
1073,0.00000000,{}
1074,0.55667710,"{""0-1"": 0.5566771030426025}"
1075,0.07226925,"{""0-1"": 0.024656176567077637, ""0-2"": -0.028690006583929062, ""1-2"": 0.22084158658981323}"
1076,-0.03622080,"{""0-1"": -0.05691186338663101, ""0-2"": -0.012024945579469204, ""1-2"": -0.03972557932138443}"
1077,1.00000000,"{""0-1"": 1.0}"
1078,0.30612464,"{""0-1"": 0.9986584186553955, ""0-2"": -0.04005962982773781, ""1-2"": -0.040224868804216385}"
1079,-0.00513700,"{""0-1"": -0.07679499685764313, ""0-2"": 0.11774522066116333, ""1-2"": -0.05636122450232506}"
1080,-0.03208927,"{""0-1"": -0.06493936479091644, ""0-2"": -0.012846078723669052, ""1-2"": -0.018482381477952003}"
1081,0.00000000,{}
1082,0.01276962,"{""0-1"": 0.06511691957712173, ""0-2"": -0.05167025700211525, ""1-2"": 0.02486218884587288}"
1083,-0.03183114,"{""0-1"": 0.014586314558982849, ""0-2"": -0.1494428515434265, ""1-2"": 0.03936312720179558}"
1084,-0.02292839,"{""0-1"": -0.007437682244926691, ""0-2"": 0.013075897470116615, ""1-2"": -0.07442338764667511}"
1085,1.00000012,"{""0-1"": 1.0000001192092896}"
1086,0.22996412,"{""0-1"": 0.22996412217617035}"
1087,0.99999863,"{""0-1"": 0.9999986290931702}"
1088,0.13784396,"{""0-1"": -0.07515338063240051, ""0-2"": -0.025609124451875687, ""1-2"": 0.5142943859100342}"
1089,-0.03232857,"{""0-1"": -0.03232857212424278}"
1090,-0.02839896,"{""0-1"": -0.028398960828781128}"
1091,0.15937142,"{""0-1"": 0.49491721391677856, ""0-2"": 0.0013422133633866906, ""1-2"": -0.01814517378807068}"
1092,0.08627188,"{""0-1"": -0.02928667701780796, ""0-2"": 0.1837160289287567, ""1-2"": 0.10438628494739532}"
1093,0.36327923,"{""0-1"": 0.9454610347747803, ""0-2"": 0.0741804987192154, ""1-2"": 0.07019614428281784}"
1094,-0.00699262,"{""0-1"": 0.01014699973165989, ""0-2"": -0.024307431653141975, ""1-2"": -0.0068174139596521854}"
1095,-0.11476021,"{""0-1"": -0.18066632747650146, ""0-2"": -0.22279034554958344, ""1-2"": 0.05917605012655258}"
1096,1.00000012,"{""0-1"": 1.0000001192092896}"
1097,0.42381504,"{""0-1"": 0.4238150417804718}"
1098,0.00000000,{}
1099,0.02274068,"{""0-1"": 0.02274068258702755}"
1100,-0.04570940,"{""0-1"": -0.06005103886127472, ""0-2"": -0.033114638179540634, ""1-2"": -0.043962519615888596}"
1101,0.00000000,{}
1102,0.00000000,{}
1103,-0.04044975,"{""0-1"": -0.04044974967837334}"
1104,0.02506422,"{""0-1"": 0.025064222514629364}"
1105,0.29778755,"{""0-1"": 0.016618577763438225, ""0-2"": -0.01111443992704153, ""1-2"": 0.887858510017395}"
1106,-0.13018970,"{""0-1"": -0.1301897019147873}"
1107,0.82837921,"{""0-1"": 0.828379213809967}"
1108,0.55059028,"{""0-1"": 0.5505902767181396}"
1109,0.02872189,"{""0-1"": 0.02021242491900921, ""0-2"": 0.02246673032641411, ""1-2"": 0.043486516922712326}"
1110,0.02302971,"{""0-1"": 0.02302970550954342}"
1111,-0.03964991,"{""0-1"": -0.03964990749955177}"
1112,0.65012681,"{""0-1"": 0.6501268148422241}"
1113,-0.01285178,"{""0-1"": 0.011449718847870827, ""0-2"": -0.028500834479928017, ""1-2"": -0.02150423265993595}"
1114,0.53384328,"{""0-1"": 0.5338432788848877}"
1115,0.00000000,{}
1116,-0.02897450,"{""0-1"": -0.1896614134311676, ""0-2"": 0.05025340989232063, ""1-2"": 0.052484504878520966}"
1117,0.47568891,"{""0-1"": 0.9102770090103149, ""0-2"": 0.27884969115257263, ""1-2"": 0.23794002830982208}"
1118,0.27479008,"{""0-1"": 0.27479007840156555}"
1119,0.01235755,"{""0-1"": 0.04647556692361832, ""0-2"": -0.04335644468665123, ""1-2"": 0.033953532576560974}"
1120,0.35925188,"{""0-1"": 0.8886616826057434, ""0-2"": -0.06347842514514923, ""1-2"": 0.2525723874568939}"
1121,0.43552117,"{""0-1"": 0.24530816078186035, ""0-2"": 0.3032689094543457, ""1-2"": 0.7579864263534546}"
1122,0.45398222,"{""0-1"": 0.3077923357486725, ""0-2"": 0.8401945233345032, ""1-2"": 0.21395981311798096}"
1123,0.08594151,"{""0-1"": 0.08594150841236115}"
1124,0.06039731,"{""0-1"": 0.028536472469568253, ""0-2"": -0.07026677578687668, ""1-2"": 0.222922220826149}"
1125,0.67209643,"{""0-1"": 0.6720964312553406}"
1126,0.07419048,"{""0-1"": 0.07419048249721527}"
1127,0.00000000,{}
1128,0.00612206,"{""0-1"": -0.0659983828663826, ""0-2"": 0.030749067664146423, ""1-2"": 0.05361549183726311}"
1129,0.94368088,"{""0-1"": 0.9436808824539185}"
1130,0.02786024,"{""0-1"": 0.027860239148139954}"
1131,0.12837348,"{""0-1"": 0.03151096776127815, ""0-2"": 0.09580159932374954, ""1-2"": 0.2578078806400299}"
1132,0.02130197,"{""0-1"": 0.02130197361111641}"
1133,0.47384470,"{""0-1"": 0.9312834739685059, ""0-2"": 0.25179243087768555, ""1-2"": 0.23845818638801575}"
1134,0.02203307,"{""0-1"": 0.021498091518878937, ""0-2"": -0.0020700942259281874, ""1-2"": 0.04667121171951294}"
1135,0.04069002,"{""0-1"": 0.06080619990825653, ""0-2"": -0.046703945845365524, ""1-2"": 0.1079678013920784}"
1136,0.00000000,{}
1137,0.99999756,"{""0-1"": 0.9999975562095642}"
1138,0.12970243,"{""0-1"": 0.13090339303016663, ""0-2"": 0.08631305396556854, ""1-2"": 0.17189083993434906}"
1139,0.62149878,"{""0-1"": 0.738563060760498, ""0-2"": 0.5953077673912048, ""1-2"": 0.5306255221366882}"
1140,0.04881985,"{""0-1"": 0.06165891885757446, ""0-2"": 0.043758995831012726, ""1-2"": 0.041041623800992966}"
1141,0.35342504,"{""0-1"": 0.9180642366409302, ""0-2"": 0.1321735382080078, ""1-2"": 0.010037332773208618}"
1142,0.18755764,"{""0-1"": 0.2410622388124466, ""0-2"": 0.14021149277687073, ""1-2"": 0.1813991814851761}"
1143,0.08627188,"{""0-1"": -0.02928667701780796, ""0-2"": 0.1837160289287567, ""1-2"": 0.10438628494739532}"
1144,0.13459568,"{""0-1"": 0.13459567725658417}"
1145,0.00000000,{}
1146,0.24087136,"{""0-1"": -0.03397122398018837, ""0-2"": -0.003270144574344158, ""1-2"": 0.7598554491996765}"
1147,-0.06284587,"{""0-1"": -0.0628458708524704}"
1148,1.00000000,"{""0-1"": 1.0}"
1149,-0.04420429,"{""0-1"": 0.014843384735286236, ""0-2"": -0.17541615664958954, ""1-2"": 0.027959903702139854}"
1150,-0.00485826,"{""0-1"": -0.005112023092806339, ""0-2"": -0.10209136456251144, ""1-2"": 0.0926286056637764}"
1151,0.09441101,"{""0-1"": 0.22166728973388672, ""0-2"": 0.01722508855164051, ""1-2"": 0.04434065520763397}"
1152,0.98919135,"{""0-1"": 0.9891913533210754}"
1153,0.03987965,"{""0-1"": 0.07701396942138672, ""0-2"": 0.0635838657617569, ""1-2"": -0.020958876237273216}"
1154,0.24105691,"{""0-1"": -0.1050986796617508, ""0-2"": -0.13701611757278442, ""1-2"": 0.9652855396270752}"
1155,-0.03714706,"{""0-1"": -0.03714705631136894}"
1156,-0.07395176,"{""0-1"": -0.09077102690935135, ""0-2"": -0.07937741279602051, ""1-2"": -0.05170684680342674}"
1157,0.93530667,"{""0-1"": 0.9353066682815552}"
1158,0.03125536,"{""0-1"": -0.1659887135028839, ""0-2"": -0.08645739406347275, ""1-2"": 0.3462121784687042}"
1159,0.82113338,"{""0-1"": 0.8211333751678467}"
1160,0.97029811,"{""0-1"": 0.9702981114387512}"
1161,0.99999863,"{""0-1"": 0.9999986290931702}"
1162,0.00000000,{}
1163,0.00000000,{}
1164,0.04977708,"{""0-1"": 0.061690136790275574, ""0-2"": 0.12679490447044373, ""1-2"": -0.03915378823876381}"
1165,0.01681908,"{""0-1"": 0.016819078475236893}"
1166,0.00000000,{}
1167,0.00000000,{}
1168,0.04470471,"{""0-1"": 0.02700091525912285, ""0-2"": 0.11792629957199097, ""1-2"": -0.010813077911734581}"
1169,0.01540372,"{""0-1"": -0.07864164561033249, ""0-2"": 0.0233642365783453, ""1-2"": 0.10148856788873672}"
1170,-0.03623508,"{""0-1"": -0.09812144190073013, ""0-2"": -0.04251223802566528, ""1-2"": 0.03192843496799469}"
1171,0.48349223,"{""0-1"": 0.4834922254085541}"
1172,-0.05480194,"{""0-1"": -0.04036400839686394, ""0-2"": -0.15348947048187256, ""1-2"": 0.0294476468116045}"
1173,0.18544827,"{""0-1"": 0.03508094698190689, ""0-2"": 0.3105658292770386, ""1-2"": 0.21069803833961487}"
1174,0.05629023,"{""0-1"": 0.05629022791981697}"
1175,0.37560516,"{""0-1"": 0.25966131687164307, ""0-2"": 0.8019121885299683, ""1-2"": 0.06524196267127991}"
1176,0.44215882,"{""0-1"": 0.953845739364624, ""0-2"": 0.17551206052303314, ""1-2"": 0.19711866974830627}"
1177,0.02126558,"{""0-1"": 0.30435818433761597, ""0-2"": -0.032308030873537064, ""1-2"": -0.2082534283399582}"
1178,-0.01154424,"{""0-1"": -0.11424418538808823, ""0-2"": -0.05851373076438904, ""1-2"": 0.1381251960992813}"
1179,0.04596639,"{""0-1"": -0.07868658006191254, ""0-2"": -0.004004622343927622, ""1-2"": 0.22059038281440735}"
1180,0.00596484,"{""0-1"": 0.005964838899672031}"
1181,-0.02217251,"{""0-1"": -0.020451435819268227, ""0-2"": -0.012004094198346138, ""1-2"": -0.034061990678310394}"
1182,-0.01692571,"{""0-1"": -0.025396453216671944, ""0-2"": -0.05796371027827263, ""1-2"": 0.03258302062749863}"
1183,-0.06923870,"{""0-1"": -0.11900251358747482, ""0-2"": -0.13975666463375092, ""1-2"": 0.05104309320449829}"
1184,0.11271603,"{""0-1"": 0.11271602660417557}"
1185,0.00050034,"{""0-1"": 0.0005003438564017415}"
1186,-0.09786499,"{""0-1"": -0.030175480991601944, ""0-2"": -0.10736595094203949, ""1-2"": -0.1560535430908203}"
1187,0.74012208,"{""0-1"": 0.7401220798492432}"
1188,0.16270587,"{""0-1"": 0.5142823457717896, ""0-2"": -0.006705807521939278, ""1-2"": -0.019458916038274765}"
1189,0.20841283,"{""0-1"": 0.20841282606124878}"
1190,0.01610955,"{""0-1"": 0.012607196345925331, ""0-2"": -0.06605810672044754, ""1-2"": 0.10177956521511078}"
1191,0.99999994,"{""0-1"": 0.9999999403953552}"
1192,0.00779284,"{""0-1"": 0.028335340321063995, ""0-2"": -0.09339240938425064, ""1-2"": 0.0884355753660202}"
1193,-0.00838120,"{""0-1"": -0.0962672159075737, ""0-2"": -0.013048517517745495, ""1-2"": 0.08417214453220367}"
1194,0.02499972,"{""0-1"": 0.003791464725509286, ""0-2"": 0.021418873220682144, ""1-2"": 0.049788810312747955}"
1195,-0.01569252,"{""0-1"": -0.015692519024014473}"
1196,0.00456641,"{""0-1"": 0.004566407296806574}"
1197,0.15912795,"{""0-1"": 0.36068347096443176, ""0-2"": 0.05818159505724907, ""1-2"": 0.058518797159194946}"
1198,-0.04189058,"{""0-1"": -0.04189058020710945}"
1199,0.72303734,"{""0-1"": 0.7326456904411316, ""0-2"": 0.9245902299880981, ""1-2"": 0.511876106262207}"
1200,0.06702898,"{""0-1"": 0.30728062987327576, ""0-2"": -0.04338587075471878, ""1-2"": -0.06280780583620071}"
1201,0.21766578,"{""0-1"": 0.21766577661037445}"
1202,-0.01400900,"{""0-1"": -0.07912825047969818, ""0-2"": 0.021616799756884575, ""1-2"": 0.015484437346458435}"
1203,0.89545763,"{""0-1"": 0.8954576253890991}"
1204,0.00000000,{}
1205,0.07971037,"{""0-1"": 0.08382652699947357, ""0-2"": -0.010426674969494343, ""1-2"": 0.1657312512397766}"
1206,0.00000000,{}
1207,-0.03170091,"{""0-1"": 0.0005475186044350266, ""0-2"": -0.06942494958639145, ""1-2"": -0.026225300505757332}"
1208,0.00000000,{}
1209,0.00296450,"{""0-1"": 0.0029644968453794718}"
1210,-0.00740247,"{""0-1"": -0.007402466610074043}"
1211,0.09416589,"{""0-1"": 0.07301579415798187, ""0-2"": 0.23867067694664001, ""1-2"": -0.02918880246579647}"
1212,0.07188950,"{""0-1"": 0.0718894973397255}"
1213,0.05597707,"{""0-1"": 0.13615760207176208, ""0-2"": 0.06704447418451309, ""1-2"": -0.035270873457193375}"
1214,0.49396911,"{""0-1"": 0.4939691126346588}"
1215,-0.02345462,"{""0-1"": -0.10538272559642792, ""0-2"": -0.013268627226352692, ""1-2"": 0.048287492245435715}"
1216,0.99893224,"{""0-1"": 0.9989322423934937}"
1217,0.98342413,"{""0-1"": 0.9834241271018982}"
1218,0.05059488,"{""0-1"": -0.013383395038545132, ""0-2"": 0.0003856056137010455, ""1-2"": 0.16478241980075836}"
1219,0.06274965,"{""0-1"": 0.07135288417339325, ""0-2"": 0.040688496083021164, ""1-2"": 0.07620756328105927}"
1220,-0.02108818,"{""0-1"": 0.016559308394789696, ""0-2"": -0.001772720250301063, ""1-2"": -0.0780511274933815}"
1221,0.42298272,"{""0-1"": 0.42298272252082825}"
1222,-0.03739032,"{""0-1"": -0.006839716341346502, ""0-2"": -0.19681116938591003, ""1-2"": 0.09147991240024567}"
1223,0.02069424,"{""0-1"": 0.2329208105802536, ""0-2"": -0.14989040791988373, ""1-2"": -0.020947691053152084}"
1224,0.11323391,"{""0-1"": 0.11323390901088715}"
1225,0.50343638,"{""0-1"": 0.3003898859024048, ""0-2"": 0.3058547079563141, ""1-2"": 0.9040645360946655}"
1226,-0.03558526,"{""0-1"": 0.006193939596414566, ""0-2"": -0.04448545724153519, ""1-2"": -0.06846427172422409}"
1227,0.01039322,"{""0-1"": 0.04962467402219772, ""0-2"": -0.048947855830192566, ""1-2"": 0.030502842739224434}"
1228,0.02130197,"{""0-1"": 0.02130197361111641}"
1229,0.23894100,"{""0-1"": 0.6090831756591797, ""0-2"": 0.0909975990653038, ""1-2"": 0.016742223873734474}"
1230,1.00000000,"{""0-1"": 1.0}"
1231,-0.05630259,"{""0-1"": 0.0001776461722329259, ""0-2"": -0.14542566239833832, ""1-2"": -0.023659756407141685}"
1232,0.00000000,{}
1233,0.37197420,"{""0-1"": 0.9513289928436279, ""0-2"": 0.040358975529670715, ""1-2"": 0.124234639108181}"
1234,0.03654927,"{""0-1"": 0.024509292095899582, ""0-2"": 0.09017042070627213, ""1-2"": -0.005031901877373457}"
1235,0.04307837,"{""0-1"": 0.14320047199726105, ""0-2"": -0.00015181420894805342, ""1-2"": -0.013813532888889313}"
1236,-0.01655520,"{""0-1"": -0.01269366592168808, ""0-2"": -0.043669961392879486, ""1-2"": 0.0066980221308767796}"
1237,-0.00313043,"{""0-1"": -0.08335207402706146, ""0-2"": 0.06827813386917114, ""1-2"": 0.005682659801095724}"
1238,0.01332641,"{""0-1"": 0.04674263671040535, ""0-2"": -0.0076257227919995785, ""1-2"": 0.0008623290923424065}"
1239,0.16188515,"{""0-1"": -0.028173474594950676, ""0-2"": 0.048749372363090515, ""1-2"": 0.46507954597473145}"
1240,0.07016998,"{""0-1"": 0.07016997784376144}"
1241,0.99999815,"{""0-1"": 0.999998152256012}"
1242,-0.03415671,"{""0-1"": -0.06162098050117493, ""0-2"": -0.010417820885777473, ""1-2"": -0.030431322753429413}"
1243,0.06238455,"{""0-1"": 0.13495925068855286, ""0-2"": -0.029166392982006073, ""1-2"": 0.08136079460382462}"
1244,-0.02941607,"{""0-1"": 0.01958133652806282, ""0-2"": -0.10603446513414383, ""1-2"": -0.0017950673354789615}"
1245,0.05629023,"{""0-1"": 0.05629022791981697}"
1246,0.10662885,"{""0-1"": 0.14073944091796875, ""0-2"": 0.07843437790870667, ""1-2"": 0.10071272403001785}"
1247,0.00000000,{}
1248,0.01203713,"{""0-1"": 0.012037125416100025}"
1249,-0.00105419,"{""0-1"": 0.010132483206689358, ""0-2"": 0.013291457667946815, ""1-2"": -0.02658650651574135}"
1250,0.25602254,"{""0-1"": 0.007092702202498913, ""0-2"": -0.0633053407073021, ""1-2"": 0.8242802619934082}"
1251,0.14300944,"{""0-1"": 0.057237330824136734, ""0-2"": 0.3278612494468689, ""1-2"": 0.04392974451184273}"
1252,0.27986055,"{""0-1"": 0.055371202528476715, ""0-2"": 0.6124182939529419, ""1-2"": 0.1717921495437622}"
1253,0.01509016,"{""0-1"": 0.0032239200081676245, ""0-2"": -0.005506556015461683, ""1-2"": 0.04755310341715813}"
1254,-0.00614242,"{""0-1"": 0.031075775623321533, ""0-2"": -0.0809815302491188, ""1-2"": 0.031478483229875565}"
1255,0.00003473,"{""0-1"": 0.04555482789874077, ""0-2"": 0.04692072421312332, ""1-2"": -0.09237135946750641}"
1256,0.01367047,"{""0-1"": 0.18311192095279694, ""0-2"": -0.12170347571372986, ""1-2"": -0.020397040992975235}"
1257,0.22192144,"{""0-1"": 0.22192144393920898}"
1258,0.00461525,"{""0-1"": 0.004615250509232283}"
1259,-0.00223667,"{""0-1"": -0.03224589303135872, ""0-2"": 0.13152936100959778, ""1-2"": -0.10599348694086075}"
1260,-0.00149042,"{""0-1"": 0.0811360701918602, ""0-2"": -0.10616083443164825, ""1-2"": 0.020553501322865486}"
1261,0.27114127,"{""0-1"": -0.014957581646740437, ""0-2"": 0.8217431306838989, ""1-2"": 0.006638257764279842}"
1262,0.11859940,"{""0-1"": 0.11859939992427826}"
1263,0.96772379,"{""0-1"": 0.9677237868309021}"
1264,0.58199217,"{""0-1"": 0.5356647372245789, ""0-2"": 0.538684606552124, ""1-2"": 0.6716271638870239}"
1265,0.05122793,"{""0-1"": -0.09500747174024582, ""0-2"": 0.18210597336292267, ""1-2"": 0.06658528745174408}"
1266,-0.01800812,"{""0-1"": -0.02089487761259079, ""0-2"": -0.026134274899959564, ""1-2"": -0.006995219271630049}"
1267,0.02506422,"{""0-1"": 0.025064222514629364}"
1268,-0.05963149,"{""0-1"": -0.15095971524715424, ""0-2"": 0.007812255062162876, ""1-2"": -0.03574700281023979}"
1269,0.04520572,"{""0-1"": 0.04520571976900101}"
1270,0.04215392,"{""0-1"": 0.042153917253017426}"
1271,0.17563598,"{""0-1"": 0.17563597857952118}"
1272,0.92552257,"{""0-1"": 0.9255225658416748}"
1273,0.02774907,"{""0-1"": 0.027749069035053253}"
1274,0.73676950,"{""0-1"": 0.7367694973945618}"
1275,-0.02171401,"{""0-1"": -0.06417746841907501, ""0-2"": -0.007700650487095118, ""1-2"": 0.006736091338098049}"
1276,0.10825180,"{""0-1"": 0.009207493625581264, ""0-2"": 0.12596139311790466, ""1-2"": 0.18958650529384613}"
1277,0.99621558,"{""0-1"": 0.9962155818939209}"
1278,0.03864451,"{""0-1"": 0.05320161208510399, ""0-2"": -0.07377711683511734, ""1-2"": 0.13650904595851898}"
1279,-0.05034139,"{""0-1"": -0.004838317167013884, ""0-2"": -0.008629224263131618, ""1-2"": -0.13755664229393005}"
1280,0.01721173,"{""0-1"": 0.04188862070441246, ""0-2"": -0.01185446698218584, ""1-2"": 0.021601025015115738}"
1281,0.05048151,"{""0-1"": 0.050481509417295456}"
1282,0.92552257,"{""0-1"": 0.9255225658416748}"
1283,0.01951854,"{""0-1"": -0.013164392672479153, ""0-2"": 0.05040716379880905, ""1-2"": 0.021312840282917023}"
1284,-0.02450696,"{""0-1"": -0.10706160962581635, ""0-2"": -0.003144008107483387, ""1-2"": 0.036684732884168625}"
1285,-0.03151230,"{""0-1"": -0.03520781546831131, ""0-2"": -0.004096371121704578, ""1-2"": -0.0552327036857605}"
1286,0.54281443,"{""0-1"": 0.5428144335746765}"
1287,-0.04568592,"{""0-1"": -0.15944069623947144, ""0-2"": -0.025886980816721916, ""1-2"": 0.04826992750167847}"
1288,-0.00242755,"{""0-1"": -0.0024275456089526415}"
1289,-0.03739688,"{""0-1"": -0.14879976212978363, ""0-2"": -0.05000227317214012, ""1-2"": 0.08661139011383057}"
1290,-0.03180389,"{""0-1"": -0.046527281403541565, ""0-2"": -0.08735181391239166, ""1-2"": 0.03846743330359459}"
1291,0.33303388,"{""0-1"": 0.4309263229370117, ""0-2"": -0.0911717414855957, ""1-2"": 0.6593470573425293}"
1292,0.85787147,"{""0-1"": 0.8578714728355408}"
1293,0.09990543,"{""0-1"": 0.09990543127059937}"
1294,0.88510704,"{""0-1"": 0.8851070404052734}"
1295,0.30767977,"{""0-1"": 0.30767977237701416}"
1296,0.47981191,"{""0-1"": 0.4798119068145752}"
1297,0.43877170,"{""0-1"": 0.23468078672885895, ""0-2"": 0.1490630805492401, ""1-2"": 0.9325712323188782}"
1298,-0.05517426,"{""0-1"": -0.02343343198299408, ""0-2"": -0.10518331825733185, ""1-2"": -0.03690604120492935}"
1299,0.00000000,{}
1300,0.06994536,"{""0-1"": 0.36563193798065186, ""0-2"": -0.10846392810344696, ""1-2"": -0.04733192175626755}"
1301,0.19044871,"{""0-1"": 0.6359537839889526, ""0-2"": -0.028230659663677216, ""1-2"": -0.03637700527906418}"
1302,0.05164298,"{""0-1"": 0.2548285126686096, ""0-2"": -0.03242766112089157, ""1-2"": -0.06747189909219742}"
1303,0.97035390,"{""0-1"": 0.970353901386261}"
1304,0.30837469,"{""0-1"": 0.9988283514976501, ""0-2"": -0.035807397216558456, ""1-2"": -0.03789689764380455}"
1305,0.04520207,"{""0-1"": 0.015670835971832275, ""0-2"": 0.005468015559017658, ""1-2"": 0.11446736752986908}"
1306,-0.06887605,"{""0-1"": -0.16375985741615295, ""0-2"": -0.12224898487329483, ""1-2"": 0.07938070595264435}"
1307,-0.07517450,"{""0-1"": -0.0751744955778122}"
1308,0.16186530,"{""0-1"": -0.01840386912226677, ""0-2"": -0.003740303684026003, ""1-2"": 0.5077400803565979}"
1309,0.54683322,"{""0-1"": 0.5468332171440125}"
1310,0.00000000,{}
1311,0.48600492,"{""0-1"": 0.48600491881370544}"
1312,-0.04088640,"{""0-1"": -0.04088640213012695}"
1313,0.23285116,"{""0-1"": 0.23285116255283356}"
1314,0.79352945,"{""0-1"": 0.7935294508934021}"
1315,-0.03560204,"{""0-1"": 0.02108277752995491, ""0-2"": -0.10844776034355164, ""1-2"": -0.01944114826619625}"
1316,0.03815958,"{""0-1"": 0.002199435606598854, ""0-2"": 0.04284682869911194, ""1-2"": 0.06943248957395554}"
1317,-0.01634143,"{""0-1"": -0.016341429203748703}"
1318,-0.00310734,"{""0-1"": 0.1628217250108719, ""0-2"": -0.08261220902204514, ""1-2"": -0.08953153342008591}"
1319,0.04652828,"{""0-1"": 0.04652828350663185}"
1320,-0.03364412,"{""0-1"": -0.043927356600761414, ""0-2"": -0.06850142776966095, ""1-2"": 0.011496438644826412}"
1321,-0.02834709,"{""0-1"": -0.0030986357014626265, ""0-2"": -0.06856509298086166, ""1-2"": -0.013377527706325054}"
1322,0.07597481,"{""0-1"": 0.0228535495698452, ""0-2"": 0.13494394719600677, ""1-2"": 0.07012694329023361}"
1323,0.40003839,"{""0-1"": 0.40003839135169983}"
1324,0.09990543,"{""0-1"": 0.09990543127059937}"
1325,0.17739073,"{""0-1"": -0.0008295480511151254, ""0-2"": 0.3370918035507202, ""1-2"": 0.19590994715690613}"
1326,-0.01555117,"{""0-1"": -0.015678979456424713, ""0-2"": -0.021662719547748566, ""1-2"": -0.009311816655099392}"
1327,-0.05045713,"{""0-1"": -0.013269303366541862, ""0-2"": -0.0021108638029545546, ""1-2"": -0.13599123060703278}"
1328,-0.18267351,"{""0-1"": -0.18267351388931274}"
1329,-0.02081762,"{""0-1"": -0.03778517618775368, ""0-2"": -0.007611676584929228, ""1-2"": -0.01705601066350937}"
1330,-0.09480347,"{""0-1"": -0.06883866339921951, ""0-2"": -0.16966144740581512, ""1-2"": -0.0459103100001812}"
1331,0.02027143,"{""0-1"": -0.03632447123527527, ""0-2"": 0.017385924234986305, ""1-2"": 0.0797528326511383}"
1332,-0.03207701,"{""0-1"": -0.008902422152459621, ""0-2"": -0.030624285340309143, ""1-2"": -0.0567043200135231}"
1333,0.02588992,"{""0-1"": -0.011220214888453484, ""0-2"": 0.09789625555276871, ""1-2"": -0.00900628138333559}"
1334,0.01961842,"{""0-1"": -0.05109391734004021, ""0-2"": -0.030361220240592957, ""1-2"": 0.1403103917837143}"
1335,-0.04755488,"{""0-1"": -0.04755488038063049}"
1336,0.83504313,"{""0-1"": 0.8350431323051453}"
1337,-0.04155470,"{""0-1"": -0.12023498117923737, ""0-2"": -0.0635577067732811, ""1-2"": 0.059128597378730774}"
1338,-0.02389540,"{""0-1"": -0.05620863288640976, ""0-2"": 0.00955747626721859, ""1-2"": -0.02503504790365696}"
1339,0.41889183,"{""0-1"": 0.816484808921814, ""0-2"": 0.2560979425907135, ""1-2"": 0.18409274518489838}"
1340,0.24417199,"{""0-1"": 0.24417199194431305}"
1341,-0.07356585,"{""0-1"": 0.01976916566491127, ""0-2"": -0.08309518545866013, ""1-2"": -0.15737153589725494}"
1342,-0.00639749,"{""0-1"": 0.013339283876121044, ""0-2"": -0.016240332275629044, ""1-2"": -0.016291409730911255}"
1343,-0.04269876,"{""0-1"": -0.042698755860328674}"
1344,0.01271723,"{""0-1"": -0.05528789386153221, ""0-2"": 0.00025987072149291635, ""1-2"": 0.09317971020936966}"
1345,-0.06174144,"{""0-1"": -0.136287122964859, ""0-2"": -0.0214337520301342, ""1-2"": -0.027503443881869316}"
1346,-0.02207162,"{""0-1"": 0.054504845291376114, ""0-2"": -0.0925840437412262, ""1-2"": -0.028135647997260094}"
1347,-0.00943639,"{""0-1"": -0.06774573028087616, ""0-2"": 0.0038171461783349514, ""1-2"": 0.03561942279338837}"
1348,0.30221061,"{""0-1"": 0.8256711959838867, ""0-2"": 0.023600971326231956, ""1-2"": 0.05735967308282852}"
1349,-0.06792385,"{""0-1"": -0.06663036346435547, ""0-2"": -0.049311742186546326, ""1-2"": -0.08782945573329926}"
1350,0.11541545,"{""0-1"": 0.21045304834842682, ""0-2"": 0.08128688484430313, ""1-2"": 0.05450642108917236}"
1351,0.01223440,"{""0-1"": 0.01223439909517765}"
1352,0.00000000,{}
1353,0.22663326,"{""0-1"": 0.01794351637363434, ""0-2"": 0.44307857751846313, ""1-2"": 0.21887768805027008}"
1354,0.00449992,"{""0-1"": -0.014183939434587955, ""0-2"": -0.017604878172278404, ""1-2"": 0.0452885664999485}"
1355,0.01509016,"{""0-1"": 0.0032239200081676245, ""0-2"": -0.005506556015461683, ""1-2"": 0.04755310341715813}"
1356,0.31021669,"{""0-1"": -0.016445888206362724, ""0-2"": 0.03319999948143959, ""1-2"": 0.9138959646224976}"
1357,-0.01722489,"{""0-1"": -0.015591002069413662, ""0-2"": -0.03514206036925316, ""1-2"": -0.0009416133398190141}"
1358,0.15678910,"{""0-1"": 0.33142387866973877, ""0-2"": 0.09108509123325348, ""1-2"": 0.047858331352472305}"
1359,0.80956817,"{""0-1"": 0.8095681667327881}"
1360,0.00000000,{}
1361,0.16154591,"{""0-1"": 0.5884396433830261, ""0-2"": -0.08939265459775925, ""1-2"": -0.014409254305064678}"
1362,-0.02827701,"{""0-1"": 0.01326198410242796, ""0-2"": -0.13259701430797577, ""1-2"": 0.03450401499867439}"
1363,0.00626966,"{""0-1"": 0.006269661244004965}"
1364,-0.01653331,"{""0-1"": 0.07631158828735352, ""0-2"": -0.150108203291893, ""1-2"": 0.024196676909923553}"
1365,0.24894459,"{""0-1"": 0.5184693336486816, ""0-2"": 0.10570965707302094, ""1-2"": 0.12265477329492569}"
1366,0.25433273,"{""0-1"": 0.1510818600654602, ""0-2"": 0.10149893909692764, ""1-2"": 0.5104174017906189}"
1367,0.30085624,"{""0-1"": -0.055776938796043396, ""0-2"": -0.01680486835539341, ""1-2"": 0.9751505255699158}"
1368,-0.14921723,"{""0-1"": -0.14921723306179047}"
1369,0.00000000,{}
1370,0.03851121,"{""0-1"": 0.007168822456151247, ""0-2"": 0.03846051171422005, ""1-2"": 0.06990429759025574}"
1371,0.51502146,"{""0-1"": 0.2869320809841156, ""0-2"": 0.2734168469905853, ""1-2"": 0.984715461730957}"
1372,0.27663202,"{""0-1"": -0.011926946230232716, ""0-2"": -0.09758439660072327, ""1-2"": 0.9394074082374573}"
1373,0.00000000,{}
1374,0.04841252,"{""0-1"": 0.048412516713142395}"
1375,0.16377485,"{""0-1"": 0.16377484798431396}"
1376,0.17739540,"{""0-1"": 0.17739540338516235}"
1377,0.60622519,"{""0-1"": 0.5090961456298828, ""0-2"": 0.3434889316558838, ""1-2"": 0.9660905003547668}"
1378,0.02577472,"{""0-1"": 0.025774721056222916}"
1379,-0.04977210,"{""0-1"": -0.04321746528148651, ""0-2"": -0.07208060473203659, ""1-2"": -0.034018244594335556}"
1380,0.11730202,"{""0-1"": 0.11730202287435532}"
1381,0.06480817,"{""0-1"": 0.16103093326091766, ""0-2"": -0.03190799057483673, ""1-2"": 0.0653015524148941}"
1382,0.55667710,"{""0-1"": 0.5566771030426025}"
1383,-0.01736086,"{""0-1"": -0.03711242601275444, ""0-2"": -0.030653811991214752, ""1-2"": 0.015683647245168686}"
1384,0.99893224,"{""0-1"": 0.9989322423934937}"
1385,0.51373428,"{""0-1"": 0.5137342810630798}"
1386,-0.02338683,"{""0-1"": 0.027094976976513863, ""0-2"": -0.0683998093008995, ""1-2"": -0.028855644166469574}"
1387,0.73676950,"{""0-1"": 0.7367694973945618}"
1388,0.00000000,{}
1389,-0.08201868,"{""0-1"": -0.12732480466365814, ""0-2"": -0.1443931758403778, ""1-2"": 0.025661934167146683}"
1390,0.05714332,"{""0-1"": 0.05714331567287445}"
1391,0.18499306,"{""0-1"": 0.18499305844306946}"
1392,1.00000012,"{""0-1"": 1.0000001192092896}"
1393,-0.03066217,"{""0-1"": -0.11988528072834015, ""0-2"": -0.056122079491615295, ""1-2"": 0.08402085304260254}"
1394,0.09083898,"{""0-1"": 0.08720994740724564, ""0-2"": 0.1267947256565094, ""1-2"": 0.05851227417588234}"
1395,0.06488577,"{""0-1"": -0.00972377322614193, ""0-2"": -0.036665573716163635, ""1-2"": 0.24104665219783783}"
1396,0.24183951,"{""0-1"": 0.08018466830253601, ""0-2"": 0.06906810402870178, ""1-2"": 0.5762657523155212}"
1397,0.23285116,"{""0-1"": 0.23285116255283356}"
1398,0.00563979,"{""0-1"": 0.021734001114964485, ""0-2"": -0.002181521151214838, ""1-2"": -0.002633102471008897}"
1399,-0.00985322,"{""0-1"": -0.0535440593957901, ""0-2"": -0.13235019147396088, ""1-2"": 0.15633459389209747}"
1400,0.01176731,"{""0-1"": -0.00251540495082736, ""0-2"": 0.02704765647649765, ""1-2"": 0.010769689455628395}"
1401,0.01046274,"{""0-1"": 0.037519168108701706, ""0-2"": -0.019775714725255966, ""1-2"": 0.013644758611917496}"
1402,0.19574531,"{""0-1"": 0.4732450544834137, ""0-2"": 0.09382836520671844, ""1-2"": 0.02016250416636467}"
1403,0.48467598,"{""0-1"": 0.8786155581474304, ""0-2"": 0.31578075885772705, ""1-2"": 0.2596316337585449}"
1404,0.08556894,"{""0-1"": 0.08556894212961197}"
1405,0.29281287,"{""0-1"": 0.7713994979858398, ""0-2"": 0.04311429336667061, ""1-2"": 0.06392481178045273}"
1406,0.00000000,{}
1407,0.99999863,"{""0-1"": 0.9999986290931702}"
1408,-0.04700688,"{""0-1"": -0.04700687900185585}"
1409,0.44905672,"{""0-1"": 0.17190009355545044, ""0-2"": 0.19342780113220215, ""1-2"": 0.9818422794342041}"
1410,0.12230260,"{""0-1"": 0.1223025992512703}"
1411,0.01223440,"{""0-1"": 0.01223439909517765}"
1412,-0.05958305,"{""0-1"": -0.16137704253196716, ""0-2"": -0.021790508180856705, ""1-2"": 0.0044184038415551186}"
1413,0.93614459,"{""0-1"": 0.9361445903778076}"
1414,0.00000000,{}
1415,0.05940343,"{""0-1"": 0.07474026083946228, ""0-2"": 0.01599259115755558, ""1-2"": 0.0874774381518364}"
1416,0.99999994,"{""0-1"": 0.9999999403953552}"
1417,0.00721434,"{""0-1"": -0.007874990813434124, ""0-2"": 0.01208827830851078, ""1-2"": 0.017429733648896217}"
1418,-0.00476115,"{""0-1"": -0.020034169778227806, ""0-2"": 0.06581556051969528, ""1-2"": -0.06006484478712082}"
1419,-0.01028964,"{""0-1"": -0.0656752660870552, ""0-2"": 0.04240347817540169, ""1-2"": -0.007597136311233044}"
1420,0.05589573,"{""0-1"": 0.05589573085308075}"
1421,0.21577059,"{""0-1"": -0.03980017825961113, ""0-2"": -0.08695486932992935, ""1-2"": 0.7740668058395386}"
1422,0.06731228,"{""0-1"": 0.25046226382255554, ""0-2"": -0.09199339151382446, ""1-2"": 0.04346797615289688}"
1423,0.06062169,"{""0-1"": 0.13486836850643158, ""0-2"": 0.025930168107151985, ""1-2"": 0.02106654830276966}"
1424,0.28166861,"{""0-1"": 0.4149271845817566, ""0-2"": 0.07751691341400146, ""1-2"": 0.35256174206733704}"
1425,-0.01184564,"{""0-1"": -0.003561215242370963, ""0-2"": 0.0068562389351427555, ""1-2"": -0.03883194178342819}"
1426,0.08458373,"{""0-1"": 0.08027047663927078, ""0-2"": 0.20143677294254303, ""1-2"": -0.027956072241067886}"
1427,-0.02237005,"{""0-1"": -0.022370051592588425}"
1428,0.03397841,"{""0-1"": 0.0484759658575058, ""0-2"": 0.07663929462432861, ""1-2"": -0.023180041462183}"
1429,0.05414877,"{""0-1"": 0.017945654690265656, ""0-2"": 0.18602706491947174, ""1-2"": -0.041526418179273605}"
1430,0.47384470,"{""0-1"": 0.9312834739685059, ""0-2"": 0.25179243087768555, ""1-2"": 0.23845818638801575}"
1431,-0.01105699,"{""0-1"": -0.028199095278978348, ""0-2"": -0.015203462913632393, ""1-2"": 0.01023158896714449}"
1432,-0.00580397,"{""0-1"": -0.1557285189628601, ""0-2"": 0.01947087049484253, ""1-2"": 0.11884574592113495}"
1433,0.01244478,"{""0-1"": 0.08796747773885727, ""0-2"": -0.013572607189416885, ""1-2"": -0.037060536444187164}"
1434,0.00000000,{}
1435,-0.02897450,"{""0-1"": -0.1896614134311676, ""0-2"": 0.05025340989232063, ""1-2"": 0.052484504878520966}"
1436,0.04307837,"{""0-1"": 0.14320047199726105, ""0-2"": -0.00015181420894805342, ""1-2"": -0.013813532888889313}"
1437,0.99999756,"{""0-1"": 0.9999975562095642}"
1438,0.76194668,"{""0-1"": 0.7619466781616211}"
1439,-0.02261926,"{""0-1"": -0.06724316626787186, ""0-2"": -0.031248200684785843, ""1-2"": 0.03063359297811985}"
1440,0.08627188,"{""0-1"": -0.02928667701780796, ""0-2"": 0.1837160289287567, ""1-2"": 0.10438628494739532}"
1441,0.45305897,"{""0-1"": 0.9963677525520325, ""0-2"": 0.14321285486221313, ""1-2"": 0.21959629654884338}"
1442,0.06274965,"{""0-1"": 0.07135288417339325, ""0-2"": 0.040688496083021164, ""1-2"": 0.07620756328105927}"
1443,0.00526744,"{""0-1"": -0.02926786243915558, ""0-2"": 0.0026278069708496332, ""1-2"": 0.04244236648082733}"
1444,0.02732711,"{""0-1"": 0.035140130668878555, ""0-2"": 0.032344475388526917, ""1-2"": 0.014496714808046818}"
1445,0.01256456,"{""0-1"": 0.0938153937458992, ""0-2"": -0.035381659865379333, ""1-2"": -0.020740047097206116}"
1446,0.05025771,"{""0-1"": 0.15348699688911438, ""0-2"": 0.001853901776485145, ""1-2"": -0.004567778669297695}"
1447,0.00718113,"{""0-1"": -0.02769489772617817, ""0-2"": 0.00497139198705554, ""1-2"": 0.044266894459724426}"
1448,0.19895457,"{""0-1"": 0.0390419140458107, ""0-2"": 0.014288952574133873, ""1-2"": 0.5435328483581543}"
1449,0.27566373,"{""0-1"": -0.052194744348526, ""0-2"": 0.08303298056125641, ""1-2"": 0.7961529493331909}"
1450,0.59707081,"{""0-1"": 0.5970708131790161}"
1451,-0.00122688,"{""0-1"": -0.0012346786679700017, ""0-2"": -0.020876865833997726, ""1-2"": 0.018430903553962708}"
1452,-0.02846840,"{""0-1"": -0.010489544831216335, ""0-2"": -0.06492377072572708, ""1-2"": -0.009991899132728577}"
1453,0.33976993,"{""0-1"": 0.9859154224395752, ""0-2"": 0.028192084282636642, ""1-2"": 0.00520229060202837}"
1454,-0.01197928,"{""0-1"": -0.11307393014431, ""0-2"": -0.033755820244550705, ""1-2"": 0.1108919084072113}"
1455,0.99999815,"{""0-1"": 0.999998152256012}"
1456,-0.05879346,"{""0-1"": -0.058793459087610245}"
1457,-0.01340649,"{""0-1"": 0.007741635665297508, ""0-2"": -0.003177826525643468, ""1-2"": -0.044783275574445724}"
1458,0.99999756,"{""0-1"": 0.9999975562095642}"
1459,0.00000000,{}
1460,-0.01655266,"{""0-1"": -0.032473716884851456, ""0-2"": 0.011641847901046276, ""1-2"": -0.028826100751757622}"
1461,0.36432534,"{""0-1"": 0.3643253445625305}"
1462,0.08288945,"{""0-1"": 0.08288945257663727}"
1463,0.27175826,"{""0-1"": 0.2717582583427429}"
1464,0.02872189,"{""0-1"": 0.02021242491900921, ""0-2"": 0.02246673032641411, ""1-2"": 0.043486516922712326}"
1465,0.69785321,"{""0-1"": 0.6978532075881958}"
1466,-0.09723115,"{""0-1"": -0.09723114967346191}"
1467,0.30889454,"{""0-1"": 0.9986720085144043, ""0-2"": -0.035288065671920776, ""1-2"": -0.036700326949357986}"
1468,-0.05338629,"{""0-1"": 0.012232303619384766, ""0-2"": -0.06377973407506943, ""1-2"": -0.10861144214868546}"
1469,-0.00457589,"{""0-1"": -0.10803671181201935, ""0-2"": 0.16413448750972748, ""1-2"": -0.0698254406452179}"
1470,-0.03238666,"{""0-1"": -0.07213447242975235, ""0-2"": -0.05044185370206833, ""1-2"": 0.025416335090994835}"
1471,-0.07166534,"{""0-1"": -0.07166533917188644}"
1472,0.24465459,"{""0-1"": -0.2194625437259674, ""0-2"": 0.8220047354698181, ""1-2"": 0.13142156600952148}"
1473,-0.00713905,"{""0-1"": -0.007139049936085939}"
1474,-0.04653354,"{""0-1"": -0.04453105106949806, ""0-2"": -0.035633914172649384, ""1-2"": -0.059435658156871796}"
1475,0.07421348,"{""0-1"": -0.004765660036355257, ""0-2"": 0.13418981432914734, ""1-2"": 0.09321627765893936}"
1476,0.13326200,"{""0-1"": 0.053981270641088486, ""0-2"": -0.03310946002602577, ""1-2"": 0.3789141774177551}"
1477,0.06001804,"{""0-1"": 0.0889679342508316, ""0-2"": 0.038201212882995605, ""1-2"": 0.05288495868444443}"
1478,-0.05629907,"{""0-1"": -0.1291319727897644, ""0-2"": -0.07853833585977554, ""1-2"": 0.03877309709787369}"
1479,0.99999756,"{""0-1"": 0.9999975562095642}"
1480,0.06207864,"{""0-1"": -0.04323660582304001, ""0-2"": 0.19259491562843323, ""1-2"": 0.036877598613500595}"
1481,0.06615387,"{""0-1"": 0.1173284724354744, ""0-2"": -0.01781776361167431, ""1-2"": 0.09895091503858566}"
1482,0.02137587,"{""0-1"": -0.008457338437438011, ""0-2"": -0.018994266167283058, ""1-2"": 0.09157920628786087}"
1483,0.22945061,"{""0-1"": 0.22945061326026917}"
1484,-0.04653354,"{""0-1"": -0.04453105106949806, ""0-2"": -0.035633914172649384, ""1-2"": -0.059435658156871796}"
1485,0.00693912,"{""0-1"": 0.0008050352917052805, ""0-2"": 0.015560860745608807, ""1-2"": 0.004451452754437923}"
1486,0.13247003,"{""0-1"": 0.2550591826438904, ""0-2"": 0.05601481348276138, ""1-2"": 0.08633610606193542}"
1487,0.10200943,"{""0-1"": 0.10200943052768707}"
1488,0.41035552,"{""0-1"": 0.5061177611351013, ""0-2"": 0.35245969891548157, ""1-2"": 0.3724890947341919}"
1489,0.22091270,"{""0-1"": 0.0058853598311543465, ""0-2"": 0.4796636998653412, ""1-2"": 0.17718905210494995}"
1490,0.30688194,"{""0-1"": 0.9987986087799072, ""0-2"": -0.03731352835893631, ""1-2"": -0.04083926975727081}"
1491,0.01804167,"{""0-1"": -0.016801347956061363, ""0-2"": 0.15261051058769226, ""1-2"": -0.08168414235115051}"
1492,0.27489917,"{""0-1"": -0.020354218780994415, ""0-2"": 0.9894795417785645, ""1-2"": -0.1444278210401535}"
1493,0.00000000,{}
1494,0.00620874,"{""0-1"": 0.002879761392250657, ""0-2"": 0.03557587042450905, ""1-2"": -0.01982942223548889}"
1495,0.08860781,"{""0-1"": -0.2626713514328003, ""0-2"": -0.17036418616771698, ""1-2"": 0.6988589763641357}"
1496,0.00000000,{}
1497,0.04395097,"{""0-1"": 0.24376244843006134, ""0-2"": -0.10499776899814606, ""1-2"": -0.006911758333444595}"
1498,0.21842737,"{""0-1"": 0.218427374958992}"
1499,0.17563598,"{""0-1"": 0.17563597857952118}"
1500,0.32312490,"{""0-1"": 0.9692310690879822, ""0-2"": 0.003231629729270935, ""1-2"": -0.003088004421442747}"
1501,1.00000024,"{""0-1"": 1.000000238418579}"
1502,0.00000000,{}
1503,0.06207864,"{""0-1"": -0.04323660582304001, ""0-2"": 0.19259491562843323, ""1-2"": 0.036877598613500595}"
1504,0.04701566,"{""0-1"": 0.04701566323637962}"
1505,0.07260582,"{""0-1"": 0.02231750264763832, ""0-2"": 0.0892224833369255, ""1-2"": 0.1062774732708931}"
1506,0.24702831,"{""0-1"": 0.24702830612659454}"
1507,0.42337865,"{""0-1"": 0.4233786463737488}"
1508,0.14246825,"{""0-1"": 0.15156155824661255, ""0-2"": 0.3276652693748474, ""1-2"": -0.05182208493351936}"
1509,1.00000000,"{""0-1"": 1.0}"
1510,0.30732963,"{""0-1"": -0.008284864015877247, ""0-2"": 0.023118050768971443, ""1-2"": 0.9071556925773621}"
1511,-0.00954216,"{""0-1"": -0.011559617705643177, ""0-2"": -0.021791204810142517, ""1-2"": 0.00472434563562274}"
1512,0.07978468,"{""0-1"": 0.2518215477466583, ""0-2"": -0.019821004942059517, ""1-2"": 0.007353508844971657}"
1513,0.12319574,"{""0-1"": 0.11278963834047318, ""0-2"": 0.06979939341545105, ""1-2"": 0.1869981735944748}"
1514,0.98346174,"{""0-1"": 0.9834617376327515}"
1515,0.19734796,"{""0-1"": 0.3436337113380432, ""0-2"": 0.12391810864210129, ""1-2"": 0.12449205666780472}"
1516,0.10120118,"{""0-1"": 0.10120117664337158}"
1517,0.99999756,"{""0-1"": 0.9999975562095642}"
1518,-0.01937127,"{""0-1"": -0.052539266645908356, ""0-2"": -0.030396943911910057, ""1-2"": 0.024822387844324112}"
1519,0.10218087,"{""0-1"": 0.02317855693399906, ""0-2"": 0.15138088166713715, ""1-2"": 0.13198316097259521}"
1520,0.06731228,"{""0-1"": 0.25046226382255554, ""0-2"": -0.09199339151382446, ""1-2"": 0.04346797615289688}"
1521,-0.03183114,"{""0-1"": 0.014586314558982849, ""0-2"": -0.1494428515434265, ""1-2"": 0.03936312720179558}"
1522,0.00000000,{}
1523,-0.02582487,"{""0-1"": -0.1326931118965149, ""0-2"": -0.13349288702011108, ""1-2"": 0.18871138989925385}"
1524,-0.02862637,"{""0-1"": -0.07528399676084518, ""0-2"": 0.004968401975929737, ""1-2"": -0.015563508495688438}"
1525,-0.04614978,"{""0-1"": -0.09060420840978622, ""0-2"": -0.014793653972446918, ""1-2"": -0.033051490783691406}"
1526,0.97231483,"{""0-1"": 0.9723148345947266}"
1527,0.21067002,"{""0-1"": 0.21067002415657043}"
1528,0.00505739,"{""0-1"": 0.07782019674777985, ""0-2"": -0.03397074341773987, ""1-2"": -0.028677286580204964}"
1529,0.01825199,"{""0-1"": 0.05723244324326515, ""0-2"": 0.025352274999022484, ""1-2"": -0.027828741818666458}"
1530,0.21712604,"{""0-1"": 0.2171260416507721}"
1531,0.00419941,"{""0-1"": 0.0016083719674497843, ""0-2"": 0.031870678067207336, ""1-2"": -0.020880820229649544}"
1532,-0.03300777,"{""0-1"": -0.028657933697104454, ""0-2"": 0.10741227120161057, ""1-2"": -0.17777764797210693}"
1533,0.01059083,"{""0-1"": 0.032108936458826065, ""0-2"": -0.05199955776333809, ""1-2"": 0.0516631081700325}"
1534,0.01917660,"{""0-1"": 0.019176598638296127}"
1535,-0.05574946,"{""0-1"": -0.14705921709537506, ""0-2"": -0.14633691310882568, ""1-2"": 0.12614776194095612}"
1536,0.31513194,"{""0-1"": 0.8077190518379211, ""0-2"": 0.017480697482824326, ""1-2"": 0.12019606679677963}"
1537,-0.04653354,"{""0-1"": -0.04453105106949806, ""0-2"": -0.035633914172649384, ""1-2"": -0.059435658156871796}"
1538,-0.03491935,"{""0-1"": -0.03491934761404991}"
1539,0.01547458,"{""0-1"": -0.01458361279219389, ""0-2"": 0.054105401039123535, ""1-2"": 0.006901964079588652}"
1540,0.98399693,"{""0-1"": 0.9839969277381897}"
1541,-0.03587310,"{""0-1"": -0.10700462758541107, ""0-2"": -0.035645853728055954, ""1-2"": 0.03503118455410004}"
1542,0.17757784,"{""0-1"": -0.15224815905094147, ""0-2"": 0.40312471985816956, ""1-2"": 0.2818569540977478}"
1543,-0.03450150,"{""0-1"": -0.0447174571454525, ""0-2"": -0.005418086890131235, ""1-2"": -0.05336896702647209}"
1544,0.00921680,"{""0-1"": -0.03949664160609245, ""0-2"": 0.007758860941976309, ""1-2"": 0.059388168156147}"
1545,-0.00147902,"{""0-1"": -0.06617455929517746, ""0-2"": 0.03839267045259476, ""1-2"": 0.023344842717051506}"
1546,0.36215132,"{""0-1"": 0.3621513247489929}"
1547,0.04678161,"{""0-1"": 0.07451838254928589, ""0-2"": 0.02781837433576584, ""1-2"": 0.038008082658052444}"
1548,0.99999994,"{""0-1"": 0.9999999403953552}"
1549,1.00000012,"{""0-1"": 1.0000001192092896}"
1550,-0.02102651,"{""0-1"": -0.04977797344326973, ""0-2"": 0.02420218475162983, ""1-2"": -0.03750372678041458}"
1551,-0.09193194,"{""0-1"": -0.09193193912506104}"
1552,0.17679512,"{""0-1"": 0.07261022925376892, ""0-2"": 0.3741528391838074, ""1-2"": 0.08362229913473129}"
1553,0.34132878,"{""0-1"": 0.3766225576400757, ""0-2"": 0.5485899448394775, ""1-2"": 0.09877384454011917}"
1554,0.04399358,"{""0-1"": 0.04399358481168747}"
1555,0.47161371,"{""0-1"": 0.47161370515823364}"
1556,0.18430598,"{""0-1"": 0.11449304968118668, ""0-2"": 0.3851689100265503, ""1-2"": 0.05325598642230034}"
1557,0.43635216,"{""0-1"": 0.4363521635532379}"
1558,0.33590282,"{""0-1"": 0.061844583600759506, ""0-2"": 0.8712422847747803, ""1-2"": 0.07462160289287567}"
1559,-0.01119066,"{""0-1"": -0.027575479820370674, ""0-2"": -0.01575922966003418, ""1-2"": 0.00976274162530899}"
1560,0.12096919,"{""0-1"": 0.21722431480884552, ""0-2"": 0.009462060406804085, ""1-2"": 0.13622120022773743}"
1561,0.43893012,"{""0-1"": 0.384945809841156, ""0-2"": 0.23126712441444397, ""1-2"": 0.700577437877655}"
1562,0.07875238,"{""0-1"": 0.08294015377759933, ""0-2"": 0.09479102492332458, ""1-2"": 0.05852596089243889}"
1563,-0.02090791,"{""0-1"": -0.04746083915233612, ""0-2"": -0.03544933721423149, ""1-2"": 0.020186448469758034}"
1564,-0.06174060,"{""0-1"": -0.020638227462768555, ""0-2"": -0.01919146254658699, ""1-2"": -0.14539211988449097}"
1565,0.06409769,"{""0-1"": 0.15939976274967194, ""0-2"": -0.10592532902956009, ""1-2"": 0.138818621635437}"
1566,0.09523467,"{""0-1"": -0.1764870434999466, ""0-2"": -0.11378142982721329, ""1-2"": 0.5759724974632263}"
1567,-0.02163193,"{""0-1"": -0.021631931886076927}"
1568,-0.03420914,"{""0-1"": -0.10794322937726974, ""0-2"": 0.044355519115924835, ""1-2"": -0.03903970494866371}"
1569,0.16057871,"{""0-1"": 0.2682044208049774, ""0-2"": 0.17944402992725372, ""1-2"": 0.03408767655491829}"
1570,-0.00030903,"{""0-1"": -0.010385476052761078, ""0-2"": -0.009901421144604683, ""1-2"": 0.01935979723930359}"
1571,0.01479729,"{""0-1"": 0.014797285199165344}"
1572,0.01718824,"{""0-1"": 0.017188243567943573}"
1573,-0.07070586,"{""0-1"": -0.08415146917104721, ""0-2"": -0.05724553391337395, ""1-2"": -0.07072057574987411}"
1574,0.13079348,"{""0-1"": 0.1307934820652008}"
1575,0.02510063,"{""0-1"": -0.05164257064461708, ""0-2"": 0.08575298637151718, ""1-2"": 0.04119148850440979}"
1576,0.33896430,"{""0-1"": 0.8460299968719482, ""0-2"": 0.17021550238132477, ""1-2"": 0.0006474123802036047}"
1577,0.03439605,"{""0-1"": -0.019469620659947395, ""0-2"": 0.009080293588340282, ""1-2"": 0.1135774701833725}"
1578,-0.01335369,"{""0-1"": -0.06948703527450562, ""0-2"": 0.05983731895685196, ""1-2"": -0.0304113682359457}"
1579,-0.03462541,"{""0-1"": -0.03677767515182495, ""0-2"": 0.0001541716483188793, ""1-2"": -0.06725271791219711}"
1580,0.31377802,"{""0-1"": 0.9442561268806458, ""0-2"": 0.023167476058006287, ""1-2"": -0.026089541614055634}"
1581,0.10089291,"{""0-1"": 0.35075846314430237, ""0-2"": -0.05124422535300255, ""1-2"": 0.003164504189044237}"
1582,-0.01504154,"{""0-1"": -0.007206918206065893, ""0-2"": -0.05418010801076889, ""1-2"": 0.016262393444776535}"
1583,0.32383414,"{""0-1"": 0.15052179992198944, ""0-2"": -0.058159392327070236, ""1-2"": 0.8791400194168091}"
1584,0.47161371,"{""0-1"": 0.47161370515823364}"
1585,0.01489717,"{""0-1"": 0.014897173270583153}"
1586,0.10492755,"{""0-1"": 0.10492755472660065}"
1587,0.38121290,"{""0-1"": 0.06972678005695343, ""0-2"": 0.07580960541963577, ""1-2"": 0.9981023073196411}"
1588,0.44521875,"{""0-1"": 0.996920645236969, ""0-2"": 0.13647404313087463, ""1-2"": 0.2022615671157837}"
1589,0.02033602,"{""0-1"": 0.02033601701259613}"
1590,0.13001543,"{""0-1"": 0.041006382554769516, ""0-2"": 0.16768208146095276, ""1-2"": 0.18135783076286316}"
1591,0.41035552,"{""0-1"": 0.5061177611351013, ""0-2"": 0.35245969891548157, ""1-2"": 0.3724890947341919}"
1592,-0.02579966,"{""0-1"": -0.025799661874771118}"
1593,0.02425600,"{""0-1"": 0.14128996431827545, ""0-2"": 0.023502888157963753, ""1-2"": -0.09202484786510468}"
1594,0.23795508,"{""0-1"": -0.10997436940670013, ""0-2"": -0.10247194021940231, ""1-2"": 0.9263115525245667}"
1595,0.06762135,"{""0-1"": 0.06858319789171219, ""0-2"": 0.16893278062343597, ""1-2"": -0.03465193137526512}"
1596,1.00000012,"{""0-1"": 1.0000001192092896}"
1597,0.02430428,"{""0-1"": 0.015137198381125927, ""0-2"": 0.0409247949719429, ""1-2"": 0.016850849613547325}"
1598,0.99999994,"{""0-1"": 0.9999999403953552}"
1599,0.09024696,"{""0-1"": 0.09024696052074432}"
1600,0.69751352,"{""0-1"": 0.6975135207176208}"
1601,0.31052359,"{""0-1"": -0.012469403445720673, ""0-2"": -0.0010133328614756465, ""1-2"": 0.9450535178184509}"
1602,-0.05879346,"{""0-1"": -0.058793459087610245}"
1603,-0.09204674,"{""0-1"": -0.08776186406612396, ""0-2"": -0.12681788206100464, ""1-2"": -0.06156047433614731}"
1604,0.11252005,"{""0-1"": 0.11252004653215408}"
1605,-0.03203319,"{""0-1"": -0.017677640542387962, ""0-2"": -0.030321255326271057, ""1-2"": -0.048100680112838745}"
1606,-0.01759858,"{""0-1"": -0.12169332057237625, ""0-2"": 0.03364156559109688, ""1-2"": 0.035256028175354004}"
1607,-0.07625706,"{""0-1"": -0.09158936887979507, ""0-2"": -0.09501951932907104, ""1-2"": -0.04216229170560837}"
1608,-0.04185175,"{""0-1"": -0.041851747781038284}"
1609,-0.00757818,"{""0-1"": -0.008844953961670399, ""0-2"": 0.019867196679115295, ""1-2"": -0.03375678509473801}"
1610,0.07773381,"{""0-1"": 0.06196935847401619, ""0-2"": 0.13361647725105286, ""1-2"": 0.03761560097336769}"
1611,1.00000000,"{""0-1"": 1.0}"
1612,-0.05291281,"{""0-1"": -0.05291280522942543}"
1613,0.18854847,"{""0-1"": 0.002914115320891142, ""0-2"": 0.0001253735099453479, ""1-2"": 0.5626059174537659}"
1614,0.02872189,"{""0-1"": 0.02021242491900921, ""0-2"": 0.02246673032641411, ""1-2"": 0.043486516922712326}"
1615,0.99999994,"{""0-1"": 0.9999999403953552}"
1616,-0.06106100,"{""0-1"": -0.10750113427639008, ""0-2"": 0.049607694149017334, ""1-2"": -0.12528955936431885}"
1617,1.00000000,"{""0-1"": 1.0}"
1618,0.30883652,"{""0-1"": 0.9848750829696655, ""0-2"": 0.048519253730773926, ""1-2"": -0.10688476264476776}"
1619,0.00000000,{}
1620,-0.08293063,"{""0-1"": -0.02307186834514141, ""0-2"": -0.12706467509269714, ""1-2"": -0.0986553430557251}"
1621,0.07850346,"{""0-1"": -0.025674784556031227, ""0-2"": 0.11062357574701309, ""1-2"": 0.15056158602237701}"
1622,0.02115392,"{""0-1"": -0.08323779702186584, ""0-2"": 0.09232454001903534, ""1-2"": 0.05437502637505531}"
1623,0.06553131,"{""0-1"": 0.014897049404680729, ""0-2"": -0.042361777275800705, ""1-2"": 0.22405864298343658}"
1624,-0.03276382,"{""0-1"": -0.017917349934577942, ""0-2"": -0.048499174416065216, ""1-2"": -0.031874947249889374}"
1625,0.09990543,"{""0-1"": 0.09990543127059937}"
1626,0.02872189,"{""0-1"": 0.02021242491900921, ""0-2"": 0.02246673032641411, ""1-2"": 0.043486516922712326}"
1627,0.00000000,{}
1628,-0.09478635,"{""0-1"": -0.09478634595870972}"
1629,0.59931004,"{""0-1"": 0.599310040473938}"
1630,0.02499972,"{""0-1"": 0.003791464725509286, ""0-2"": 0.021418873220682144, ""1-2"": 0.049788810312747955}"
1631,-0.05728897,"{""0-1"": -0.025692446157336235, ""0-2"": 0.0012844502925872803, ""1-2"": -0.14745891094207764}"
1632,0.99999756,"{""0-1"": 0.9999975562095642}"
1633,-0.00881218,"{""0-1"": -0.10935515910387039, ""0-2"": 0.03181347995996475, ""1-2"": 0.051105134189128876}"
1634,-0.18267351,"{""0-1"": -0.18267351388931274}"
1635,0.30165827,"{""0-1"": 0.8151026368141174, ""0-2"": -0.009326228871941566, ""1-2"": 0.09919840842485428}"
1636,0.15143615,"{""0-1"": 0.15143615007400513}"
1637,0.10227609,"{""0-1"": 0.10227609425783157}"
1638,0.15624581,"{""0-1"": 0.4433363974094391, ""0-2"": 0.028804292902350426, ""1-2"": -0.0034032741095870733}"
1639,0.13984271,"{""0-1"": 0.30353230237960815, ""0-2"": -0.05703503638505936, ""1-2"": 0.17303085327148438}"
1640,-0.00450247,"{""0-1"": -0.04631243646144867, ""0-2"": 0.039554327726364136, ""1-2"": -0.006749290507286787}"
1641,-0.00562985,"{""0-1"": -0.02629307471215725, ""0-2"": -0.0008295759907923639, ""1-2"": 0.010233087465167046}"
1642,0.99999994,"{""0-1"": 0.9999999403953552}"
1643,0.33976993,"{""0-1"": 0.9859154224395752, ""0-2"": 0.028192084282636642, ""1-2"": 0.00520229060202837}"
1644,-0.01735638,"{""0-1"": -0.06266721338033676, ""0-2"": 0.0033817740622907877, ""1-2"": 0.007216298952698708}"
1645,-0.00913945,"{""0-1"": -0.05222588777542114, ""0-2"": 0.025332262739539146, ""1-2"": -0.0005247202352620661}"
1646,0.00779284,"{""0-1"": 0.028335340321063995, ""0-2"": -0.09339240938425064, ""1-2"": 0.0884355753660202}"
1647,-0.06522376,"{""0-1"": -0.0861184298992157, ""0-2"": -0.056940026581287384, ""1-2"": -0.052612826228141785}"
1648,0.47490305,"{""0-1"": 0.47490304708480835}"
1649,0.00449992,"{""0-1"": -0.014183939434587955, ""0-2"": -0.017604878172278404, ""1-2"": 0.0452885664999485}"
1650,0.57480013,"{""0-1"": 0.5748001337051392}"
1651,0.10089291,"{""0-1"": 0.35075846314430237, ""0-2"": -0.05124422535300255, ""1-2"": 0.003164504189044237}"
1652,-0.03681367,"{""0-1"": -0.0822141095995903, ""0-2"": -0.010525676421821117, ""1-2"": -0.017701219767332077}"
1653,0.04307837,"{""0-1"": 0.14320047199726105, ""0-2"": -0.00015181420894805342, ""1-2"": -0.013813532888889313}"
1654,0.19729117,"{""0-1"": 0.035848356783390045, ""0-2"": -0.049568064510822296, ""1-2"": 0.605593204498291}"
1655,-0.02575936,"{""0-1"": -0.03082844242453575, ""0-2"": -0.08216714859008789, ""1-2"": 0.03571750968694687}"
1656,0.00000000,{}
1657,0.01496258,"{""0-1"": 0.017531275749206543, ""0-2"": 0.006922801025211811, ""1-2"": 0.020433658733963966}"
1658,0.15937142,"{""0-1"": 0.49491721391677856, ""0-2"": 0.0013422133633866906, ""1-2"": -0.01814517378807068}"
1659,0.99971455,"{""0-1"": 0.9997145533561707}"
1660,0.33573972,"{""0-1"": 0.9361619353294373, ""0-2"": 0.03664978966116905, ""1-2"": 0.034407440572977066}"
1661,0.79352945,"{""0-1"": 0.7935294508934021}"
1662,0.01589079,"{""0-1"": 0.1681240200996399, ""0-2"": -0.3107720911502838, ""1-2"": 0.1903204321861267}"
1663,0.97840005,"{""0-1"": 0.9784000515937805}"
1664,0.21712604,"{""0-1"": 0.2171260416507721}"
1665,0.14267047,"{""0-1"": 0.040376827120780945, ""0-2"": 0.31458598375320435, ""1-2"": 0.07304860651493073}"
1666,0.05240971,"{""0-1"": 0.1504615992307663, ""0-2"": 0.008156584575772285, ""1-2"": -0.0013890541158616543}"
1667,0.01826908,"{""0-1"": 0.008339343592524529, ""0-2"": 0.00023088841408025473, ""1-2"": 0.04623700678348541}"
1668,-0.09391455,"{""0-1"": -0.23495274782180786, ""0-2"": -0.03970564156770706, ""1-2"": -0.007085255812853575}"
1669,0.98164171,"{""0-1"": 0.9816417098045349}"
1670,0.99999964,"{""0-1"": 0.9999996423721313}"
1671,0.17430140,"{""0-1"": 0.1743014007806778}"
1672,-0.00955412,"{""0-1"": -0.04079190641641617, ""0-2"": 0.03527067229151726, ""1-2"": -0.02314111962914467}"
1673,-0.02334103,"{""0-1"": -0.0662706047296524, ""0-2"": -0.034040987491607666, ""1-2"": 0.03028850257396698}"
1674,-0.08384480,"{""0-1"": -0.017046064138412476, ""0-2"": -0.0634932890534401, ""1-2"": -0.17099504172801971}"
1675,0.08292044,"{""0-1"": -0.017088303342461586, ""0-2"": 0.0560622401535511, ""1-2"": 0.20978736877441406}"
1676,0.05629023,"{""0-1"": 0.05629022791981697}"
1677,-0.01612713,"{""0-1"": -0.04474444314837456, ""0-2"": 0.006776121910661459, ""1-2"": -0.010413079522550106}"
1678,0.04722180,"{""0-1"": -0.013252485543489456, ""0-2"": 0.03021463192999363, ""1-2"": 0.12470326572656631}"
1679,-0.06190600,"{""0-1"": 0.06512916833162308, ""0-2"": -0.03918476402759552, ""1-2"": -0.2116624116897583}"
1680,0.00000000,{}
1681,1.00000012,"{""0-1"": 1.0000001192092896}"
1682,0.02455272,"{""0-1"": 0.024552717804908752}"
1683,0.00000000,{}
1684,0.04000916,"{""0-1"": 0.013165507465600967, ""0-2"": 0.03659491240978241, ""1-2"": 0.07026705145835876}"
1685,0.04881985,"{""0-1"": 0.06165891885757446, ""0-2"": 0.043758995831012726, ""1-2"": 0.041041623800992966}"
1686,0.00000000,{}
1687,0.22239551,"{""0-1"": 0.22239550948143005}"
1688,0.03900851,"{""0-1"": 0.006324100773781538, ""0-2"": 0.171563521027565, ""1-2"": -0.06086207926273346}"
1689,0.00491119,"{""0-1"": -0.05246651545166969, ""0-2"": 0.18153992295265198, ""1-2"": -0.11433983594179153}"
1690,0.99999970,"{""0-1"": 0.9999997019767761}"
1691,0.00855590,"{""0-1"": 0.0379888080060482, ""0-2"": -0.02167714759707451, ""1-2"": 0.009356052614748478}"
1692,-0.04653354,"{""0-1"": -0.04453105106949806, ""0-2"": -0.035633914172649384, ""1-2"": -0.059435658156871796}"
1693,0.01480730,"{""0-1"": 0.01480729877948761}"
1694,-0.00409527,"{""0-1"": 0.0281940009444952, ""0-2"": -0.01815928891301155, ""1-2"": -0.022320514544844627}"
1695,0.06635236,"{""0-1"": 0.14484301209449768, ""0-2"": 0.019456394016742706, ""1-2"": 0.034757666289806366}"
1696,0.07175972,"{""0-1"": 0.08360885828733444, ""0-2"": 0.053620025515556335, ""1-2"": 0.07805027067661285}"
1697,0.16057871,"{""0-1"": 0.2682044208049774, ""0-2"": 0.17944402992725372, ""1-2"": 0.03408767655491829}"
1698,0.00435881,"{""0-1"": 0.027516743168234825, ""0-2"": -0.11128567904233932, ""1-2"": 0.09684537351131439}"
1699,0.00561599,"{""0-1"": 0.005615991074591875}"
1700,0.08768740,"{""0-1"": 0.1730402261018753, ""0-2"": 0.08876416832208633, ""1-2"": 0.0012578193563967943}"
1701,0.27260444,"{""0-1"": 0.0873161181807518, ""0-2"": 0.6824617385864258, ""1-2"": 0.04803546518087387}"
1702,0.06734753,"{""0-1"": 0.06734753400087357}"
1703,0.99999815,"{""0-1"": 0.999998152256012}"
1704,0.72147042,"{""0-1"": 0.7214704155921936}"
1705,0.10693261,"{""0-1"": 0.1069326102733612}"
1706,0.05516361,"{""0-1"": 0.21169054508209229, ""0-2"": 0.025645770132541656, ""1-2"": -0.07184547185897827}"
1707,0.30297542,"{""0-1"": -0.11318548023700714, ""0-2"": 0.8452877402305603, ""1-2"": 0.17682400345802307}"
1708,-0.01308961,"{""0-1"": -0.013089613988995552}"
1709,0.07325119,"{""0-1"": 0.07325118780136108}"
1710,-0.02188145,"{""0-1"": 0.0007449467666447163, ""0-2"": -0.07582103461027145, ""1-2"": 0.009431729093194008}"
1711,0.19474706,"{""0-1"": 0.19474706053733826}"
1712,0.92200583,"{""0-1"": 0.922005832195282}"
1713,0.00000000,{}
1714,-0.00518336,"{""0-1"": -0.03589772433042526, ""0-2"": -0.024532942101359367, ""1-2"": 0.04488058015704155}"
1715,0.01097989,"{""0-1"": -0.023128455504775047, ""0-2"": -0.03654774650931358, ""1-2"": 0.09261586517095566}"
1716,0.05954206,"{""0-1"": 0.02240590937435627, ""0-2"": 0.013289667665958405, ""1-2"": 0.14293061196804047}"
1717,0.02872189,"{""0-1"": 0.02021242491900921, ""0-2"": 0.02246673032641411, ""1-2"": 0.043486516922712326}"
1718,-0.04653354,"{""0-1"": -0.04453105106949806, ""0-2"": -0.035633914172649384, ""1-2"": -0.059435658156871796}"
1719,0.01043566,"{""0-1"": 0.08432900905609131, ""0-2"": -0.036895133554935455, ""1-2"": -0.016126908361911774}"
1720,0.09558777,"{""0-1"": -0.0007326185586862266, ""0-2"": -0.0118410624563694, ""1-2"": 0.2993369996547699}"
1721,-0.07261616,"{""0-1"": -0.24613389372825623, ""0-2"": -0.03402021899819374, ""1-2"": 0.06230562552809715}"
1722,-0.01344336,"{""0-1"": -0.08374792337417603, ""0-2"": 0.03399283438920975, ""1-2"": 0.009425017051398754}"
1723,0.78952950,"{""0-1"": 0.7895295023918152}"
1724,-0.04035171,"{""0-1"": -0.19951461255550385, ""0-2"": 0.0730544701218605, ""1-2"": 0.00540501344949007}"
1725,-0.06362572,"{""0-1"": -0.10582076013088226, ""0-2"": -0.047998201102018356, ""1-2"": -0.03705820441246033}"
1726,0.10785954,"{""0-1"": 0.21568229794502258, ""0-2"": -0.0012469113571569324, ""1-2"": 0.1091432198882103}"
1727,-0.07335683,"{""0-1"": -0.07345723360776901, ""0-2"": 0.010918142274022102, ""1-2"": -0.15753139555454254}"
1728,0.07005114,"{""0-1"": 0.012990708462893963, ""0-2"": 0.0841987133026123, ""1-2"": 0.11296399682760239}"
1729,-0.01937999,"{""0-1"": -0.05946565791964531, ""0-2"": -0.020712796598672867, ""1-2"": 0.02203848399221897}"
1730,-0.01631653,"{""0-1"": 0.014581892639398575, ""0-2"": -0.08142133057117462, ""1-2"": 0.0178898386657238}"
1731,0.44026062,"{""0-1"": 0.4402606189250946}"
1732,-0.03198913,"{""0-1"": -0.032176423817873, ""0-2"": -0.012681730091571808, ""1-2"": -0.051109232008457184}"
1733,0.04045141,"{""0-1"": 0.027746250852942467, ""0-2"": 0.06530208140611649, ""1-2"": 0.02830589935183525}"
1734,0.51502146,"{""0-1"": 0.2869320809841156, ""0-2"": 0.2734168469905853, ""1-2"": 0.984715461730957}"
1735,0.99999863,"{""0-1"": 0.9999986290931702}"
1736,0.25110009,"{""0-1"": 0.9110102653503418, ""0-2"": -0.13087230920791626, ""1-2"": -0.026837674900889397}"
1737,-0.00672443,"{""0-1"": -0.11415129154920578, ""0-2"": -0.029729722067713737, ""1-2"": 0.12370773404836655}"
1738,0.02461362,"{""0-1"": -0.03142329677939415, ""0-2"": -0.07179461419582367, ""1-2"": 0.17705877125263214}"
1739,-0.07292282,"{""0-1"": 0.007838550955057144, ""0-2"": -0.14088594913482666, ""1-2"": -0.08572105318307877}"
1740,-0.04635689,"{""0-1"": -0.0036501390859484673, ""0-2"": -0.16078011691570282, ""1-2"": 0.02535957843065262}"
1741,0.07243006,"{""0-1"": 0.07243005931377411}"
1742,0.27184548,"{""0-1"": -0.0034252183977514505, ""0-2"": 0.05919579789042473, ""1-2"": 0.7597658634185791}"
1743,0.00000000,{}
1744,0.99647075,"{""0-1"": 0.9964707493782043}"
1745,0.00534158,"{""0-1"": 0.025674987584352493, ""0-2"": 0.007805412635207176, ""1-2"": -0.01745566725730896}"
1746,0.13147531,"{""0-1"": 0.09477365761995316, ""0-2"": 0.2370336502790451, ""1-2"": 0.06261863559484482}"
1747,-0.04714521,"{""0-1"": -0.07560989260673523, ""0-2"": -0.029376549646258354, ""1-2"": -0.03644919395446777}"
1748,0.38919433,"{""0-1"": 0.2633075416088104, ""0-2"": 0.8306048512458801, ""1-2"": 0.07367059588432312}"
1749,1.00000012,"{""0-1"": 1.0000001192092896}"
1750,0.05848432,"{""0-1"": -0.013017082586884499, ""0-2"": 0.09306634962558746, ""1-2"": 0.09540370106697083}"
1751,0.09814134,"{""0-1"": -0.007267022971063852, ""0-2"": -0.009537672623991966, ""1-2"": 0.3112287223339081}"
1752,-0.06048956,"{""0-1"": -0.04897457733750343, ""0-2"": 0.03914729878306389, ""1-2"": -0.17164140939712524}"
1753,0.00644082,"{""0-1"": -0.026050658896565437, ""0-2"": -0.020622728392481804, ""1-2"": 0.06599583476781845}"
1754,0.27622091,"{""0-1"": 0.9811096787452698, ""0-2"": -0.051413170993328094, ""1-2"": -0.1010337695479393}"
1755,0.06516735,"{""0-1"": 0.06516734510660172}"
1756,0.20093155,"{""0-1"": 0.20093154907226562}"
1757,-0.03164853,"{""0-1"": -0.031648531556129456}"
1758,0.99999863,"{""0-1"": 0.9999986290931702}"
1759,0.04912119,"{""0-1"": 0.07906519621610641, ""0-2"": 0.012620591558516026, ""1-2"": 0.055677786469459534}"
1760,0.55667710,"{""0-1"": 0.5566771030426025}"
1761,0.01917660,"{""0-1"": 0.019176598638296127}"
1762,-0.02632015,"{""0-1"": -0.045880768448114395, ""0-2"": 0.007660348899662495, ""1-2"": -0.04074002802371979}"
1763,0.50423893,"{""0-1"": 0.9820528030395508, ""0-2"": 0.24554479122161865, ""1-2"": 0.2851192057132721}"
1764,0.00340048,"{""0-1"": 0.020093832165002823, ""0-2"": -0.14043691754341125, ""1-2"": 0.130544513463974}"
1765,-0.01964760,"{""0-1"": -0.005055674351751804, ""0-2"": -0.03983377665281296, ""1-2"": -0.014053335413336754}"
1766,0.06634060,"{""0-1"": 0.054228030145168304, ""0-2"": 0.18682114779949188, ""1-2"": -0.04202737659215927}"
1767,-0.08833853,"{""0-1"": -0.12219668924808502, ""0-2"": -0.09976265579462051, ""1-2"": -0.043056245893239975}"
1768,0.04271410,"{""0-1"": 0.011963280849158764, ""0-2"": 0.04566427692770958, ""1-2"": 0.0705147534608841}"
1769,0.04215392,"{""0-1"": 0.042153917253017426}"
1770,0.02499972,"{""0-1"": 0.003791464725509286, ""0-2"": 0.021418873220682144, ""1-2"": 0.049788810312747955}"
1771,0.30178231,"{""0-1"": 0.882526159286499, ""0-2"": 0.025747377425432205, ""1-2"": -0.002926612040027976}"
1772,-0.00149042,"{""0-1"": 0.0811360701918602, ""0-2"": -0.10616083443164825, ""1-2"": 0.020553501322865486}"
1773,-0.03206444,"{""0-1"": -0.027936959639191628, ""0-2"": -0.03982133790850639, ""1-2"": -0.028435027226805687}"
1774,0.18573124,"{""0-1"": 0.08651062846183777, ""0-2"": 0.10509548336267471, ""1-2"": 0.36558762192726135}"
1775,-0.02571243,"{""0-1"": -0.025712426751852036}"
1776,0.65740049,"{""0-1"": 0.6574004888534546}"
1777,-0.20284863,"{""0-1"": -0.2028486281633377}"
1778,0.54351741,"{""0-1"": 0.5435174107551575}"
1779,-0.04636616,"{""0-1"": -0.1026989296078682, ""0-2"": -0.03348582237958908, ""1-2"": -0.0029137185774743557}"
1780,0.00563979,"{""0-1"": 0.021734001114964485, ""0-2"": -0.002181521151214838, ""1-2"": -0.002633102471008897}"
1781,0.55531490,"{""0-1"": 0.5553148984909058}"
1782,-0.03420914,"{""0-1"": -0.10794322937726974, ""0-2"": 0.044355519115924835, ""1-2"": -0.03903970494866371}"
1783,0.02458744,"{""0-1"": 0.024587437510490417}"
1784,0.12376204,"{""0-1"": -0.0543389767408371, ""0-2"": 0.030391696840524673, ""1-2"": 0.3952333927154541}"
1785,0.22430104,"{""0-1"": 0.08115911483764648, ""0-2"": 0.6709346175193787, ""1-2"": -0.07919061183929443}"
1786,0.31141565,"{""0-1"": 0.8964622020721436, ""0-2"": -0.04196741059422493, ""1-2"": 0.07975216954946518}"
1787,0.02010862,"{""0-1"": 0.06331243366003036, ""0-2"": 0.034962814301252365, ""1-2"": -0.037949394434690475}"
1788,-0.09849981,"{""0-1"": -0.10006262362003326, ""0-2"": -0.1564570516347885, ""1-2"": -0.03897975757718086}"
1789,-0.02370746,"{""0-1"": -0.02370746247470379}"
1790,0.11725211,"{""0-1"": 0.5313276052474976, ""0-2"": -0.05820738896727562, ""1-2"": -0.12136390060186386}"
1791,0.20642581,"{""0-1"": 0.03204554319381714, ""0-2"": 0.396230012178421, ""1-2"": 0.19100187718868256}"
1792,0.61470824,"{""0-1"": 0.6147082448005676}"
1793,0.09024696,"{""0-1"": 0.09024696052074432}"
1794,0.84983206,"{""0-1"": 0.8498320579528809}"
1795,0.00000000,{}
1796,-0.01854273,"{""0-1"": -0.09014100581407547, ""0-2"": -0.04033194109797478, ""1-2"": 0.07484474778175354}"
1797,0.06420831,"{""0-1"": 0.08358479291200638, ""0-2"": 0.04074280336499214, ""1-2"": 0.06829732656478882}"
1798,0.06939599,"{""0-1"": 0.23189327120780945, ""0-2"": -0.0018082703463733196, ""1-2"": -0.021897025406360626}"
1799,0.10506498,"{""0-1"": 0.031025730073451996, ""0-2"": 0.03766150772571564, ""1-2"": 0.2465076893568039}"
1800,0.00230432,"{""0-1"": 0.022820746526122093, ""0-2"": 0.024410592392086983, ""1-2"": -0.04031836614012718}"
1801,0.96530545,"{""0-1"": 0.9653054475784302}"
1802,-0.01285178,"{""0-1"": 0.011449718847870827, ""0-2"": -0.028500834479928017, ""1-2"": -0.02150423265993595}"
1803,0.00345256,"{""0-1"": -0.008292517624795437, ""0-2"": 0.039727576076984406, ""1-2"": -0.021077370271086693}"
1804,-0.05227014,"{""0-1"": -0.05227014049887657}"
1805,0.22239551,"{""0-1"": 0.22239550948143005}"
1806,-0.04180451,"{""0-1"": -0.10377133637666702, ""0-2"": 0.07040833681821823, ""1-2"": -0.09205053746700287}"
1807,1.00000012,"{""0-1"": 1.0000001192092896}"
1808,-0.01691838,"{""0-1"": 0.03850347176194191, ""0-2"": -0.010762513615190983, ""1-2"": -0.07849609106779099}"
1809,-0.04035171,"{""0-1"": -0.19951461255550385, ""0-2"": 0.0730544701218605, ""1-2"": 0.00540501344949007}"
1810,0.06155715,"{""0-1"": 0.021041326224803925, ""0-2"": 0.14318203926086426, ""1-2"": 0.020448094233870506}"
1811,0.21074252,"{""0-1"": 0.025388943031430244, ""0-2"": 0.548468291759491, ""1-2"": 0.05837031826376915}"
1812,0.95808864,"{""0-1"": 0.9580886363983154}"
1813,-0.11516719,"{""0-1"": -0.22610367834568024, ""0-2"": -0.013198920525610447, ""1-2"": -0.10619897395372391}"
1814,0.05155044,"{""0-1"": 0.005880489479750395, ""0-2"": -0.009577320888638496, ""1-2"": 0.15834815800189972}"
1815,0.20815916,"{""0-1"": 0.6684041023254395, ""0-2"": -0.009109146893024445, ""1-2"": -0.03481748700141907}"
1816,0.48600492,"{""0-1"": 0.48600491881370544}"
1817,0.02598301,"{""0-1"": 0.025983009487390518}"
1818,0.02309301,"{""0-1"": 0.023093007504940033}"
1819,0.03697032,"{""0-1"": 0.036970317363739014}"
1820,0.99999964,"{""0-1"": 0.9999996423721313}"
1821,0.05629023,"{""0-1"": 0.05629022791981697}"
1822,0.02203307,"{""0-1"": 0.021498091518878937, ""0-2"": -0.0020700942259281874, ""1-2"": 0.04667121171951294}"
1823,-0.09360645,"{""0-1"": 0.0021059978753328323, ""0-2"": -0.11870567500591278, ""1-2"": -0.1642196774482727}"
1824,0.01803348,"{""0-1"": -0.09387030452489853, ""0-2"": 0.1221170499920845, ""1-2"": 0.02585369348526001}"
1825,-0.03491935,"{""0-1"": -0.03491934761404991}"
1826,0.03815958,"{""0-1"": 0.002199435606598854, ""0-2"": 0.04284682869911194, ""1-2"": 0.06943248957395554}"
1827,0.02458744,"{""0-1"": 0.024587437510490417}"
1828,0.99999958,"{""0-1"": 0.9999995827674866}"
1829,-0.02324308,"{""0-1"": 0.0038621672429144382, ""0-2"": 0.019680116325616837, ""1-2"": -0.09327151626348495}"
1830,0.01235755,"{""0-1"": 0.04647556692361832, ""0-2"": -0.04335644468665123, ""1-2"": 0.033953532576560974}"
1831,0.04307837,"{""0-1"": 0.14320047199726105, ""0-2"": -0.00015181420894805342, ""1-2"": -0.013813532888889313}"
1832,0.99999863,"{""0-1"": 0.9999986290931702}"
1833,0.08276252,"{""0-1"": 0.08202430605888367, ""0-2"": -0.04645554721355438, ""1-2"": 0.21271879971027374}"
1834,0.47568891,"{""0-1"": 0.9102770090103149, ""0-2"": 0.27884969115257263, ""1-2"": 0.23794002830982208}"
1835,0.16476808,"{""0-1"": 0.16476808488368988}"
1836,0.00000000,{}
1837,0.20224702,"{""0-1"": 0.5674554109573364, ""0-2"": -0.030096786096692085, ""1-2"": 0.06938242167234421}"
1838,0.01444199,"{""0-1"": -0.03865861892700195, ""0-2"": 0.012362688779830933, ""1-2"": 0.06962189078330994}"
1839,0.00563979,"{""0-1"": 0.021734001114964485, ""0-2"": -0.002181521151214838, ""1-2"": -0.002633102471008897}"
1840,0.27479008,"{""0-1"": 0.27479007840156555}"
1841,0.09024696,"{""0-1"": 0.09024696052074432}"
1842,-0.03164853,"{""0-1"": -0.031648531556129456}"
1843,0.05204041,"{""0-1"": 0.2378743588924408, ""0-2"": 0.010810056701302528, ""1-2"": -0.0925631895661354}"
1844,0.14267047,"{""0-1"": 0.040376827120780945, ""0-2"": 0.31458598375320435, ""1-2"": 0.07304860651493073}"
1845,-0.03251293,"{""0-1"": -0.014257164672017097, ""0-2"": 0.015146870166063309, ""1-2"": -0.09842850267887115}"
1846,0.30612464,"{""0-1"": 0.9986584186553955, ""0-2"": -0.04005962982773781, ""1-2"": -0.040224868804216385}"
1847,-0.02941607,"{""0-1"": 0.01958133652806282, ""0-2"": -0.10603446513414383, ""1-2"": -0.0017950673354789615}"
1848,0.69785321,"{""0-1"": 0.6978532075881958}"
1849,0.02291788,"{""0-1"": -0.03338811174035072, ""0-2"": 0.03247559070587158, ""1-2"": 0.06966614723205566}"
1850,0.27175826,"{""0-1"": 0.2717582583427429}"
1851,0.00254225,"{""0-1"": -0.004774215631186962, ""0-2"": 0.011870459653437138, ""1-2"": 0.0005305128288455307}"
1852,0.79352945,"{""0-1"": 0.7935294508934021}"
1853,0.27148828,"{""0-1"": 0.048942167311906815, ""0-2"": 0.6595318913459778, ""1-2"": 0.10599076747894287}"
1854,0.15551154,"{""0-1"": -0.04016212746500969, ""0-2"": 0.4962613582611084, ""1-2"": 0.010435378178954124}"
1855,-0.00495451,"{""0-1"": -0.041319120675325394, ""0-2"": -0.059405311942100525, ""1-2"": 0.08586089313030243}"
1856,-0.08981306,"{""0-1"": -0.08981306105852127}"
1857,0.11938389,"{""0-1"": 0.11938388645648956}"
1858,0.06412173,"{""0-1"": 0.030388977378606796, ""0-2"": 0.014832744374871254, ""1-2"": 0.14714348316192627}"
1859,0.00447898,"{""0-1"": -0.03142513707280159, ""0-2"": -0.06501087546348572, ""1-2"": 0.10987294465303421}"
1860,0.02203307,"{""0-1"": 0.021498091518878937, ""0-2"": -0.0020700942259281874, ""1-2"": 0.04667121171951294}"
1861,0.07144236,"{""0-1"": -0.013994887471199036, ""0-2"": 0.19323140382766724, ""1-2"": 0.035090554505586624}"
1862,0.00033376,"{""0-1"": -0.018527276813983917, ""0-2"": -0.087052121758461, ""1-2"": 0.10658067464828491}"
1863,0.08110666,"{""0-1"": 0.08110666275024414}"
1864,0.04709568,"{""0-1"": -0.0977947786450386, ""0-2"": 0.00596176041290164, ""1-2"": 0.23312005400657654}"
1865,0.01860790,"{""0-1"": -0.024632727727293968, ""0-2"": -0.013079226948320866, ""1-2"": 0.0935356616973877}"
1866,-0.03164257,"{""0-1"": -0.03164256736636162}"
1867,0.04006363,"{""0-1"": 0.016338378190994263, ""0-2"": 0.03302738815546036, ""1-2"": 0.07082513719797134}"
1868,-0.04574169,"{""0-1"": 0.0058129532262682915, ""0-2"": 0.05721333250403404, ""1-2"": -0.20025135576725006}"
1869,1.00000000,"{""0-1"": 1.0}"
1870,0.45757675,"{""0-1"": 0.9966943860054016, ""0-2"": 0.1510525792837143, ""1-2"": 0.22498327493667603}"
1871,0.00534158,"{""0-1"": 0.025674987584352493, ""0-2"": 0.007805412635207176, ""1-2"": -0.01745566725730896}"
1872,0.01190541,"{""0-1"": -0.05941213294863701, ""0-2"": 0.06123179569840431, ""1-2"": 0.03389657661318779}"
1873,0.02499972,"{""0-1"": 0.003791464725509286, ""0-2"": 0.021418873220682144, ""1-2"": 0.049788810312747955}"
1874,0.02953094,"{""0-1"": 0.02953093685209751}"
1875,0.02872189,"{""0-1"": 0.02021242491900921, ""0-2"": 0.02246673032641411, ""1-2"": 0.043486516922712326}"
1876,-0.03381781,"{""0-1"": -0.033044423907995224, ""0-2"": -0.01987895928323269, ""1-2"": -0.048530034720897675}"
1877,-0.03791824,"{""0-1"": -0.03791823610663414}"
1878,-0.04549192,"{""0-1"": -0.04549191892147064}"
1879,0.30585295,"{""0-1"": 0.9988039135932922, ""0-2"": -0.039433080703020096, ""1-2"": -0.0418119803071022}"
1880,0.01477592,"{""0-1"": 0.01477592159062624}"
1881,-0.04043120,"{""0-1"": -0.03555620089173317, ""0-2"": -0.04397386312484741, ""1-2"": -0.0417635440826416}"
1882,0.02076597,"{""0-1"": 0.020765967667102814}"
1883,0.04701566,"{""0-1"": 0.04701566323637962}"
1884,-0.01721544,"{""0-1"": 0.03574909642338753, ""0-2"": -0.054842885583639145, ""1-2"": -0.032552532851696014}"
1885,0.06398490,"{""0-1"": 0.47210079431533813, ""0-2"": -0.17837359011173248, ""1-2"": -0.1017724946141243}"
1886,1.00000000,"{""0-1"": 1.0}"
1887,0.11859940,"{""0-1"": 0.11859939992427826}"
1888,0.07839663,"{""0-1"": -0.11310698837041855, ""0-2"": 0.0013351384550333023, ""1-2"": 0.34696173667907715}"
1889,0.32983124,"{""0-1"": 0.8808157444000244, ""0-2"": 0.033484045416116714, ""1-2"": 0.07519392669200897}"
1890,0.29621761,"{""0-1"": 0.046085089445114136, ""0-2"": 0.11165184527635574, ""1-2"": 0.730915904045105}"
1891,0.05940343,"{""0-1"": 0.07474026083946228, ""0-2"": 0.01599259115755558, ""1-2"": 0.0874774381518364}"
1892,0.07151029,"{""0-1"": 0.2292381376028061, ""0-2"": -0.0005051661864854395, ""1-2"": -0.01420210674405098}"
1893,-0.00660204,"{""0-1"": 0.06697690486907959, ""0-2"": -0.06056462600827217, ""1-2"": -0.026218390092253685}"
1894,-0.04035171,"{""0-1"": -0.19951461255550385, ""0-2"": 0.0730544701218605, ""1-2"": 0.00540501344949007}"
1895,0.00649934,"{""0-1"": -0.010110338218510151, ""0-2"": -0.0176059752702713, ""1-2"": 0.047214340418577194}"
1896,0.06702898,"{""0-1"": 0.30728062987327576, ""0-2"": -0.04338587075471878, ""1-2"": -0.06280780583620071}"
1897,0.00893319,"{""0-1"": 0.031187964603304863, ""0-2"": 0.02221599593758583, ""1-2"": -0.026604391634464264}"
1898,0.00000000,{}
1899,0.51892090,"{""0-1"": 0.9936798810958862, ""0-2"": 0.321317583322525, ""1-2"": 0.24176523089408875}"
1900,0.17739073,"{""0-1"": -0.0008295480511151254, ""0-2"": 0.3370918035507202, ""1-2"": 0.19590994715690613}"
1901,0.20753717,"{""0-1"": 0.671933650970459, ""0-2"": -0.01588672585785389, ""1-2"": -0.03343542665243149}"
1902,0.00000000,{}
1903,0.05629023,"{""0-1"": 0.05629022791981697}"
1904,0.08293515,"{""0-1"": 0.1382112056016922, ""0-2"": 0.1188582330942154, ""1-2"": -0.008263980969786644}"
1905,0.07706614,"{""0-1"": 0.07706613838672638}"
1906,0.04610623,"{""0-1"": 0.017625518143177032, ""0-2"": 0.10067138820886612, ""1-2"": 0.020021796226501465}"
1907,0.76995474,"{""0-1"": 0.7699547410011292}"
1908,1.00000000,"{""0-1"": 1.0}"
1909,0.99999952,"{""0-1"": 0.9999995231628418}"
1910,0.22663326,"{""0-1"": 0.01794351637363434, ""0-2"": 0.44307857751846313, ""1-2"": 0.21887768805027008}"
1911,0.01276962,"{""0-1"": 0.06511691957712173, ""0-2"": -0.05167025700211525, ""1-2"": 0.02486218884587288}"
1912,-0.10639649,"{""0-1"": -0.071352519094944, ""0-2"": -0.12308378517627716, ""1-2"": -0.12475316971540451}"
1913,-0.05361821,"{""0-1"": -0.03509773686528206, ""0-2"": -0.08446966856718063, ""1-2"": -0.04128722473978996}"
1914,0.33629611,"{""0-1"": 0.9912722110748291, ""0-2"": 0.016364235430955887, ""1-2"": 0.0012518855510279536}"
1915,0.18273564,"{""0-1"": -0.06997271627187729, ""0-2"": -0.04242704063653946, ""1-2"": 0.6606066823005676}"
1916,0.09990543,"{""0-1"": 0.09990543127059937}"
1917,0.27479008,"{""0-1"": 0.27479007840156555}"
1918,0.07894398,"{""0-1"": -0.027025554329156876, ""0-2"": -0.013607616536319256, ""1-2"": 0.2774651050567627}"
1919,0.06842432,"{""0-1"": 0.10395153611898422, ""0-2"": 0.05643996596336365, ""1-2"": 0.04488144814968109}"
1920,0.04546699,"{""0-1"": 0.045466989278793335}"
1921,0.02473107,"{""0-1"": 0.015686163678765297, ""0-2"": 0.10172951966524124, ""1-2"": -0.043222472071647644}"
1922,0.21647400,"{""0-1"": 0.6384440660476685, ""0-2"": 0.10622621327638626, ""1-2"": -0.095248281955719}"
1923,0.06480817,"{""0-1"": 0.16103093326091766, ""0-2"": -0.03190799057483673, ""1-2"": 0.0653015524148941}"
1924,0.18608085,"{""0-1"": 0.582757830619812, ""0-2"": -0.01692655123770237, ""1-2"": -0.007588735315948725}"
1925,0.76194668,"{""0-1"": 0.7619466781616211}"
1926,0.13105902,"{""0-1"": 0.0029276497662067413, ""0-2"": -0.015501555055379868, ""1-2"": 0.40575096011161804}"
1927,0.32859423,"{""0-1"": 0.9835035800933838, ""0-2"": -0.00323683163151145, ""1-2"": 0.005515926983207464}"
1928,0.06734753,"{""0-1"": 0.06734753400087357}"
1929,0.99521542,"{""0-1"": 0.9952154159545898}"
1930,0.00807681,"{""0-1"": 0.008076811209321022}"
1931,-0.01196199,"{""0-1"": -0.09847841411828995, ""0-2"": -0.0824069157242775, ""1-2"": 0.14499935507774353}"
1932,0.23458574,"{""0-1"": 0.7184463143348694, ""0-2"": 0.008408674038946629, ""1-2"": -0.02309776097536087}"
1933,0.00000000,{}
1934,0.30232882,"{""0-1"": 0.30232882499694824}"
1935,0.05535925,"{""0-1"": -0.01175708882510662, ""0-2"": 0.041575510054826736, ""1-2"": 0.13625933229923248}"
1936,0.18089053,"{""0-1"": 0.2376919686794281, ""0-2"": -0.0065978895872831345, ""1-2"": 0.3115774989128113}"
1937,0.10640017,"{""0-1"": 0.3903224766254425, ""0-2"": -0.053315017372369766, ""1-2"": -0.01780693791806698}"
1938,0.00000000,{}
1939,0.27969965,"{""0-1"": 0.5240523219108582, ""0-2"": 0.13242338597774506, ""1-2"": 0.1826232373714447}"
1940,-0.04420429,"{""0-1"": 0.014843384735286236, ""0-2"": -0.17541615664958954, ""1-2"": 0.027959903702139854}"
1941,0.33546364,"{""0-1"": 0.5627570152282715, ""0-2"": 0.5129149556159973, ""1-2"": -0.06928105652332306}"
1942,0.09990543,"{""0-1"": 0.09990543127059937}"
1943,0.28549920,"{""0-1"": 0.9709994196891785, ""0-2"": -0.00024525844492018223, ""1-2"": -0.11425656080245972}"
1944,0.09990543,"{""0-1"": 0.09990543127059937}"
1945,0.28433002,"{""0-1"": 0.14967302978038788, ""0-2"": 0.6749962568283081, ""1-2"": 0.028320765122771263}"
1946,0.01041111,"{""0-1"": 0.010411112569272518}"
1947,0.56280434,"{""0-1"": 0.5628043413162231}"
1948,0.99999756,"{""0-1"": 0.9999975562095642}"
1949,0.09990543,"{""0-1"": 0.09990543127059937}"
1950,-0.00838120,"{""0-1"": -0.0962672159075737, ""0-2"": -0.013048517517745495, ""1-2"": 0.08417214453220367}"
1951,0.03351022,"{""0-1"": 0.04926763102412224, ""0-2"": -0.016527235507965088, ""1-2"": 0.06779026985168457}"
1952,0.06431107,"{""0-1"": 0.19530732929706573, ""0-2"": -0.00782850757241249, ""1-2"": 0.005454385187476873}"
1953,0.24417199,"{""0-1"": 0.24417199194431305}"
1954,0.01509016,"{""0-1"": 0.0032239200081676245, ""0-2"": -0.005506556015461683, ""1-2"": 0.04755310341715813}"
1955,-0.01374430,"{""0-1"": 0.01633523963391781, ""0-2"": -0.032060492783784866, ""1-2"": -0.025507645681500435}"
1956,0.12406571,"{""0-1"": 0.04825375974178314, ""0-2"": 0.20723387598991394, ""1-2"": 0.11670950800180435}"
1957,0.04489727,"{""0-1"": 0.04489726945757866}"
1958,0.02597150,"{""0-1"": 0.2190517634153366, ""0-2"": -0.0646493062376976, ""1-2"": -0.0764879509806633}"
1959,-0.04653354,"{""0-1"": -0.04453105106949806, ""0-2"": -0.035633914172649384, ""1-2"": -0.059435658156871796}"
1960,0.05528470,"{""0-1"": -0.03573079779744148, ""0-2"": 0.2285831719636917, ""1-2"": -0.026998285204172134}"
1961,-0.09763203,"{""0-1"": -0.156839057803154, ""0-2"": -0.1434067338705063, ""1-2"": 0.007349701598286629}"
1962,0.43694809,"{""0-1"": 0.43694809079170227}"
1963,0.48467598,"{""0-1"": 0.8786155581474304, ""0-2"": 0.31578075885772705, ""1-2"": 0.2596316337585449}"
1964,0.01035406,"{""0-1"": 0.06175047159194946, ""0-2"": -0.0687357559800148, ""1-2"": 0.03804745897650719}"
1965,0.30685733,"{""0-1"": 0.9986452460289001, ""0-2"": -0.03697402775287628, ""1-2"": -0.04109921678900719}"
1966,0.51110335,"{""0-1"": 0.2975296080112457, ""0-2"": 0.39675167202949524, ""1-2"": 0.8390287756919861}"
1967,0.02562705,"{""0-1"": 0.09190575778484344, ""0-2"": 0.017216136679053307, ""1-2"": -0.03224075585603714}"
1968,-0.03232857,"{""0-1"": -0.03232857212424278}"
1969,-0.02361786,"{""0-1"": -0.023617861792445183}"
1970,0.04476435,"{""0-1"": -0.025087764486670494, ""0-2"": 0.2564636170864105, ""1-2"": -0.09708280116319656}"
1971,0.02827752,"{""0-1"": 0.028277521952986717}"
1972,0.98871654,"{""0-1"": 0.9887165427207947}"
1973,-0.00826981,"{""0-1"": -0.014457271434366703, ""0-2"": 0.002325234469026327, ""1-2"": -0.012677383609116077}"
1974,0.13913986,"{""0-1"": 0.4569416046142578, ""0-2"": -0.03215927630662918, ""1-2"": -0.007362733595073223}"
1975,0.22285906,"{""0-1"": 0.6921439170837402, ""0-2"": -0.0020959125831723213, ""1-2"": -0.021470818668603897}"
1976,0.09486112,"{""0-1"": 0.09486111998558044}"
1977,0.08865876,"{""0-1"": 0.26337140798568726, ""0-2"": -0.016494089737534523, ""1-2"": 0.019098948687314987}"
1978,-0.06638836,"{""0-1"": -0.07812204211950302, ""0-2"": 0.006884112022817135, ""1-2"": -0.12792713940143585}"
1979,-0.03811063,"{""0-1"": -0.08722794055938721, ""0-2"": -0.028413331136107445, ""1-2"": 0.001309372135438025}"
1980,0.05765213,"{""0-1"": 0.13838446140289307, ""0-2"": 0.0861060693860054, ""1-2"": -0.051534153521060944}"
1981,0.38499366,"{""0-1"": 0.8646662831306458, ""0-2"": 0.380319744348526, ""1-2"": -0.09000503271818161}"
1982,-0.02979979,"{""0-1"": 0.14340800046920776, ""0-2"": -0.140035018324852, ""1-2"": -0.09277235716581345}"
1983,0.00488435,"{""0-1"": 0.004884348716586828}"
1984,-0.09906076,"{""0-1"": -0.026431769132614136, ""0-2"": -0.06256216019392014, ""1-2"": -0.20818835496902466}"
1985,0.29225057,"{""0-1"": 0.2922505736351013}"
1986,0.21842737,"{""0-1"": 0.218427374958992}"
1987,-0.00801953,"{""0-1"": -0.02270563691854477, ""0-2"": -0.0032653030939400196, ""1-2"": 0.0019123450620099902}"
1988,0.05787495,"{""0-1"": 0.0719321146607399, ""0-2"": -0.03660155087709427, ""1-2"": 0.1382942795753479}"
1989,0.06041627,"{""0-1"": 0.04720326513051987, ""0-2"": 0.156414195895195, ""1-2"": -0.022368639707565308}"
1990,-0.02178721,"{""0-1"": 0.008337127976119518, ""0-2"": -0.04893516004085541, ""1-2"": -0.02476358599960804}"
1991,0.01141640,"{""0-1"": 0.11137738823890686, ""0-2"": 0.0038978697266429663, ""1-2"": -0.08102606236934662}"
1992,0.04285248,"{""0-1"": 0.0073127164505422115, ""0-2"": 0.05124955251812935, ""1-2"": 0.06999517977237701}"
1993,-0.00713905,"{""0-1"": -0.007139049936085939}"
1994,0.03513981,"{""0-1"": 0.08059992641210556, ""0-2"": 0.1134786382317543, ""1-2"": -0.0886591449379921}"
1995,-0.05162561,"{""0-1"": -0.16443262994289398, ""0-2"": -0.047899678349494934, ""1-2"": 0.057455483824014664}"
1996,0.30685733,"{""0-1"": 0.9986452460289001, ""0-2"": -0.03697402775287628, ""1-2"": -0.04109921678900719}"
1997,-0.02204724,"{""0-1"": 0.057126861065626144, ""0-2"": -0.05777798965573311, ""1-2"": -0.06549059599637985}"
1998,0.04127852,"{""0-1"": 0.04972865805029869, ""0-2"": 0.04184344783425331, ""1-2"": 0.032263439148664474}"
1999,0.04229213,"{""0-1"": 0.04229212552309036}"
2000,0.05629023,"{""0-1"": 0.05629022791981697}"
2001,0.00000000,{}
2002,0.05978488,"{""0-1"": 0.05978487804532051}"
2003,0.99999952,"{""0-1"": 0.9999995231628418}"
2004,0.21712604,"{""0-1"": 0.2171260416507721}"
2005,0.12129665,"{""0-1"": 0.12129665166139603}"
2006,-0.02486648,"{""0-1"": -0.05308205261826515, ""0-2"": -0.05574866384267807, ""1-2"": 0.034231264144182205}"
2007,0.17430140,"{""0-1"": 0.1743014007806778}"
2008,0.41018404,"{""0-1"": 0.21110276877880096, ""0-2"": 0.10924381017684937, ""1-2"": 0.9102055430412292}"
2009,-0.01253099,"{""0-1"": 0.03049542009830475, ""0-2"": -0.004738485440611839, ""1-2"": -0.0633499026298523}"
2010,0.03286416,"{""0-1"": 0.041521307080984116, ""0-2"": 0.028758905827999115, ""1-2"": 0.02831227146089077}"
2011,0.00000000,{}
2012,0.00000000,{}
2013,0.08627188,"{""0-1"": -0.02928667701780796, ""0-2"": 0.1837160289287567, ""1-2"": 0.10438628494739532}"
2014,-0.01433408,"{""0-1"": -0.040332354605197906, ""0-2"": -0.025652481243014336, ""1-2"": 0.022982589900493622}"
2015,0.09468470,"{""0-1"": -0.03623772785067558, ""0-2"": 0.1301894336938858, ""1-2"": 0.19010238349437714}"
2016,0.01509016,"{""0-1"": 0.0032239200081676245, ""0-2"": -0.005506556015461683, ""1-2"": 0.04755310341715813}"
2017,-0.04741074,"{""0-1"": -0.04933853819966316, ""0-2"": -0.13111640512943268, ""1-2"": 0.038222718983888626}"
2018,0.64579129,"{""0-1"": 0.6457912921905518}"
2019,0.01476590,"{""0-1"": 0.09649933129549026, ""0-2"": -0.07256191968917847, ""1-2"": 0.020360274240374565}"
2020,-0.04905659,"{""0-1"": 0.022819291800260544, ""0-2"": -0.046545080840587616, ""1-2"": -0.12344398349523544}"
2021,0.83661360,"{""0-1"": 0.8211212158203125, ""0-2"": 0.7958959341049194, ""1-2"": 0.8928236365318298}"
2022,0.00000000,{}
2023,-0.09693580,"{""0-1"": -0.03333902359008789, ""0-2"": -0.1657424122095108, ""1-2"": -0.09172596037387848}"
2024,0.01509016,"{""0-1"": 0.0032239200081676245, ""0-2"": -0.005506556015461683, ""1-2"": 0.04755310341715813}"
2025,0.97029811,"{""0-1"": 0.9702981114387512}"
2026,-0.01586710,"{""0-1"": -0.015867095440626144}"
2027,0.16057871,"{""0-1"": 0.2682044208049774, ""0-2"": 0.17944402992725372, ""1-2"": 0.03408767655491829}"
2028,0.04661631,"{""0-1"": 0.01780405454337597, ""0-2"": 0.0055109597742557526, ""1-2"": 0.11653392016887665}"
2029,-0.00016569,"{""0-1"": -0.001240950427018106, ""0-2"": -0.0075220102444291115, ""1-2"": 0.008265876211225986}"
2030,-0.00242755,"{""0-1"": -0.0024275456089526415}"
2031,0.02563665,"{""0-1"": 0.009848368354141712, ""0-2"": 0.07117960602045059, ""1-2"": -0.004118027165532112}"
2032,0.07334579,"{""0-1"": -0.014377845451235771, ""0-2"": 0.1820525825023651, ""1-2"": 0.05236263945698738}"
2033,0.01473035,"{""0-1"": 0.014730347320437431}"
2034,0.03763505,"{""0-1"": -0.04148288816213608, ""0-2"": 0.12101075053215027, ""1-2"": 0.03337729349732399}"
2035,0.00000000,{}
2036,0.03330607,"{""0-1"": -0.07381448149681091, ""0-2"": 0.12870299816131592, ""1-2"": 0.045029688626527786}"
2037,-0.00525999,"{""0-1"": 0.031373269855976105, ""0-2"": -0.012342174537479877, ""1-2"": -0.03481106087565422}"
2038,0.01802522,"{""0-1"": 0.014215508475899696, ""0-2"": 0.01997237838804722, ""1-2"": 0.019887775182724}"
2039,0.05787495,"{""0-1"": 0.0719321146607399, ""0-2"": -0.03660155087709427, ""1-2"": 0.1382942795753479}"
2040,0.00214586,"{""0-1"": 0.03351576626300812, ""0-2"": -0.027853036299347878, ""1-2"": 0.0007748370990157127}"
2041,-0.01811501,"{""0-1"": -0.06764731556177139, ""0-2"": 0.003961809910833836, ""1-2"": 0.009340476244688034}"
2042,-0.04420429,"{""0-1"": 0.014843384735286236, ""0-2"": -0.17541615664958954, ""1-2"": 0.027959903702139854}"
2043,-0.04821275,"{""0-1"": -0.08791433274745941, ""0-2"": -0.027487654238939285, ""1-2"": -0.029236260801553726}"
2044,0.26694748,"{""0-1"": 0.6364319324493408, ""0-2"": 0.09342693537473679, ""1-2"": 0.07098355889320374}"
2045,-0.05448316,"{""0-1"": -0.08070536702871323, ""0-2"": -0.07154683768749237, ""1-2"": -0.011197278276085854}"
2046,0.04955228,"{""0-1"": 0.049552276730537415}"
2047,0.10255371,"{""0-1"": -0.0877610445022583, ""0-2"": 0.21918423473834991, ""1-2"": 0.17623792588710785}"
2048,0.99999994,"{""0-1"": 0.9999999403953552}"
2049,0.05594000,"{""0-1"": 0.009859486483037472, ""0-2"": 0.026164807379245758, ""1-2"": 0.1317957043647766}"
2050,0.21648508,"{""0-1"": -0.04494139552116394, ""0-2"": -0.027858346700668335, ""1-2"": 0.7222549915313721}"
2051,0.04447757,"{""0-1"": 0.13898633420467377, ""0-2"": 0.008970452472567558, ""1-2"": -0.014524063095450401}"
2052,-0.04293403,"{""0-1"": -0.042934026569128036}"
2053,0.61690772,"{""0-1"": 0.6169077157974243}"
2054,1.00000000,"{""0-1"": 1.0}"
2055,0.00106077,"{""0-1"": 0.001060767681337893}"
2056,0.99999863,"{""0-1"": 0.9999986290931702}"
2057,0.22897319,"{""0-1"": 0.22897319495677948}"
2058,0.18082593,"{""0-1"": 0.5857552886009216, ""0-2"": -0.016590040177106857, ""1-2"": -0.026687467470765114}"
2059,0.08627188,"{""0-1"": -0.02928667701780796, ""0-2"": 0.1837160289287567, ""1-2"": 0.10438628494739532}"
2060,0.00300162,"{""0-1"": 0.03176356852054596, ""0-2"": -0.05060471594333649, ""1-2"": 0.027846012264490128}"
2061,0.23109406,"{""0-1"": 0.026758205145597458, ""0-2"": 0.6135928630828857, ""1-2"": 0.052931103855371475}"
2062,0.03839375,"{""0-1"": 0.03839374706149101}"
2063,0.01067741,"{""0-1"": -0.03728976473212242, ""0-2"": -0.009046482853591442, ""1-2"": 0.07836847007274628}"
2064,0.05629023,"{""0-1"": 0.05629022791981697}"
2065,0.00000000,{}
2066,-0.06971588,"{""0-1"": -0.10819462686777115, ""0-2"": -0.06313680857419968, ""1-2"": -0.03781620040535927}"
2067,-0.03183114,"{""0-1"": 0.014586314558982849, ""0-2"": -0.1494428515434265, ""1-2"": 0.03936312720179558}"
2068,0.05629023,"{""0-1"": 0.05629022791981697}"
2069,0.99239707,"{""0-1"": 0.9923970699310303}"
2070,-0.02839896,"{""0-1"": -0.028398960828781128}"
2071,-0.00116748,"{""0-1"": 0.02234543301165104, ""0-2"": -0.1414424329996109, ""1-2"": 0.11559455096721649}"
2072,0.03626934,"{""0-1"": 0.008676879107952118, ""0-2"": 0.030262066051363945, ""1-2"": 0.06986906379461288}"
2073,0.27193615,"{""0-1"": 0.2719361484050751}"
2074,0.06402585,"{""0-1"": 0.08769147098064423, ""0-2"": -0.06866566836833954, ""1-2"": 0.17305174469947815}"
2075,0.04450934,"{""0-1"": 0.04450933635234833}"
2076,-0.04180997,"{""0-1"": -0.03167843073606491, ""0-2"": -0.06217091530561447, ""1-2"": -0.03158057481050491}"
2077,0.01192657,"{""0-1"": 0.03677719458937645, ""0-2"": 0.03736225143074989, ""1-2"": -0.03835974633693695}"
2078,0.43752055,"{""0-1"": 0.15139299631118774, ""0-2"": 0.2265617996454239, ""1-2"": 0.9346068501472473}"
2079,0.05526247,"{""0-1"": 0.05526246502995491}"
2080,1.00000012,"{""0-1"": 1.0000001192092896}"
2081,0.03701520,"{""0-1"": 0.11013781279325485, ""0-2"": 0.011130050756037235, ""1-2"": -0.010222266428172588}"
2082,0.99004090,"{""0-1"": 0.9900408983230591}"
2083,0.18755764,"{""0-1"": 0.2410622388124466, ""0-2"": 0.14021149277687073, ""1-2"": 0.1813991814851761}"
2084,0.00563803,"{""0-1"": 0.10788925737142563, ""0-2"": -0.0164678692817688, ""1-2"": -0.07450731098651886}"
2085,0.09142280,"{""0-1"": 0.17762351036071777, ""0-2"": 0.13994276523590088, ""1-2"": -0.043297864496707916}"
2086,0.02703785,"{""0-1"": 0.08370594680309296, ""0-2"": -0.018630191683769226, ""1-2"": 0.01603778824210167}"
2087,0.03815958,"{""0-1"": 0.002199435606598854, ""0-2"": 0.04284682869911194, ""1-2"": 0.06943248957395554}"
2088,0.12397461,"{""0-1"": 0.03853953257203102, ""0-2"": 0.21337352693080902, ""1-2"": 0.12001077830791473}"
2089,0.05122793,"{""0-1"": -0.09500747174024582, ""0-2"": 0.18210597336292267, ""1-2"": 0.06658528745174408}"
2090,-0.00743377,"{""0-1"": 0.014937777072191238, ""0-2"": -0.032337404787540436, ""1-2"": -0.0049016899429261684}"
2091,0.74081814,"{""0-1"": 0.7408181428909302}"
2092,0.44631118,"{""0-1"": 0.44631117582321167}"
2093,0.00000000,{}
2094,0.18755764,"{""0-1"": 0.2410622388124466, ""0-2"": 0.14021149277687073, ""1-2"": 0.1813991814851761}"
2095,-0.02428676,"{""0-1"": -0.05022301897406578, ""0-2"": -0.021154766902327538, ""1-2"": -0.0014824947575107217}"
2096,0.70763934,"{""0-1"": 0.7076393365859985}"
2097,0.03267184,"{""0-1"": -0.04279709979891777, ""0-2"": 0.11279275268316269, ""1-2"": 0.028019864112138748}"
2098,0.09114727,"{""0-1"": 0.004512064624577761, ""0-2"": 0.18734052777290344, ""1-2"": 0.08158920705318451}"
2099,0.09103353,"{""0-1"": 0.024676401168107986, ""0-2"": 0.04448265582323074, ""1-2"": 0.20394153892993927}"
2100,-0.03232857,"{""0-1"": -0.03232857212424278}"
2101,-0.04467727,"{""0-1"": -0.019864775240421295, ""0-2"": -0.033048760145902634, ""1-2"": -0.08111826330423355}"
2102,0.04005380,"{""0-1"": 0.099198117852211, ""0-2"": -0.01795920729637146, ""1-2"": 0.03892248123884201}"
2103,0.00000000,{}
2104,-0.03761355,"{""0-1"": -0.06407525390386581, ""0-2"": -0.006131801288574934, ""1-2"": -0.04263359680771828}"
2105,-0.01585044,"{""0-1"": 0.008238342590630054, ""0-2"": -0.03863750025629997, ""1-2"": -0.017152149230241776}"
2106,-0.04213237,"{""0-1"": -0.20512033998966217, ""0-2"": 0.02743612229824066, ""1-2"": 0.05128711834549904}"
2107,-0.01973814,"{""0-1"": 0.04744891822338104, ""0-2"": -0.08185463398694992, ""1-2"": -0.024808716028928757}"
2108,0.08288945,"{""0-1"": 0.08288945257663727}"
2109,0.02500639,"{""0-1"": -0.02172868885099888, ""0-2"": -0.05179804563522339, ""1-2"": 0.14854589104652405}"
2110,0.02152125,"{""0-1"": 0.10966689139604568, ""0-2"": -0.03664474934339523, ""1-2"": -0.008458380587399006}"
2111,0.03607979,"{""0-1"": 0.03607979416847229}"
2112,0.02519479,"{""0-1"": 0.08138460665941238, ""0-2"": 0.021282829344272614, ""1-2"": -0.02708306349813938}"
2113,-0.04700688,"{""0-1"": -0.04700687900185585}"
2114,0.30012764,"{""0-1"": 0.32787024974823, ""0-2"": -0.06876440346240997, ""1-2"": 0.6412770748138428}"
2115,0.00000000,{}
2116,0.06731228,"{""0-1"": 0.25046226382255554, ""0-2"": -0.09199339151382446, ""1-2"": 0.04346797615289688}"
2117,0.00626966,"{""0-1"": 0.006269661244004965}"
2118,0.31155518,"{""0-1"": 0.9981942176818848, ""0-2"": -0.028071150183677673, ""1-2"": -0.035457536578178406}"
2119,0.00000000,{}
2120,-0.01949184,"{""0-1"": -0.019491836428642273}"
2121,-0.00242755,"{""0-1"": -0.0024275456089526415}"
2122,0.03632183,"{""0-1"": 0.07049141079187393, ""0-2"": -0.009314186871051788, ""1-2"": 0.04778828099370003}"
2123,-0.03420914,"{""0-1"": -0.10794322937726974, ""0-2"": 0.044355519115924835, ""1-2"": -0.03903970494866371}"
2124,0.84445143,"{""0-1"": 0.8444514274597168}"
2125,0.43690728,"{""0-1"": 0.2621680200099945, ""0-2"": 0.7612597346305847, ""1-2"": 0.28729408979415894}"
2126,0.03607979,"{""0-1"": 0.03607979416847229}"
2127,0.15724987,"{""0-1"": -0.03235212713479996, ""0-2"": 0.04415181651711464, ""1-2"": 0.45994991064071655}"
2128,0.26300446,"{""0-1"": -0.016616547480225563, ""0-2"": 0.035996321588754654, ""1-2"": 0.7696335911750793}"
2129,0.24144096,"{""0-1"": 0.10777488350868225, ""0-2"": 0.6327899098396301, ""1-2"": -0.016241898760199547}"
2130,-0.04108759,"{""0-1"": -0.0008761303033679724, ""0-2"": -0.08673866093158722, ""1-2"": -0.03564796969294548}"
2131,0.04882365,"{""0-1"": -0.04909790679812431, ""0-2"": 0.001114456681534648, ""1-2"": 0.1944543868303299}"
2132,1.00000012,"{""0-1"": 1.0000001192092896}"
2133,-0.02118643,"{""0-1"": 0.024691637605428696, ""0-2"": -0.07068358361721039, ""1-2"": -0.017567342147231102}"
2134,0.28600347,"{""0-1"": 0.7844274640083313, ""0-2"": 0.013805854134261608, ""1-2"": 0.05977708846330643}"
2135,0.04881985,"{""0-1"": 0.06165891885757446, ""0-2"": 0.043758995831012726, ""1-2"": 0.041041623800992966}"
2136,-0.01996845,"{""0-1"": -0.06303009390830994, ""0-2"": -0.04854734614491463, ""1-2"": 0.05167210102081299}"
2137,0.01223650,"{""0-1"": 0.08680080622434616, ""0-2"": 0.03327798843383789, ""1-2"": -0.08336930721998215}"
2138,0.04624805,"{""0-1"": 0.03238963708281517, ""0-2"": 0.09097465127706528, ""1-2"": 0.015379875898361206}"
2139,0.45296173,"{""0-1"": 0.9979535341262817, ""0-2"": 0.1556817591190338, ""1-2"": 0.20524990558624268}"
2140,0.48460232,"{""0-1"": 0.9955510497093201, ""0-2"": 0.25857996940612793, ""1-2"": 0.19967594742774963}"
2141,-0.03305221,"{""0-1"": -0.030084019526839256, ""0-2"": -0.07051247358322144, ""1-2"": 0.001439852872863412}"
2142,0.00000000,{}
2143,0.04485014,"{""0-1"": 0.0017562068533152342, ""0-2"": 0.15503019094467163, ""1-2"": -0.022235985845327377}"
2144,0.06808234,"{""0-1"": 0.08367462456226349, ""0-2"": 0.011678163893520832, ""1-2"": 0.1088942214846611}"
2145,0.05353929,"{""0-1"": 0.05353929102420807}"
2146,0.00000000,{}
2147,-0.10706253,"{""0-1"": -0.04796301946043968, ""0-2"": 0.03563721850514412, ""1-2"": -0.30886179208755493}"
2148,0.17563598,"{""0-1"": 0.17563597857952118}"
2149,0.06731228,"{""0-1"": 0.25046226382255554, ""0-2"": -0.09199339151382446, ""1-2"": 0.04346797615289688}"
2150,0.80406934,"{""0-1"": 0.8040693402290344}"
2151,0.16393590,"{""0-1"": 0.16393589973449707}"
2152,0.00000000,{}
2153,0.58574271,"{""0-1"": 0.585742712020874}"
2154,-0.07688861,"{""0-1"": -0.07688861340284348}"
2155,0.27896925,"{""0-1"": 0.837508499622345, ""0-2"": 0.0016528633423149586, ""1-2"": -0.002253602258861065}"
2156,-0.04370389,"{""0-1"": -0.12427672743797302, ""0-2"": -0.04101742058992386, ""1-2"": 0.03418248891830444}"
2157,0.14420427,"{""0-1"": 0.1442042738199234}"
2158,0.00000000,{}
2159,0.03824191,"{""0-1"": -0.05795943737030029, ""0-2"": -0.03366551920771599, ""1-2"": 0.20635069906711578}"
2160,0.00524615,"{""0-1"": -0.06236714497208595, ""0-2"": -0.07484456151723862, ""1-2"": 0.15295015275478363}"
2161,0.04624805,"{""0-1"": 0.03238963708281517, ""0-2"": 0.09097465127706528, ""1-2"": 0.015379875898361206}"
2162,0.00000000,{}
2163,-0.07087010,"{""0-1"": -0.0543074868619442, ""0-2"": 0.05052163451910019, ""1-2"": -0.20882445573806763}"
2164,-0.03300284,"{""0-1"": 0.004568104632198811, ""0-2"": 0.013892744667828083, ""1-2"": -0.11746937781572342}"
2165,0.22375953,"{""0-1"": 0.22375953197479248}"
2166,0.02872189,"{""0-1"": 0.02021242491900921, ""0-2"": 0.02246673032641411, ""1-2"": 0.043486516922712326}"
2167,-0.01189058,"{""0-1"": 0.02735683135688305, ""0-2"": -0.03843764588236809, ""1-2"": -0.02459091693162918}"
2168,0.34321726,"{""0-1"": -0.019394228234887123, ""0-2"": 0.0571645051240921, ""1-2"": 0.9918814897537231}"
2169,0.00000000,{}
2170,0.04881985,"{""0-1"": 0.06165891885757446, ""0-2"": 0.043758995831012726, ""1-2"": 0.041041623800992966}"
2171,0.87868142,"{""0-1"": 0.8786814212799072}"
2172,1.00000000,"{""0-1"": 1.0}"
2173,-0.04653354,"{""0-1"": -0.04453105106949806, ""0-2"": -0.035633914172649384, ""1-2"": -0.059435658156871796}"
2174,0.05369315,"{""0-1"": 0.05369315296411514}"
2175,-0.00886541,"{""0-1"": 0.00533057376742363, ""0-2"": -0.014247204177081585, ""1-2"": -0.017679588869214058}"
2176,-0.01964489,"{""0-1"": -0.01964488811790943}"
2177,-0.04035171,"{""0-1"": -0.19951461255550385, ""0-2"": 0.0730544701218605, ""1-2"": 0.00540501344949007}"
2178,0.02324717,"{""0-1"": -0.025237342342734337, ""0-2"": 0.022092139348387718, ""1-2"": 0.07288672029972076}"
2179,-0.00533615,"{""0-1"": -0.04824933782219887, ""0-2"": 0.0286881010979414, ""1-2"": 0.0035527825821191072}"
2180,0.08501416,"{""0-1"": 0.08501415699720383}"
2181,0.00000000,{}
2182,-0.02065079,"{""0-1"": -0.07406487315893173, ""0-2"": 0.014408252201974392, ""1-2"": -0.0022957553155720234}"
2183,-0.00868363,"{""0-1"": -0.008683632127940655}"
2184,0.03894040,"{""0-1"": -0.07613904774188995, ""0-2"": 0.01815139874815941, ""1-2"": 0.17480884492397308}"
2185,0.88744926,"{""0-1"": 0.8874492645263672}"
2186,0.09024696,"{""0-1"": 0.09024696052074432}"
2187,-0.01084473,"{""0-1"": 0.062324248254299164, ""0-2"": -0.06663371622562408, ""1-2"": -0.02822471596300602}"
2188,0.31240548,"{""0-1"": 0.003059862880036235, ""0-2"": -0.016433315351605415, ""1-2"": 0.9505898952484131}"
2189,0.05586037,"{""0-1"": 0.05586037412285805}"
2190,0.00351035,"{""0-1"": 0.055685292929410934, ""0-2"": -0.009076789021492004, ""1-2"": -0.03607746586203575}"
2191,0.35282900,"{""0-1"": 0.047641344368457794, ""0-2"": 0.9194297194480896, ""1-2"": 0.09141594916582108}"
2192,0.85062611,"{""0-1"": 0.8506261110305786}"
2193,-0.04563391,"{""0-1"": -0.06188352778553963, ""0-2"": -0.02634030394256115, ""1-2"": -0.04867788776755333}"
2194,0.03555766,"{""0-1"": 0.11009173840284348, ""0-2"": 0.009492775425314903, ""1-2"": -0.012911523692309856}"
2195,0.00000000,{}
2196,0.26472728,"{""0-1"": -0.034714773297309875, ""0-2"": -0.0669872984290123, ""1-2"": 0.8958839178085327}"
2197,0.93783498,"{""0-1"": 0.9378349781036377}"
2198,0.00797734,"{""0-1"": 0.08750208467245102, ""0-2"": -0.046492185443639755, ""1-2"": -0.017077872529625893}"
2199,-0.01617438,"{""0-1"": -0.01524418406188488, ""0-2"": 0.017375953495502472, ""1-2"": -0.05065489932894707}"
2200,0.10455966,"{""0-1"": 0.1715707927942276, ""0-2"": -0.019761281087994576, ""1-2"": 0.16186946630477905}"
2201,0.00393740,"{""0-1"": -0.03325561434030533, ""0-2"": -0.035311970859766006, ""1-2"": 0.08037977665662766}"
2202,0.00140277,"{""0-1"": -0.021101349964737892, ""0-2"": 0.000804791459813714, ""1-2"": 0.02450486458837986}"
2203,0.06105460,"{""0-1"": -0.012967927381396294, ""0-2"": 0.054160986095666885, ""1-2"": 0.14197075366973877}"
2204,0.00000000,{}
2205,-0.01716260,"{""0-1"": 0.014311636798083782, ""0-2"": -0.03495056927204132, ""1-2"": -0.03084886446595192}"
2206,0.99999994,"{""0-1"": 0.9999999403953552}"
2207,0.05040586,"{""0-1"": -0.037393033504486084, ""0-2"": 0.10150279849767685, ""1-2"": 0.087107814848423}"
2208,0.08274589,"{""0-1"": 0.08274589478969574}"
2209,0.06736862,"{""0-1"": 0.06736861914396286}"
2210,0.17283112,"{""0-1"": -0.03738807141780853, ""0-2"": 0.678904116153717, ""1-2"": -0.12302269786596298}"
2211,0.00000000,{}
2212,-0.04237332,"{""0-1"": -0.12550239264965057, ""0-2"": -0.02896064892411232, ""1-2"": 0.027343085035681725}"
2213,-0.05296135,"{""0-1"": -0.0627492219209671, ""0-2"": -0.06889292597770691, ""1-2"": -0.027241889387369156}"
2214,0.24883966,"{""0-1"": 0.24883966147899628}"
2215,0.01479729,"{""0-1"": 0.014797285199165344}"
2216,0.08987596,"{""0-1"": 0.2786387801170349, ""0-2"": 0.012194475159049034, ""1-2"": -0.021205386146903038}"
2217,0.78671658,"{""0-1"": 0.7867165803909302}"
2218,0.01048719,"{""0-1"": 0.026411060243844986, ""0-2"": -0.010603039525449276, ""1-2"": 0.01565355435013771}"
2219,-0.05961587,"{""0-1"": -0.05961586534976959}"
2220,0.00379804,"{""0-1"": 0.02328701876103878, ""0-2"": 0.042601000517606735, ""1-2"": -0.05449390783905983}"
2221,-0.03574321,"{""0-1"": -0.03135502338409424, ""0-2"": -0.025898391380906105, ""1-2"": -0.04997620731592178}"
2222,0.13326095,"{""0-1"": 0.13326095044612885}"
2223,0.17908676,"{""0-1"": -0.02765905298292637, ""0-2"": 0.48971453309059143, ""1-2"": 0.07520478963851929}"
2224,0.98164171,"{""0-1"": 0.9816417098045349}"
2225,0.98919135,"{""0-1"": 0.9891913533210754}"
2226,0.99004090,"{""0-1"": 0.9900408983230591}"
2227,0.12973238,"{""0-1"": 0.03469046577811241, ""0-2"": 0.2863936722278595, ""1-2"": 0.06811300665140152}"
2228,0.00000000,{}
2229,1.00000000,"{""0-1"": 1.0}"
2230,0.18252017,"{""0-1"": -0.05459824576973915, ""0-2"": 0.30943843722343445, ""1-2"": 0.29272031784057617}"
2231,-0.02081762,"{""0-1"": -0.03778517618775368, ""0-2"": -0.007611676584929228, ""1-2"": -0.01705601066350937}"
2232,0.05368140,"{""0-1"": -0.1572285145521164, ""0-2"": 0.3058810830116272, ""1-2"": 0.012391630560159683}"
2233,0.12219868,"{""0-1"": 0.07456864416599274, ""0-2"": -0.06206468865275383, ""1-2"": 0.3540920913219452}"
2234,0.08627188,"{""0-1"": -0.02928667701780796, ""0-2"": 0.1837160289287567, ""1-2"": 0.10438628494739532}"
2235,0.52086693,"{""0-1"": 0.5208669304847717}"
2236,0.05940343,"{""0-1"": 0.07474026083946228, ""0-2"": 0.01599259115755558, ""1-2"": 0.0874774381518364}"
2237,-0.01722489,"{""0-1"": -0.015591002069413662, ""0-2"": -0.03514206036925316, ""1-2"": -0.0009416133398190141}"
2238,0.00131604,"{""0-1"": 0.002472158521413803, ""0-2"": -0.011094793677330017, ""1-2"": 0.01257076021283865}"
2239,0.05844056,"{""0-1"": 0.06280608475208282, ""0-2"": 0.09390072524547577, ""1-2"": 0.0186148788779974}"
2240,-0.06182197,"{""0-1"": -0.037544239312410355, ""0-2"": -0.1161079928278923, ""1-2"": -0.031813688576221466}"
2241,-0.02850543,"{""0-1"": -0.11611922085285187, ""0-2"": -0.03969348222017288, ""1-2"": 0.07029639929533005}"
2242,0.02007442,"{""0-1"": -0.04707365855574608, ""0-2"": 0.1399465799331665, ""1-2"": -0.03264967352151871}"
2243,-0.02163193,"{""0-1"": -0.021631931886076927}"
2244,0.92552257,"{""0-1"": 0.9255225658416748}"
2245,0.10907798,"{""0-1"": 0.10907797515392303}"
2246,0.00757606,"{""0-1"": 0.01850227825343609, ""0-2"": 0.003659032052382827, ""1-2"": 0.0005668681696988642}"
2247,-0.02840345,"{""0-1"": -0.05952596291899681, ""0-2"": -0.005199156701564789, ""1-2"": -0.020485233515501022}"
2248,-0.01894277,"{""0-1"": -0.04741252586245537, ""0-2"": 0.010002977214753628, ""1-2"": -0.01941877044737339}"
2249,0.02033602,"{""0-1"": 0.02033601701259613}"
2250,-0.02512841,"{""0-1"": -0.055749207735061646, ""0-2"": 0.011971194297075272, ""1-2"": -0.03160720318555832}"
2251,0.03739430,"{""0-1"": 0.11833962798118591, ""0-2"": -0.06341398507356644, ""1-2"": 0.0572572685778141}"
2252,0.16393590,"{""0-1"": 0.16393589973449707}"
2253,0.05363845,"{""0-1"": 0.05363844707608223}"
2254,0.12969590,"{""0-1"": 0.4450441598892212, ""0-2"": -0.07971373945474625, ""1-2"": 0.02375727705657482}"
2255,-0.03008489,"{""0-1"": -0.18605229258537292, ""0-2"": -0.038778193295001984, ""1-2"": 0.13457582890987396}"
2256,0.22576485,"{""0-1"": 0.44613006711006165, ""0-2"": 0.11965247988700867, ""1-2"": 0.11151199042797089}"
2258,1.00000000,"{""0-1"": 1.0}"
2259,0.00000000,{}
2260,0.58951938,"{""0-1"": 0.5895193815231323}"
2261,0.02872189,"{""0-1"": 0.02021242491900921, ""0-2"": 0.02246673032641411, ""1-2"": 0.043486516922712326}"
2262,0.98660654,"{""0-1"": 0.9866065382957458}"
2263,-0.07629830,"{""0-1"": -0.08564916253089905, ""0-2"": -0.084947369992733, ""1-2"": -0.05829837918281555}"
2264,0.22737320,"{""0-1"": 0.22737319767475128}"
2265,0.00000000,{}
2266,0.09842256,"{""0-1"": 0.3214338719844818, ""0-2"": -0.03322461247444153, ""1-2"": 0.007058416493237019}"
2267,-0.03289382,"{""0-1"": -0.02312188595533371, ""0-2"": -0.06221542879939079, ""1-2"": -0.013344131410121918}"
2268,0.36063821,"{""0-1"": 0.07216639071702957, ""0-2"": 0.8383629322052002, ""1-2"": 0.17138530313968658}"
2269,0.05589573,"{""0-1"": 0.05589573085308075}"
2270,-0.01079383,"{""0-1"": 0.08452411741018295, ""0-2"": -0.019423844292759895, ""1-2"": -0.09748177230358124}"
2271,0.29225057,"{""0-1"": 0.2922505736351013}"
2272,0.05414877,"{""0-1"": 0.017945654690265656, ""0-2"": 0.18602706491947174, ""1-2"": -0.041526418179273605}"
2273,-0.03280455,"{""0-1"": -0.04064539819955826, ""0-2"": -0.009467086754739285, ""1-2"": -0.04830116033554077}"
2274,0.00561599,"{""0-1"": 0.005615991074591875}"
2275,0.31718454,"{""0-1"": 0.31718453764915466}"
2276,0.47161371,"{""0-1"": 0.47161370515823364}"
2277,0.00820424,"{""0-1"": 0.04102829843759537, ""0-2"": -0.00723352562636137, ""1-2"": -0.009182061068713665}"
2278,0.07791021,"{""0-1"": 0.07791021466255188}"
2279,0.54992217,"{""0-1"": 0.5499221682548523}"
2280,0.01281684,"{""0-1"": -0.006555952597409487, ""0-2"": -0.05413322150707245, ""1-2"": 0.09913969784975052}"
2281,0.31446044,"{""0-1"": 0.24428321421146393, ""0-2"": 0.5398358106613159, ""1-2"": 0.1592622995376587}"
2282,0.04610623,"{""0-1"": 0.017625518143177032, ""0-2"": 0.10067138820886612, ""1-2"": 0.020021796226501465}"
2283,0.01379290,"{""0-1"": -0.018599651753902435, ""0-2"": -0.05012424662709236, ""1-2"": 0.11010260134935379}"
2284,-0.04653354,"{""0-1"": -0.04453105106949806, ""0-2"": -0.035633914172649384, ""1-2"": -0.059435658156871796}"
2285,0.47203354,"{""0-1"": 0.8414150476455688, ""0-2"": 0.22589211165905, ""1-2"": 0.3487934470176697}"
2286,0.01526713,"{""0-1"": 0.015267133712768555}"
2287,0.01515266,"{""0-1"": 0.00919700600206852, ""0-2"": 0.006214366294443607, ""1-2"": 0.03004659339785576}"
2288,0.48600492,"{""0-1"": 0.48600491881370544}"
2289,0.31446044,"{""0-1"": 0.24428321421146393, ""0-2"": 0.5398358106613159, ""1-2"": 0.1592622995376587}"
2290,0.03837817,"{""0-1"": -0.0067279404029250145, ""0-2"": 0.21514008939266205, ""1-2"": -0.09327764064073563}"
2291,0.14418219,"{""0-1"": 0.14418219029903412}"
2292,0.08956195,"{""0-1"": 0.19370350241661072, ""0-2"": 0.0015555145218968391, ""1-2"": 0.07342683523893356}"
2293,0.99454373,"{""0-1"": 0.994543731212616}"
2294,0.06682715,"{""0-1"": 0.1934451162815094, ""0-2"": 0.015845591202378273, ""1-2"": -0.00880926102399826}"
2295,0.03156709,"{""0-1"": 0.01881500519812107, ""0-2"": 0.005176949314773083, ""1-2"": 0.07070931792259216}"
2296,1.00000000,"{""0-1"": 1.0}"
2297,0.09599193,"{""0-1"": 0.09599193185567856}"
2298,0.44835076,"{""0-1"": 0.8633020520210266, ""0-2"": 0.023033507168293, ""1-2"": 0.4587167203426361}"
2299,0.04908247,"{""0-1"": 0.04908246919512749}"
2300,0.33013647,"{""0-1"": 0.9858456254005432, ""0-2"": -0.00416956702247262, ""1-2"": 0.00873335637152195}"
2301,0.01997815,"{""0-1"": 0.019978152588009834}"
2302,0.00599305,"{""0-1"": 0.010716103948652744, ""0-2"": -0.0255186278373003, ""1-2"": 0.03278167173266411}"
2303,0.91273797,"{""0-1"": 0.9127379655838013}"
2304,0.00000000,{}
2305,0.00000000,{}
2306,0.00000000,{}
2307,1.00000012,"{""0-1"": 1.0000001192092896}"
2308,0.06207864,"{""0-1"": -0.04323660582304001, ""0-2"": 0.19259491562843323, ""1-2"": 0.036877598613500595}"
2309,-0.06310578,"{""0-1"": -0.06310578435659409}"
2310,0.02598301,"{""0-1"": 0.025983009487390518}"
2311,-0.06616064,"{""0-1"": -0.0661606416106224}"
2312,0.04511535,"{""0-1"": 0.10303153097629547, ""0-2"": -0.010842558927834034, ""1-2"": 0.043157074600458145}"
2313,-0.06284587,"{""0-1"": -0.0628458708524704}"
2314,0.22192144,"{""0-1"": 0.22192144393920898}"
2315,-0.09723115,"{""0-1"": -0.09723114967346191}"
2316,0.47161371,"{""0-1"": 0.47161370515823364}"
2317,0.12795059,"{""0-1"": 0.07792980968952179, ""0-2"": -0.008893436752259731, ""1-2"": 0.3148154020309448}"
2318,-0.04875649,"{""0-1"": 0.020610321313142776, ""0-2"": -0.08556413650512695, ""1-2"": -0.08131565153598785}"
2319,0.48600492,"{""0-1"": 0.48600491881370544}"
2320,-0.01915533,"{""0-1"": -0.10143481194972992, ""0-2"": 0.0026635057292878628, ""1-2"": 0.0413053035736084}"
2321,-0.00409527,"{""0-1"": 0.0281940009444952, ""0-2"": -0.01815928891301155, ""1-2"": -0.022320514544844627}"
2322,-0.00745259,"{""0-1"": -0.054429974406957626, ""0-2"": -0.027688171714544296, ""1-2"": 0.059760380536317825}"
2323,-0.00423877,"{""0-1"": 0.036545176059007645, ""0-2"": 0.05291581153869629, ""1-2"": -0.10217729955911636}"
2324,0.99999994,"{""0-1"": 0.9999999403953552}"
2325,0.02274068,"{""0-1"": 0.02274068258702755}"
2326,0.19387709,"{""0-1"": 0.4652978777885437, ""0-2"": 0.10297419875860214, ""1-2"": 0.013359191827476025}"
2327,-0.00955412,"{""0-1"": -0.04079190641641617, ""0-2"": 0.03527067229151726, ""1-2"": -0.02314111962914467}"
2328,-0.04420429,"{""0-1"": 0.014843384735286236, ""0-2"": -0.17541615664958954, ""1-2"": 0.027959903702139854}"
2329,0.00000000,{}
2330,0.09515718,"{""0-1"": 0.1075960174202919, ""0-2"": 0.029090167954564095, ""1-2"": 0.14878536760807037}"
2331,0.02151026,"{""0-1"": 0.04249822720885277, ""0-2"": -0.027723778039216995, ""1-2"": 0.04975631833076477}"
2332,-0.06272757,"{""0-1"": -0.1525576263666153, ""0-2"": -0.021440645679831505, ""1-2"": -0.01418443862348795}"
2333,-0.00409527,"{""0-1"": 0.0281940009444952, ""0-2"": -0.01815928891301155, ""1-2"": -0.022320514544844627}"
2334,-0.01653331,"{""0-1"": 0.07631158828735352, ""0-2"": -0.150108203291893, ""1-2"": 0.024196676909923553}"
2335,0.01839402,"{""0-1"": -0.08170334994792938, ""0-2"": 0.01186005026102066, ""1-2"": 0.12502534687519073}"
2336,-0.09199470,"{""0-1"": -0.09199470281600952}"
2337,0.27479008,"{""0-1"": 0.27479007840156555}"
2338,0.79352945,"{""0-1"": 0.7935294508934021}"
2339,0.43828031,"{""0-1"": 0.6127671599388123, ""0-2"": 0.6166235208511353, ""1-2"": 0.08545026183128357}"
2340,-0.10384922,"{""0-1"": -0.1659335196018219, ""0-2"": -0.15419034659862518, ""1-2"": 0.008576209656894207}"
2341,0.01583114,"{""0-1"": 0.026814837008714676, ""0-2"": -0.004208380356431007, ""1-2"": 0.02488696575164795}"
2342,-0.00896103,"{""0-1"": -0.004331756848841906, ""0-2"": -0.06646022945642471, ""1-2"": 0.04390890151262283}"
2343,-0.02094255,"{""0-1"": -0.03949771821498871, ""0-2"": 0.007334924302995205, ""1-2"": -0.030664866790175438}"
2344,0.04526834,"{""0-1"": 0.14560861885547638, ""0-2"": 0.0076215690933167934, ""1-2"": -0.017425181344151497}"
2345,-0.00681401,"{""0-1"": -0.006814013700932264}"
2346,0.01437694,"{""0-1"": 0.2942890226840973, ""0-2"": -0.13755567371845245, ""1-2"": -0.11360254138708115}"
2347,-0.00590738,"{""0-1"": -0.005907384213060141}"
2348,-0.00868471,"{""0-1"": -0.01834339275956154, ""0-2"": -0.03680190443992615, ""1-2"": 0.02909117192029953}"
2349,0.22192144,"{""0-1"": 0.22192144393920898}"
2350,0.05891683,"{""0-1"": 0.05891682580113411}"
2351,0.06092375,"{""0-1"": 0.0609237477183342}"
2352,0.00000000,{}
2353,0.03657275,"{""0-1"": 0.011825082823634148, ""0-2"": -0.0032446598634123802, ""1-2"": 0.10113781690597534}"
2354,-0.03343715,"{""0-1"": -0.04587704688310623, ""0-2"": -0.00939159281551838, ""1-2"": -0.04504281282424927}"
2355,0.06740845,"{""0-1"": 0.07448272407054901, ""0-2"": 0.16250094771385193, ""1-2"": -0.0347583144903183}"
2356,0.06679898,"{""0-1"": 0.02996271848678589, ""0-2"": 0.22860880196094513, ""1-2"": -0.05817457661032677}"
2357,-0.01240865,"{""0-1"": 0.03229352459311485, ""0-2"": 0.02647590823471546, ""1-2"": -0.09599537402391434}"
2358,0.03338649,"{""0-1"": -0.1186143010854721, ""0-2"": 0.04873794689774513, ""1-2"": 0.17003580927848816}"
2359,0.22192144,"{""0-1"": 0.22192144393920898}"
2360,0.05629023,"{""0-1"": 0.05629022791981697}"
2361,0.24685100,"{""0-1"": 0.040022917091846466, ""0-2"": -0.013457680121064186, ""1-2"": 0.7139877676963806}"
2362,0.00000000,{}
2363,0.05629023,"{""0-1"": 0.05629022791981697}"
2364,0.06762473,"{""0-1"": 0.007392837665975094, ""0-2"": 0.13235829770565033, ""1-2"": 0.06312305480241776}"
2365,-0.02918227,"{""0-1"": 0.012243889272212982, ""0-2"": -0.058676909655332565, ""1-2"": -0.04111379012465477}"
2366,-0.03984653,"{""0-1"": 0.057143427431583405, ""0-2"": 0.01353645883500576, ""1-2"": -0.1902194619178772}"
2367,0.07421348,"{""0-1"": -0.004765660036355257, ""0-2"": 0.13418981432914734, ""1-2"": 0.09321627765893936}"
2368,-0.05879346,"{""0-1"": -0.058793459087610245}"
2369,0.21709812,"{""0-1"": 0.5476558804512024, ""0-2"": 0.08107246458530426, ""1-2"": 0.022566024214029312}"
2370,0.20753717,"{""0-1"": 0.671933650970459, ""0-2"": -0.01588672585785389, ""1-2"": -0.03343542665243149}"
2371,-0.07938609,"{""0-1"": -0.12966974079608917, ""0-2"": -0.14769266545772552, ""1-2"": 0.039204150438308716}"
2372,0.26652185,"{""0-1"": 0.1093248650431633, ""0-2"": 0.10014957189559937, ""1-2"": 0.5900911092758179}"
2373,0.31479009,"{""0-1"": -0.014257722534239292, ""0-2"": 0.04808365926146507, ""1-2"": 0.9105443358421326}"
2374,0.41889183,"{""0-1"": 0.816484808921814, ""0-2"": 0.2560979425907135, ""1-2"": 0.18409274518489838}"
2375,0.00000000,{}
2376,0.05223768,"{""0-1"": 0.03362058475613594, ""0-2"": 0.09054528176784515, ""1-2"": 0.03254717215895653}"
2377,0.99999994,"{""0-1"": 0.9999999403953552}"
2378,-0.02780109,"{""0-1"": -0.19258904457092285, ""0-2"": 0.005671851336956024, ""1-2"": 0.1035139337182045}"
2379,-0.03937867,"{""0-1"": -0.20376808941364288, ""0-2"": 0.035226009786129, ""1-2"": 0.0504060722887516}"
2380,0.22687216,"{""0-1"": 0.1194525808095932, ""0-2"": 0.46868884563446045, ""1-2"": 0.0924750491976738}"
2381,0.10047968,"{""0-1"": 0.10047967731952667}"
2382,0.00325870,"{""0-1"": 0.14788123965263367, ""0-2"": -0.1043536588549614, ""1-2"": -0.033751480281353}"
2383,0.19378171,"{""0-1"": 0.3550916612148285, ""0-2"": 0.05540011078119278, ""1-2"": 0.17085334658622742}"
2384,0.00000000,{}
2385,0.01193882,"{""0-1"": 0.015253091230988503, ""0-2"": -0.035140857100486755, ""1-2"": 0.055704228579998016}"
2386,0.00519385,"{""0-1"": -0.03700726479291916, ""0-2"": -0.027153458446264267, ""1-2"": 0.07974228262901306}"
2387,-0.03170697,"{""0-1"": -0.10019263625144958, ""0-2"": 0.013193409889936447, ""1-2"": -0.008121682330965996}"
2388,-0.01724975,"{""0-1"": -0.05051347240805626, ""0-2"": 0.028457526117563248, ""1-2"": -0.02969331666827202}"
2389,-0.02263444,"{""0-1"": -0.05082973465323448, ""0-2"": 0.049317944794893265, ""1-2"": -0.06639152765274048}"
2390,0.99999982,"{""0-1"": 0.9999998211860657}"
2391,0.01479081,"{""0-1"": 0.014790814369916916}"
2392,-0.03639103,"{""0-1"": -0.03639103099703789}"
2393,0.32226655,"{""0-1"": 0.322266548871994}"
2394,0.01826908,"{""0-1"": 0.008339343592524529, ""0-2"": 0.00023088841408025473, ""1-2"": 0.04623700678348541}"
2395,0.99999994,"{""0-1"": 0.9999999403953552}"
2396,0.44975394,"{""0-1"": 0.44975394010543823}"
2397,0.07494653,"{""0-1"": 0.23662757873535156, ""0-2"": -0.028447041288018227, ""1-2"": 0.016659051179885864}"
2398,0.23116066,"{""0-1"": 0.3406708538532257, ""0-2"": 0.0076013351790606976, ""1-2"": 0.3452097773551941}"
2399,0.02240212,"{""0-1"": 0.09061991423368454, ""0-2"": 0.0066177938133478165, ""1-2"": -0.030031338334083557}"
2400,0.04881985,"{""0-1"": 0.06165891885757446, ""0-2"": 0.043758995831012726, ""1-2"": 0.041041623800992966}"
2401,0.04006363,"{""0-1"": 0.016338378190994263, ""0-2"": 0.03302738815546036, ""1-2"": 0.07082513719797134}"
2402,0.42298272,"{""0-1"": 0.42298272252082825}"
2403,0.10120118,"{""0-1"": 0.10120117664337158}"
2404,0.01479081,"{""0-1"": 0.014790814369916916}"
2405,0.31122758,"{""0-1"": 0.9987908005714417, ""0-2"": -0.030675264075398445, ""1-2"": -0.03443280607461929}"
2406,0.01786554,"{""0-1"": 0.017865536734461784}"
2407,0.00000000,{}
2408,0.16428876,"{""0-1"": -0.017800776287913322, ""0-2"": -0.02487722970545292, ""1-2"": 0.5355442762374878}"
2409,0.00097760,"{""0-1"": -0.03271079435944557, ""0-2"": 0.0017342079663649201, ""1-2"": 0.033909380435943604}"
2410,0.01330477,"{""0-1"": -0.10134024918079376, ""0-2"": 0.029362058266997337, ""1-2"": 0.11189251393079758}"
2411,-0.02438674,"{""0-1"": -0.039537474513053894, ""0-2"": 0.02015499770641327, ""1-2"": -0.05377774313092232}"
2412,0.04958813,"{""0-1"": 0.07970438152551651, ""0-2"": 0.05854232981801033, ""1-2"": 0.01051766611635685}"
2413,0.00000000,{}
2414,0.06207864,"{""0-1"": -0.04323660582304001, ""0-2"": 0.19259491562843323, ""1-2"": 0.036877598613500595}"
2415,0.04709568,"{""0-1"": -0.0977947786450386, ""0-2"": 0.00596176041290164, ""1-2"": 0.23312005400657654}"
2416,-0.04838818,"{""0-1"": -0.09576497972011566, ""0-2"": -0.10019838064908981, ""1-2"": 0.05079880729317665}"
2417,1.00000000,"{""0-1"": 1.0}"
2418,-0.02520435,"{""0-1"": -0.02520434930920601}"
2419,0.10230141,"{""0-1"": 0.16965815424919128, ""0-2"": 0.08825431019067764, ""1-2"": 0.048991769552230835}"
2420,0.15143615,"{""0-1"": 0.15143615007400513}"
2421,-0.03566424,"{""0-1"": -0.043446626514196396, ""0-2"": -0.008010081015527248, ""1-2"": -0.055535998195409775}"
2422,0.08627188,"{""0-1"": -0.02928667701780796, ""0-2"": 0.1837160289287567, ""1-2"": 0.10438628494739532}"
2423,0.24800429,"{""0-1"": 0.9808141589164734, ""0-2"": -0.1094355657696724, ""1-2"": -0.12736572325229645}"
2424,-0.02037020,"{""0-1"": -0.02037019655108452}"
2425,0.00626966,"{""0-1"": 0.006269661244004965}"
2426,-0.01948558,"{""0-1"": -0.05273151025176048, ""0-2"": -0.012846747413277626, ""1-2"": 0.007121516857296228}"
2427,0.00000000,{}
2428,0.00000000,{}
2429,0.99999863,"{""0-1"": 0.9999986290931702}"
2430,0.32312490,"{""0-1"": 0.9692310690879822, ""0-2"": 0.003231629729270935, ""1-2"": -0.003088004421442747}"
2431,0.30014932,"{""0-1"": 0.3001493215560913}"
2432,0.02829238,"{""0-1"": -0.03953684866428375, ""0-2"": -0.02459162287414074, ""1-2"": 0.14900560677051544}"
2433,-0.03097092,"{""0-1"": -0.030970923602581024}"
2434,0.35555483,"{""0-1"": 0.9596574902534485, ""0-2"": 0.06522136926651001, ""1-2"": 0.04178562015295029}"
2435,0.64579129,"{""0-1"": 0.6457912921905518}"
2436,-0.00947753,"{""0-1"": -0.03081568516790867, ""0-2"": 0.024611273780465126, ""1-2"": -0.02222817949950695}"
2437,0.79352945,"{""0-1"": 0.7935294508934021}"
2438,0.02790298,"{""0-1"": 0.02790297567844391}"
2439,-0.03645761,"{""0-1"": -0.19700229167938232, ""0-2"": 0.03784080222249031, ""1-2"": 0.04978865385055542}"
2440,0.50649940,"{""0-1"": 0.761612594127655, ""0-2"": 0.5520284175872803, ""1-2"": 0.20585718750953674}"
2441,0.44945853,"{""0-1"": 0.9965492486953735, ""0-2"": 0.1385309100151062, ""1-2"": 0.21329542994499207}"
2442,0.99999815,"{""0-1"": 0.999998152256012}"
2443,0.35566941,"{""0-1"": 0.35566940903663635}"
2444,0.03449273,"{""0-1"": -0.07911530137062073, ""0-2"": -0.00754501111805439, ""1-2"": 0.19013850390911102}"
2445,0.09856075,"{""0-1"": 0.12394724786281586, ""0-2"": 0.03411854803562164, ""1-2"": 0.13761644065380096}"
2446,-0.00016569,"{""0-1"": -0.001240950427018106, ""0-2"": -0.0075220102444291115, ""1-2"": 0.008265876211225986}"
2447,0.17102686,"{""0-1"": -0.004380128812044859, ""0-2"": -0.034137289971113205, ""1-2"": 0.5515980124473572}"
2448,0.99543458,"{""0-1"": 0.995434582233429}"
2449,0.19851920,"{""0-1"": 0.19851920008659363}"
2450,-0.05492243,"{""0-1"": -0.0998530164361, ""0-2"": -0.019608907401561737, ""1-2"": -0.04530535638332367}"
2451,-0.04560164,"{""0-1"": -0.04560163989663124}"
2452,-0.03714706,"{""0-1"": -0.03714705631136894}"
2453,0.13843347,"{""0-1"": 0.1742408573627472, ""0-2"": 0.19373396039009094, ""1-2"": 0.04732558876276016}"
2454,-0.03189465,"{""0-1"": -0.08403521776199341, ""0-2"": -0.04943893849849701, ""1-2"": 0.037790216505527496}"
2455,0.37844262,"{""0-1"": 0.3784426152706146}"
2456,0.06702898,"{""0-1"": 0.30728062987327576, ""0-2"": -0.04338587075471878, ""1-2"": -0.06280780583620071}"
2457,0.21712604,"{""0-1"": 0.2171260416507721}"
2458,-0.02076407,"{""0-1"": -0.10182631015777588, ""0-2"": -0.0067997584119439125, ""1-2"": 0.04633387178182602}"
2459,-0.08892156,"{""0-1"": -0.11121424287557602, ""0-2"": -0.17125800251960754, ""1-2"": 0.015707574784755707}"
2460,0.02062232,"{""0-1"": -0.051499344408512115, ""0-2"": 0.20103806257247925, ""1-2"": -0.08767174929380417}"
2461,-0.00208305,"{""0-1"": -0.03530136123299599, ""0-2"": -0.011983330361545086, ""1-2"": 0.041035544127225876}"
2462,0.07158118,"{""0-1"": -0.17029091715812683, ""0-2"": -0.010672288946807384, ""1-2"": 0.39570674300193787}"
2463,0.01276962,"{""0-1"": 0.06511691957712173, ""0-2"": -0.05167025700211525, ""1-2"": 0.02486218884587288}"
2464,0.17344703,"{""0-1"": 0.05958161503076553, ""0-2"": 0.20620673894882202, ""1-2"": 0.2545527219772339}"
2465,-0.04653354,"{""0-1"": -0.04453105106949806, ""0-2"": -0.035633914172649384, ""1-2"": -0.059435658156871796}"
2466,0.25947409,"{""0-1"": 0.044320207089185715, ""0-2"": 0.6703692674636841, ""1-2"": 0.0637328028678894}"
2467,0.30027992,"{""0-1"": -0.026397468522191048, ""0-2"": -0.011303165927529335, ""1-2"": 0.9385403990745544}"
2468,0.13517465,"{""0-1"": 0.004032497759908438, ""0-2"": 0.40152275562286377, ""1-2"": -3.130788536509499e-05}"
2469,0.37406324,"{""0-1"": 0.8920632600784302, ""0-2"": 0.32125863432884216, ""1-2"": -0.09113216400146484}"
2470,0.01835774,"{""0-1"": -0.04058569297194481, ""0-2"": 0.06660118699073792, ""1-2"": 0.02905772253870964}"
2471,0.01035406,"{""0-1"": 0.06175047159194946, ""0-2"": -0.0687357559800148, ""1-2"": 0.03804745897650719}"
2472,0.06651894,"{""0-1"": -0.06918461620807648, ""0-2"": -0.025118160992860794, ""1-2"": 0.293859601020813}"
2473,0.27988335,"{""0-1"": 0.6471983790397644, ""0-2"": 0.08686990290880203, ""1-2"": 0.10558178275823593}"
2474,0.05031595,"{""0-1"": 0.17488974332809448, ""0-2"": -0.02339169569313526, ""1-2"": -0.0005502034910023212}"
2475,0.99999994,"{""0-1"": 0.9999999403953552}"
2476,0.21722443,"{""0-1"": 0.0012413293588906527, ""0-2"": 0.054398372769355774, ""1-2"": 0.5960335731506348}"
2477,0.07351577,"{""0-1"": 0.07351577281951904}"
2478,0.00732953,"{""0-1"": -0.012288399040699005, ""0-2"": 0.09642545133829117, ""1-2"": -0.06214845925569534}"
2479,0.04489727,"{""0-1"": 0.04489726945757866}"
2480,0.32456721,"{""0-1"": -0.00683468347415328, ""0-2"": 0.06499107927083969, ""1-2"": 0.9155452251434326}"
2481,0.06494152,"{""0-1"": 0.06494151800870895}"
2482,0.15464824,"{""0-1"": 0.4379170536994934, ""0-2"": 0.015293651260435581, ""1-2"": 0.010734024457633495}"
2483,-0.03649375,"{""0-1"": -0.11742719262838364, ""0-2"": -0.01961241289973259, ""1-2"": 0.02755836956202984}"
2484,0.21156618,"{""0-1"": 0.21156617999076843}"
2485,0.23208716,"{""0-1"": 0.5821539759635925, ""0-2"": 0.05894594267010689, ""1-2"": 0.05516156926751137}"
2486,0.07325119,"{""0-1"": 0.07325118780136108}"
2487,0.99999756,"{""0-1"": 0.9999975562095642}"
2488,-0.01607932,"{""0-1"": -0.06453365832567215, ""0-2"": 0.06890226155519485, ""1-2"": -0.052606575191020966}"
2489,0.30612464,"{""0-1"": 0.9986584186553955, ""0-2"": -0.04005962982773781, ""1-2"": -0.040224868804216385}"
2490,0.02365079,"{""0-1"": 0.017596064135432243, ""0-2"": 0.0051237368024885654, ""1-2"": 0.048232562839984894}"
2491,0.03480943,"{""0-1"": 0.06001557037234306, ""0-2"": 0.05110706388950348, ""1-2"": -0.006694330833852291}"
2492,0.02720245,"{""0-1"": -0.05762741342186928, ""0-2"": -0.10145696997642517, ""1-2"": 0.24069172143936157}"
2493,0.25237550,"{""0-1"": 0.47330614924430847, ""0-2"": 0.10250866413116455, ""1-2"": 0.1813116818666458}"
2494,-0.01182354,"{""0-1"": -0.04069390520453453, ""0-2"": 0.04028569534420967, ""1-2"": -0.03506240248680115}"
2495,-0.03985600,"{""0-1"": -0.1338272988796234, ""0-2"": 0.002028355374932289, ""1-2"": 0.012230953201651573}"
2496,0.42298272,"{""0-1"": 0.42298272252082825}"
2497,0.00000000,{}
2498,0.20486244,"{""0-1"": 0.10682408511638641, ""0-2"": 0.4206775724887848, ""1-2"": 0.08708564937114716}"
2499,-0.03919730,"{""0-1"": -0.03919730335474014}"
2500,0.00000000,{}
2501,0.16057871,"{""0-1"": 0.2682044208049774, ""0-2"": 0.17944402992725372, ""1-2"": 0.03408767655491829}"
2502,0.07968221,"{""0-1"": 0.10771011561155319, ""0-2"": 0.14550887048244476, ""1-2"": -0.014172370545566082}"
2503,0.99999857,"{""0-1"": 0.9999985694885254}"
2504,0.01484200,"{""0-1"": 0.004534658510237932, ""0-2"": -0.021746842190623283, ""1-2"": 0.06173817440867424}"
2505,0.03116406,"{""0-1"": -0.03416179493069649, ""0-2"": 0.18415379524230957, ""1-2"": -0.05649981275200844}"
2506,0.90407270,"{""0-1"": 0.9040727019309998}"
2507,-0.00855072,"{""0-1"": 0.07683883607387543, ""0-2"": -0.07529927045106888, ""1-2"": -0.027191726490855217}"
2508,0.16471985,"{""0-1"": 0.1647198498249054}"
2509,0.62530202,"{""0-1"": 0.6253020167350769}"
2510,-0.04226734,"{""0-1"": 0.0076051149517297745, ""0-2"": -0.11129824817180634, ""1-2"": -0.023108897730708122}"
2511,0.76646966,"{""0-1"": 0.7664696574211121}"
2512,0.51108575,"{""0-1"": 0.5110857486724854}"
2513,0.32614774,"{""0-1"": 0.32614773511886597}"
2514,0.08288945,"{""0-1"": 0.08288945257663727}"
2515,0.12322881,"{""0-1"": 0.19064977765083313, ""0-2"": 0.04796435683965683, ""1-2"": 0.1310722827911377}"
2516,0.00000000,{}
2517,-0.05224919,"{""0-1"": -0.05224918574094772}"
2518,0.02007442,"{""0-1"": -0.04707365855574608, ""0-2"": 0.1399465799331665, ""1-2"": -0.03264967352151871}"
2519,0.03593814,"{""0-1"": 0.0854044109582901, ""0-2"": 0.03394500911235809, ""1-2"": -0.011534995399415493}"
2520,0.48467598,"{""0-1"": 0.8786155581474304, ""0-2"": 0.31578075885772705, ""1-2"": 0.2596316337585449}"
2521,-0.03919730,"{""0-1"": -0.03919730335474014}"
2522,0.04958813,"{""0-1"": 0.07970438152551651, ""0-2"": 0.05854232981801033, ""1-2"": 0.01051766611635685}"
2523,0.98964220,"{""0-1"": 0.9896422028541565}"
2524,0.17430140,"{""0-1"": 0.1743014007806778}"
2525,0.44223601,"{""0-1"": 0.4422360062599182}"
2526,-0.00740247,"{""0-1"": -0.007402466610074043}"
2527,0.72147042,"{""0-1"": 0.7214704155921936}"
2528,0.91456705,"{""0-1"": 0.9145670533180237}"
2529,0.13079348,"{""0-1"": 0.1307934820652008}"
2530,0.01332641,"{""0-1"": 0.04674263671040535, ""0-2"": -0.0076257227919995785, ""1-2"": 0.0008623290923424065}"
2531,0.38972269,"{""0-1"": 0.08683699369430542, ""0-2"": 0.08792407065629959, ""1-2"": 0.9944069981575012}"
2532,-0.03542255,"{""0-1"": -0.1278085559606552, ""0-2"": -0.02577655203640461, ""1-2"": 0.047317471355199814}"
2533,0.00000000,{}
2534,0.05583407,"{""0-1"": -0.20013527572155, ""0-2"": 0.5673373937606812, ""1-2"": -0.19969990849494934}"
2535,0.01233942,"{""0-1"": 0.012339415960013866}"
2536,-0.05262818,"{""0-1"": -0.08207046985626221, ""0-2"": -0.033141590654850006, ""1-2"": -0.04267246648669243}"
2537,0.00428398,"{""0-1"": 0.05079980567097664, ""0-2"": 0.02634209580719471, ""1-2"": -0.06428994983434677}"
2538,-0.02830247,"{""0-1"": -0.18649843335151672, ""0-2"": 0.05151425674557686, ""1-2"": 0.05007676035165787}"
2539,-0.04420429,"{""0-1"": 0.014843384735286236, ""0-2"": -0.17541615664958954, ""1-2"": 0.027959903702139854}"
2540,-0.02862637,"{""0-1"": -0.07528399676084518, ""0-2"": 0.004968401975929737, ""1-2"": -0.015563508495688438}"
2541,-0.07760701,"{""0-1"": -0.056986112147569656, ""0-2"": -0.13642893731594086, ""1-2"": -0.039405979216098785}"
2542,0.15143615,"{""0-1"": 0.15143615007400513}"
2543,0.60944491,"{""0-1"": 0.685988187789917, ""0-2"": 0.8024131655693054, ""1-2"": 0.3399333655834198}"
2544,0.07001658,"{""0-1"": 0.031154649332165718, ""0-2"": 0.018239663913846016, ""1-2"": 0.1606554388999939}"
2545,-0.20302585,"{""0-1"": -0.20302584767341614}"
2546,-0.02106236,"{""0-1"": -0.1299406886100769, ""0-2"": -0.047345422208309174, ""1-2"": 0.11409903317689896}"
2547,0.98102361,"{""0-1"": 0.9810236096382141}"
2548,0.04610623,"{""0-1"": 0.017625518143177032, ""0-2"": 0.10067138820886612, ""1-2"": 0.020021796226501465}"
2549,-0.00409527,"{""0-1"": 0.0281940009444952, ""0-2"": -0.01815928891301155, ""1-2"": -0.022320514544844627}"
2550,0.98865843,"{""0-1"": 0.9886584281921387}"
2551,0.00000000,{}
2552,0.21771165,"{""0-1"": 0.10463210195302963, ""0-2"": 0.5010022521018982, ""1-2"": 0.04750058427453041}"
2553,0.03979628,"{""0-1"": 0.004843354225158691, ""0-2"": -0.04487527161836624, ""1-2"": 0.15942074358463287}"
2554,0.18183094,"{""0-1"": 0.5975186228752136, ""0-2"": -0.06818470358848572, ""1-2"": 0.016158899292349815}"
2555,0.17430140,"{""0-1"": 0.1743014007806778}"
2556,0.99999970,"{""0-1"": 0.9999997019767761}"
2557,0.00153194,"{""0-1"": 0.017023948952555656, ""0-2"": 0.042736880481243134, ""1-2"": -0.055165015161037445}"
2558,0.01131660,"{""0-1"": -0.09627587348222733, ""0-2"": 0.015389058738946915, ""1-2"": 0.11483661830425262}"
2559,0.58370628,"{""0-1"": 0.5345354676246643, ""0-2"": 0.8200897574424744, ""1-2"": 0.3964936137199402}"
2560,0.01526713,"{""0-1"": 0.015267133712768555}"
2561,0.00000000,{}
2562,0.04357478,"{""0-1"": -0.08980977535247803, ""0-2"": 0.11439942568540573, ""1-2"": 0.10613468289375305}"
2563,-0.01569252,"{""0-1"": -0.015692519024014473}"
2564,-0.04035171,"{""0-1"": -0.19951461255550385, ""0-2"": 0.0730544701218605, ""1-2"": 0.00540501344949007}"
2565,0.05653208,"{""0-1"": 0.05986384302377701, ""0-2"": 0.08604905754327774, ""1-2"": 0.0236833393573761}"
2566,0.06905201,"{""0-1"": 0.07082395255565643, ""0-2"": 0.11562501639127731, ""1-2"": 0.020707063376903534}"
2567,0.20700941,"{""0-1"": 0.6763705015182495, ""0-2"": -0.02067248709499836, ""1-2"": -0.03466979041695595}"
2568,0.43828031,"{""0-1"": 0.6127671599388123, ""0-2"": 0.6166235208511353, ""1-2"": 0.08545026183128357}"
2569,-0.04999470,"{""0-1"": -0.16120508313179016, ""0-2"": -0.035609807819128036, ""1-2"": 0.04683079570531845}"
2570,0.00208129,"{""0-1"": 0.05042082071304321, ""0-2"": -0.012799068354070187, ""1-2"": -0.031377896666526794}"
2571,-0.02830247,"{""0-1"": -0.18649843335151672, ""0-2"": 0.05151425674557686, ""1-2"": 0.05007676035165787}"
2572,0.44349718,"{""0-1"": 0.4434971809387207}"
2573,0.01718824,"{""0-1"": 0.017188243567943573}"
2574,-0.01417325,"{""0-1"": -0.0907396748661995, ""0-2"": -0.024212786927819252, ""1-2"": 0.07243271917104721}"
2575,-0.03314223,"{""0-1"": -0.044651955366134644, ""0-2"": -0.00379932951182127, ""1-2"": -0.05097540467977524}"
2576,-0.02254453,"{""0-1"": -0.05339181795716286, ""0-2"": 0.03393019735813141, ""1-2"": -0.048171982169151306}"
2577,0.17748006,"{""0-1"": 0.1774800568819046}"
2578,-0.04035171,"{""0-1"": -0.19951461255550385, ""0-2"": 0.0730544701218605, ""1-2"": 0.00540501344949007}"
2579,0.07971037,"{""0-1"": 0.08382652699947357, ""0-2"": -0.010426674969494343, ""1-2"": 0.1657312512397766}"
2580,0.12098274,"{""0-1"": -0.013108995743095875, ""0-2"": 0.23499664664268494, ""1-2"": 0.14106057584285736}"
2581,-0.01221597,"{""0-1"": -0.053166937083005905, ""0-2"": -0.003011971479281783, ""1-2"": 0.0195310078561306}"
2582,-0.00316002,"{""0-1"": -0.026777436956763268, ""0-2"": -0.020013967528939247, ""1-2"": 0.037311356514692307}"
2583,0.06731228,"{""0-1"": 0.25046226382255554, ""0-2"": -0.09199339151382446, ""1-2"": 0.04346797615289688}"
2584,0.35369935,"{""0-1"": 0.8302491307258606, ""0-2"": 0.03246808424592018, ""1-2"": 0.19838082790374756}"
2585,0.29981071,"{""0-1"": 0.9587364196777344, ""0-2"": -0.005814322270452976, ""1-2"": -0.053489964455366135}"
2586,0.90098053,"{""0-1"": 0.900980532169342}"
2587,0.04610623,"{""0-1"": 0.017625518143177032, ""0-2"": 0.10067138820886612, ""1-2"": 0.020021796226501465}"
2588,-0.02262534,"{""0-1"": 0.044764913618564606, ""0-2"": -0.04854430630803108, ""1-2"": -0.0640966147184372}"
2589,0.27260829,"{""0-1"": 0.04319550096988678, ""0-2"": 0.6382890343666077, ""1-2"": 0.13634032011032104}"
2590,0.01917660,"{""0-1"": 0.019176598638296127}"
2591,0.99999815,"{""0-1"": 0.999998152256012}"
2592,0.09648141,"{""0-1"": 0.09648141264915466}"
2593,1.00000000,"{""0-1"": 1.0}"
2594,0.10354531,"{""0-1"": 0.024624302983283997, ""0-2"": 0.06221551448106766, ""1-2"": 0.22379611432552338}"
2595,-0.04653354,"{""0-1"": -0.04453105106949806, ""0-2"": -0.035633914172649384, ""1-2"": -0.059435658156871796}"
2596,-0.02370746,"{""0-1"": -0.02370746247470379}"
2597,0.95397133,"{""0-1"": 0.9539713263511658}"
2598,-0.02244640,"{""0-1"": -0.0224464014172554}"
2599,0.69751352,"{""0-1"": 0.6975135207176208}"
2600,0.04868596,"{""0-1"": -0.02062172256410122, ""0-2"": 0.04282575473189354, ""1-2"": 0.12385385483503342}"
2601,0.47490305,"{""0-1"": 0.47490304708480835}"
2602,0.08143461,"{""0-1"": 0.08143460750579834}"
2603,0.90743405,"{""0-1"": 0.9074340462684631}"
2604,0.32127397,"{""0-1"": 0.9776449203491211, ""0-2"": -0.012070433236658573, ""1-2"": -0.0017525837756693363}"
2605,0.01176731,"{""0-1"": -0.00251540495082736, ""0-2"": 0.02704765647649765, ""1-2"": 0.010769689455628395}"
2606,0.00854416,"{""0-1"": -0.0177326537668705, ""0-2"": -0.01807556301355362, ""1-2"": 0.06144070625305176}"
2607,0.00000000,{}
2608,0.03221472,"{""0-1"": -0.010671550408005714, ""0-2"": 0.049077946692705154, ""1-2"": 0.058237768709659576}"
2609,-0.03454666,"{""0-1"": -0.024371128529310226, ""0-2"": -0.072356678545475, ""1-2"": -0.006912184879183769}"
2610,-0.00868363,"{""0-1"": -0.008683632127940655}"
2611,0.13835350,"{""0-1"": 0.47294995188713074, ""0-2"": -0.0014500508550554514, ""1-2"": -0.05643939971923828}"
2612,0.34899840,"{""0-1"": -0.03953428566455841, ""0-2"": 0.8455249667167664, ""1-2"": 0.24100451171398163}"
2613,0.12592418,"{""0-1"": 0.5308678150177002, ""0-2"": -0.0035928578581660986, ""1-2"": -0.14950242638587952}"
2614,0.00000000,{}
2615,-0.00976871,"{""0-1"": -0.009768707677721977}"
2616,0.08594549,"{""0-1"": -0.01589280739426613, ""0-2"": 0.007684493903070688, ""1-2"": 0.2660447955131531}"
2617,0.80808675,"{""0-1"": 0.8080867528915405}"
2618,-0.03612973,"{""0-1"": -0.07019857317209244, ""0-2"": -0.024876227602362633, ""1-2"": -0.013314389623701572}"
2619,-0.09764484,"{""0-1"": -0.11914920061826706, ""0-2"": -0.20679621398448944, ""1-2"": 0.03301089629530907}"
2620,-0.01374850,"{""0-1"": -0.09292461723089218, ""0-2"": 0.001874143141321838, ""1-2"": 0.04980495944619179}"
2621,-0.03454666,"{""0-1"": -0.024371128529310226, ""0-2"": -0.072356678545475, ""1-2"": -0.006912184879183769}"
2622,0.17430140,"{""0-1"": 0.1743014007806778}"
2623,0.00000000,{}
2624,0.45296173,"{""0-1"": 0.9979535341262817, ""0-2"": 0.1556817591190338, ""1-2"": 0.20524990558624268}"
2625,0.00000000,{}
2626,0.01564520,"{""0-1"": 0.015645204111933708}"
2627,0.29793409,"{""0-1"": -0.04380812123417854, ""0-2"": -0.014344098046422005, ""1-2"": 0.9519544839859009}"
2628,0.42800206,"{""0-1"": 0.4280020594596863}"
2629,-0.03682355,"{""0-1"": -0.02445274591445923, ""0-2"": -0.14935718476772308, ""1-2"": 0.06333927810192108}"
2630,0.10974663,"{""0-1"": 0.10974662750959396}"
2631,0.03378352,"{""0-1"": 0.012866174802184105, ""0-2"": 0.0652698427438736, ""1-2"": 0.0232145506888628}"
2632,-0.03480890,"{""0-1"": -0.03443382307887077, ""0-2"": -0.030059082433581352, ""1-2"": -0.03993379324674606}"
2633,0.32440900,"{""0-1"": 0.06365998089313507, ""0-2"": 0.8730611205101013, ""1-2"": 0.03650590777397156}"
2634,0.29992982,"{""0-1"": 0.9676985740661621, ""0-2"": -0.02887480892241001, ""1-2"": -0.039034318178892136}"
2635,0.09863081,"{""0-1"": 0.15525104105472565, ""0-2"": 0.04360799491405487, ""1-2"": 0.09703340381383896}"
2636,0.20579303,"{""0-1"": -0.09691815078258514, ""0-2"": -0.05950962007045746, ""1-2"": 0.7738068699836731}"
2637,0.02749561,"{""0-1"": -0.11055941879749298, ""0-2"": 0.3207278847694397, ""1-2"": -0.1276816427707672}"
2638,0.33665285,"{""0-1"": 0.6522491574287415, ""0-2"": 0.2456614226102829, ""1-2"": 0.11204797774553299}"
2639,-0.02520435,"{""0-1"": -0.02520434930920601}"
2640,0.03608751,"{""0-1"": 0.03113509714603424, ""0-2"": 0.10238052159547806, ""1-2"": -0.02525310032069683}"
2641,0.28393505,"{""0-1"": 0.014851696789264679, ""0-2"": 0.028624402359128, ""1-2"": 0.8083290457725525}"
2642,0.32312490,"{""0-1"": 0.9692310690879822, ""0-2"": 0.003231629729270935, ""1-2"": -0.003088004421442747}"
2643,0.03315290,"{""0-1"": -0.0011627862695604563, ""0-2"": 0.08223852515220642, ""1-2"": 0.018382951617240906}"
2644,0.12380818,"{""0-1"": 0.09084257483482361, ""0-2"": 0.28508034348487854, ""1-2"": -0.004498375114053488}"
2645,0.45165962,"{""0-1"": 0.451659619808197}"
2646,0.27487820,"{""0-1"": 0.1333736926317215, ""0-2"": 0.038259126245975494, ""1-2"": 0.6530017852783203}"
2647,0.06527137,"{""0-1"": 0.06527137011289597}"
2648,0.04701566,"{""0-1"": 0.04701566323637962}"
2649,-0.04653354,"{""0-1"": -0.04453105106949806, ""0-2"": -0.035633914172649384, ""1-2"": -0.059435658156871796}"
2650,-0.03971723,"{""0-1"": -0.05036449432373047, ""0-2"": -0.026844054460525513, ""1-2"": -0.04194314405322075}"
2651,0.00563979,"{""0-1"": 0.021734001114964485, ""0-2"": -0.002181521151214838, ""1-2"": -0.002633102471008897}"
2652,-0.02237005,"{""0-1"": -0.022370051592588425}"
2653,0.62083769,"{""0-1"": 0.6208376884460449}"
2654,0.47161371,"{""0-1"": 0.47161370515823364}"
2655,0.05629023,"{""0-1"": 0.05629022791981697}"
2656,0.13779278,"{""0-1"": 0.28609806299209595, ""0-2"": 0.0861433669924736, ""1-2"": 0.04113689810037613}"
2657,0.33831716,"{""0-1"": 0.3383171558380127}"
2658,-0.02214923,"{""0-1"": -0.015456118620932102, ""0-2"": -0.0020316005684435368, ""1-2"": -0.04895998537540436}"
2659,0.01566840,"{""0-1"": 0.04210204631090164, ""0-2"": -0.008053316734731197, ""1-2"": 0.012956484220921993}"
2660,-0.02360620,"{""0-1"": -0.007300422992557287, ""0-2"": -0.02526107057929039, ""1-2"": -0.038257092237472534}"
2661,0.17563598,"{""0-1"": 0.17563597857952118}"
2662,0.04610623,"{""0-1"": 0.017625518143177032, ""0-2"": 0.10067138820886612, ""1-2"": 0.020021796226501465}"
2663,0.16057871,"{""0-1"": 0.2682044208049774, ""0-2"": 0.17944402992725372, ""1-2"": 0.03408767655491829}"
2664,0.09990543,"{""0-1"": 0.09990543127059937}"
2665,0.22539422,"{""0-1"": 0.5103768110275269, ""0-2"": 0.07818769663572311, ""1-2"": 0.0876181572675705}"
2666,0.07745814,"{""0-1"": 0.16709668934345245, ""0-2"": 0.021271824836730957, ""1-2"": 0.044005900621414185}"
2667,-0.05705827,"{""0-1"": -0.006310591474175453, ""0-2"": -0.16040995717048645, ""1-2"": -0.00445427605882287}"
2668,-0.10856348,"{""0-1"": 0.0526314377784729, ""0-2"": -0.1443307250738144, ""1-2"": -0.23399116098880768}"
2669,-0.00617876,"{""0-1"": -0.027075111865997314, ""0-2"": -0.08245473355054855, ""1-2"": 0.09099357575178146}"
2670,0.02499972,"{""0-1"": 0.003791464725509286, ""0-2"": 0.021418873220682144, ""1-2"": 0.049788810312747955}"
2671,-0.08744158,"{""0-1"": -0.12048713117837906, ""0-2"": -0.13156791031360626, ""1-2"": -0.010269692167639732}"
2672,-0.04322217,"{""0-1"": -0.03990563377737999, ""0-2"": -0.030859297141432762, ""1-2"": -0.05890156701207161}"
2673,0.00534158,"{""0-1"": 0.025674987584352493, ""0-2"": 0.007805412635207176, ""1-2"": -0.01745566725730896}"
2674,0.02488129,"{""0-1"": 0.25892388820648193, ""0-2"": -0.11930924654006958, ""1-2"": -0.06497078388929367}"
2676,0.14760888,"{""0-1"": 0.14760887622833252}"
2677,0.11333060,"{""0-1"": 0.41381263732910156, ""0-2"": -0.005882852245122194, ""1-2"": -0.06793797761201859}"
2678,0.99533004,"{""0-1"": 0.9953300356864929}"
2679,0.45296173,"{""0-1"": 0.9979535341262817, ""0-2"": 0.1556817591190338, ""1-2"": 0.20524990558624268}"
2680,0.99533004,"{""0-1"": 0.9953300356864929}"
2681,0.00106077,"{""0-1"": 0.001060767681337893}"
2682,0.33715442,"{""0-1"": 0.33715441823005676}"
2683,-0.04088640,"{""0-1"": -0.04088640213012695}"
2684,0.14290304,"{""0-1"": 0.106739841401577, ""0-2"": 0.2706827223300934, ""1-2"": 0.05128655582666397}"
2685,0.09652282,"{""0-1"": 0.09652282297611237}"
2686,0.08627188,"{""0-1"": -0.02928667701780796, ""0-2"": 0.1837160289287567, ""1-2"": 0.10438628494739532}"
2687,-0.00364982,"{""0-1"": -0.0036498194094747305}"
2688,0.04511535,"{""0-1"": 0.10303153097629547, ""0-2"": -0.010842558927834034, ""1-2"": 0.043157074600458145}"
2689,0.04761008,"{""0-1"": -0.06067698821425438, ""0-2"": 0.3597486615180969, ""1-2"": -0.15624143183231354}"
2690,0.55667710,"{""0-1"": 0.5566771030426025}"
2691,-0.01894085,"{""0-1"": -0.028418630361557007, ""0-2"": -0.03120507299900055, ""1-2"": 0.002801149385049939}"
2692,-0.04543908,"{""0-1"": -0.05207587406039238, ""0-2"": -0.03488975390791893, ""1-2"": -0.04935161769390106}"
2693,-0.02756559,"{""0-1"": -0.02806217037141323, ""0-2"": -0.09070924669504166, ""1-2"": 0.03607465699315071}"
2694,0.09706896,"{""0-1"": -0.008219094015657902, ""0-2"": -0.04941171407699585, ""1-2"": 0.348837673664093}"
2695,0.04285248,"{""0-1"": 0.0073127164505422115, ""0-2"": 0.05124955251812935, ""1-2"": 0.06999517977237701}"
2696,0.17563598,"{""0-1"": 0.17563597857952118}"
2697,-0.05099091,"{""0-1"": -0.07083114981651306, ""0-2"": -0.021255288273096085, ""1-2"": -0.06088630110025406}"
2698,-0.02637051,"{""0-1"": 0.02295420505106449, ""0-2"": -0.006100292317569256, ""1-2"": -0.0959654301404953}"
2699,0.64640680,"{""0-1"": 0.8091680407524109, ""0-2"": 0.4315021336078644, ""1-2"": 0.6985502243041992}"
2700,0.01811361,"{""0-1"": -0.012447413057088852, ""0-2"": 0.03361610323190689, ""1-2"": 0.033172138035297394}"
2701,-0.05848600,"{""0-1"": 0.014424444176256657, ""0-2"": -0.15432903170585632, ""1-2"": -0.03555340692400932}"
2702,0.93112403,"{""0-1"": 0.9311240315437317}"
2703,0.99999994,"{""0-1"": 0.9999999403953552}"
2704,0.05935487,"{""0-1"": -0.0035693433601409197, ""0-2"": -0.0049758912064135075, ""1-2"": 0.18660983443260193}"
2705,0.02674228,"{""0-1"": 0.1394532173871994, ""0-2"": 0.0016662466805428267, ""1-2"": -0.06089261174201965}"
2706,0.34597235,"{""0-1"": 0.09442320466041565, ""0-2"": 0.04611439257860184, ""1-2"": 0.897379457950592}"
2707,0.18216813,"{""0-1"": 0.1821681261062622}"
2708,0.99999994,"{""0-1"": 0.9999999403953552}"
2709,0.02872189,"{""0-1"": 0.02021242491900921, ""0-2"": 0.02246673032641411, ""1-2"": 0.043486516922712326}"
2710,0.06710178,"{""0-1"": 0.013523970730602741, ""0-2"": 0.2371111363172531, ""1-2"": -0.04932977631688118}"
2711,0.06939599,"{""0-1"": 0.23189327120780945, ""0-2"": -0.0018082703463733196, ""1-2"": -0.021897025406360626}"
2712,0.04275532,"{""0-1"": 0.009902498684823513, ""0-2"": 0.050383154302835464, ""1-2"": 0.0679803118109703}"
2713,-0.02804389,"{""0-1"": -0.04521084576845169, ""0-2"": -0.07819506525993347, ""1-2"": 0.039274249225854874}"
2714,0.16527978,"{""0-1"": 0.46421560645103455, ""0-2"": 0.058442823588848114, ""1-2"": -0.026819081977009773}"
2715,0.00000000,{}
2716,0.21712604,"{""0-1"": 0.2171260416507721}"
2717,0.99999970,"{""0-1"": 0.9999997019767761}"
2718,-0.02197363,"{""0-1"": -0.08415636420249939, ""0-2"": -0.003832562593743205, ""1-2"": 0.022068044170737267}"
2719,-0.07455822,"{""0-1"": -0.09415175765752792, ""0-2"": -0.08346884697675705, ""1-2"": -0.046054061502218246}"
2720,0.57962895,"{""0-1"": 0.7450675368309021, ""0-2"": 0.3559010922908783, ""1-2"": 0.63791823387146}"
2721,0.13063998,"{""0-1"": 0.13858292996883392, ""0-2"": -0.11780504882335663, ""1-2"": 0.37114205956459045}"
2722,-0.02528263,"{""0-1"": -0.017585011199116707, ""0-2"": -0.05840111896395683, ""1-2"": 0.00013825137284584343}"
2723,0.10605698,"{""0-1"": 0.3110807538032532, ""0-2"": 0.08313105255365372, ""1-2"": -0.07604087144136429}"
2724,0.22912307,"{""0-1"": 0.2291230708360672}"
2725,0.01141640,"{""0-1"": 0.11137738823890686, ""0-2"": 0.0038978697266429663, ""1-2"": -0.08102606236934662}"
2726,-0.02736381,"{""0-1"": -0.01845560595393181, ""0-2"": -0.04493096470832825, ""1-2"": -0.018704872578382492}"
2727,0.07639029,"{""0-1"": 0.0020388758275657892, ""0-2"": 0.15203557908535004, ""1-2"": 0.07509642839431763}"
2728,-0.02282530,"{""0-1"": -0.0776493102312088, ""0-2"": -0.008081451058387756, ""1-2"": 0.017254849895834923}"
2729,0.03869475,"{""0-1"": 0.03869474679231644}"
2730,0.07015249,"{""0-1"": 0.05815310403704643, ""0-2"": 0.09917301684617996, ""1-2"": 0.0531313493847847}"
2731,0.02068845,"{""0-1"": 0.02068844996392727}"
2732,-0.01329436,"{""0-1"": -0.0017490286845713854, ""0-2"": -0.031007030978798866, ""1-2"": -0.007127013523131609}"
2733,0.01344170,"{""0-1"": -0.02352084591984749, ""0-2"": 0.013510464690625668, ""1-2"": 0.05033547431230545}"
2734,1.00000000,"{""0-1"": 1.0}"
2735,0.05771884,"{""0-1"": 0.02557181566953659, ""0-2"": 0.101715087890625, ""1-2"": 0.0458696223795414}"
2736,0.06802365,"{""0-1"": 0.01485531684011221, ""0-2"": -0.038661397993564606, ""1-2"": 0.22787703573703766}"
2737,0.01039322,"{""0-1"": 0.04962467402219772, ""0-2"": -0.048947855830192566, ""1-2"": 0.030502842739224434}"
2738,0.22192144,"{""0-1"": 0.22192144393920898}"
2739,0.14595336,"{""0-1"": 0.5509118437767029, ""0-2"": -0.06558093428611755, ""1-2"": -0.047470822930336}"
2740,-0.02918227,"{""0-1"": 0.012243889272212982, ""0-2"": -0.058676909655332565, ""1-2"": -0.04111379012465477}"
2741,0.21023342,"{""0-1"": -0.04216429218649864, ""0-2"": 0.7530819177627563, ""1-2"": -0.0802173763513565}"
2742,0.00000000,{}
2743,0.04325675,"{""0-1"": 0.04325675219297409}"
2744,0.27184548,"{""0-1"": -0.0034252183977514505, ""0-2"": 0.05919579789042473, ""1-2"": 0.7597658634185791}"
2745,0.01721173,"{""0-1"": 0.04188862070441246, ""0-2"": -0.01185446698218584, ""1-2"": 0.021601025015115738}"
2746,0.67475804,"{""0-1"": 0.7299327850341797, ""0-2"": 0.5637374520301819, ""1-2"": 0.7306038737297058}"
2747,0.99427611,"{""0-1"": 0.9942761063575745}"
2748,0.16393590,"{""0-1"": 0.16393589973449707}"
2749,0.64717758,"{""0-1"": 0.6471775770187378}"
2750,-0.04257814,"{""0-1"": -0.12464787065982819, ""0-2"": -0.052117928862571716, ""1-2"": 0.04903136566281319}"
2751,-0.02144989,"{""0-1"": 0.055473875254392624, ""0-2"": -0.17952711880207062, ""1-2"": 0.059703581035137177}"
2752,0.08754709,"{""0-1"": 0.08754708617925644}"
2753,0.00815981,"{""0-1"": 0.044639166444540024, ""0-2"": -0.043955035507678986, ""1-2"": 0.023795293644070625}"
2754,0.12129665,"{""0-1"": 0.12129665166139603}"
2755,0.29527548,"{""0-1"": 0.29527547955513}"
2756,0.22644224,"{""0-1"": 0.4412151873111725, ""0-2"": 0.10697252303361893, ""1-2"": 0.13113899528980255}"
2757,0.07121705,"{""0-1"": 0.02835198864340782, ""0-2"": 0.002273119520395994, ""1-2"": 0.1830260455608368}"
2758,-0.00064713,"{""0-1"": -0.000647130364086479}"
2759,0.01930460,"{""0-1"": 0.08404532819986343, ""0-2"": -0.003965794108808041, ""1-2"": -0.02216573990881443}"
2760,0.00563076,"{""0-1"": -0.08707337081432343, ""0-2"": -0.0022626956924796104, ""1-2"": 0.10622835904359818}"
2761,0.00106077,"{""0-1"": 0.001060767681337893}"
2762,0.30633972,"{""0-1"": 0.999290943145752, ""0-2"": -0.03902619704604149, ""1-2"": -0.04124559834599495}"
2763,0.03238411,"{""0-1"": -0.013553304597735405, ""0-2"": 0.05159296840429306, ""1-2"": 0.05911267548799515}"
2764,-0.03584466,"{""0-1"": -0.07404309511184692, ""0-2"": -0.014500876888632774, ""1-2"": -0.018990015611052513}"
2765,0.37718090,"{""0-1"": 0.37718090415000916}"
2766,0.00563979,"{""0-1"": 0.021734001114964485, ""0-2"": -0.002181521151214838, ""1-2"": -0.002633102471008897}"
2767,0.00000000,{}
2768,-0.00713905,"{""0-1"": -0.007139049936085939}"
2769,0.22137977,"{""0-1"": 0.03300568461418152, ""0-2"": -0.010896146297454834, ""1-2"": 0.6420297622680664}"
2770,0.29225057,"{""0-1"": 0.2922505736351013}"
2771,0.09990543,"{""0-1"": 0.09990543127059937}"
2772,0.19415693,"{""0-1"": 0.6166985630989075, ""0-2"": -0.03507775440812111, ""1-2"": 0.0008499780087731779}"
2773,-0.07504900,"{""0-1"": -0.06162140890955925, ""0-2"": -0.24130256474018097, ""1-2"": 0.07777698338031769}"
2774,0.01187291,"{""0-1"": 0.011872912757098675}"
2775,0.16131280,"{""0-1"": 0.28899672627449036, ""0-2"": 0.14220628142356873, ""1-2"": 0.052735380828380585}"
2776,-0.00459214,"{""0-1"": -0.07141134142875671, ""0-2"": -0.030131805688142776, ""1-2"": 0.08776672929525375}"
2777,0.04330288,"{""0-1"": 0.03419322520494461, ""0-2"": 0.0621672160923481, ""1-2"": 0.033548202365636826}"
2778,0.09990543,"{""0-1"": 0.09990543127059937}"
2779,0.20983307,"{""0-1"": 0.15257909893989563, ""0-2"": 0.01933201029896736, ""1-2"": 0.4575881063938141}"
2780,0.22161166,"{""0-1"": 0.11493800580501556, ""0-2"": 0.4669828414916992, ""1-2"": 0.08291412144899368}"
2781,-0.07371945,"{""0-1"": -0.09502934664487839, ""0-2"": -0.07593352347612381, ""1-2"": -0.050195466727018356}"
2782,-0.01424864,"{""0-1"": 0.054032135754823685, ""0-2"": -0.050388455390930176, ""1-2"": -0.046389587223529816}"
2783,1.00000000,"{""0-1"": 1.0}"
2784,0.08382074,"{""0-1"": -0.03327763453125954, ""0-2"": 0.24982768297195435, ""1-2"": 0.034912168979644775}"
2785,0.23943852,"{""0-1"": 0.2394385188817978}"
2786,-0.01820667,"{""0-1"": 0.07401634752750397, ""0-2"": -0.101730577647686, ""1-2"": -0.02690577693283558}"
2787,0.29472671,"{""0-1"": 0.09240759164094925, ""0-2"": 0.7518731951713562, ""1-2"": 0.03989935666322708}"
2788,0.80956817,"{""0-1"": 0.8095681667327881}"
2789,0.00439096,"{""0-1"": -0.03712150454521179, ""0-2"": 0.016473211348056793, ""1-2"": 0.03382117301225662}"
2790,0.05594000,"{""0-1"": 0.009859486483037472, ""0-2"": 0.026164807379245758, ""1-2"": 0.1317957043647766}"
2791,0.16479851,"{""0-1"": 0.16479851305484772}"
2792,-0.01308703,"{""0-1"": -0.021316081285476685, ""0-2"": -0.05553743243217468, ""1-2"": 0.037592433393001556}"
2793,0.11725211,"{""0-1"": 0.5313276052474976, ""0-2"": -0.05820738896727562, ""1-2"": -0.12136390060186386}"
2794,0.00951535,"{""0-1"": -0.05954553186893463, ""0-2"": -0.031116444617509842, ""1-2"": 0.11920803040266037}"
2795,-0.02715637,"{""0-1"": -0.031225837767124176, ""0-2"": -0.022417763248085976, ""1-2"": -0.027825510129332542}"
2796,0.94611758,"{""0-1"": 0.9461175799369812}"
2797,0.03213912,"{""0-1"": 0.12064556777477264, ""0-2"": -0.027994545176625252, ""1-2"": 0.0037663434632122517}"
2798,0.00099632,"{""0-1"": 0.02766900695860386, ""0-2"": -0.016449913382530212, ""1-2"": -0.00823014322668314}"
2799,0.01891397,"{""0-1"": 0.03193775191903114, ""0-2"": 0.013995829969644547, ""1-2"": 0.010808332823216915}"
2800,0.04701566,"{""0-1"": 0.04701566323637962}"
2801,0.06562725,"{""0-1"": 0.04479143023490906, ""0-2"": 0.11144392192363739, ""1-2"": 0.04064640775322914}"
2802,0.00000000,{}
2803,-0.03647069,"{""0-1"": -0.03320956230163574, ""0-2"": -0.03745335340499878, ""1-2"": -0.038749147206544876}"
2804,-0.03761980,"{""0-1"": -0.10662286728620529, ""0-2"": -0.0019410024397075176, ""1-2"": -0.004295531194657087}"
2805,-0.01494415,"{""0-1"": -0.014944151043891907}"
2806,-0.01754919,"{""0-1"": -0.006077652797102928, ""0-2"": -0.046163130551576614, ""1-2"": -0.000406787235988304}"
2807,0.00333231,"{""0-1"": -0.022289767861366272, ""0-2"": 0.01838429644703865, ""1-2"": 0.013902395032346249}"
2808,0.99999815,"{""0-1"": 0.999998152256012}"
2809,0.07979942,"{""0-1"": 0.17070913314819336, ""0-2"": -0.01770629547536373, ""1-2"": 0.08639543503522873}"
2810,0.18762159,"{""0-1"": 0.1876215934753418}"
2811,-0.04902579,"{""0-1"": -0.059210505336523056, ""0-2"": -0.05460023134946823, ""1-2"": -0.033266618847846985}"
2812,0.31377802,"{""0-1"": 0.9442561268806458, ""0-2"": 0.023167476058006287, ""1-2"": -0.026089541614055634}"
2813,0.08407829,"{""0-1"": 0.10375487804412842, ""0-2"": 0.19837625324726105, ""1-2"": -0.049896255135536194}"
2814,0.11720314,"{""0-1"": 0.22350026667118073, ""0-2"": -0.012425502762198448, ""1-2"": 0.1405346542596817}"
2815,0.00580147,"{""0-1"": 0.0944201648235321, ""0-2"": 0.008962487801909447, ""1-2"": -0.08597823232412338}"
2816,-0.06310578,"{""0-1"": -0.06310578435659409}"
2817,0.02048436,"{""0-1"": -0.010613503865897655, ""0-2"": 0.07475988566875458, ""1-2"": -0.0026933082845062017}"
2818,0.99999756,"{""0-1"": 0.9999975562095642}"
2819,-0.06964707,"{""0-1"": -0.1250840723514557, ""0-2"": -0.027548812329769135, ""1-2"": -0.0563083253800869}"
2820,0.45296173,"{""0-1"": 0.9979535341262817, ""0-2"": 0.1556817591190338, ""1-2"": 0.20524990558624268}"
2821,-0.07504900,"{""0-1"": -0.06162140890955925, ""0-2"": -0.24130256474018097, ""1-2"": 0.07777698338031769}"
2822,0.03437813,"{""0-1"": -0.004919361788779497, ""0-2"": 0.05522540211677551, ""1-2"": 0.052828337997198105}"
2823,0.73826824,"{""0-1"": 0.7122827768325806, ""0-2"": 0.6001653671264648, ""1-2"": 0.9023565649986267}"
2824,-0.09171914,"{""0-1"": -0.02433871477842331, ""0-2"": -0.1400897204875946, ""1-2"": -0.11072897166013718}"
2825,-0.03480284,"{""0-1"": -0.034802839159965515}"
2826,0.13079348,"{""0-1"": 0.1307934820652008}"
2827,0.01978231,"{""0-1"": -0.0222525205463171, ""0-2"": 0.15841907262802124, ""1-2"": -0.07681961357593536}"
2828,0.28755984,"{""0-1"": 0.28755983710289}"
2829,0.04131432,"{""0-1"": 0.07173573225736618, ""0-2"": 0.0191836878657341, ""1-2"": 0.03302353620529175}"
2830,0.22161166,"{""0-1"": 0.11493800580501556, ""0-2"": 0.4669828414916992, ""1-2"": 0.08291412144899368}"
2831,-0.01100440,"{""0-1"": 0.04726844280958176, ""0-2"": 0.020729104056954384, ""1-2"": -0.10101073235273361}"
2832,0.00000000,{}
2833,0.31377802,"{""0-1"": 0.9442561268806458, ""0-2"": 0.023167476058006287, ""1-2"": -0.026089541614055634}"
2834,0.03697032,"{""0-1"": 0.036970317363739014}"
2835,0.05475440,"{""0-1"": -0.060079146176576614, ""0-2"": -0.08796127140522003, ""1-2"": 0.3123036324977875}"
2836,0.07312343,"{""0-1"": 0.034816205501556396, ""0-2"": 0.019047092646360397, ""1-2"": 0.1655070036649704}"
2837,0.99999994,"{""0-1"": 0.9999999403953552}"
2838,0.31748602,"{""0-1"": 0.3174860179424286}"
2839,0.04242352,"{""0-1"": 0.04242352023720741}"
2840,0.24417199,"{""0-1"": 0.24417199194431305}"
2841,0.02500639,"{""0-1"": -0.02172868885099888, ""0-2"": -0.05179804563522339, ""1-2"": 0.14854589104652405}"
2842,-0.06520240,"{""0-1"": -0.2366102784872055, ""0-2"": 0.03630630671977997, ""1-2"": 0.004696759395301342}"
2843,0.91097319,"{""0-1"": 0.9109731912612915}"
2844,0.02022604,"{""0-1"": 0.051292527467012405, ""0-2"": -0.18049517273902893, ""1-2"": 0.18988075852394104}"
2845,0.00334173,"{""0-1"": 0.015606804750859737, ""0-2"": -0.021110912784934044, ""1-2"": 0.015529290772974491}"
2846,0.01026157,"{""0-1"": 0.0428972989320755, ""0-2"": 0.041799262166023254, ""1-2"": -0.05391186103224754}"
2847,-0.01072170,"{""0-1"": 0.05274001508951187, ""0-2"": -0.05475703999400139, ""1-2"": -0.030148079618811607}"
2848,0.21712604,"{""0-1"": 0.2171260416507721}"
2849,0.46051721,"{""0-1"": 0.18865160644054413, ""0-2"": 0.19491764903068542, ""1-2"": 0.997982382774353}"
2850,-0.01452426,"{""0-1"": -0.01452425867319107}"
2851,-0.00994637,"{""0-1"": -0.019371317699551582, ""0-2"": -0.06258241832256317, ""1-2"": 0.052114617079496384}"
2852,0.00631865,"{""0-1"": -0.12332626432180405, ""0-2"": 0.044219937175512314, ""1-2"": 0.09806227684020996}"
2853,0.24971071,"{""0-1"": 0.6998768448829651, ""0-2"": 0.020017139613628387, ""1-2"": 0.029238156974315643}"
2854,0.16039950,"{""0-1"": 0.16039949655532837}"
2855,-0.00496252,"{""0-1"": -0.048207975924015045, ""0-2"": -0.007307650055736303, ""1-2"": 0.040628060698509216}"
2856,-0.10226037,"{""0-1"": -0.13981051743030548, ""0-2"": -0.16174568235874176, ""1-2"": -0.005224925000220537}"
2857,0.01307912,"{""0-1"": 0.07802952826023102, ""0-2"": -0.05435962602496147, ""1-2"": 0.015567447990179062}"
2858,0.00000000,{}
2859,0.00912549,"{""0-1"": 0.03540252149105072, ""0-2"": -0.007345140911638737, ""1-2"": -0.0006809135666117072}"
2860,0.25896230,"{""0-1"": 0.0527467243373394, ""0-2"": 0.6511923670768738, ""1-2"": 0.07294780015945435}"
2861,0.26673108,"{""0-1"": 0.2667310833930969}"
2862,0.00797075,"{""0-1"": 0.007970751263201237}"
2863,1.00000000,"{""0-1"": 1.0}"
2864,-0.03135379,"{""0-1"": -0.016855644062161446, ""0-2"": 0.0014524022117257118, ""1-2"": -0.07865814119577408}"
2865,0.08382074,"{""0-1"": -0.03327763453125954, ""0-2"": 0.24982768297195435, ""1-2"": 0.034912168979644775}"
2866,-0.00337891,"{""0-1"": 0.007557244505733252, ""0-2"": -0.044493287801742554, ""1-2"": 0.026799319311976433}"
2867,0.10098458,"{""0-1"": 0.10098458081483841}"
2868,0.00000000,{}
2869,0.20093155,"{""0-1"": 0.20093154907226562}"
2870,0.22192144,"{""0-1"": 0.22192144393920898}"
2871,0.04632724,"{""0-1"": -0.09058883786201477, ""0-2"": -0.021923720836639404, ""1-2"": 0.25149428844451904}"
2872,0.01176731,"{""0-1"": -0.00251540495082736, ""0-2"": 0.02704765647649765, ""1-2"": 0.010769689455628395}"
2873,0.21862339,"{""0-1"": -0.0698491632938385, ""0-2"": -0.06876253336668015, ""1-2"": 0.7944818735122681}"
2874,0.99999863,"{""0-1"": 0.9999986290931702}"
2875,0.21635926,"{""0-1"": 0.09596511721611023, ""0-2"": 0.015743281692266464, ""1-2"": 0.5373693704605103}"
2876,0.99999756,"{""0-1"": 0.9999975562095642}"
2877,-0.03754834,"{""0-1"": -0.03754834458231926}"
2878,0.01300022,"{""0-1"": 0.01300022006034851}"
2879,0.19058009,"{""0-1"": 0.5691620111465454, ""0-2"": 0.024007905274629593, ""1-2"": -0.02142963744699955}"
2880,0.03364019,"{""0-1"": 0.07368378341197968, ""0-2"": 0.033500395715236664, ""1-2"": -0.006263601128011942}"
2881,0.27479008,"{""0-1"": 0.27479007840156555}"
2882,0.03437813,"{""0-1"": -0.004919361788779497, ""0-2"": 0.05522540211677551, ""1-2"": 0.052828337997198105}"
2883,0.99971455,"{""0-1"": 0.9997145533561707}"
2884,0.99501544,"{""0-1"": 0.9950154423713684}"
2885,0.03794664,"{""0-1"": 0.16427072882652283, ""0-2"": -0.029570072889328003, ""1-2"": -0.020860744640231133}"
2886,0.17575495,"{""0-1"": 0.6900221705436707, ""0-2"": -0.12093843519687653, ""1-2"": -0.041818879544734955}"
2887,0.11072450,"{""0-1"": 0.1376640349626541, ""0-2"": 0.11144367605447769, ""1-2"": 0.08306577801704407}"
2888,0.00000000,{}
2889,-0.06310578,"{""0-1"": -0.06310578435659409}"
2890,-0.05333801,"{""0-1"": -0.09887225925922394, ""0-2"": -0.024428991600871086, ""1-2"": -0.03671278804540634}"
2891,0.44975394,"{""0-1"": 0.44975394010543823}"
2892,-0.07504900,"{""0-1"": -0.06162140890955925, ""0-2"": -0.24130256474018097, ""1-2"": 0.07777698338031769}"
2893,0.32052496,"{""0-1"": 0.3205249607563019}"
2894,0.00398820,"{""0-1"": -0.0242379792034626, ""0-2"": 0.027263926342129707, ""1-2"": 0.008938642218708992}"
2895,0.09471087,"{""0-1"": -0.024978933855891228, ""0-2"": -0.022706761956214905, ""1-2"": 0.3318183124065399}"
2896,-0.08331410,"{""0-1"": -0.08331409841775894}"
2897,-0.07951100,"{""0-1"": -0.04630349576473236, ""0-2"": -0.14141838252544403, ""1-2"": -0.05081111565232277}"
2898,0.47161371,"{""0-1"": 0.47161370515823364}"
2899,0.32603441,"{""0-1"": 0.9483820199966431, ""0-2"": -0.01973460614681244, ""1-2"": 0.049455806612968445}"
2900,0.99999756,"{""0-1"": 0.9999975562095642}"
2901,0.05978080,"{""0-1"": 0.2511861324310303, ""0-2"": -0.044920969754457474, ""1-2"": -0.02692277543246746}"
2902,-0.03582698,"{""0-1"": -0.03582697734236717}"
2903,0.01276962,"{""0-1"": 0.06511691957712173, ""0-2"": -0.05167025700211525, ""1-2"": 0.02486218884587288}"
2904,0.05714332,"{""0-1"": 0.05714331567287445}"
2905,0.99999756,"{""0-1"": 0.9999975562095642}"
2906,0.07951388,"{""0-1"": 0.07951387763023376}"
2907,0.99893224,"{""0-1"": 0.9989322423934937}"
2909,-0.02646101,"{""0-1"": -0.02646101452410221}"
2910,-0.03364169,"{""0-1"": -0.08204630762338638, ""0-2"": -0.034420184791088104, ""1-2"": 0.015541433356702328}"
2911,-0.03491935,"{""0-1"": -0.03491934761404991}"
2912,0.01006770,"{""0-1"": -0.055464450269937515, ""0-2"": -0.023022953420877457, ""1-2"": 0.10869051516056061}"
2913,0.00000000,{}
2914,0.36007710,"{""0-1"": 0.041736308485269547, ""0-2"": 0.04842327535152435, ""1-2"": 0.990071713924408}"
2915,0.32339206,"{""0-1"": 0.3233920633792877}"
2916,0.02790298,"{""0-1"": 0.02790297567844391}"
2917,-0.02334103,"{""0-1"": -0.0662706047296524, ""0-2"": -0.034040987491607666, ""1-2"": 0.03028850257396698}"
2918,0.00000000,{}
2919,0.07159468,"{""0-1"": 0.017023395746946335, ""0-2"": -0.032692305743694305, ""1-2"": 0.23045295476913452}"
2920,-0.04346720,"{""0-1"": -0.0993911400437355, ""0-2"": -0.03895004093647003, ""1-2"": 0.007939573377370834}"
2921,-0.01042224,"{""0-1"": -0.05385923013091087, ""0-2"": 0.14142198860645294, ""1-2"": -0.11882948130369186}"
2922,0.44945853,"{""0-1"": 0.9965492486953735, ""0-2"": 0.1385309100151062, ""1-2"": 0.21329542994499207}"
2923,-0.01074707,"{""0-1"": -0.06412747502326965, ""0-2"": 0.08600986003875732, ""1-2"": -0.05412360280752182}"
2924,-0.07382638,"{""0-1"": -0.05092421919107437, ""0-2"": -0.3060523271560669, ""1-2"": 0.13549740612506866}"
2925,-0.07517450,"{""0-1"": -0.0751744955778122}"
2926,0.48600492,"{""0-1"": 0.48600491881370544}"
2927,0.06584188,"{""0-1"": 0.02849724516272545, ""0-2"": -0.03627656772732735, ""1-2"": 0.20530496537685394}"
2928,-0.02163193,"{""0-1"": -0.021631931886076927}"
2929,0.01549375,"{""0-1"": -0.04873459041118622, ""0-2"": 0.059992123395204544, ""1-2"": 0.03522372245788574}"
2930,-0.02237005,"{""0-1"": -0.022370051592588425}"
2931,0.21040597,"{""0-1"": 0.7922086119651794, ""0-2"": -0.1189115047454834, ""1-2"": -0.04207918792963028}"
2932,-0.03999195,"{""0-1"": -0.041042596101760864, ""0-2"": -0.025231607258319855, ""1-2"": -0.05370163917541504}"
2933,0.03615473,"{""0-1"": 0.10157754272222519, ""0-2"": -0.03665199503302574, ""1-2"": 0.043538641184568405}"
2934,0.03900277,"{""0-1"": -0.020369725301861763, ""0-2"": -0.05211750045418739, ""1-2"": 0.1894955337047577}"
2935,0.42298272,"{""0-1"": 0.42298272252082825}"
2936,0.00050034,"{""0-1"": 0.0005003438564017415}"
2937,0.22239551,"{""0-1"": 0.22239550948143005}"
2938,-0.02452778,"{""0-1"": 0.03967521712183952, ""0-2"": 0.03931186720728874, ""1-2"": -0.1525704264640808}"
2939,0.01059832,"{""0-1"": -0.008327236399054527, ""0-2"": 0.07686770707368851, ""1-2"": -0.03674550727009773}"
2940,-0.04854840,"{""0-1"": -0.03533308207988739, ""0-2"": -0.08954682946205139, ""1-2"": -0.02076529711484909}"
2941,-0.05961587,"{""0-1"": -0.05961586534976959}"
2942,0.16095233,"{""0-1"": 0.16095232963562012}"
2943,0.02540165,"{""0-1"": -0.010386048816144466, ""0-2"": 0.049544479697942734, ""1-2"": 0.037046514451503754}"
2944,0.01097989,"{""0-1"": -0.023128455504775047, ""0-2"": -0.03654774650931358, ""1-2"": 0.09261586517095566}"
2945,-0.02511955,"{""0-1"": -0.08916938304901123, ""0-2"": -0.038877349346876144, ""1-2"": 0.05268809571862221}"
2946,-0.04653354,"{""0-1"": -0.04453105106949806, ""0-2"": -0.035633914172649384, ""1-2"": -0.059435658156871796}"
2947,0.03329619,"{""0-1"": -0.012094126082956791, ""0-2"": 0.1531810611486435, ""1-2"": -0.04119836166501045}"
2948,0.22239551,"{""0-1"": 0.22239550948143005}"
2949,-0.05417269,"{""0-1"": -0.11943649500608444, ""0-2"": 0.013441364280879498, ""1-2"": -0.05652294307947159}"
2950,0.00000000,{}
2951,0.00170602,"{""0-1"": 0.08345378190279007, ""0-2"": -0.05815776064991951, ""1-2"": -0.020177962258458138}"
2952,0.99999863,"{""0-1"": 0.9999986290931702}"
2953,0.00000000,{}
2954,-0.03647657,"{""0-1"": -0.12185660749673843, ""0-2"": -0.012883084826171398, ""1-2"": 0.02530999667942524}"
2955,0.00000000,{}
2956,-0.00543791,"{""0-1"": -0.10695509612560272, ""0-2"": -0.04510391503572464, ""1-2"": 0.13574528694152832}"
2957,0.21577785,"{""0-1"": 0.23710468411445618, ""0-2"": 0.30237624049186707, ""1-2"": 0.10785263776779175}"
2958,0.17078048,"{""0-1"": 0.1707804799079895}"
2959,0.99999994,"{""0-1"": 0.9999999403953552}"
2960,0.00000000,{}
2961,0.00000000,{}
2962,-0.04253340,"{""0-1"": -0.042533401399850845}"
2963,0.00000000,{}
2964,0.00191596,"{""0-1"": 0.09942512214183807, ""0-2"": -0.23333528637886047, ""1-2"": 0.13965804874897003}"
2965,0.37388990,"{""0-1"": 0.8166809678077698, ""0-2"": 0.11324429512023926, ""1-2"": 0.19174444675445557}"
2966,0.06073247,"{""0-1"": 0.08613105118274689, ""0-2"": 0.1500747799873352, ""1-2"": -0.05400840938091278}"
2967,0.42298272,"{""0-1"": 0.42298272252082825}"
2968,0.07295777,"{""0-1"": 0.02062183991074562, ""0-2"": -0.04343325272202492, ""1-2"": 0.24168473482131958}"
2969,0.56813705,"{""0-1"": 0.5681370496749878}"
2970,-0.03097092,"{""0-1"": -0.030970923602581024}"
2971,0.07850346,"{""0-1"": -0.025674784556031227, ""0-2"": 0.11062357574701309, ""1-2"": 0.15056158602237701}"
2972,-0.03480284,"{""0-1"": -0.034802839159965515}"
2973,0.94611758,"{""0-1"": 0.9461175799369812}"
2974,0.03744367,"{""0-1"": 0.03969958424568176, ""0-2"": 0.07070265710353851, ""1-2"": 0.0019287605537101626}"
2975,0.05155044,"{""0-1"": 0.005880489479750395, ""0-2"": -0.009577320888638496, ""1-2"": 0.15834815800189972}"
2976,0.14747046,"{""0-1"": 0.380470871925354, ""0-2"": 0.1446991115808487, ""1-2"": -0.0827585980296135}"
2977,0.21156618,"{""0-1"": 0.21156617999076843}"
2978,-0.00185199,"{""0-1"": 0.0677669420838356, ""0-2"": -0.04844868928194046, ""1-2"": -0.024874210357666016}"
2979,0.09187605,"{""0-1"": 0.3800382912158966, ""0-2"": -0.083112932741642, ""1-2"": -0.021297216415405273}"
2980,0.08594549,"{""0-1"": -0.01589280739426613, ""0-2"": 0.007684493903070688, ""1-2"": 0.2660447955131531}"
2981,-0.02079498,"{""0-1"": -0.041290149092674255, ""0-2"": -0.08382898569107056, ""1-2"": 0.0627341940999031}"
2982,0.12393191,"{""0-1"": 0.41939446330070496, ""0-2"": -0.04103926569223404, ""1-2"": -0.006559472996741533}"
2983,0.20436659,"{""0-1"": 0.20436659455299377}"
2984,0.10824414,"{""0-1"": 0.020468929782509804, ""0-2"": 0.03670478239655495, ""1-2"": 0.2675586938858032}"
2985,0.36188537,"{""0-1"": 0.3618853688240051}"
2986,0.01235755,"{""0-1"": 0.04647556692361832, ""0-2"": -0.04335644468665123, ""1-2"": 0.033953532576560974}"
2987,-0.06583465,"{""0-1"": -0.10685593634843826, ""0-2"": -0.05604429170489311, ""1-2"": -0.03460373356938362}"
2988,0.00130387,"{""0-1"": -0.042843807488679886, ""0-2"": -0.03877025842666626, ""1-2"": 0.08552566915750504}"
2989,0.52974814,"{""0-1"": 0.5297481417655945}"
2990,-0.03854201,"{""0-1"": -0.08010538667440414, ""0-2"": -0.13915382325649261, ""1-2"": 0.10363316535949707}"
2991,0.00000000,{}
2992,0.79795206,"{""0-1"": 0.7979520559310913}"
2993,0.00779284,"{""0-1"": 0.028335340321063995, ""0-2"": -0.09339240938425064, ""1-2"": 0.0884355753660202}"
2994,0.00050034,"{""0-1"": 0.0005003438564017415}"
2995,-0.02407266,"{""0-1"": -0.09732519835233688, ""0-2"": -0.03729582577943802, ""1-2"": 0.06240304186940193}"
2996,0.20242384,"{""0-1"": 0.6370560526847839, ""0-2"": 0.004467740189284086, ""1-2"": -0.034252263605594635}"
2997,-0.04662274,"{""0-1"": -0.12319859862327576, ""0-2"": -0.05183100700378418, ""1-2"": 0.035161375999450684}"
2998,0.00433516,"{""0-1"": 0.04054851457476616, ""0-2"": -0.05329663306474686, ""1-2"": 0.025753585621714592}"
2999,0.42298272,"{""0-1"": 0.42298272252082825}"
3000,-0.20284863,"{""0-1"": -0.2028486281633377}"
3001,-0.03131057,"{""0-1"": -0.021258657798171043, ""0-2"": -0.03717552870512009, ""1-2"": -0.03549753129482269}"
3002,0.00000000,{}
3003,0.03493948,"{""0-1"": 0.045526452362537384, ""0-2"": 0.0045776888728141785, ""1-2"": 0.05471429228782654}"
3004,0.01077613,"{""0-1"": -0.0024212088901549578, ""0-2"": -0.01034602988511324, ""1-2"": 0.04509562626481056}"
3005,0.05262585,"{""0-1"": -0.033856187015771866, ""0-2"": -0.000389870663639158, ""1-2"": 0.1921236217021942}"
3006,0.00000000,{}
3007,0.00304414,"{""0-1"": 0.006790895015001297, ""0-2"": 0.003225294640287757, ""1-2"": -0.0008837596396915615}"
3008,-0.04235560,"{""0-1"": -0.08437500894069672, ""0-2"": -0.023564884439110756, ""1-2"": -0.01912691816687584}"
3009,0.55307553,"{""0-1"": 0.4569352865219116, ""0-2"": 0.3384166359901428, ""1-2"": 0.8638746738433838}"
3010,-0.02841608,"{""0-1"": -0.05232441425323486, ""0-2"": -0.00808427482843399, ""1-2"": -0.02483954280614853}"
3011,1.00000012,"{""0-1"": 1.0000001192092896}"
3012,0.29992982,"{""0-1"": 0.9676985740661621, ""0-2"": -0.02887480892241001, ""1-2"": -0.039034318178892136}"
3013,0.01484901,"{""0-1"": 0.014849012717604637}"
3014,0.02108634,"{""0-1"": 0.050507672131061554, ""0-2"": -0.03217797726392746, ""1-2"": 0.04492933675646782}"
3015,-0.01034623,"{""0-1"": -0.14812111854553223, ""0-2"": 0.09233012050390244, ""1-2"": 0.024752309545874596}"
3016,-0.04035171,"{""0-1"": -0.19951461255550385, ""0-2"": 0.0730544701218605, ""1-2"": 0.00540501344949007}"
3017,0.01836151,"{""0-1"": -0.03716149926185608, ""0-2"": 0.03597847744822502, ""1-2"": 0.056267544627189636}"
3018,-0.01999349,"{""0-1"": -0.05344684049487114, ""0-2"": -0.023203842341899872, ""1-2"": 0.016670208424329758}"
3019,0.11884974,"{""0-1"": 0.1188497394323349}"
3020,-0.00195653,"{""0-1"": 0.012324507348239422, ""0-2"": -0.0024105387274175882, ""1-2"": -0.015783555805683136}"
3021,1.00000000,"{""0-1"": 1.0}"
3022,0.00000000,{}
3023,0.19512830,"{""0-1"": 0.3594592213630676, ""0-2"": 0.18013431131839752, ""1-2"": 0.04579136148095131}"
3024,0.01370561,"{""0-1"": 0.013705614022910595}"
3025,-0.03942981,"{""0-1"": -0.039429809898138046}"
3026,0.04307837,"{""0-1"": 0.14320047199726105, ""0-2"": -0.00015181420894805342, ""1-2"": -0.013813532888889313}"
3027,0.35448005,"{""0-1"": 0.4608049690723419, ""0-2"": 0.4921362102031708, ""1-2"": 0.11049897223711014}"
3028,0.06592927,"{""0-1"": 0.05037681758403778, ""0-2"": 0.10157264024019241, ""1-2"": 0.045838356018066406}"
3029,0.02731403,"{""0-1"": 0.06800417602062225, ""0-2"": 0.07256684452295303, ""1-2"": -0.058628931641578674}"
3030,-0.01722489,"{""0-1"": -0.015591002069413662, ""0-2"": -0.03514206036925316, ""1-2"": -0.0009416133398190141}"
3031,0.35801875,"{""0-1"": 0.06847339123487473, ""0-2"": 0.09493498504161835, ""1-2"": 0.9106478691101074}"
3032,-0.00910491,"{""0-1"": 0.06235726550221443, ""0-2"": -0.053034450858831406, ""1-2"": -0.036637529730796814}"
3033,0.14290304,"{""0-1"": 0.106739841401577, ""0-2"": 0.2706827223300934, ""1-2"": 0.05128655582666397}"
3034,0.30077374,"{""0-1"": 0.3007737398147583}"
3035,-0.10720339,"{""0-1"": -0.1072033941745758}"
3036,0.97305161,"{""0-1"": 0.9730516076087952}"
3037,0.16039950,"{""0-1"": 0.16039949655532837}"
3038,-0.05712916,"{""0-1"": -0.01534508727490902, ""0-2"": -0.04363230615854263, ""1-2"": -0.11241008341312408}"
3039,0.48467598,"{""0-1"": 0.8786155581474304, ""0-2"": 0.31578075885772705, ""1-2"": 0.2596316337585449}"
3040,0.99427611,"{""0-1"": 0.9942761063575745}"
3041,0.00706951,"{""0-1"": -0.009907619096338749, ""0-2"": 0.010929340496659279, ""1-2"": 0.020186813548207283}"
3042,0.13079348,"{""0-1"": 0.1307934820652008}"
3043,-0.01806302,"{""0-1"": -0.13594365119934082, ""0-2"": 0.18472103774547577, ""1-2"": -0.10296643525362015}"
3044,-0.01040520,"{""0-1"": -0.04428335651755333, ""0-2"": -0.039734404534101486, ""1-2"": 0.05280216038227081}"
3045,0.23050707,"{""0-1"": 0.2791386842727661, ""0-2"": 0.41992077231407166, ""1-2"": -0.007538245525211096}"
3046,0.26412803,"{""0-1"": 0.9319024085998535, ""0-2"": -0.02445303648710251, ""1-2"": -0.11506526917219162}"
3047,0.04955228,"{""0-1"": 0.049552276730537415}"
3048,0.04629563,"{""0-1"": 0.20657400786876678, ""0-2"": -0.04284070432186127, ""1-2"": -0.02484641782939434}"
3049,-0.07983762,"{""0-1"": -0.0798376202583313}"
3050,0.12628084,"{""0-1"": 0.04686214029788971, ""0-2"": 0.32039007544517517, ""1-2"": 0.01159029733389616}"
3051,0.04273189,"{""0-1"": 0.006920290179550648, ""0-2"": 0.05068633332848549, ""1-2"": 0.07058903574943542}"
3052,0.05940343,"{""0-1"": 0.07474026083946228, ""0-2"": 0.01599259115755558, ""1-2"": 0.0874774381518364}"
3053,0.09188334,"{""0-1"": 0.0918833389878273}"
3054,0.32440900,"{""0-1"": 0.06365998089313507, ""0-2"": 0.8730611205101013, ""1-2"": 0.03650590777397156}"
3055,0.00000000,{}
3056,0.00444904,"{""0-1"": -0.03625216335058212, ""0-2"": 0.07679465413093567, ""1-2"": -0.02719537913799286}"
3057,0.16194411,"{""0-1"": 0.5436436533927917, ""0-2"": -0.020909098908305168, ""1-2"": -0.036902233958244324}"
3058,0.27964589,"{""0-1"": 0.2796458899974823}"
3059,0.16874468,"{""0-1"": 0.501147985458374, ""0-2"": 0.028969811275601387, ""1-2"": -0.023883769288659096}"
3060,-0.00449456,"{""0-1"": -0.004494562745094299}"
3061,0.00000000,{}
3062,-0.00951431,"{""0-1"": 0.03849010169506073, ""0-2"": -0.02683904580771923, ""1-2"": -0.04019399732351303}"
3063,0.33629611,"{""0-1"": 0.9912722110748291, ""0-2"": 0.016364235430955887, ""1-2"": 0.0012518855510279536}"
3064,0.08382074,"{""0-1"": -0.03327763453125954, ""0-2"": 0.24982768297195435, ""1-2"": 0.034912168979644775}"
3065,0.01897334,"{""0-1"": -0.046504806727170944, ""0-2"": -0.006753955036401749, ""1-2"": 0.11017879098653793}"
3066,0.01729688,"{""0-1"": 0.01729688048362732}"
3067,0.03854829,"{""0-1"": 0.03608689457178116, ""0-2"": 0.010174574330449104, ""1-2"": 0.069383405148983}"
3068,0.00519385,"{""0-1"": -0.03700726479291916, ""0-2"": -0.027153458446264267, ""1-2"": 0.07974228262901306}"
3069,0.00041290,"{""0-1"": -0.02566422149538994, ""0-2"": 0.002707528183236718, ""1-2"": 0.024195397272706032}"
3070,0.08382074,"{""0-1"": -0.03327763453125954, ""0-2"": 0.24982768297195435, ""1-2"": 0.034912168979644775}"
3071,-0.01624358,"{""0-1"": 0.13200092315673828, ""0-2"": -0.10847180336713791, ""1-2"": -0.07225985825061798}"
3072,0.11027213,"{""0-1"": -0.1114467903971672, ""0-2"": 0.5530650615692139, ""1-2"": -0.11080187559127808}"
3073,-0.03964991,"{""0-1"": -0.03964990749955177}"
3074,0.02634971,"{""0-1"": 0.162202388048172, ""0-2"": -0.07879254221916199, ""1-2"": -0.0043607172556221485}"
3075,0.30688194,"{""0-1"": 0.9987986087799072, ""0-2"": -0.03731352835893631, ""1-2"": -0.04083926975727081}"
3076,-0.03376053,"{""0-1"": -0.07582949101924896, ""0-2"": -0.000828978605568409, ""1-2"": -0.024623127654194832}"
3077,0.38583734,"{""0-1"": 0.9113103151321411, ""0-2"": 0.12675198912620544, ""1-2"": 0.11944971978664398}"
3078,-0.02929614,"{""0-1"": -0.023914799094200134, ""0-2"": -0.053259529173374176, ""1-2"": -0.010714086703956127}"
3079,0.16476808,"{""0-1"": 0.16476808488368988}"
3080,0.61297518,"{""0-1"": 0.5134965777397156, ""0-2"": 0.38611143827438354, ""1-2"": 0.939317524433136}"
3081,0.08510578,"{""0-1"": -0.012573021464049816, ""0-2"": 0.01039463747292757, ""1-2"": 0.2574957311153412}"
3082,-0.05239282,"{""0-1"": -0.06772947311401367, ""0-2"": -0.16087478399276733, ""1-2"": 0.07142581045627594}"
3083,0.05653208,"{""0-1"": 0.05986384302377701, ""0-2"": 0.08604905754327774, ""1-2"": 0.0236833393573761}"
3084,0.95934802,"{""0-1"": 0.9593480229377747}"
3085,0.07334579,"{""0-1"": -0.014377845451235771, ""0-2"": 0.1820525825023651, ""1-2"": 0.05236263945698738}"
3086,0.00000000,{}
3087,0.00927558,"{""0-1"": -0.11220066994428635, ""0-2"": 0.11345736682415009, ""1-2"": 0.0265700314193964}"
3088,0.28623552,"{""0-1"": 0.670007586479187, ""0-2"": 0.0931038111448288, ""1-2"": 0.09559516608715057}"
3089,-0.15033592,"{""0-1"": -0.15328121185302734, ""0-2"": 0.06635219603776932, ""1-2"": -0.36407873034477234}"
3090,-0.00242755,"{""0-1"": -0.0024275456089526415}"
3091,0.01473035,"{""0-1"": 0.014730347320437431}"
3092,0.02401008,"{""0-1"": 0.03963889554142952, ""0-2"": 0.12632988393306732, ""1-2"": -0.09393854439258575}"
3093,-0.02856847,"{""0-1"": -0.02856847271323204}"
3094,0.02130197,"{""0-1"": 0.02130197361111641}"
3095,0.17969782,"{""0-1"": 0.4469621479511261, ""0-2"": 0.10572978109121323, ""1-2"": -0.013598458841443062}"
3096,0.22091270,"{""0-1"": 0.0058853598311543465, ""0-2"": 0.4796636998653412, ""1-2"": 0.17718905210494995}"
3097,-0.09240111,"{""0-1"": 0.03766443207859993, ""0-2"": -0.14708058536052704, ""1-2"": -0.16778717935085297}"
3098,0.48467598,"{""0-1"": 0.8786155581474304, ""0-2"": 0.31578075885772705, ""1-2"": 0.2596316337585449}"
3099,0.29856997,"{""0-1"": 0.020171955227851868, ""0-2"": 0.8283589482307434, ""1-2"": 0.04717899486422539}"
3100,0.29648197,"{""0-1"": 0.2964819669723511}"
3101,0.00000000,{}
3102,0.00000000,{}
3103,0.05382117,"{""0-1"": 0.22774195671081543, ""0-2"": 0.07787813246250153, ""1-2"": -0.1441565901041031}"
3104,0.03732880,"{""0-1"": -0.008974450640380383, ""0-2"": 0.04590111970901489, ""1-2"": 0.07505973428487778}"
3105,-0.02703530,"{""0-1"": 0.020352957770228386, ""0-2"": -0.007587125990539789, ""1-2"": -0.09387174248695374}"
3106,0.48872787,"{""0-1"": 0.488727867603302}"
3107,0.05189790,"{""0-1"": 0.08260226994752884, ""0-2"": 0.040636055171489716, ""1-2"": 0.03245536610484123}"
3108,0.93962389,"{""0-1"": 0.9396238923072815}"
3109,0.09596936,"{""0-1"": 0.20178534090518951, ""0-2"": 0.0389997623860836, ""1-2"": 0.04712297022342682}"
3110,0.05935487,"{""0-1"": -0.0035693433601409197, ""0-2"": -0.0049758912064135075, ""1-2"": 0.18660983443260193}"
3111,-0.00590738,"{""0-1"": -0.005907384213060141}"
3112,-0.01938430,"{""0-1"": -0.0010867671808227897, ""0-2"": -0.023186028003692627, ""1-2"": -0.033880118280649185}"
3113,-0.04420429,"{""0-1"": 0.014843384735286236, ""0-2"": -0.17541615664958954, ""1-2"": 0.027959903702139854}"
3114,0.03333978,"{""0-1"": -0.02490343526005745, ""0-2"": 0.08479256182909012, ""1-2"": 0.040130212903022766}"
3115,0.01479081,"{""0-1"": 0.014790814369916916}"
3116,0.06404821,"{""0-1"": -0.17541179060935974, ""0-2"": -0.13184891641139984, ""1-2"": 0.4994053244590759}"
3117,0.20262451,"{""0-1"": -0.030498458072543144, ""0-2"": 0.538463294506073, ""1-2"": 0.09990870207548141}"
3118,0.00736085,"{""0-1"": 0.030374212190508842, ""0-2"": 0.04388267919421196, ""1-2"": -0.05217433348298073}"
3119,0.03894699,"{""0-1"": 0.003201280953362584, ""0-2"": 0.04461340233683586, ""1-2"": 0.06902627646923065}"
3120,0.12230260,"{""0-1"": 0.1223025992512703}"
3121,-0.09723115,"{""0-1"": -0.09723114967346191}"
3122,0.31377802,"{""0-1"": 0.9442561268806458, ""0-2"": 0.023167476058006287, ""1-2"": -0.026089541614055634}"
3123,0.05629023,"{""0-1"": 0.05629022791981697}"
3124,-0.06752082,"{""0-1"": -0.08395848423242569, ""0-2"": -0.1868876963853836, ""1-2"": 0.06828370690345764}"
3125,0.00000000,{}
3126,0.05101655,"{""0-1"": 0.05101654678583145}"
3127,-0.01343815,"{""0-1"": -0.042450468987226486, ""0-2"": -0.026215797290205956, ""1-2"": 0.02835181914269924}"
3128,0.23815820,"{""0-1"": 0.7769436836242676, ""0-2"": -0.02901473455131054, ""1-2"": -0.033454351127147675}"
3129,0.43635216,"{""0-1"": 0.4363521635532379}"
3130,0.01479081,"{""0-1"": 0.014790814369916916}"
3131,0.31718454,"{""0-1"": 0.31718453764915466}"
3132,0.08110666,"{""0-1"": 0.08110666275024414}"
3133,0.10372760,"{""0-1"": 0.15455934405326843, ""0-2"": 0.14716371893882751, ""1-2"": 0.009459742344915867}"
3134,-0.01080608,"{""0-1"": -0.12243932485580444, ""0-2"": -0.13273021578788757, ""1-2"": 0.22275130450725555}"
3135,0.04704599,"{""0-1"": 0.08426177501678467, ""0-2"": 0.03227246180176735, ""1-2"": 0.02460372820496559}"
3136,-0.04134099,"{""0-1"": -0.07962508499622345, ""0-2"": -0.07187651097774506, ""1-2"": 0.027478616684675217}"
3137,0.67006874,"{""0-1"": 0.6700687408447266}"
3138,0.99533004,"{""0-1"": 0.9953300356864929}"
3139,0.01271723,"{""0-1"": -0.05528789386153221, ""0-2"": 0.00025987072149291635, ""1-2"": 0.09317971020936966}"
3140,-0.01894085,"{""0-1"": -0.028418630361557007, ""0-2"": -0.03120507299900055, ""1-2"": 0.002801149385049939}"
3141,-0.09280388,"{""0-1"": -0.0442328117787838, ""0-2"": -0.16509653627872467, ""1-2"": -0.06908228248357773}"
3142,-0.02542021,"{""0-1"": -0.025420213118195534}"
3143,0.01097989,"{""0-1"": -0.023128455504775047, ""0-2"": -0.03654774650931358, ""1-2"": 0.09261586517095566}"
3144,0.07060888,"{""0-1"": 0.27790653705596924, ""0-2"": -0.05702393501996994, ""1-2"": -0.009055954404175282}"
3145,0.57017779,"{""0-1"": 0.5701777935028076}"
3146,0.04229213,"{""0-1"": 0.04229212552309036}"
3147,0.99999756,"{""0-1"": 0.9999975562095642}"
3148,0.00000000,{}
3149,0.05629023,"{""0-1"": 0.05629022791981697}"
3150,-0.02902059,"{""0-1"": -0.07430762052536011, ""0-2"": -0.0359514057636261, ""1-2"": 0.02319725789129734}"
3151,-0.04653354,"{""0-1"": -0.04453105106949806, ""0-2"": -0.035633914172649384, ""1-2"": -0.059435658156871796}"
3152,0.57281905,"{""0-1"": 0.5728190541267395}"
3153,-0.03131937,"{""0-1"": -0.03264223784208298, ""0-2"": -0.03937649354338646, ""1-2"": -0.021939367055892944}"
3154,0.99999863,"{""0-1"": 0.9999986290931702}"
3155,0.05862476,"{""0-1"": 0.08012238889932632, ""0-2"": 0.13164867460727692, ""1-2"": -0.03589678928256035}"
3156,-0.01624358,"{""0-1"": 0.13200092315673828, ""0-2"": -0.10847180336713791, ""1-2"": -0.07225985825061798}"
3157,0.10047968,"{""0-1"": 0.10047967731952667}"
3158,-0.12658632,"{""0-1"": -0.12658631801605225}"
3159,0.08110666,"{""0-1"": 0.08110666275024414}"
3160,0.01779848,"{""0-1"": 0.00423774216324091, ""0-2"": 0.12730945646762848, ""1-2"": -0.07815176248550415}"
3161,0.03613959,"{""0-1"": 0.011041988618671894, ""0-2"": 0.17159049212932587, ""1-2"": -0.07421370595693588}"
3162,-0.10901131,"{""0-1"": -0.12893928587436676, ""0-2"": -0.16628000140190125, ""1-2"": -0.03181464597582817}"
3163,-0.04044975,"{""0-1"": -0.04044974967837334}"
3164,0.00274104,"{""0-1"": 0.006580826826393604, ""0-2"": -0.010564876720309258, ""1-2"": 0.012207177467644215}"
3165,0.00000000,{}
3166,-0.02065469,"{""0-1"": -0.008246423676609993, ""0-2"": -0.03647284209728241, ""1-2"": -0.017244800925254822}"
3167,-0.01635246,"{""0-1"": 0.0027973600663244724, ""0-2"": -0.02934284880757332, ""1-2"": -0.02251189388334751}"
3168,0.01495557,"{""0-1"": -0.007712251506745815, ""0-2"": -0.0162284504622221, ""1-2"": 0.06880741566419601}"
3169,0.99991667,"{""0-1"": 0.999916672706604}"
3170,-0.00757633,"{""0-1"": 0.05788407474756241, ""0-2"": -0.08218873292207718, ""1-2"": 0.0015756696229800582}"
3171,0.25486970,"{""0-1"": 0.0446801520884037, ""0-2"": 0.6346597671508789, ""1-2"": 0.08526916801929474}"
3172,0.03480943,"{""0-1"": 0.06001557037234306, ""0-2"": 0.05110706388950348, ""1-2"": -0.006694330833852291}"
3173,-0.04113041,"{""0-1"": -0.020467011258006096, ""0-2"": -0.08181963860988617, ""1-2"": -0.021104587242007256}"
3174,0.02521203,"{""0-1"": 0.0247119702398777, ""0-2"": -0.018030215054750443, ""1-2"": 0.06895434111356735}"
3175,0.04242352,"{""0-1"": 0.04242352023720741}"
3176,0.18762159,"{""0-1"": 0.1876215934753418}"
3177,0.00000000,{}
3178,0.06708147,"{""0-1"": 0.06708146631717682}"
3179,0.21712604,"{""0-1"": 0.2171260416507721}"
3180,0.12129665,"{""0-1"": 0.12129665166139603}"
3181,0.73676950,"{""0-1"": 0.7367694973945618}"
3182,-0.00459786,"{""0-1"": -0.054487138986587524, ""0-2"": -0.016423361375927925, ""1-2"": 0.057116929441690445}"
3183,0.05530531,"{""0-1"": -0.03320090472698212, ""0-2"": 0.19134624302387238, ""1-2"": 0.007770593278110027}"
3184,0.91520715,"{""0-1"": 0.9152071475982666}"
3185,0.07971037,"{""0-1"": 0.08382652699947357, ""0-2"": -0.010426674969494343, ""1-2"": 0.1657312512397766}"
3186,0.00000000,{}
3187,-0.00364982,"{""0-1"": -0.0036498194094747305}"
3188,0.10075730,"{""0-1"": 0.32527148723602295, ""0-2"": 0.04032749682664871, ""1-2"": -0.06332708150148392}"
3189,-0.05686304,"{""0-1"": -0.039834242314100266, ""0-2"": 0.007163909263908863, ""1-2"": -0.13791878521442413}"
3190,0.00365552,"{""0-1"": -0.03876836970448494, ""0-2"": -0.009234346449375153, ""1-2"": 0.05896928161382675}"
3191,-0.00868363,"{""0-1"": -0.008683632127940655}"
3192,0.03697032,"{""0-1"": 0.036970317363739014}"
3193,0.05530531,"{""0-1"": -0.03320090472698212, ""0-2"": 0.19134624302387238, ""1-2"": 0.007770593278110027}"
3194,-0.05138911,"{""0-1"": -0.05138910934329033}"
3195,-0.03164853,"{""0-1"": -0.031648531556129456}"
3196,-0.00867654,"{""0-1"": -0.008676544763147831}"
3197,0.63554798,"{""0-1"": 0.8897308111190796, ""0-2"": 0.653490424156189, ""1-2"": 0.363422691822052}"
3198,1.00000000,"{""0-1"": 1.0}"
3199,0.21430549,"{""0-1"": -0.019934622570872307, ""0-2"": 0.012205072678625584, ""1-2"": 0.6506460309028625}"
3200,0.92780381,"{""0-1"": 0.9278038144111633}"
3201,0.02499972,"{""0-1"": 0.003791464725509286, ""0-2"": 0.021418873220682144, ""1-2"": 0.049788810312747955}"
3202,0.00491119,"{""0-1"": -0.05246651545166969, ""0-2"": 0.18153992295265198, ""1-2"": -0.11433983594179153}"
3203,0.10509007,"{""0-1"": -0.07244310528039932, ""0-2"": 0.3404960036277771, ""1-2"": 0.04721729829907417}"
3204,-0.04676248,"{""0-1"": -0.000563516397960484, ""0-2"": -0.06516315042972565, ""1-2"": -0.07456078380346298}"
3205,-0.02584995,"{""0-1"": -0.08974061161279678, ""0-2"": -0.036080051213502884, ""1-2"": 0.0482708215713501}"
3206,0.00723654,"{""0-1"": 0.04020083695650101, ""0-2"": -0.0013217164669185877, ""1-2"": -0.017169494181871414}"
3207,0.11859940,"{""0-1"": 0.11859939992427826}"
3208,-0.00713905,"{""0-1"": -0.007139049936085939}"
3209,-0.02667365,"{""0-1"": -0.028238164260983467, ""0-2"": -0.04142153263092041, ""1-2"": -0.01036124862730503}"
3210,0.05589573,"{""0-1"": 0.05589573085308075}"
3211,0.00439096,"{""0-1"": -0.03712150454521179, ""0-2"": 0.016473211348056793, ""1-2"": 0.03382117301225662}"
3212,-0.01790834,"{""0-1"": 0.09482090175151825, ""0-2"": -0.01012674905359745, ""1-2"": -0.13841916620731354}"
3213,0.99239707,"{""0-1"": 0.9923970699310303}"
3214,0.03207031,"{""0-1"": 0.0664549246430397, ""0-2"": -0.00673496350646019, ""1-2"": 0.036490969359874725}"
3215,0.09515718,"{""0-1"": 0.1075960174202919, ""0-2"": 0.029090167954564095, ""1-2"": 0.14878536760807037}"
3216,-0.04592226,"{""0-1"": -0.05404216796159744, ""0-2"": -0.034856971353292465, ""1-2"": -0.04886765405535698}"
3217,0.48990641,"{""0-1"": 0.42301124334335327, ""0-2"": 0.2953793406486511, ""1-2"": 0.7513286471366882}"
3218,-0.02282530,"{""0-1"": -0.0776493102312088, ""0-2"": -0.008081451058387756, ""1-2"": 0.017254849895834923}"
3219,0.01412563,"{""0-1"": 0.014125628396868706}"
3220,0.04610623,"{""0-1"": 0.017625518143177032, ""0-2"": 0.10067138820886612, ""1-2"": 0.020021796226501465}"
3221,0.02788625,"{""0-1"": 0.024007875472307205, ""0-2"": 0.1219579428434372, ""1-2"": -0.062307070940732956}"
3222,0.99999994,"{""0-1"": 0.9999999403953552}"
3223,0.04273189,"{""0-1"": 0.006920290179550648, ""0-2"": 0.05068633332848549, ""1-2"": 0.07058903574943542}"
3224,-0.03145900,"{""0-1"": -0.16393430531024933, ""0-2"": -0.016860386356711388, ""1-2"": 0.08641768246889114}"
3225,0.00050034,"{""0-1"": 0.0005003438564017415}"
3226,0.32881936,"{""0-1"": 0.4641993045806885, ""0-2"": 0.303592711687088, ""1-2"": 0.21866607666015625}"
3227,0.16428763,"{""0-1"": 0.16428762674331665}"
3228,-0.05376060,"{""0-1"": -0.12591740489006042, ""0-2"": -0.07738462835550308, ""1-2"": 0.04202023521065712}"
3229,0.00790021,"{""0-1"": 0.005972204264253378, ""0-2"": -0.008964944630861282, ""1-2"": 0.02669336460530758}"
3230,0.16393590,"{""0-1"": 0.16393589973449707}"
3231,0.00000000,{}
3232,-0.07983762,"{""0-1"": -0.0798376202583313}"
3233,0.02537416,"{""0-1"": 0.0253741554915905}"
3234,-0.02658565,"{""0-1"": -0.026585647836327553}"
3235,0.30725822,"{""0-1"": 0.3072582185268402}"
3236,0.99841797,"{""0-1"": 0.9984179735183716}"
3237,0.02307091,"{""0-1"": -0.001595657435245812, ""0-2"": -0.08618433773517609, ""1-2"": 0.15699273347854614}"
3238,0.00000000,{}
3239,0.05787495,"{""0-1"": 0.0719321146607399, ""0-2"": -0.03660155087709427, ""1-2"": 0.1382942795753479}"
3240,1.00000012,"{""0-1"": 1.0000001192092896}"
3241,0.04955228,"{""0-1"": 0.049552276730537415}"
3242,0.24829581,"{""0-1"": 0.7372753620147705, ""0-2"": 0.08711976557970047, ""1-2"": -0.07950769364833832}"
3243,0.00000000,{}
3244,0.02022396,"{""0-1"": -0.03298238292336464, ""0-2"": -0.03895144164562225, ""1-2"": 0.13260571658611298}"
3245,0.30688194,"{""0-1"": 0.9987986087799072, ""0-2"": -0.03731352835893631, ""1-2"": -0.04083926975727081}"
3246,-0.01240865,"{""0-1"": 0.03229352459311485, ""0-2"": 0.02647590823471546, ""1-2"": -0.09599537402391434}"
3247,-0.01115172,"{""0-1"": -0.011151719838380814}"
3248,0.02309301,"{""0-1"": 0.023093007504940033}"
3249,0.95598263,"{""0-1"": 0.9559826254844666}"
3250,0.29570464,"{""0-1"": -0.03882582113146782, ""0-2"": -0.02929556928575039, ""1-2"": 0.9552353024482727}"
3251,0.16393590,"{""0-1"": 0.16393589973449707}"
3252,0.02317434,"{""0-1"": -0.014821399003267288, ""0-2"": -0.022438708692789078, ""1-2"": 0.10678313672542572}"
3253,-0.05116971,"{""0-1"": -0.004230843391269445, ""0-2"": -0.013997826725244522, ""1-2"": -0.13528044521808624}"
3254,-0.06310578,"{""0-1"": -0.06310578435659409}"
3255,-0.00157093,"{""0-1"": -0.014960828237235546, ""0-2"": -0.030699050053954124, ""1-2"": 0.0409470833837986}"
3256,0.99999994,"{""0-1"": 0.9999999403953552}"
3257,0.42210021,"{""0-1"": 0.21419453620910645, ""0-2"": 0.1303931623697281, ""1-2"": 0.9217129349708557}"
3258,0.79180429,"{""0-1"": 0.9356496334075928, ""0-2"": 0.7444403767585754, ""1-2"": 0.6953228712081909}"
3259,0.10974663,"{""0-1"": 0.10974662750959396}"
3260,0.02999949,"{""0-1"": 0.028591468930244446, ""0-2"": 0.0441628135740757, ""1-2"": 0.017244188115000725}"
3261,0.05146620,"{""0-1"": -0.0793939009308815, ""0-2"": 0.3030989170074463, ""1-2"": -0.06930641084909439}"
3262,-0.00135105,"{""0-1"": 0.025033632293343544, ""0-2"": -0.06117062270641327, ""1-2"": 0.032083846628665924}"
3263,-0.00156072,"{""0-1"": -0.001560718403197825}"
3264,0.99999994,"{""0-1"": 0.9999999403953552}"
3265,0.42292354,"{""0-1"": 0.163193017244339, ""0-2"": 0.14286823570728302, ""1-2"": 0.962709367275238}"
3266,0.04448052,"{""0-1"": 0.09236036241054535, ""0-2"": 0.02231694757938385, ""1-2"": 0.018764235079288483}"
3267,0.11459133,"{""0-1"": 0.1145913302898407}"
3268,0.15071625,"{""0-1"": 0.15071624517440796}"
3269,0.01272884,"{""0-1"": 0.051675643771886826, ""0-2"": 0.0462602861225605, ""1-2"": -0.05974942445755005}"
3270,0.27988335,"{""0-1"": 0.6471983790397644, ""0-2"": 0.08686990290880203, ""1-2"": 0.10558178275823593}"
3271,-0.01328682,"{""0-1"": -0.019797859713435173, ""0-2"": -0.010575294494628906, ""1-2"": -0.009487318806350231}"
3272,0.09903578,"{""0-1"": 0.22707724571228027, ""0-2"": -0.018787695094943047, ""1-2"": 0.08881779760122299}"
3273,0.33629611,"{""0-1"": 0.9912722110748291, ""0-2"": 0.016364235430955887, ""1-2"": 0.0012518855510279536}"
3274,0.05503240,"{""0-1"": 0.01418531034141779, ""0-2"": 0.1805036962032318, ""1-2"": -0.02959180437028408}"
3275,0.91419882,"{""0-1"": 0.9141988158226013}"
3276,-0.03380417,"{""0-1"": -0.02135033905506134, ""0-2"": -0.06894112378358841, ""1-2"": -0.011121048592031002}"
3277,0.00747175,"{""0-1"": -0.02712157554924488, ""0-2"": -0.01554685179144144, ""1-2"": 0.06508366763591766}"
3278,0.15658336,"{""0-1"": 0.24892260134220123, ""0-2"": 0.04938507452607155, ""1-2"": 0.17144238948822021}"
3279,0.23343470,"{""0-1"": -0.055815134197473526, ""0-2"": 0.02902870811522007, ""1-2"": 0.7270905375480652}"
3280,0.19851920,"{""0-1"": 0.19851920008659363}"
3281,0.99999863,"{""0-1"": 0.9999986290931702}"
3282,0.07773381,"{""0-1"": 0.06196935847401619, ""0-2"": 0.13361647725105286, ""1-2"": 0.03761560097336769}"
3283,0.99567449,"{""0-1"": 0.9956744909286499}"
3284,0.02961709,"{""0-1"": 0.051067572087049484, ""0-2"": 0.018700284883379936, ""1-2"": 0.019083412364125252}"
3285,0.08112085,"{""0-1"": 0.23889251053333282, ""0-2"": 0.004959127400070429, ""1-2"": -0.0004890874843113124}"
3286,-0.03189465,"{""0-1"": -0.08403521776199341, ""0-2"": -0.04943893849849701, ""1-2"": 0.037790216505527496}"
3287,-0.04420429,"{""0-1"": 0.014843384735286236, ""0-2"": -0.17541615664958954, ""1-2"": 0.027959903702139854}"
3288,-0.03177793,"{""0-1"": -0.031732577830553055, ""0-2"": -0.011132489889860153, ""1-2"": -0.052468713372945786}"
3289,0.03088617,"{""0-1"": 0.04321784898638725, ""0-2"": -0.024854809045791626, ""1-2"": 0.07429546862840652}"
3290,0.37981036,"{""0-1"": 0.3798103630542755}"
3291,0.55531490,"{""0-1"": 0.5553148984909058}"
3292,-0.00910942,"{""0-1"": -0.0074929725378751755, ""0-2"": -0.0023363493382930756, ""1-2"": -0.017498932778835297}"
3293,-0.00338254,"{""0-1"": -0.04023865610361099, ""0-2"": -0.030421476811170578, ""1-2"": 0.06051251292228699}"
3294,0.02437177,"{""0-1"": 0.0039968634955585, ""0-2"": 0.014709630981087685, ""1-2"": 0.054408807307481766}"
3295,0.10068551,"{""0-1"": 0.19455580413341522, ""0-2"": -0.008004848845303059, ""1-2"": 0.11550556123256683}"
3296,0.54683322,"{""0-1"": 0.5468332171440125}"
3297,0.27124057,"{""0-1"": -0.028602274134755135, ""0-2"": 0.04975923150777817, ""1-2"": 0.7925647497177124}"
3298,0.01297143,"{""0-1"": 0.03423260897397995, ""0-2"": 0.09807191789150238, ""1-2"": -0.09339022636413574}"
3299,0.02790298,"{""0-1"": 0.02790297567844391}"
3300,0.11694562,"{""0-1"": 0.11694561690092087}"
3301,0.04262467,"{""0-1"": 0.1687079817056656, ""0-2"": -0.060279008001089096, ""1-2"": 0.0194450244307518}"
3302,0.07748226,"{""0-1"": 0.23875737190246582, ""0-2"": 0.007172748912125826, ""1-2"": -0.013483346439898014}"
3303,-0.04741591,"{""0-1"": -0.07498074322938919, ""0-2"": -0.0591958723962307, ""1-2"": -0.00807112269103527}"
3304,0.33976993,"{""0-1"": 0.9859154224395752, ""0-2"": 0.028192084282636642, ""1-2"": 0.00520229060202837}"
3305,0.20414626,"{""0-1"": -0.008134403266012669, ""0-2"": -0.04173539951443672, ""1-2"": 0.6623085737228394}"
3306,0.42298272,"{""0-1"": 0.42298272252082825}"
3307,0.05104429,"{""0-1"": 0.08675459772348404, ""0-2"": -0.041459184139966965, ""1-2"": 0.10783745348453522}"
3308,0.17052610,"{""0-1"": 0.5277706384658813, ""0-2"": 0.03569479286670685, ""1-2"": -0.051887139678001404}"
3309,-0.00854030,"{""0-1"": -0.12974053621292114, ""0-2"": 0.053006041795015335, ""1-2"": 0.051113586872816086}"
3310,0.03880858,"{""0-1"": -0.030905351042747498, ""0-2"": 0.08211851119995117, ""1-2"": 0.06521258503198624}"
3311,-0.04753112,"{""0-1"": -0.03982561081647873, ""0-2"": -0.07178554683923721, ""1-2"": -0.03098219260573387}"
3312,0.10391415,"{""0-1"": 0.10391414910554886}"
3313,0.98344058,"{""0-1"": 0.9834405779838562}"
3314,0.99999994,"{""0-1"": 0.9999999403953552}"
3315,0.07687002,"{""0-1"": 0.18137526512145996, ""0-2"": 0.01211906410753727, ""1-2"": 0.03711571916937828}"
3316,-0.02441014,"{""0-1"": 0.0011004166444763541, ""0-2"": -0.04854464530944824, ""1-2"": -0.02578619495034218}"
3317,-0.01973300,"{""0-1"": -0.06671641767024994, ""0-2"": 0.058802880346775055, ""1-2"": -0.05128546804189682}"
3318,-0.00133909,"{""0-1"": 0.007101557683199644, ""0-2"": -0.0024583148770034313, ""1-2"": -0.008660504594445229}"
3319,-0.11021354,"{""0-1"": -0.11755900084972382, ""0-2"": -0.13858915865421295, ""1-2"": -0.0744924545288086}"
3320,0.62530202,"{""0-1"": 0.6253020167350769}"
3322,0.09643512,"{""0-1"": 0.12476006895303726, ""0-2"": 0.1100437119603157, ""1-2"": 0.05450158566236496}"
3323,0.08028064,"{""0-1"": 0.08028063923120499}"
3324,0.05940343,"{""0-1"": 0.07474026083946228, ""0-2"": 0.01599259115755558, ""1-2"": 0.0874774381518364}"
3325,0.00626966,"{""0-1"": 0.006269661244004965}"
3326,-0.00721301,"{""0-1"": -0.023842623457312584, ""0-2"": -0.03411875292658806, ""1-2"": 0.03632234409451485}"
3327,0.67006874,"{""0-1"": 0.6700687408447266}"
3328,-0.04032388,"{""0-1"": -0.0027287492994219065, ""0-2"": -0.16323454678058624, ""1-2"": 0.04499164596199989}"
3329,0.01835774,"{""0-1"": -0.04058569297194481, ""0-2"": 0.06660118699073792, ""1-2"": 0.02905772253870964}"
3330,0.08382074,"{""0-1"": -0.03327763453125954, ""0-2"": 0.24982768297195435, ""1-2"": 0.034912168979644775}"
3331,-0.03467273,"{""0-1"": -0.06031128391623497, ""0-2"": 0.09322206676006317, ""1-2"": -0.1369289606809616}"
3332,-0.02941607,"{""0-1"": 0.01958133652806282, ""0-2"": -0.10603446513414383, ""1-2"": -0.0017950673354789615}"
3333,0.04273189,"{""0-1"": 0.006920290179550648, ""0-2"": 0.05068633332848549, ""1-2"": 0.07058903574943542}"
3334,0.02203307,"{""0-1"": 0.021498091518878937, ""0-2"": -0.0020700942259281874, ""1-2"": 0.04667121171951294}"
3335,0.01276962,"{""0-1"": 0.06511691957712173, ""0-2"": -0.05167025700211525, ""1-2"": 0.02486218884587288}"
3336,0.08501416,"{""0-1"": 0.08501415699720383}"
3337,-0.00195996,"{""0-1"": -0.10185420513153076, ""0-2"": -0.0011728598037734628, ""1-2"": 0.09714719653129578}"
3338,0.04881985,"{""0-1"": 0.06165891885757446, ""0-2"": 0.043758995831012726, ""1-2"": 0.041041623800992966}"
3339,0.22575905,"{""0-1"": 0.4845224618911743, ""0-2"": 0.13211564719676971, ""1-2"": 0.06063905358314514}"
3340,0.05940343,"{""0-1"": 0.07474026083946228, ""0-2"": 0.01599259115755558, ""1-2"": 0.0874774381518364}"
3341,0.00000000,{}
3342,0.08053343,"{""0-1"": 0.011444066651165485, ""0-2"": 0.21613970398902893, ""1-2"": 0.01401650533080101}"
3343,0.45539218,"{""0-1"": 0.45539218187332153}"
3344,0.07040016,"{""0-1"": 0.07040015608072281}"
3345,0.08922966,"{""0-1"": 0.08582083880901337, ""0-2"": -0.006371698807924986, ""1-2"": 0.18823984265327454}"
3346,0.18946279,"{""0-1"": 0.29713520407676697, ""0-2"": 0.19365394115447998, ""1-2"": 0.07759921997785568}"
3347,0.06731228,"{""0-1"": 0.25046226382255554, ""0-2"": -0.09199339151382446, ""1-2"": 0.04346797615289688}"
3348,0.00534158,"{""0-1"": 0.025674987584352493, ""0-2"": 0.007805412635207176, ""1-2"": -0.01745566725730896}"
3349,-0.06236375,"{""0-1"": -0.2547731399536133, ""0-2"": -0.12704779207706451, ""1-2"": 0.19472967088222504}"
3350,0.33629611,"{""0-1"": 0.9912722110748291, ""0-2"": 0.016364235430955887, ""1-2"": 0.0012518855510279536}"
3351,0.10230141,"{""0-1"": 0.16965815424919128, ""0-2"": 0.08825431019067764, ""1-2"": 0.048991769552230835}"
3352,0.02521203,"{""0-1"": 0.0247119702398777, ""0-2"": -0.018030215054750443, ""1-2"": 0.06895434111356735}"
3353,0.57480013,"{""0-1"": 0.5748001337051392}"
3354,0.30954190,"{""0-1"": 0.6639074087142944, ""0-2"": 0.11770807206630707, ""1-2"": 0.1470102220773697}"
3355,0.00050034,"{""0-1"": 0.0005003438564017415}"
3356,0.00000000,{}
3357,-0.05461103,"{""0-1"": 0.0038162118289619684, ""0-2"": -0.10729517787694931, ""1-2"": -0.060354117304086685}"
3358,0.14248398,"{""0-1"": 0.2116810828447342, ""0-2"": 0.05335099622607231, ""1-2"": 0.162419855594635}"
3359,0.07107635,"{""0-1"": 0.07107634842395782}"
3360,-0.04653354,"{""0-1"": -0.04453105106949806, ""0-2"": -0.035633914172649384, ""1-2"": -0.059435658156871796}"
3361,0.12928081,"{""0-1"": 0.12928080558776855}"
3362,0.01998178,"{""0-1"": 0.019981784746050835}"
3363,0.25132512,"{""0-1"": 0.6549177765846252, ""0-2"": 0.03725811466574669, ""1-2"": 0.06179947033524513}"
3364,0.03685798,"{""0-1"": 0.03685798496007919}"
3365,0.57327271,"{""0-1"": 0.573272705078125}"
3366,-0.02197363,"{""0-1"": -0.08415636420249939, ""0-2"": -0.003832562593743205, ""1-2"": 0.022068044170737267}"
3367,-0.04598953,"{""0-1"": -0.0332757830619812, ""0-2"": -0.08286643773317337, ""1-2"": -0.021826356649398804}"
3368,0.00081513,"{""0-1"": 0.04383101686835289, ""0-2"": 0.060169052332639694, ""1-2"": -0.10155468434095383}"
3369,0.01412563,"{""0-1"": 0.014125628396868706}"
3370,0.01276962,"{""0-1"": 0.06511691957712173, ""0-2"": -0.05167025700211525, ""1-2"": 0.02486218884587288}"
3371,-0.03304116,"{""0-1"": 0.10866416990756989, ""0-2"": -0.13151401281356812, ""1-2"": -0.07627362757921219}"
3372,0.17563598,"{""0-1"": 0.17563597857952118}"
3373,0.00000000,{}
3374,0.05305162,"{""0-1"": 0.053051624447107315}"
3375,-0.03578644,"{""0-1"": 0.001633519190363586, ""0-2"": -0.12348572164773941, ""1-2"": 0.014492897316813469}"
3376,0.02970172,"{""0-1"": 0.07543870061635971, ""0-2"": 0.016243772581219673, ""1-2"": -0.0025773197412490845}"
3377,0.06270710,"{""0-1"": 0.07058531045913696, ""0-2"": -0.04797828570008278, ""1-2"": 0.1655142605304718}"
3378,0.03637431,"{""0-1"": 0.16297298669815063, ""0-2"": -0.08284258842468262, ""1-2"": 0.02899252064526081}"
3379,0.05028485,"{""0-1"": 0.09731242060661316, ""0-2"": -0.010501974262297153, ""1-2"": 0.06404411047697067}"
3380,0.26673108,"{""0-1"": 0.2667310833930969}"
3381,0.01484901,"{""0-1"": 0.014849012717604637}"
3382,0.03359808,"{""0-1"": 0.010659256018698215, ""0-2"": 0.009898710995912552, ""1-2"": 0.0802362710237503}"
3383,0.11519450,"{""0-1"": 0.11519449949264526}"
3384,0.02203307,"{""0-1"": 0.021498091518878937, ""0-2"": -0.0020700942259281874, ""1-2"": 0.04667121171951294}"
3385,0.24580275,"{""0-1"": 0.018088702112436295, ""0-2"": 0.654613196849823, ""1-2"": 0.06470634043216705}"
3386,0.04215132,"{""0-1"": -0.008566354401409626, ""0-2"": 0.1775476634502411, ""1-2"": -0.04252735897898674}"
3387,-0.04488142,"{""0-1"": -0.04470175504684448, ""0-2"": -0.022097336128354073, ""1-2"": -0.0678451657295227}"
3388,0.19994839,"{""0-1"": 0.19994838535785675}"
3389,0.03581814,"{""0-1"": 0.008437721990048885, ""0-2"": 0.029976533725857735, ""1-2"": 0.06904014945030212}"
3390,0.01557670,"{""0-1"": -0.05126155912876129, ""0-2"": 0.0594918355345726, ""1-2"": 0.03849983215332031}"
3391,0.18676431,"{""0-1"": 0.2036629021167755, ""0-2"": 0.20191147923469543, ""1-2"": 0.1547185629606247}"
3392,0.21712604,"{""0-1"": 0.2171260416507721}"
3393,0.24417199,"{""0-1"": 0.24417199194431305}"
3394,-0.01672699,"{""0-1"": 0.02098301611840725, ""0-2"": -0.08547855913639069, ""1-2"": 0.014314568601548672}"
3395,0.21712604,"{""0-1"": 0.2171260416507721}"
3396,0.01818701,"{""0-1"": 0.018187008798122406}"
3397,-0.05725209,"{""0-1"": -0.05725208669900894}"
3398,-0.06310578,"{""0-1"": -0.06310578435659409}"
3399,0.31377802,"{""0-1"": 0.9442561268806458, ""0-2"": 0.023167476058006287, ""1-2"": -0.026089541614055634}"
3400,0.25447797,"{""0-1"": 0.4859877824783325, ""0-2"": 0.1202782541513443, ""1-2"": 0.15716786682605743}"
3401,0.55620545,"{""0-1"": 0.5562054514884949}"
3402,-0.02244640,"{""0-1"": -0.0224464014172554}"
3403,0.01444482,"{""0-1"": -0.05232054740190506, ""0-2"": 0.14077520370483398, ""1-2"": -0.045120202004909515}"
3404,0.01330477,"{""0-1"": -0.10134024918079376, ""0-2"": 0.029362058266997337, ""1-2"": 0.11189251393079758}"
3405,0.19593251,"{""0-1"": -0.06081722676753998, ""0-2"": -0.01519168633967638, ""1-2"": 0.6638064384460449}"
3406,0.01480730,"{""0-1"": 0.01480729877948761}"
3407,1.00000000,"{""0-1"": 1.0}"
3408,0.00975356,"{""0-1"": 0.07572732120752335, ""0-2"": -0.07054453343153, ""1-2"": 0.02407790534198284}"
3409,0.09024696,"{""0-1"": 0.09024696052074432}"
3410,-0.00450247,"{""0-1"": -0.04631243646144867, ""0-2"": 0.039554327726364136, ""1-2"": -0.006749290507286787}"
3411,0.00000000,{}
3412,0.89564180,"{""0-1"": 0.8956418037414551}"
3413,0.27523749,"{""0-1"": -0.0723036378622055, ""0-2"": -0.08184236288070679, ""1-2"": 0.9798584580421448}"
3414,-0.03964991,"{""0-1"": -0.03964990749955177}"
3415,0.45076159,"{""0-1"": -0.023878594860434532, ""0-2"": 0.736141562461853, ""1-2"": 0.640021800994873}"
3416,0.01173278,"{""0-1"": 0.01906336471438408, ""0-2"": -0.015178227797150612, ""1-2"": 0.03131319582462311}"
3417,0.99999756,"{""0-1"": 0.9999975562095642}"
3418,-0.00449456,"{""0-1"": -0.004494562745094299}"
3419,0.07890198,"{""0-1"": -0.0382491871714592, ""0-2"": 0.05853720381855965, ""1-2"": 0.21641792356967926}"
3420,-0.00727676,"{""0-1"": -0.03965943306684494, ""0-2"": -0.010511469095945358, ""1-2"": 0.028340620920062065}"
3421,0.03991846,"{""0-1"": 0.11781016737222672, ""0-2"": 0.022333264350891113, ""1-2"": -0.020388057455420494}"
3422,-0.01763320,"{""0-1"": 0.01463516429066658, ""0-2"": -0.04065018892288208, ""1-2"": -0.02688456140458584}"
3423,0.15281110,"{""0-1"": -0.06505315005779266, ""0-2"": 0.07882863283157349, ""1-2"": 0.4446578025817871}"
3424,-0.04257071,"{""0-1"": -0.11137359589338303, ""0-2"": -0.044211190193891525, ""1-2"": 0.027872655540704727}"
3425,0.12021621,"{""0-1"": 0.12021621316671371}"
3426,0.08895136,"{""0-1"": -0.099419005215168, ""0-2"": 0.3612537980079651, ""1-2"": 0.005019288510084152}"
3427,0.05667851,"{""0-1"": 0.10239429026842117, ""0-2"": 0.02871096506714821, ""1-2"": 0.03893028199672699}"
3428,-0.05963149,"{""0-1"": -0.15095971524715424, ""0-2"": 0.007812255062162876, ""1-2"": -0.03574700281023979}"
3429,0.04955228,"{""0-1"": 0.049552276730537415}"
3430,-0.01953286,"{""0-1"": -0.019532859325408936}"
3431,-0.02932314,"{""0-1"": -0.046788763254880905, ""0-2"": -0.02828521654009819, ""1-2"": -0.0128954341635108}"
3432,0.40110037,"{""0-1"": 0.17218302190303802, ""0-2"": 0.17279624938964844, ""1-2"": 0.8583218455314636}"
3433,0.04610623,"{""0-1"": 0.017625518143177032, ""0-2"": 0.10067138820886612, ""1-2"": 0.020021796226501465}"
3434,-0.02103586,"{""0-1"": -0.018507013097405434, ""0-2"": -0.018454523757100105, ""1-2"": -0.0261460579931736}"
3435,0.52717060,"{""0-1"": 0.5271705985069275}"
3436,-0.05387035,"{""0-1"": -0.10729223489761353, ""0-2"": -0.15730062127113342, ""1-2"": 0.1029818207025528}"
3437,-0.06310578,"{""0-1"": -0.06310578435659409}"
3438,0.00695989,"{""0-1"": 0.12067939341068268, ""0-2"": -0.10215100646018982, ""1-2"": 0.002351287752389908}"
3439,0.33976993,"{""0-1"": 0.9859154224395752, ""0-2"": 0.028192084282636642, ""1-2"": 0.00520229060202837}"
3440,0.42273803,"{""0-1"": 0.9377179741859436, ""0-2"": 0.12560594081878662, ""1-2"": 0.204890176653862}"
3441,0.00000000,{}
3442,0.02573229,"{""0-1"": -0.051760267466306686, ""0-2"": 0.09967613965272903, ""1-2"": 0.029281010851264}"
3443,-0.00401425,"{""0-1"": 0.01303856447339058, ""0-2"": -0.028210707008838654, ""1-2"": 0.003129403106868267}"
3444,0.30297542,"{""0-1"": -0.11318548023700714, ""0-2"": 0.8452877402305603, ""1-2"": 0.17682400345802307}"
3445,-0.01653331,"{""0-1"": 0.07631158828735352, ""0-2"": -0.150108203291893, ""1-2"": 0.024196676909923553}"
3446,0.30760571,"{""0-1"": -0.01414579339325428, ""0-2"": 0.01618281379342079, ""1-2"": 0.9207801222801208}"
3447,0.49157095,"{""0-1"": 0.49157094955444336}"
3448,0.17476529,"{""0-1"": 0.009056448005139828, ""0-2"": 0.286510705947876, ""1-2"": 0.22872871160507202}"
3449,-0.02810892,"{""0-1"": 0.1467004269361496, ""0-2"": -0.025371011346578598, ""1-2"": -0.20565618574619293}"
3450,0.10383648,"{""0-1"": 0.25263461470603943, ""0-2"": -0.0058352649211883545, ""1-2"": 0.0647101029753685}"
3451,0.02473107,"{""0-1"": 0.015686163678765297, ""0-2"": 0.10172951966524124, ""1-2"": -0.043222472071647644}"
3452,0.48467598,"{""0-1"": 0.8786155581474304, ""0-2"": 0.31578075885772705, ""1-2"": 0.2596316337585449}"
3453,0.30837987,"{""0-1"": 0.9988666772842407, ""0-2"": -0.03580879420042038, ""1-2"": -0.037918273359537125}"
3454,0.01276962,"{""0-1"": 0.06511691957712173, ""0-2"": -0.05167025700211525, ""1-2"": 0.02486218884587288}"
3455,0.03810950,"{""0-1"": 0.03810949623584747}"
3456,0.99999815,"{""0-1"": 0.999998152256012}"
3457,1.00000012,"{""0-1"": 1.0000001192092896}"
3458,0.05621937,"{""0-1"": 0.05621936917304993}"
3459,-0.00030903,"{""0-1"": -0.010385476052761078, ""0-2"": -0.009901421144604683, ""1-2"": 0.01935979723930359}"
3460,1.00000000,"{""0-1"": 1.0}"
3461,0.00635556,"{""0-1"": 0.08116680383682251, ""0-2"": -0.09633340686559677, ""1-2"": 0.034233275800943375}"
3462,0.26307515,"{""0-1"": 0.14719440042972565, ""0-2"": 0.10967598855495453, ""1-2"": 0.5323550701141357}"
3463,0.00757606,"{""0-1"": 0.01850227825343609, ""0-2"": 0.003659032052382827, ""1-2"": 0.0005668681696988642}"
3464,0.12835181,"{""0-1"": -0.01664617843925953, ""0-2"": 0.014254426583647728, ""1-2"": 0.38744717836380005}"
3465,-0.09199470,"{""0-1"": -0.09199470281600952}"
3466,0.27231148,"{""0-1"": -0.0661051943898201, ""0-2"": 0.9238582849502563, ""1-2"": -0.04081865772604942}"
3467,0.08288945,"{""0-1"": 0.08288945257663727}"
3468,0.24894459,"{""0-1"": 0.5184693336486816, ""0-2"": 0.10570965707302094, ""1-2"": 0.12265477329492569}"
3469,0.01826908,"{""0-1"": 0.008339343592524529, ""0-2"": 0.00023088841408025473, ""1-2"": 0.04623700678348541}"
3470,0.01395290,"{""0-1"": 0.013952895067632198}"
3471,0.27310015,"{""0-1"": -0.07481633871793747, ""0-2"": -0.07554087042808533, ""1-2"": 0.9696576595306396}"
3472,-0.03480284,"{""0-1"": -0.034802839159965515}"
3473,0.07894017,"{""0-1"": 0.24367836117744446, ""0-2"": 0.0008221857133321464, ""1-2"": -0.0076800258830189705}"
3474,0.18755764,"{""0-1"": 0.2410622388124466, ""0-2"": 0.14021149277687073, ""1-2"": 0.1813991814851761}"
3475,0.18035209,"{""0-1"": -0.06727225333452225, ""0-2"": 0.12875065207481384, ""1-2"": 0.4795778691768646}"
3476,-0.00616503,"{""0-1"": -0.0002383583487244323, ""0-2"": 0.10701104253530502, ""1-2"": -0.12526777386665344}"
3477,0.02499972,"{""0-1"": 0.003791464725509286, ""0-2"": 0.021418873220682144, ""1-2"": 0.049788810312747955}"
3478,0.31160365,"{""0-1"": 0.41600167751312256, ""0-2"": 0.09679179638624191, ""1-2"": 0.42201748490333557}"
3479,0.01479081,"{""0-1"": 0.014790814369916916}"
3480,0.00000000,{}
3481,0.34315655,"{""0-1"": 0.07944342494010925, ""0-2"": 0.050719454884529114, ""1-2"": 0.8993067741394043}"
3482,-0.04897837,"{""0-1"": -0.040087003260850906, ""0-2"": -0.07256849855184555, ""1-2"": -0.03427961468696594}"
3483,0.02244428,"{""0-1"": -0.11541352421045303, ""0-2"": -0.0496370755136013, ""1-2"": 0.23238344490528107}"
3484,0.05629023,"{""0-1"": 0.05629022791981697}"
3485,0.06731228,"{""0-1"": 0.25046226382255554, ""0-2"": -0.09199339151382446, ""1-2"": 0.04346797615289688}"
3486,-0.03587310,"{""0-1"": -0.10700462758541107, ""0-2"": -0.035645853728055954, ""1-2"": 0.03503118455410004}"
3487,0.06679898,"{""0-1"": 0.02996271848678589, ""0-2"": 0.22860880196094513, ""1-2"": -0.05817457661032677}"
3488,0.22661925,"{""0-1"": -0.07978519797325134, ""0-2"": -0.061147045344114304, ""1-2"": 0.8207899928092957}"
3489,0.99999756,"{""0-1"": 0.9999975562095642}"
3490,0.00534158,"{""0-1"": 0.025674987584352493, ""0-2"": 0.007805412635207176, ""1-2"": -0.01745566725730896}"
3491,0.27140999,"{""0-1"": -0.017183275893330574, ""0-2"": -0.03730408102273941, ""1-2"": 0.8687173128128052}"
3492,0.04624805,"{""0-1"": 0.03238963708281517, ""0-2"": 0.09097465127706528, ""1-2"": 0.015379875898361206}"
3493,0.00473949,"{""0-1"": 0.024552706629037857, ""0-2"": -0.0013202426489442587, ""1-2"": -0.009013991802930832}"
3494,0.99440581,"{""0-1"": 0.9944058060646057}"
3495,0.03967784,"{""0-1"": 0.12456273287534714, ""0-2"": 0.007718561217188835, ""1-2"": -0.013247787952423096}"
3496,0.16057871,"{""0-1"": 0.2682044208049774, ""0-2"": 0.17944402992725372, ""1-2"": 0.03408767655491829}"
3497,-0.00745259,"{""0-1"": -0.054429974406957626, ""0-2"": -0.027688171714544296, ""1-2"": 0.059760380536317825}"
3498,-0.02657864,"{""0-1"": -0.05750489607453346, ""0-2"": 0.0015590748516842723, ""1-2"": -0.023790093138813972}"
3499,-0.03924930,"{""0-1"": -0.013822415843605995, ""0-2"": -0.007532695773988962, ""1-2"": -0.09639278799295425}"
3500,0.30116765,"{""0-1"": 0.06593477725982666, ""0-2"": 0.015821104869246483, ""1-2"": 0.8217470645904541}"
3501,0.34898144,"{""0-1"": 0.34898144006729126}"
3502,0.17314610,"{""0-1"": 0.09387388080358505, ""0-2"": 0.37852907180786133, ""1-2"": 0.047035351395606995}"
3503,-0.04012853,"{""0-1"": -0.04012852534651756}"
3504,0.25479632,"{""0-1"": -0.034578241407871246, ""0-2"": -0.08011840283870697, ""1-2"": 0.8790856003761292}"
3505,-0.00836200,"{""0-1"": -0.037825681269168854, ""0-2"": 0.00879662949591875, ""1-2"": 0.003943047486245632}"
3506,0.03059667,"{""0-1"": 0.030596673488616943}"
3507,0.98865843,"{""0-1"": 0.9886584281921387}"
3508,0.00433702,"{""0-1"": 0.04298073798418045, ""0-2"": 0.012929663062095642, ""1-2"": -0.04289934039115906}"
3509,-0.02486648,"{""0-1"": -0.05308205261826515, ""0-2"": -0.05574866384267807, ""1-2"": 0.034231264144182205}"
3510,0.07489891,"{""0-1"": 0.04011369124054909, ""0-2"": 0.017732664942741394, ""1-2"": 0.16685037314891815}"
3511,0.99239707,"{""0-1"": 0.9923970699310303}"
3512,0.01959132,"{""0-1"": -0.028655637055635452, ""0-2"": 0.07553215324878693, ""1-2"": 0.011897428892552853}"
3513,0.21042627,"{""0-1"": 0.03469518572092056, ""0-2"": -0.04738221317529678, ""1-2"": 0.6439658403396606}"
3514,-0.02281709,"{""0-1"": 0.02984602004289627, ""0-2"": -0.08466832339763641, ""1-2"": -0.013628962449729443}"
3515,0.00000000,{}
3516,0.00000000,{}
3517,-0.01273906,"{""0-1"": -0.055360447615385056, ""0-2"": 0.004049376584589481, ""1-2"": 0.013093896210193634}"
3518,0.06731228,"{""0-1"": 0.25046226382255554, ""0-2"": -0.09199339151382446, ""1-2"": 0.04346797615289688}"
3519,0.01271723,"{""0-1"": -0.05528789386153221, ""0-2"": 0.00025987072149291635, ""1-2"": 0.09317971020936966}"
3520,-0.02862637,"{""0-1"": -0.07528399676084518, ""0-2"": 0.004968401975929737, ""1-2"": -0.015563508495688438}"
3521,0.02946383,"{""0-1"": -0.004545844160020351, ""0-2"": 0.17090187966823578, ""1-2"": -0.07796454429626465}"
3522,-0.03348680,"{""0-1"": 0.11694145947694778, ""0-2"": -0.13622505962848663, ""1-2"": -0.08117679506540298}"
3523,0.01826908,"{""0-1"": 0.008339343592524529, ""0-2"": 0.00023088841408025473, ""1-2"": 0.04623700678348541}"
3524,0.23800387,"{""0-1"": -0.024756673723459244, ""0-2"": -0.04146550968289375, ""1-2"": 0.7802338004112244}"
3525,-0.02237005,"{""0-1"": -0.022370051592588425}"
3526,-0.04653354,"{""0-1"": -0.04453105106949806, ""0-2"": -0.035633914172649384, ""1-2"": -0.059435658156871796}"
3527,0.08362703,"{""0-1"": 0.08362703025341034}"
3528,0.14488798,"{""0-1"": 0.290958970785141, ""0-2"": 0.09327194094657898, ""1-2"": 0.05043303593993187}"
3529,0.06050720,"{""0-1"": 0.21736206114292145, ""0-2"": -0.03314778581261635, ""1-2"": -0.0026926668360829353}"
3530,0.02333423,"{""0-1"": 0.015720747411251068, ""0-2"": 0.06437908858060837, ""1-2"": -0.010097152553498745}"
3531,1.00000000,"{""0-1"": 1.0}"
3532,0.02130197,"{""0-1"": 0.02130197361111641}"
3533,0.19851920,"{""0-1"": 0.19851920008659363}"
3534,0.00000000,{}
3535,0.99999970,"{""0-1"": 0.9999997019767761}"
3536,0.00000000,{}
3537,0.50423893,"{""0-1"": 0.9820528030395508, ""0-2"": 0.24554479122161865, ""1-2"": 0.2851192057132721}"
3538,0.00519385,"{""0-1"": -0.03700726479291916, ""0-2"": -0.027153458446264267, ""1-2"": 0.07974228262901306}"
3539,0.19709485,"{""0-1"": 0.09109467267990112, ""0-2"": 0.019270220771431923, ""1-2"": 0.48091965913772583}"
3540,-0.00917430,"{""0-1"": -0.029048874974250793, ""0-2"": -0.019521739333868027, ""1-2"": 0.02104770764708519}"
3541,0.22239551,"{""0-1"": 0.22239550948143005}"
3542,0.31574651,"{""0-1"": 0.14294837415218353, ""0-2"": 0.11402491480112076, ""1-2"": 0.6902662515640259}"
3543,-0.02394582,"{""0-1"": 0.019999630749225616, ""0-2"": -0.002213425235822797, ""1-2"": -0.08962365984916687}"
3544,0.11922698,"{""0-1"": 0.03274667635560036, ""0-2"": 0.235731840133667, ""1-2"": 0.08920242637395859}"
3545,0.17476529,"{""0-1"": 0.009056448005139828, ""0-2"": 0.286510705947876, ""1-2"": 0.22872871160507202}"
3546,0.23605179,"{""0-1"": 0.6277979016304016, ""0-2"": 0.10081731528043747, ""1-2"": -0.020459860563278198}"
3547,0.07235487,"{""0-1"": 0.15108232200145721, ""0-2"": 0.048049259930849075, ""1-2"": 0.017933020368218422}"
3548,-0.00459457,"{""0-1"": 0.04790821671485901, ""0-2"": -0.039134543389081955, ""1-2"": -0.022557387128472328}"
3549,0.11300145,"{""0-1"": -0.045144692063331604, ""0-2"": -0.022334614768624306, ""1-2"": 0.40648365020751953}"
3550,0.26673108,"{""0-1"": 0.2667310833930969}"
3551,0.00000000,{}
3552,-0.04248902,"{""0-1"": -0.04044947400689125, ""0-2"": -0.178477942943573, ""1-2"": 0.09146035462617874}"
3553,0.00000000,{}
3554,0.08536747,"{""0-1"": 0.03083072602748871, ""0-2"": 0.28914692997932434, ""1-2"": -0.06387525051832199}"
3555,0.99384141,"{""0-1"": 0.9938414096832275}"
3556,0.00855590,"{""0-1"": 0.0379888080060482, ""0-2"": -0.02167714759707451, ""1-2"": 0.009356052614748478}"
3557,-0.00935838,"{""0-1"": -0.027857450768351555, ""0-2"": 0.054617829620838165, ""1-2"": -0.05483552813529968}"
3558,-0.02579966,"{""0-1"": -0.025799661874771118}"
3559,0.56414115,"{""0-1"": 0.5641411542892456}"
3560,0.04637258,"{""0-1"": 0.013558272272348404, ""0-2"": -0.13567762076854706, ""1-2"": 0.26123708486557007}"
3561,0.03116406,"{""0-1"": -0.03416179493069649, ""0-2"": 0.18415379524230957, ""1-2"": -0.05649981275200844}"
3562,0.07705758,"{""0-1"": -0.05515464395284653, ""0-2"": 0.0032334262505173683, ""1-2"": 0.28309395909309387}"
3563,0.01077613,"{""0-1"": -0.0024212088901549578, ""0-2"": -0.01034602988511324, ""1-2"": 0.04509562626481056}"
3564,0.09990543,"{""0-1"": 0.09990543127059937}"
3565,0.48467598,"{""0-1"": 0.8786155581474304, ""0-2"": 0.31578075885772705, ""1-2"": 0.2596316337585449}"
3566,0.12695300,"{""0-1"": -0.07838141173124313, ""0-2"": 0.02239370159804821, ""1-2"": 0.43684670329093933}"
3567,0.23609333,"{""0-1"": 0.13547459244728088, ""0-2"": 0.47364357113838196, ""1-2"": 0.09916183352470398}"
3568,0.01509016,"{""0-1"": 0.0032239200081676245, ""0-2"": -0.005506556015461683, ""1-2"": 0.04755310341715813}"
3569,0.02213313,"{""0-1"": -0.0659034326672554, ""0-2"": -0.020310483872890472, ""1-2"": 0.1526133120059967}"
3570,-0.00650047,"{""0-1"": -0.07762252539396286, ""0-2"": 0.04557722061872482, ""1-2"": 0.012543904595077038}"
3571,0.32052496,"{""0-1"": 0.3205249607563019}"
3572,0.93906856,"{""0-1"": 0.9390685558319092}"
3573,-0.04558862,"{""0-1"": -0.045588620007038116}"
3574,-0.00623711,"{""0-1"": -0.1124824583530426, ""0-2"": 0.04678095132112503, ""1-2"": 0.04699017480015755}"
3575,-0.02525366,"{""0-1"": -0.1315097063779831, ""0-2"": 0.019325517117977142, ""1-2"": 0.036423198878765106}"
3576,0.21569974,"{""0-1"": 0.16846221685409546, ""0-2"": 0.46118730306625366, ""1-2"": 0.017449691891670227}"
3577,0.20841283,"{""0-1"": 0.20841282606124878}"
3578,0.46019259,"{""0-1"": 0.46019259095191956}"
3579,0.03950142,"{""0-1"": 0.17256943881511688, ""0-2"": 0.0023523771669715643, ""1-2"": -0.0564175508916378}"
3580,0.21774000,"{""0-1"": -0.016017599031329155, ""0-2"": -0.037371765822172165, ""1-2"": 0.7066093683242798}"
3581,0.36336719,"{""0-1"": 0.8467774391174316, ""0-2"": 0.10541152209043503, ""1-2"": 0.13791261613368988}"
3582,0.42298272,"{""0-1"": 0.42298272252082825}"
3583,0.08571461,"{""0-1"": 0.08571460843086243}"
3584,0.99999756,"{""0-1"": 0.9999975562095642}"
3585,0.00211304,"{""0-1"": -0.10429434478282928, ""0-2"": -0.009902827441692352, ""1-2"": 0.12053630501031876}"
3586,0.01613070,"{""0-1"": 0.04731438308954239, ""0-2"": -0.0005363902891986072, ""1-2"": 0.0016141150845214725}"
3587,0.99535501,"{""0-1"": 0.9953550100326538}"
3588,0.47836536,"{""0-1"": 0.47836536169052124}"
3589,0.00000000,{}
3590,-0.03420914,"{""0-1"": -0.10794322937726974, ""0-2"": 0.044355519115924835, ""1-2"": -0.03903970494866371}"
3591,0.06939599,"{""0-1"": 0.23189327120780945, ""0-2"": -0.0018082703463733196, ""1-2"": -0.021897025406360626}"
3592,0.08110666,"{""0-1"": 0.08110666275024414}"
3593,0.00000000,{}
3594,-0.02972320,"{""0-1"": 0.022727448493242264, ""0-2"": -0.005123738665133715, ""1-2"": -0.10677330940961838}"
3595,-0.00242755,"{""0-1"": -0.0024275456089526415}"
3596,0.10470302,"{""0-1"": 0.0490296371281147, ""0-2"": 0.19499628245830536, ""1-2"": 0.0700831264257431}"
3597,0.02790298,"{""0-1"": 0.02790297567844391}"
3598,0.03388558,"{""0-1"": 0.11331058293581009, ""0-2"": -0.011484832502901554, ""1-2"": -0.00016899550973903388}"
3599,0.01714333,"{""0-1"": 0.052420079708099365, ""0-2"": 0.05240584909915924, ""1-2"": -0.05339593440294266}"
3600,0.05134467,"{""0-1"": 0.14308878779411316, ""0-2"": 0.009000198915600777, ""1-2"": 0.001945033553056419}"
3601,-0.01935346,"{""0-1"": -0.03253922984004021, ""0-2"": 0.02443969063460827, ""1-2"": -0.04996082931756973}"
3602,0.04955228,"{""0-1"": 0.049552276730537415}"
3603,-0.02401499,"{""0-1"": -0.01089607086032629, ""0-2"": -0.01607074961066246, ""1-2"": -0.04507813602685928}"
3604,-0.13572628,"{""0-1"": -0.044664252549409866, ""0-2"": -0.029317691922187805, ""1-2"": -0.3331969082355499}"
3605,0.01860790,"{""0-1"": -0.024632727727293968, ""0-2"": -0.013079226948320866, ""1-2"": 0.0935356616973877}"
3606,-0.00312466,"{""0-1"": 0.07926277816295624, ""0-2"": 0.01413730252534151, ""1-2"": -0.10277406126260757}"
3607,-0.07389486,"{""0-1"": -0.15325325727462769, ""0-2"": -0.1413121223449707, ""1-2"": 0.0728808045387268}"
3608,-0.03919730,"{""0-1"": -0.03919730335474014}"
3609,0.16057871,"{""0-1"": 0.2682044208049774, ""0-2"": 0.17944402992725372, ""1-2"": 0.03408767655491829}"
3610,-0.03420914,"{""0-1"": -0.10794322937726974, ""0-2"": 0.044355519115924835, ""1-2"": -0.03903970494866371}"
3611,0.00000000,{}
3612,-0.01801041,"{""0-1"": -0.020405186340212822, ""0-2"": -0.026821032166481018, ""1-2"": -0.006805001758038998}"
3613,-0.00595484,"{""0-1"": 0.011902843602001667, ""0-2"": -0.024289017543196678, ""1-2"": -0.005478347651660442}"
3614,0.06789835,"{""0-1"": 0.05575193837285042, ""0-2"": 0.11888283491134644, ""1-2"": 0.02906029112637043}"
3615,0.02040361,"{""0-1"": -0.04304095730185509, ""0-2"": -0.021631833165884018, ""1-2"": 0.12588362395763397}"
3616,0.33629611,"{""0-1"": 0.9912722110748291, ""0-2"": 0.016364235430955887, ""1-2"": 0.0012518855510279536}"
3617,-0.00713905,"{""0-1"": -0.007139049936085939}"
3618,0.00000000,{}
3619,0.00000000,{}
3620,-0.03295850,"{""0-1"": -0.018874257802963257, ""0-2"": -0.023549575358629227, ""1-2"": -0.05645167827606201}"
3621,0.07791021,"{""0-1"": 0.07791021466255188}"
3622,-0.02627910,"{""0-1"": -0.015463785268366337, ""0-2"": -0.06858716160058975, ""1-2"": 0.005213646683841944}"
3623,0.02860499,"{""0-1"": -0.01016996894031763, ""0-2"": 0.14555729925632477, ""1-2"": -0.049572352319955826}"
3624,-0.03681303,"{""0-1"": -0.12371151894330978, ""0-2"": -0.049914635717868805, ""1-2"": 0.06318706274032593}"
3625,0.01952374,"{""0-1"": 0.02436116896569729, ""0-2"": 0.01642826944589615, ""1-2"": 0.01778179593384266}"
3626,0.05629023,"{""0-1"": 0.05629022791981697}"
3627,0.99999863,"{""0-1"": 0.9999986290931702}"
3628,0.00783673,"{""0-1"": 0.08717410266399384, ""0-2"": -0.026614343747496605, ""1-2"": -0.03704957291483879}"
3629,0.06180542,"{""0-1"": 0.12660284340381622, ""0-2"": -0.03239937871694565, ""1-2"": 0.09121280163526535}"
3630,0.62149878,"{""0-1"": 0.738563060760498, ""0-2"": 0.5953077673912048, ""1-2"": 0.5306255221366882}"
3631,-0.04665342,"{""0-1"": -0.06266794353723526, ""0-2"": -0.026475530117750168, ""1-2"": -0.05081680044531822}"
3632,-0.01894756,"{""0-1"": -0.06655784696340561, ""0-2"": 0.00668575894087553, ""1-2"": 0.0030293946620076895}"
3633,0.00000000,{}
3634,0.00000000,{}
3635,-0.02144276,"{""0-1"": -0.029853031039237976, ""0-2"": -0.06988025456666946, ""1-2"": 0.035405002534389496}"
3636,-0.04317669,"{""0-1"": -0.03165343776345253, ""0-2"": -0.06831135600805283, ""1-2"": -0.029565265402197838}"
3637,0.07217844,"{""0-1"": 0.0670439675450325, ""0-2"": 0.11751199513673782, ""1-2"": 0.03197936341166496}"
3638,0.00000000,{}
3639,0.99999863,"{""0-1"": 0.9999986290931702}"
3640,0.00534158,"{""0-1"": 0.025674987584352493, ""0-2"": 0.007805412635207176, ""1-2"": -0.01745566725730896}"
3641,-0.02862637,"{""0-1"": -0.07528399676084518, ""0-2"": 0.004968401975929737, ""1-2"": -0.015563508495688438}"
3642,0.08360136,"{""0-1"": 0.025741633027791977, ""0-2"": 0.040190234780311584, ""1-2"": 0.18487221002578735}"
3643,0.34683752,"{""0-1"": 0.34683752059936523}"
3644,-0.04032032,"{""0-1"": -0.03585108369588852, ""0-2"": 0.008852518163621426, ""1-2"": -0.09396239370107651}"
3645,-0.05059437,"{""0-1"": -0.017296912148594856, ""0-2"": -0.028774617239832878, ""1-2"": -0.10571157187223434}"
3646,0.06097156,"{""0-1"": 0.18279604613780975, ""0-2"": 0.03543698415160179, ""1-2"": -0.03531834855675697}"
3647,0.00000000,{}
3648,0.00806858,"{""0-1"": 0.01974167302250862, ""0-2"": 0.03616990149021149, ""1-2"": -0.031705837696790695}"
3649,0.04618827,"{""0-1"": 0.08587954938411713, ""0-2"": 0.07491517812013626, ""1-2"": -0.022229904308915138}"
3650,-0.04509027,"{""0-1"": -0.13994444906711578, ""0-2"": -0.05615463852882385, ""1-2"": 0.060828279703855515}"
3651,0.99999815,"{""0-1"": 0.999998152256012}"
3652,0.01826908,"{""0-1"": 0.008339343592524529, ""0-2"": 0.00023088841408025473, ""1-2"": 0.04623700678348541}"
3653,-0.06149693,"{""0-1"": -0.17177051305770874, ""0-2"": -0.06938387453556061, ""1-2"": 0.05666358768939972}"
3654,0.03815958,"{""0-1"": 0.002199435606598854, ""0-2"": 0.04284682869911194, ""1-2"": 0.06943248957395554}"
3655,0.02846615,"{""0-1"": -0.13078148663043976, ""0-2"": 0.04700682684779167, ""1-2"": 0.16917310655117035}"
3656,0.21712604,"{""0-1"": 0.2171260416507721}"
3657,0.43635216,"{""0-1"": 0.4363521635532379}"
3658,0.01107634,"{""0-1"": -0.05889786779880524, ""0-2"": 0.10568828135728836, ""1-2"": -0.013561401516199112}"
3659,0.28755984,"{""0-1"": 0.28755983710289}"
3660,-0.06310578,"{""0-1"": -0.06310578435659409}"
3661,0.30685733,"{""0-1"": 0.9986452460289001, ""0-2"": -0.03697402775287628, ""1-2"": -0.04109921678900719}"
3662,-0.04423846,"{""0-1"": -0.06045166403055191, ""0-2"": -0.02790374681353569, ""1-2"": -0.0443599671125412}"
3663,-0.01558556,"{""0-1"": -0.00991712138056755, ""0-2"": -0.050569936633110046, ""1-2"": 0.013730376958847046}"
3664,-0.04653354,"{""0-1"": -0.04453105106949806, ""0-2"": -0.035633914172649384, ""1-2"": -0.059435658156871796}"
3665,0.03967784,"{""0-1"": 0.12456273287534714, ""0-2"": 0.007718561217188835, ""1-2"": -0.013247787952423096}"
3666,0.06702898,"{""0-1"": 0.30728062987327576, ""0-2"": -0.04338587075471878, ""1-2"": -0.06280780583620071}"
3667,0.12818618,"{""0-1"": 0.03938383236527443, ""0-2"": -0.06013647839426994, ""1-2"": 0.4053111970424652}"
3668,0.99999756,"{""0-1"": 0.9999975562095642}"
3669,-0.07348794,"{""0-1"": -0.09459745138883591, ""0-2"": -0.08613856881856918, ""1-2"": -0.03972778841853142}"
3670,0.05629023,"{""0-1"": 0.05629022791981697}"
3671,-0.07983762,"{""0-1"": -0.0798376202583313}"
3672,0.26690986,"{""0-1"": 0.4606209099292755, ""0-2"": 0.1629609912633896, ""1-2"": 0.17714768648147583}"
3673,0.06274965,"{""0-1"": 0.07135288417339325, ""0-2"": 0.040688496083021164, ""1-2"": 0.07620756328105927}"
3674,-0.02586513,"{""0-1"": -0.015289858914911747, ""0-2"": -0.029256848618388176, ""1-2"": -0.03304869309067726}"
3675,0.01753937,"{""0-1"": -0.058816827833652496, ""0-2"": 0.06529641151428223, ""1-2"": 0.04613853991031647}"
3676,0.00000000,{}
3677,0.08198184,"{""0-1"": 0.004935866687446833, ""0-2"": 0.14124761521816254, ""1-2"": 0.09976205229759216}"
3678,0.99999982,"{""0-1"": 0.9999998211860657}"
3679,-0.03480284,"{""0-1"": -0.034802839159965515}"
3680,0.01353433,"{""0-1"": 0.000947501917835325, ""0-2"": 0.009201019071042538, ""1-2"": 0.03045448288321495}"
3681,-0.04635689,"{""0-1"": -0.0036501390859484673, ""0-2"": -0.16078011691570282, ""1-2"": 0.02535957843065262}"
3682,-0.07511827,"{""0-1"": -0.07024233043193817, ""0-2"": -0.14982660114765167, ""1-2"": -0.005285884253680706}"
3683,0.09521710,"{""0-1"": 0.06916259229183197, ""0-2"": 0.021792985498905182, ""1-2"": 0.19469572603702545}"
3684,-0.02862637,"{""0-1"": -0.07528399676084518, ""0-2"": 0.004968401975929737, ""1-2"": -0.015563508495688438}"
3685,0.19185464,"{""0-1"": -0.00603141775354743, ""0-2"": 0.5357851982116699, ""1-2"": 0.045810140669345856}"
3686,0.40246981,"{""0-1"": 0.40246981382369995}"
3687,0.20882755,"{""0-1"": 0.7760443687438965, ""0-2"": -0.05652601271867752, ""1-2"": -0.09303569793701172}"
3688,-0.03289238,"{""0-1"": 0.032443925738334656, ""0-2"": -0.03851579502224922, ""1-2"": -0.09260528534650803}"
3689,0.99501544,"{""0-1"": 0.9950154423713684}"
3690,0.57327271,"{""0-1"": 0.573272705078125}"
3691,0.00534158,"{""0-1"": 0.025674987584352493, ""0-2"": 0.007805412635207176, ""1-2"": -0.01745566725730896}"
3692,0.40857753,"{""0-1"": 0.4085775315761566}"
3693,0.00000000,{}
3694,0.02841666,"{""0-1"": 0.050854820758104324, ""0-2"": 0.08153446763753891, ""1-2"": -0.047139301896095276}"
3695,0.80593926,"{""0-1"": 0.8481214642524719, ""0-2"": 0.7761555910110474, ""1-2"": 0.7935407161712646}"
3696,0.94217265,"{""0-1"": 0.942172646522522}"
3697,0.09342613,"{""0-1"": 0.016074202954769135, ""0-2"": -0.016768338158726692, ""1-2"": 0.28097251057624817}"
3698,0.07850346,"{""0-1"": -0.025674784556031227, ""0-2"": 0.11062357574701309, ""1-2"": 0.15056158602237701}"
3699,-0.04653354,"{""0-1"": -0.04453105106949806, ""0-2"": -0.035633914172649384, ""1-2"": -0.059435658156871796}"
3700,0.00050034,"{""0-1"": 0.0005003438564017415}"
3701,-0.08788984,"{""0-1"": -0.08788983523845673}"
3702,0.02871555,"{""0-1"": 0.12849456071853638, ""0-2"": -0.0015421034768223763, ""1-2"": -0.04080580547451973}"
3703,0.89654446,"{""0-1"": 0.8965444564819336}"
3704,0.99971455,"{""0-1"": 0.9997145533561707}"
3705,0.41507182,"{""0-1"": 0.9446250796318054, ""0-2"": 0.12086406350135803, ""1-2"": 0.17972631752490997}"
3706,0.00000000,{}
3707,-0.01504154,"{""0-1"": -0.007206918206065893, ""0-2"": -0.05418010801076889, ""1-2"": 0.016262393444776535}"
3708,0.30046115,"{""0-1"": -0.01221676729619503, ""0-2"": -0.04710083827376366, ""1-2"": 0.960701048374176}"
3709,0.01495900,"{""0-1"": 0.006789706647396088, ""0-2"": 0.08725731074810028, ""1-2"": -0.04917001724243164}"
3710,0.04248562,"{""0-1"": 0.03289785981178284, ""0-2"": -0.050681084394454956, ""1-2"": 0.14524009823799133}"
3711,0.09551599,"{""0-1"": 0.08408328890800476, ""0-2"": 0.11471477895975113, ""1-2"": 0.0877499133348465}"
3712,0.03287869,"{""0-1"": 0.1281244456768036, ""0-2"": -0.025982137769460678, ""1-2"": -0.003506242763251066}"
3713,0.55667710,"{""0-1"": 0.5566771030426025}"
3714,0.17563598,"{""0-1"": 0.17563597857952118}"
3715,0.00000000,{}
3716,-0.02083404,"{""0-1"": -0.16262498497962952, ""0-2"": 0.04853832721710205, ""1-2"": 0.05158453434705734}"
3717,0.00563979,"{""0-1"": 0.021734001114964485, ""0-2"": -0.002181521151214838, ""1-2"": -0.002633102471008897}"
3718,0.00524859,"{""0-1"": 0.03435853496193886, ""0-2"": -0.021054716780781746, ""1-2"": 0.002441943157464266}"
3719,0.00000000,{}
3720,0.29973730,"{""0-1"": 0.051891081035137177, ""0-2"": 0.6722464561462402, ""1-2"": 0.17507436871528625}"
3721,0.01230452,"{""0-1"": 0.012304519303143024}"
3722,0.31640439,"{""0-1"": 0.05589639022946358, ""0-2"": 0.8197485208511353, ""1-2"": 0.07356824725866318}"
3723,-0.03856967,"{""0-1"": -0.10359024256467819, ""0-2"": -0.03781244158744812, ""1-2"": 0.025693688541650772}"
3724,-0.00390060,"{""0-1"": -0.0034213426988571882, ""0-2"": -0.038505300879478455, ""1-2"": 0.03022485040128231}"
3725,0.12496836,"{""0-1"": 0.2813315987586975, ""0-2"": 0.07054542005062103, ""1-2"": 0.023028071969747543}"
3726,-0.05343508,"{""0-1"": -0.0023953064810484648, ""0-2"": -0.28748100996017456, ""1-2"": 0.1295710802078247}"
3727,-0.00782817,"{""0-1"": 0.037139274179935455, ""0-2"": 0.05057300254702568, ""1-2"": -0.11119677871465683}"
3728,0.55667710,"{""0-1"": 0.5566771030426025}"
3729,0.02256950,"{""0-1"": 0.09382220357656479, ""0-2"": -0.008053514175117016, ""1-2"": -0.018060186877846718}"
3730,0.30612464,"{""0-1"": 0.9986584186553955, ""0-2"": -0.04005962982773781, ""1-2"": -0.040224868804216385}"
3731,0.15590024,"{""0-1"": 0.01743236742913723, ""0-2"": -0.03771650046110153, ""1-2"": 0.48798486590385437}"
3732,0.02570304,"{""0-1"": 0.01753981225192547, ""0-2"": 0.0005687667871825397, ""1-2"": 0.05900053679943085}"
3733,0.01176731,"{""0-1"": -0.00251540495082736, ""0-2"": 0.02704765647649765, ""1-2"": 0.010769689455628395}"
3734,-0.00538298,"{""0-1"": -0.09918875247240067, ""0-2"": -0.0020201534498482943, ""1-2"": 0.08505995571613312}"
3735,0.20885567,"{""0-1"": 0.20885567367076874}"
3736,0.11519450,"{""0-1"": 0.11519449949264526}"
3737,0.07262170,"{""0-1"": -0.07895053178071976, ""0-2"": 0.008740956895053387, ""1-2"": 0.28807467222213745}"
3738,0.01271723,"{""0-1"": -0.05528789386153221, ""0-2"": 0.00025987072149291635, ""1-2"": 0.09317971020936966}"
3739,0.11545887,"{""0-1"": 0.032886531203985214, ""0-2"": 0.3280531167984009, ""1-2"": -0.01456302497535944}"
3740,0.30612464,"{""0-1"": 0.9986584186553955, ""0-2"": -0.04005962982773781, ""1-2"": -0.040224868804216385}"
3741,-0.03215945,"{""0-1"": 0.04458453506231308, ""0-2"": -0.14386790990829468, ""1-2"": 0.0028050383552908897}"
3742,0.00000000,{}
3743,0.18239778,"{""0-1"": 0.07019580900669098, ""0-2"": 0.08702009171247482, ""1-2"": 0.38997742533683777}"
3744,0.30889454,"{""0-1"": 0.9986720085144043, ""0-2"": -0.035288065671920776, ""1-2"": -0.036700326949357986}"
3745,-0.02361786,"{""0-1"": -0.023617861792445183}"
3746,0.08627188,"{""0-1"": -0.02928667701780796, ""0-2"": 0.1837160289287567, ""1-2"": 0.10438628494739532}"
3747,0.37718090,"{""0-1"": 0.37718090415000916}"
3748,0.30685733,"{""0-1"": 0.9986452460289001, ""0-2"": -0.03697402775287628, ""1-2"": -0.04109921678900719}"
3749,0.26293803,"{""0-1"": 0.7488955855369568, ""0-2"": 0.003207343863323331, ""1-2"": 0.03671117126941681}"
3750,0.02499972,"{""0-1"": 0.003791464725509286, ""0-2"": 0.021418873220682144, ""1-2"": 0.049788810312747955}"
3751,0.04975779,"{""0-1"": 0.054815515875816345, ""0-2"": 0.07542320340871811, ""1-2"": 0.01903466135263443}"
3752,0.04145823,"{""0-1"": 0.13490481674671173, ""0-2"": 0.041730016469955444, ""1-2"": -0.0522601343691349}"
3753,0.03685798,"{""0-1"": 0.03685798496007919}"
3754,0.21819654,"{""0-1"": -0.007657816633582115, ""0-2"": -0.049335770308971405, ""1-2"": 0.7115831971168518}"
3755,-0.00352917,"{""0-1"": -0.04654187709093094, ""0-2"": -0.0189798716455698, ""1-2"": 0.05493422597646713}"
3756,0.44945853,"{""0-1"": 0.9965492486953735, ""0-2"": 0.1385309100151062, ""1-2"": 0.21329542994499207}"
3757,0.50695866,"{""0-1"": 0.5069586634635925}"
3758,-0.03717058,"{""0-1"": -0.03717057779431343}"
3759,0.06539580,"{""0-1"": 0.06539580225944519}"
3760,0.00000000,{}
3761,0.00563076,"{""0-1"": -0.08707337081432343, ""0-2"": -0.0022626956924796104, ""1-2"": 0.10622835904359818}"
3762,0.14940178,"{""0-1"": 0.3148430585861206, ""0-2"": 0.05524718016386032, ""1-2"": 0.07811511307954788}"
3763,0.00506686,"{""0-1"": 0.10423213243484497, ""0-2"": -0.005011826753616333, ""1-2"": -0.0840197205543518}"
3764,0.12403366,"{""0-1"": 0.23541463911533356, ""0-2"": 0.19153931736946106, ""1-2"": -0.054852984845638275}"
3765,0.03014012,"{""0-1"": 0.14485807716846466, ""0-2"": -0.04315045103430748, ""1-2"": -0.011287271976470947}"
3766,0.09532522,"{""0-1"": 0.050591301172971725, ""0-2"": 0.1899205595254898, ""1-2"": 0.045463789254426956}"
3767,0.01043566,"{""0-1"": 0.08432900905609131, ""0-2"": -0.036895133554935455, ""1-2"": -0.016126908361911774}"
3768,-0.02862637,"{""0-1"": -0.07528399676084518, ""0-2"": 0.004968401975929737, ""1-2"": -0.015563508495688438}"
3769,0.18531776,"{""0-1"": 0.5162261724472046, ""0-2"": 0.026185911148786545, ""1-2"": 0.013541199266910553}"
3770,0.01276765,"{""0-1"": 0.0037202630192041397, ""0-2"": 0.03454434871673584, ""1-2"": 3.832326547126286e-05}"
3771,0.09779003,"{""0-1"": -0.10163988173007965, ""0-2"": -0.025802146643400192, ""1-2"": 0.42081212997436523}"
3772,0.22687216,"{""0-1"": 0.1194525808095932, ""0-2"": 0.46868884563446045, ""1-2"": 0.0924750491976738}"
3773,-0.00449456,"{""0-1"": -0.004494562745094299}"
3774,0.72608161,"{""0-1"": 0.7260816097259521}"
3775,-0.03469159,"{""0-1"": -0.03469158709049225}"
3776,-0.02863709,"{""0-1"": 0.02779519371688366, ""0-2"": -0.055969495326280594, ""1-2"": -0.05773697793483734}"
3777,-0.00364982,"{""0-1"": -0.0036498194094747305}"
3778,-0.05881524,"{""0-1"": 0.07260532677173615, ""0-2"": -0.05434485897421837, ""1-2"": -0.19470618665218353}"
3779,0.17679512,"{""0-1"": 0.07261022925376892, ""0-2"": 0.3741528391838074, ""1-2"": 0.08362229913473129}"
3780,0.08251194,"{""0-1"": 0.26288193464279175, ""0-2"": 0.05692223832011223, ""1-2"": -0.07226835191249847}"
3781,0.93021089,"{""0-1"": 0.9302108883857727}"
3782,0.00807681,"{""0-1"": 0.008076811209321022}"
3783,0.05425053,"{""0-1"": 0.01632520742714405, ""0-2"": 0.1757529228925705, ""1-2"": -0.029326550662517548}"
3784,0.08686804,"{""0-1"": 0.1078752651810646, ""0-2"": -0.003921566531062126, ""1-2"": 0.15665042400360107}"
3785,-0.00996443,"{""0-1"": -0.05114416778087616, ""0-2"": -0.010308124125003815, ""1-2"": 0.031559016555547714}"
3786,-0.00226541,"{""0-1"": -0.019545460119843483, ""0-2"": -0.03951135277748108, ""1-2"": 0.05226057767868042}"
3787,-0.03040742,"{""0-1"": 0.02321399375796318, ""0-2"": -0.12633417546749115, ""1-2"": 0.011897907592356205}"
3788,0.05940343,"{""0-1"": 0.07474026083946228, ""0-2"": 0.01599259115755558, ""1-2"": 0.0874774381518364}"
3789,-0.04601532,"{""0-1"": 0.03124636597931385, ""0-2"": -0.11645759642124176, ""1-2"": -0.05283472687005997}"
3790,0.00881595,"{""0-1"": -0.0015220470959320664, ""0-2"": 0.042596664279699326, ""1-2"": -0.014626769348978996}"
3791,-0.04998585,"{""0-1"": 0.10236896574497223, ""0-2"": -0.1740541011095047, ""1-2"": -0.07827241718769073}"
3792,0.00296450,"{""0-1"": 0.0029644968453794718}"
3793,0.01489259,"{""0-1"": 0.07249580323696136, ""0-2"": -0.018414108082652092, ""1-2"": -0.009403930976986885}"
3794,0.00000000,{}
3795,0.01052241,"{""0-1"": 0.230503648519516, ""0-2"": -0.1780674308538437, ""1-2"": -0.020868977531790733}"
3796,-0.03780230,"{""0-1"": 0.0015315415803343058, ""0-2"": 0.0005835921037942171, ""1-2"": -0.11552203446626663}"
3797,-0.06881091,"{""0-1"": -0.11700385808944702, ""0-2"": -0.04907180741429329, ""1-2"": -0.040357064455747604}"
3798,-0.03645761,"{""0-1"": -0.19700229167938232, ""0-2"": 0.03784080222249031, ""1-2"": 0.04978865385055542}"
3799,-0.00753857,"{""0-1"": -0.020769841969013214, ""0-2"": -0.03738401457667351, ""1-2"": 0.03553813323378563}"
3800,0.12736241,"{""0-1"": 0.0108160600066185, ""0-2"": -0.013499638997018337, ""1-2"": 0.38477081060409546}"
3801,0.00058575,"{""0-1"": 0.03857741504907608, ""0-2"": -0.044666968286037445, ""1-2"": 0.007846803404390812}"
3802,-0.04648091,"{""0-1"": -0.038987934589385986, ""0-2"": -0.014917894266545773, ""1-2"": -0.0855369046330452}"
3803,0.20374766,"{""0-1"": 0.20374765992164612}"
3804,0.68486345,"{""0-1"": 0.6848634481430054}"
3805,0.00000000,{}
3806,-0.03708701,"{""0-1"": 0.02076333947479725, ""0-2"": -0.04537755250930786, ""1-2"": -0.08664681762456894}"
3807,0.17679512,"{""0-1"": 0.07261022925376892, ""0-2"": 0.3741528391838074, ""1-2"": 0.08362229913473129}"
3808,0.00000000,{}
3809,-0.02206158,"{""0-1"": 0.004966209176927805, ""0-2"": 0.0054282937198877335, ""1-2"": -0.07657922804355621}"
3810,0.09549967,"{""0-1"": 0.0954996719956398}"
3811,0.52717060,"{""0-1"": 0.5271705985069275}"
3812,0.16428763,"{""0-1"": 0.16428762674331665}"
3813,0.92666835,"{""0-1"": 0.9266683459281921}"
3814,-0.01843388,"{""0-1"": -0.008067818358540535, ""0-2"": -0.02348092757165432, ""1-2"": -0.023752879351377487}"
3815,0.04271410,"{""0-1"": 0.011963280849158764, ""0-2"": 0.04566427692770958, ""1-2"": 0.0705147534608841}"
3816,0.44521875,"{""0-1"": 0.996920645236969, ""0-2"": 0.13647404313087463, ""1-2"": 0.2022615671157837}"
3817,0.02130197,"{""0-1"": 0.02130197361111641}"
3818,0.99427611,"{""0-1"": 0.9942761063575745}"
3819,0.44975394,"{""0-1"": 0.44975394010543823}"
3820,0.02786024,"{""0-1"": 0.027860239148139954}"
3821,-0.04640330,"{""0-1"": -0.09585600346326828, ""0-2"": -0.01951395533978939, ""1-2"": -0.023839926347136497}"
3822,0.04719587,"{""0-1"": 0.22502189874649048, ""0-2"": -0.05340522527694702, ""1-2"": -0.030029064044356346}"
3823,0.23545807,"{""0-1"": -0.017752189189195633, ""0-2"": 0.7454627752304077, ""1-2"": -0.021336384117603302}"
3824,0.99999863,"{""0-1"": 0.9999986290931702}"
3825,0.03577094,"{""0-1"": 0.21004043519496918, ""0-2"": -0.054037757217884064, ""1-2"": -0.04868987202644348}"
3826,0.02145999,"{""0-1"": 0.038776688277721405, ""0-2"": 0.0061456598341465, ""1-2"": 0.019457627087831497}"
3827,-0.04641310,"{""0-1"": -0.11666125804185867, ""0-2"": 0.007667368743568659, ""1-2"": -0.030245397239923477}"
3828,0.48835430,"{""0-1"": 0.48835429549217224}"
3829,-0.00771673,"{""0-1"": -0.03351138159632683, ""0-2"": -0.032702866941690445, ""1-2"": 0.04306406527757645}"
3830,0.03697032,"{""0-1"": 0.036970317363739014}"
3831,-0.02671444,"{""0-1"": 0.007850258611142635, ""0-2"": -0.10921873897314072, ""1-2"": 0.021225163713097572}"
3832,0.99999982,"{""0-1"": 0.9999998211860657}"
3833,0.93123704,"{""0-1"": 0.9312370419502258}"
3834,0.11468462,"{""0-1"": -0.0013086383696645498, ""0-2"": -0.016952142119407654, ""1-2"": 0.3623146414756775}"
3835,0.29849769,"{""0-1"": 0.1000451147556305, ""0-2"": 0.7532645463943481, ""1-2"": 0.042183421552181244}"
3836,0.30077374,"{""0-1"": 0.3007737398147583}"
3837,0.13276517,"{""0-1"": 0.13276517391204834}"
3838,-0.03965659,"{""0-1"": -0.03688937425613403, ""0-2"": -0.1101805791258812, ""1-2"": 0.028100188821554184}"
3839,0.47867337,"{""0-1"": 0.47867336869239807}"
3840,-0.03499647,"{""0-1"": -0.02433786727488041, ""0-2"": -0.04486793279647827, ""1-2"": -0.03578361123800278}"
3841,-0.05436097,"{""0-1"": -0.1258222460746765, ""0-2"": -0.06738632172346115, ""1-2"": 0.03012567199766636}"
3842,0.00112279,"{""0-1"": -0.04293696582317352, ""0-2"": -0.022887134924530983, ""1-2"": 0.06919246166944504}"
3843,0.99999756,"{""0-1"": 0.9999975562095642}"
3844,0.27964589,"{""0-1"": 0.2796458899974823}"
3845,0.12092226,"{""0-1"": 0.1209222599864006}"
3846,0.44959331,"{""0-1"": 0.44959330558776855}"
3847,0.05048151,"{""0-1"": 0.050481509417295456}"
3848,-0.03963729,"{""0-1"": -0.04703060910105705, ""0-2"": -0.11243733018636703, ""1-2"": 0.040556080639362335}"
3849,1.00000012,"{""0-1"": 1.0000001192092896}"
3850,0.13079348,"{""0-1"": 0.1307934820652008}"
3851,-0.04558862,"{""0-1"": -0.045588620007038116}"
3852,0.29561540,"{""0-1"": 0.8427470326423645, ""0-2"": 0.04876920208334923, ""1-2"": -0.004670024383813143}"
3853,0.03238411,"{""0-1"": -0.013553304597735405, ""0-2"": 0.05159296840429306, ""1-2"": 0.05911267548799515}"
3854,-0.05359950,"{""0-1"": -0.06409862637519836, ""0-2"": -0.07077525556087494, ""1-2"": -0.02592463232576847}"
3855,0.33325426,"{""0-1"": 0.5954355597496033, ""0-2"": 0.007769444026052952, ""1-2"": 0.3965577781200409}"
3856,0.01307912,"{""0-1"": 0.07802952826023102, ""0-2"": -0.05435962602496147, ""1-2"": 0.015567447990179062}"
3857,0.00000000,{}
3858,0.07748226,"{""0-1"": 0.23875737190246582, ""0-2"": 0.007172748912125826, ""1-2"": -0.013483346439898014}"
3859,0.99647075,"{""0-1"": 0.9964707493782043}"
3860,1.00000000,"{""0-1"": 1.0}"
3861,-0.01868346,"{""0-1"": -0.0034702238626778126, ""0-2"": -0.024988403543829918, ""1-2"": -0.027591751888394356}"
3862,-0.00398875,"{""0-1"": -0.009416620247066021, ""0-2"": 0.0006750283646397293, ""1-2"": -0.003224662970751524}"
3863,-0.01867250,"{""0-1"": 0.011831115931272507, ""0-2"": -0.03791673481464386, ""1-2"": -0.029931891709566116}"
3864,-0.00995871,"{""0-1"": -0.017369290813803673, ""0-2"": 0.06240585073828697, ""1-2"": -0.07491269707679749}"
3865,-0.03061582,"{""0-1"": -0.04125043749809265, ""0-2"": -0.018917934969067574, ""1-2"": -0.03167908638715744}"
3866,0.99953264,"{""0-1"": 0.9995326399803162}"
3867,1.00000012,"{""0-1"": 1.0000001192092896}"
3868,0.03697032,"{""0-1"": 0.036970317363739014}"
3869,0.00058575,"{""0-1"": 0.03857741504907608, ""0-2"": -0.044666968286037445, ""1-2"": 0.007846803404390812}"
3870,0.05629023,"{""0-1"": 0.05629022791981697}"
3871,-0.01948136,"{""0-1"": -0.001661457121372223, ""0-2"": -0.001308187609538436, ""1-2"": -0.05547443404793739}"
3872,-0.02200647,"{""0-1"": -0.07871450483798981, ""0-2"": 0.021506810560822487, ""1-2"": -0.008811719715595245}"
3873,0.20753717,"{""0-1"": 0.671933650970459, ""0-2"": -0.01588672585785389, ""1-2"": -0.03343542665243149}"
3874,0.12230260,"{""0-1"": 0.1223025992512703}"
3875,0.07256613,"{""0-1"": 0.01625402458012104, ""0-2"": 0.15399323403835297, ""1-2"": 0.047451138496398926}"
3876,0.00000000,{}
3877,0.01170318,"{""0-1"": -0.017138876020908356, ""0-2"": -0.03061775304377079, ""1-2"": 0.08286616951227188}"
3878,0.17517564,"{""0-1"": 0.04345880076289177, ""0-2"": 0.1516394466161728, ""1-2"": 0.3304286599159241}"
3879,0.02919359,"{""0-1"": 0.05126051604747772, ""0-2"": 0.016503242775797844, ""1-2"": 0.019816996529698372}"
3880,0.27075701,"{""0-1"": 0.536555290222168, ""0-2"": 0.10695719718933105, ""1-2"": 0.1687585413455963}"
3881,0.01473035,"{""0-1"": 0.014730347320437431}"
3882,0.20374766,"{""0-1"": 0.20374765992164612}"
3883,0.28248161,"{""0-1"": -0.04051749035716057, ""0-2"": -0.032379403710365295, ""1-2"": 0.9203417301177979}"
3884,0.33629611,"{""0-1"": 0.9912722110748291, ""0-2"": 0.016364235430955887, ""1-2"": 0.0012518855510279536}"
3885,-0.01612452,"{""0-1"": -0.025585945695638657, ""0-2"": 0.03738398849964142, ""1-2"": -0.060171592980623245}"
3886,0.42770644,"{""0-1"": 0.2023443877696991, ""0-2"": 0.1260487139225006, ""1-2"": 0.9547262191772461}"
3887,0.02305037,"{""0-1"": 0.05501861125230789, ""0-2"": -0.02974965237081051, ""1-2"": 0.04388214647769928}"
3888,0.00586333,"{""0-1"": -0.01392090879380703, ""0-2"": -0.026046212762594223, ""1-2"": 0.05755710229277611}"
3889,0.00365507,"{""0-1"": 0.05195794999599457, ""0-2"": 0.013206039555370808, ""1-2"": -0.05419877544045448}"
3890,0.17547558,"{""0-1"": 0.1754755824804306}"
3891,0.00828217,"{""0-1"": 0.0016879744362086058, ""0-2"": 0.0037835456896573305, ""1-2"": 0.01937497965991497}"
3892,-0.00750582,"{""0-1"": -0.04546821862459183, ""0-2"": 0.007587152998894453, ""1-2"": 0.01536359079182148}"
3893,0.00000000,{}
3894,-0.05630826,"{""0-1"": -0.047834377735853195, ""0-2"": -0.0738181620836258, ""1-2"": -0.04727223888039589}"
3895,0.00797734,"{""0-1"": 0.08750208467245102, ""0-2"": -0.046492185443639755, ""1-2"": -0.017077872529625893}"
3896,0.06731228,"{""0-1"": 0.25046226382255554, ""0-2"": -0.09199339151382446, ""1-2"": 0.04346797615289688}"
3897,0.64515907,"{""0-1"": 0.6451590657234192}"
3898,0.08353452,"{""0-1"": 0.16280438005924225, ""0-2"": 0.003867999417707324, ""1-2"": 0.08393117040395737}"
3899,-0.01234246,"{""0-1"": 0.07930394262075424, ""0-2"": -0.13767045736312866, ""1-2"": 0.021339133381843567}"
3900,0.06836188,"{""0-1"": 0.08579927682876587, ""0-2"": 0.11371549218893051, ""1-2"": 0.0055708750151097775}"
3901,-0.00449456,"{""0-1"": -0.004494562745094299}"
3902,-0.00757633,"{""0-1"": 0.05788407474756241, ""0-2"": -0.08218873292207718, ""1-2"": 0.0015756696229800582}"
3903,0.01235755,"{""0-1"": 0.04647556692361832, ""0-2"": -0.04335644468665123, ""1-2"": 0.033953532576560974}"
3904,0.14514324,"{""0-1"": 0.14514324069023132}"
3905,0.03612208,"{""0-1"": 0.03612208366394043}"
3906,0.00028522,"{""0-1"": 0.012653186917304993, ""0-2"": -0.02230542153120041, ""1-2"": 0.01050789374858141}"
3907,0.99999756,"{""0-1"": 0.9999975562095642}"
3908,0.03876234,"{""0-1"": 0.13145604729652405, ""0-2"": -0.00712737999856472, ""1-2"": -0.00804164819419384}"
3909,0.04207586,"{""0-1"": 0.04121462255716324, ""0-2"": 0.08722115308046341, ""1-2"": -0.0022082028444856405}"
3910,0.14045852,"{""0-1"": 0.14045852422714233}"
3911,0.03329619,"{""0-1"": -0.012094126082956791, ""0-2"": 0.1531810611486435, ""1-2"": -0.04119836166501045}"
3912,0.02007442,"{""0-1"": -0.04707365855574608, ""0-2"": 0.1399465799331665, ""1-2"": -0.03264967352151871}"
3913,-0.03783589,"{""0-1"": -0.08580609411001205, ""0-2"": -0.031312815845012665, ""1-2"": 0.0036112430971115828}"
3914,0.00879591,"{""0-1"": 0.008795913308858871}"
3915,0.01714333,"{""0-1"": 0.052420079708099365, ""0-2"": 0.05240584909915924, ""1-2"": -0.05339593440294266}"
3916,-0.05879346,"{""0-1"": -0.058793459087610245}"
3917,0.98341155,"{""0-1"": 0.9834115505218506}"
3918,0.07748226,"{""0-1"": 0.23875737190246582, ""0-2"": 0.007172748912125826, ""1-2"": -0.013483346439898014}"
3919,-0.03942981,"{""0-1"": -0.039429809898138046}"
3920,0.02130197,"{""0-1"": 0.02130197361111641}"
3921,0.00000000,{}
3922,0.01480730,"{""0-1"": 0.01480729877948761}"
3923,-0.05199059,"{""0-1"": -0.04981231316924095, ""0-2"": -0.048226434737443924, ""1-2"": -0.0579330176115036}"
3924,-0.01232694,"{""0-1"": 0.03914869949221611, ""0-2"": 0.058243755251169205, ""1-2"": -0.1343732625246048}"
3925,0.05366477,"{""0-1"": 0.07145775854587555, ""0-2"": 0.06881767511367798, ""1-2"": 0.02071889117360115}"
3926,0.00000000,{}
3927,0.06935793,"{""0-1"": 0.06935793161392212}"
3928,0.94611758,"{""0-1"": 0.9461175799369812}"
3929,0.12270835,"{""0-1"": 0.31861305236816406, ""0-2"": 0.13314729928970337, ""1-2"": -0.08363531529903412}"
3930,-0.00120712,"{""0-1"": -0.05879368260502815, ""0-2"": 0.03440089151263237, ""1-2"": 0.020771441981196404}"
3931,0.47490305,"{""0-1"": 0.47490304708480835}"
3932,-0.05514722,"{""0-1"": 0.09588789194822311, ""0-2"": -0.06430207937955856, ""1-2"": -0.19702747464179993}"
3933,-0.03164853,"{""0-1"": -0.031648531556129456}"
3934,0.54120471,"{""0-1"": 0.8883860111236572, ""0-2"": 0.4787069261074066, ""1-2"": 0.25652119517326355}"
3935,0.18634894,"{""0-1"": 0.39136868715286255, ""0-2"": 0.1583247035741806, ""1-2"": 0.009353439323604107}"
3936,0.33629611,"{""0-1"": 0.9912722110748291, ""0-2"": 0.016364235430955887, ""1-2"": 0.0012518855510279536}"
3937,0.48600492,"{""0-1"": 0.48600491881370544}"
3938,0.00434574,"{""0-1"": 0.018567634746432304, ""0-2"": 0.042748305946588516, ""1-2"": -0.04827871173620224}"
3939,0.01332641,"{""0-1"": 0.04674263671040535, ""0-2"": -0.0076257227919995785, ""1-2"": 0.0008623290923424065}"
3940,-0.02208302,"{""0-1"": -0.0687408372759819, ""0-2"": 0.03348008915781975, ""1-2"": -0.030988309532403946}"
3941,0.04201763,"{""0-1"": 0.004063462372869253, ""0-2"": 0.058488793671131134, ""1-2"": 0.06350063532590866}"
3942,0.21712604,"{""0-1"": 0.2171260416507721}"
3943,-0.00937344,"{""0-1"": -0.04658026248216629, ""0-2"": 0.040229443460702896, ""1-2"": -0.021769510582089424}"
3944,1.00000012,"{""0-1"": 1.0000001192092896}"
3945,0.22850180,"{""0-1"": 0.4479300379753113, ""0-2"": 0.011050861328840256, ""1-2"": 0.2265244871377945}"
3946,0.00631912,"{""0-1"": 0.006319123320281506}"
3947,0.00000000,{}
3948,0.11720314,"{""0-1"": 0.22350026667118073, ""0-2"": -0.012425502762198448, ""1-2"": 0.1405346542596817}"
3949,0.10098458,"{""0-1"": 0.10098458081483841}"
3950,0.00000000,{}
3951,0.49594987,"{""0-1"": 0.6277933120727539, ""0-2"": 0.3886101543903351, ""1-2"": 0.47144615650177}"
3952,-0.01280039,"{""0-1"": -0.08031067252159119, ""0-2"": 0.08850885927677155, ""1-2"": -0.0465993694961071}"
3953,0.00459544,"{""0-1"": -0.015722274780273438, ""0-2"": -0.05350034311413765, ""1-2"": 0.08300894498825073}"
3954,-0.02387639,"{""0-1"": 0.05486670508980751, ""0-2"": -0.09732914716005325, ""1-2"": -0.02916671335697174}"
3955,0.02672467,"{""0-1"": 0.09130729734897614, ""0-2"": -0.004640664905309677, ""1-2"": -0.006492622196674347}"
3956,-0.05741218,"{""0-1"": -0.06856314837932587, ""0-2"": 0.0023972373455762863, ""1-2"": -0.1060706302523613}"
3957,-0.05435380,"{""0-1"": -0.055878084152936935, ""0-2"": -0.07857412844896317, ""1-2"": -0.02860918454825878}"
3958,0.00916539,"{""0-1"": 0.013725555501878262, ""0-2"": 0.00528567424044013, ""1-2"": 0.008484945632517338}"
3959,0.18762159,"{""0-1"": 0.1876215934753418}"
3960,0.04823169,"{""0-1"": 0.048231687396764755}"
3961,0.21156618,"{""0-1"": 0.21156617999076843}"
3962,0.20058844,"{""0-1"": 0.26789969205856323, ""0-2"": 0.21819168329238892, ""1-2"": 0.1156739592552185}"
3963,0.03955384,"{""0-1"": 0.012957582250237465, ""0-2"": 0.03485414758324623, ""1-2"": 0.07084979116916656}"
3964,-0.07339824,"{""0-1"": -0.07339823991060257}"
3965,0.39322142,"{""0-1"": 0.0697624608874321, ""0-2"": 0.1288415938615799, ""1-2"": 0.9810602068901062}"
3966,0.27479008,"{""0-1"": 0.27479007840156555}"
3967,1.00000012,"{""0-1"": 1.0000001192092896}"
3968,0.33721954,"{""0-1"": 0.7944592237472534, ""0-2"": 0.2528552711009979, ""1-2"": -0.035655874758958817}"
3969,0.18418494,"{""0-1"": 0.1841849386692047}"
3970,0.92780381,"{""0-1"": 0.9278038144111633}"
3971,0.74558103,"{""0-1"": 0.6651440262794495, ""0-2"": 0.5909783244132996, ""1-2"": 0.9806207418441772}"
3972,0.16476808,"{""0-1"": 0.16476808488368988}"
3973,0.11656418,"{""0-1"": 0.26876208186149597, ""0-2"": 0.10330747812986374, ""1-2"": -0.022377025336027145}"
3974,0.71308798,"{""0-1"": 0.7130879759788513}"
3975,-0.02322355,"{""0-1"": 0.04173056781291962, ""0-2"": -0.0777663141489029, ""1-2"": -0.03363490477204323}"
3976,0.12870538,"{""0-1"": 0.12870538234710693}"
3977,-0.02091652,"{""0-1"": -0.026399366557598114, ""0-2"": -0.01799244061112404, ""1-2"": -0.018357759341597557}"
3978,0.02336480,"{""0-1"": -0.006913531105965376, ""0-2"": 0.07490113377571106, ""1-2"": 0.002106783678755164}"
3979,0.22990677,"{""0-1"": -0.12388726323843002, ""0-2"": -0.029493749141693115, ""1-2"": 0.8431013226509094}"
3980,0.30060228,"{""0-1"": 0.9667420387268066, ""0-2"": -0.028719455003738403, ""1-2"": -0.036215733736753464}"
3981,-0.01651683,"{""0-1"": -0.026510680094361305, ""0-2"": 0.02681538462638855, ""1-2"": -0.04985518753528595}"
3982,0.35785840,"{""0-1"": 0.10736818611621857, ""0-2"": 0.8070151209831238, ""1-2"": 0.15919189155101776}"
3983,-0.03183114,"{""0-1"": 0.014586314558982849, ""0-2"": -0.1494428515434265, ""1-2"": 0.03936312720179558}"
3984,0.12667388,"{""0-1"": 0.21777436137199402, ""0-2"": 0.047036342322826385, ""1-2"": 0.11521094292402267}"
3985,0.24359172,"{""0-1"": 0.07997170835733414, ""0-2"": 0.6420510411262512, ""1-2"": 0.008752411231398582}"
3986,0.94488060,"{""0-1"": 0.9448806047439575}"
3987,0.95598263,"{""0-1"": 0.9559826254844666}"
3988,0.46631639,"{""0-1"": 0.20299862325191498, ""0-2"": 0.20041236281394958, ""1-2"": 0.9955381751060486}"
3989,0.20614521,"{""0-1"": 0.20614521205425262}"
3990,0.02789014,"{""0-1"": -0.0027200793847441673, ""0-2"": -0.03519050031900406, ""1-2"": 0.12158099561929703}"
3991,-0.02244640,"{""0-1"": -0.0224464014172554}"
3992,0.01276962,"{""0-1"": 0.06511691957712173, ""0-2"": -0.05167025700211525, ""1-2"": 0.02486218884587288}"
3993,-0.00713905,"{""0-1"": -0.007139049936085939}"
3994,0.07875238,"{""0-1"": 0.08294015377759933, ""0-2"": 0.09479102492332458, ""1-2"": 0.05852596089243889}"
3995,0.04330288,"{""0-1"": 0.03419322520494461, ""0-2"": 0.0621672160923481, ""1-2"": 0.033548202365636826}"
3996,-0.05274321,"{""0-1"": -0.05274321138858795}"
3997,0.00000000,{}
3998,0.09599193,"{""0-1"": 0.09599193185567856}"
3999,-0.01364745,"{""0-1"": -0.013647454790771008}"
4000,0.85387635,"{""0-1"": 0.8538763523101807}"
4001,0.00000000,{}
4002,0.25859734,"{""0-1"": 0.25859734416007996}"
4003,0.11031878,"{""0-1"": 0.41597530245780945, ""0-2"": -0.03074088878929615, ""1-2"": -0.05427807942032814}"
4004,0.00926176,"{""0-1"": -0.004791185259819031, ""0-2"": 0.07313472032546997, ""1-2"": -0.04055826738476753}"
4005,-0.08408449,"{""0-1"": -0.06570187211036682, ""0-2"": -0.29587408900260925, ""1-2"": 0.10932248085737228}"
4006,0.02598301,"{""0-1"": 0.025983009487390518}"
4007,-0.04473256,"{""0-1"": -0.060063790529966354, ""0-2"": -0.05338652804493904, ""1-2"": -0.02074735425412655}"
4008,-0.04088640,"{""0-1"": -0.04088640213012695}"
4009,0.75454378,"{""0-1"": 0.7545437812805176}"
4010,0.00000000,{}
4011,0.28166861,"{""0-1"": 0.4149271845817566, ""0-2"": 0.07751691341400146, ""1-2"": 0.35256174206733704}"
4012,-0.08014980,"{""0-1"": -0.07681585848331451, ""0-2"": -0.12060432881116867, ""1-2"": -0.043029215186834335}"
4013,0.09502625,"{""0-1"": 0.031457241624593735, ""0-2"": 0.1812925636768341, ""1-2"": 0.07232895493507385}"
4014,0.55811222,"{""0-1"": 0.9696159958839417, ""0-2"": 0.3598717153072357, ""1-2"": 0.34484896063804626}"
4015,0.00225328,"{""0-1"": -0.014060547575354576, ""0-2"": 0.004263847600668669, ""1-2"": 0.016556549817323685}"
4016,-0.09098509,"{""0-1"": -0.09098508954048157}"
4017,0.42298272,"{""0-1"": 0.42298272252082825}"
4018,0.40003839,"{""0-1"": 0.40003839135169983}"
4019,0.39910021,"{""0-1"": 0.3991002142429352}"
4020,0.48467598,"{""0-1"": 0.8786155581474304, ""0-2"": 0.31578075885772705, ""1-2"": 0.2596316337585449}"
4021,0.08922966,"{""0-1"": 0.08582083880901337, ""0-2"": -0.006371698807924986, ""1-2"": 0.18823984265327454}"
4022,0.73676950,"{""0-1"": 0.7367694973945618}"
4023,0.08253773,"{""0-1"": -0.037101563066244125, ""0-2"": 0.07634598016738892, ""1-2"": 0.20836876332759857}"
4024,0.00000000,{}
4025,0.29225057,"{""0-1"": 0.2922505736351013}"
4026,0.56414115,"{""0-1"": 0.5641411542892456}"
4027,0.18602684,"{""0-1"": 0.18562279641628265, ""0-2"": 0.2793427109718323, ""1-2"": 0.09311500191688538}"
4028,0.00411346,"{""0-1"": 0.07949139922857285, ""0-2"": -0.03951980173587799, ""1-2"": -0.02763121947646141}"
4029,-0.01246297,"{""0-1"": -0.028820088133215904, ""0-2"": -0.005959662608802319, ""1-2"": -0.0026091483887284994}"
4030,0.00000000,{}
4031,0.22897319,"{""0-1"": 0.22897319495677948}"
4032,0.31083819,"{""0-1"": 0.3108381927013397}"
4033,0.99999756,"{""0-1"": 0.9999975562095642}"
4034,0.00000000,{}
4035,-0.04035171,"{""0-1"": -0.19951461255550385, ""0-2"": 0.0730544701218605, ""1-2"": 0.00540501344949007}"
4036,0.02274068,"{""0-1"": 0.02274068258702755}"
4037,0.33831716,"{""0-1"": 0.3383171558380127}"
4038,0.03753295,"{""0-1"": -0.03160010650753975, ""0-2"": 0.07823353260755539, ""1-2"": 0.0659654289484024}"
4039,-0.03919763,"{""0-1"": -0.03161584213376045, ""0-2"": -0.04284398630261421, ""1-2"": -0.04313305392861366}"
4040,-0.05710116,"{""0-1"": -0.0545763336122036, ""0-2"": -0.07340838015079498, ""1-2"": -0.04331875964999199}"
4041,0.00526681,"{""0-1"": -0.04942181706428528, ""0-2"": -0.00041977717773988843, ""1-2"": 0.06564202904701233}"
4042,0.78952950,"{""0-1"": 0.7895295023918152}"
4043,0.00731165,"{""0-1"": 0.06795652955770493, ""0-2"": -0.05489982292056084, ""1-2"": 0.008878243155777454}"
4044,0.06559500,"{""0-1"": 0.03165586665272713, ""0-2"": 0.015649009495973587, ""1-2"": 0.14948013424873352}"
4045,0.22239551,"{""0-1"": 0.22239550948143005}"
4046,0.54488015,"{""0-1"": 0.5448801517486572}"
4047,-0.03364169,"{""0-1"": -0.08204630762338638, ""0-2"": -0.034420184791088104, ""1-2"": 0.015541433356702328}"
4048,0.36322785,"{""0-1"": 0.2711198329925537, ""0-2"": 0.17232683300971985, ""1-2"": 0.6462368965148926}"
4049,-0.06031034,"{""0-1"": -0.11253897100687027, ""0-2"": 0.04319607838988304, ""1-2"": -0.11158812791109085}"
4050,0.20511609,"{""0-1"": 0.13941329717636108, ""0-2"": 0.39906176924705505, ""1-2"": 0.07687319815158844}"
4051,0.08488757,"{""0-1"": -0.0029682263266295195, ""0-2"": 0.009485702961683273, ""1-2"": 0.2481452375650406}"
4052,0.00000000,{}
4053,0.10693261,"{""0-1"": 0.1069326102733612}"
4054,0.00695989,"{""0-1"": 0.12067939341068268, ""0-2"": -0.10215100646018982, ""1-2"": 0.002351287752389908}"
4055,0.57327271,"{""0-1"": 0.573272705078125}"
4056,0.00000000,{}
4057,0.02398707,"{""0-1"": 0.023987066000699997}"
4058,-0.03249523,"{""0-1"": -0.04103315249085426, ""0-2"": 0.03987709432840347, ""1-2"": -0.09632962197065353}"
4059,-0.03937090,"{""0-1"": -0.061082929372787476, ""0-2"": -0.03523918241262436, ""1-2"": -0.02179059013724327}"
4060,0.99999815,"{""0-1"": 0.999998152256012}"
4061,0.31011143,"{""0-1"": 0.9987244009971619, ""0-2"": -0.03030874952673912, ""1-2"": -0.038081374019384384}"
4062,0.12412884,"{""0-1"": 0.12412884086370468}"
4063,0.09925452,"{""0-1"": 0.2568169832229614, ""0-2"": 0.05872375890612602, ""1-2"": -0.017777185887098312}"
4064,0.00000000,{}
4065,-0.04269876,"{""0-1"": -0.042698755860328674}"
4066,0.02601847,"{""0-1"": 0.12741616368293762, ""0-2"": -0.037908077239990234, ""1-2"": -0.011452682316303253}"
4067,0.09322929,"{""0-1"": 0.09322928637266159}"
4068,0.87507015,"{""0-1"": 0.8750701546669006}"
4069,0.00000000,{}
4070,0.03742580,"{""0-1"": 0.13394694030284882, ""0-2"": -0.01900191232562065, ""1-2"": -0.0026676328852772713}"
4071,0.99871707,"{""0-1"": 0.9987170696258545}"
4072,0.05626881,"{""0-1"": 0.021525293588638306, ""0-2"": 0.0011642707977443933, ""1-2"": 0.14611685276031494}"
4073,0.18332283,"{""0-1"": -0.08503457903862, ""0-2"": -0.04035123810172081, ""1-2"": 0.6753543019294739}"
4074,0.30542269,"{""0-1"": 0.05551932752132416, ""0-2"": 0.7784261107444763, ""1-2"": 0.0823226273059845}"
4075,0.07855673,"{""0-1"": 0.07855673134326935}"
4076,0.62524993,"{""0-1"": 0.9402730464935303, ""0-2"": 0.4210876524448395, ""1-2"": 0.5143890976905823}"
4077,-0.00393932,"{""0-1"": -0.003939320333302021}"
4078,-0.05152243,"{""0-1"": -0.06904460489749908, ""0-2"": -0.027875060215592384, ""1-2"": -0.05764761194586754}"
4079,0.01198919,"{""0-1"": 0.011989191174507141}"
4080,0.05203309,"{""0-1"": -0.019286027178168297, ""0-2"": 0.05900019034743309, ""1-2"": 0.11638511717319489}"
4081,0.29917819,"{""0-1"": 0.9811054468154907, ""0-2"": 0.045449450612068176, ""1-2"": -0.1290203332901001}"
4082,0.05122793,"{""0-1"": -0.09500747174024582, ""0-2"": 0.18210597336292267, ""1-2"": 0.06658528745174408}"
4083,0.01412563,"{""0-1"": 0.014125628396868706}"
4084,0.06553131,"{""0-1"": 0.014897049404680729, ""0-2"": -0.042361777275800705, ""1-2"": 0.22405864298343658}"
4085,0.99999756,"{""0-1"": 0.9999975562095642}"
4086,0.21712604,"{""0-1"": 0.2171260416507721}"
4087,-0.02989060,"{""0-1"": -0.06533817201852798, ""0-2"": -0.0456872284412384, ""1-2"": 0.02135360799729824}"
4088,0.99999857,"{""0-1"": 0.9999985694885254}"
4089,0.00735153,"{""0-1"": 0.03310408070683479, ""0-2"": 0.04092354327440262, ""1-2"": -0.051973022520542145}"
4090,-0.02961016,"{""0-1"": -0.17802035808563232, ""0-2"": 0.03912728652358055, ""1-2"": 0.05006258562207222}"
4091,0.21156618,"{""0-1"": 0.21156617999076843}"
4092,-0.00364982,"{""0-1"": -0.0036498194094747305}"
4093,0.04431341,"{""0-1"": 0.09108013659715652, ""0-2"": 0.15317603945732117, ""1-2"": -0.11131595820188522}"
4094,-0.03836559,"{""0-1"": -0.11571232229471207, ""0-2"": 0.02149936743080616, ""1-2"": -0.020883828401565552}"
4095,0.35723711,"{""0-1"": 0.1928965151309967, ""0-2"": 0.07704776525497437, ""1-2"": 0.8017670512199402}"
4096,0.02477426,"{""0-1"": 0.10283547639846802, ""0-2"": 0.01737094484269619, ""1-2"": -0.04588364437222481}"
4097,0.00414753,"{""0-1"": -0.026204686611890793, ""0-2"": 0.003971276804804802, ""1-2"": 0.03467601165175438}"
4098,-0.02282530,"{""0-1"": -0.0776493102312088, ""0-2"": -0.008081451058387756, ""1-2"": 0.017254849895834923}"
4099,0.16393590,"{""0-1"": 0.16393589973449707}"
4100,0.10576677,"{""0-1"": -0.10912574827671051, ""0-2"": 0.0015468946658074856, ""1-2"": 0.42487916350364685}"
4102,-0.04723182,"{""0-1"": -0.10939869284629822, ""0-2"": 0.04544035345315933, ""1-2"": -0.07773713022470474}"
4103,0.13461024,"{""0-1"": 0.0006050568190403283, ""0-2"": -0.005008376203477383, ""1-2"": 0.40823403000831604}"
4104,0.00000000,{}
4105,0.17550629,"{""0-1"": 0.25632694363594055, ""0-2"": -0.027377596125006676, ""1-2"": 0.29756951332092285}"
4106,0.00000000,{}
4107,0.08070680,"{""0-1"": 0.11082692444324493, ""0-2"": 0.004073312971740961, ""1-2"": 0.12722015380859375}"
4108,-0.04902085,"{""0-1"": 0.012244492769241333, ""0-2"": -0.14924955368041992, ""1-2"": -0.010057474486529827}"
4109,0.10970083,"{""0-1"": 0.4419806897640228, ""0-2"": -0.03319650888442993, ""1-2"": -0.07968170195817947}"
4110,-0.01643803,"{""0-1"": 0.01647850312292576, ""0-2"": 0.012468093074858189, ""1-2"": -0.07826068997383118}"
4111,0.00000000,{}
4112,-0.04635689,"{""0-1"": -0.0036501390859484673, ""0-2"": -0.16078011691570282, ""1-2"": 0.02535957843065262}"
4113,-0.02712921,"{""0-1"": -0.018288958817720413, ""0-2"": -0.058361247181892395, ""1-2"": -0.004737434908747673}"
4114,-0.04592276,"{""0-1"": -0.04592275619506836}"
4115,0.95256698,"{""0-1"": 0.9525669813156128}"
4116,0.17115601,"{""0-1"": -0.07162773609161377, ""0-2"": -0.003083996009081602, ""1-2"": 0.5881797671318054}"
4117,0.02790298,"{""0-1"": 0.02790297567844391}"
4118,0.18108196,"{""0-1"": 0.1453932374715805, ""0-2"": 0.2691434919834137, ""1-2"": 0.12870913743972778}"
4119,1.00000000,"{""0-1"": 1.0}"
4120,0.00515314,"{""0-1"": 0.06621609628200531, ""0-2"": -0.05780697613954544, ""1-2"": 0.007050303742289543}"
4121,0.01603515,"{""0-1"": -0.08434388786554337, ""0-2"": 0.11865267902612686, ""1-2"": 0.013796663843095303}"
4122,0.63396621,"{""0-1"": 0.6339662075042725}"
4123,0.21712604,"{""0-1"": 0.2171260416507721}"
4124,-0.00170483,"{""0-1"": -0.03206145763397217, ""0-2"": 0.004161878023296595, ""1-2"": 0.022785084322094917}"
4125,0.04306965,"{""0-1"": 0.008546967059373856, ""0-2"": 0.04912356287240982, ""1-2"": 0.07153841108083725}"
4126,-0.05047757,"{""0-1"": -0.00293186423368752, ""0-2"": 0.03831781446933746, ""1-2"": -0.1868186593055725}"
4127,-0.00940102,"{""0-1"": 0.024749193340539932, ""0-2"": -0.020385777577757835, ""1-2"": -0.032566461712121964}"
4128,0.23752864,"{""0-1"": -0.11108814179897308, ""0-2"": -0.10272777825593948, ""1-2"": 0.9264018535614014}"
4129,0.28170548,"{""0-1"": 0.09222572296857834, ""0-2"": -0.09118597209453583, ""1-2"": 0.8440766930580139}"
4130,0.08294200,"{""0-1"": -0.09287723898887634, ""0-2"": -0.01281749177724123, ""1-2"": 0.3545207381248474}"
4131,0.33837370,"{""0-1"": 0.8648378252983093, ""0-2"": 0.087020143866539, ""1-2"": 0.06326313316822052}"
4132,0.25132512,"{""0-1"": 0.6549177765846252, ""0-2"": 0.03725811466574669, ""1-2"": 0.06179947033524513}"
4133,0.99999863,"{""0-1"": 0.9999986290931702}"
4134,0.00000000,{}
4135,0.00000000,{}
4136,0.99999952,"{""0-1"": 0.9999995231628418}"
4137,1.00000012,"{""0-1"": 1.0000001192092896}"
4138,0.04447757,"{""0-1"": 0.13898633420467377, ""0-2"": 0.008970452472567558, ""1-2"": -0.014524063095450401}"
4139,0.05774316,"{""0-1"": -0.02229766920208931, ""0-2"": 0.1502416729927063, ""1-2"": 0.045285481959581375}"
4140,0.00000000,{}
4141,0.02256950,"{""0-1"": 0.09382220357656479, ""0-2"": -0.008053514175117016, ""1-2"": -0.018060186877846718}"
4142,0.61446513,"{""0-1"": 0.5202758312225342, ""0-2"": 0.35126516222953796, ""1-2"": 0.9718543887138367}"
4143,-0.01240865,"{""0-1"": 0.03229352459311485, ""0-2"": 0.02647590823471546, ""1-2"": -0.09599537402391434}"
4144,0.10047968,"{""0-1"": 0.10047967731952667}"
4145,0.04977708,"{""0-1"": 0.061690136790275574, ""0-2"": 0.12679490447044373, ""1-2"": -0.03915378823876381}"
4146,0.51373428,"{""0-1"": 0.5137342810630798}"
4147,0.00000000,{}
4148,0.04400463,"{""0-1"": 0.012338373810052872, ""0-2"": 0.04906107485294342, ""1-2"": 0.07061444967985153}"
4149,0.04977708,"{""0-1"": 0.061690136790275574, ""0-2"": 0.12679490447044373, ""1-2"": -0.03915378823876381}"
4150,-0.01870748,"{""0-1"": -0.03646957501769066, ""0-2"": -0.04730288311839104, ""1-2"": 0.0276500154286623}"
4151,0.17946191,"{""0-1"": 0.09327259659767151, ""0-2"": -0.01140831783413887, ""1-2"": 0.4565214514732361}"
4152,0.00000000,{}
4153,0.15970480,"{""0-1"": 0.04992879927158356, ""0-2"": 0.16183899343013763, ""1-2"": 0.2673466205596924}"
4154,0.06041627,"{""0-1"": 0.04720326513051987, ""0-2"": 0.156414195895195, ""1-2"": -0.022368639707565308}"
4155,0.99893224,"{""0-1"": 0.9989322423934937}"
4156,0.98168135,"{""0-1"": 0.9816813468933105}"
4157,0.11543240,"{""0-1"": 0.11543239653110504}"
4158,-0.05480194,"{""0-1"": -0.04036400839686394, ""0-2"": -0.15348947048187256, ""1-2"": 0.0294476468116045}"
4159,0.48467598,"{""0-1"": 0.8786155581474304, ""0-2"": 0.31578075885772705, ""1-2"": 0.2596316337585449}"
4160,0.29186732,"{""0-1"": -0.057803552597761154, ""0-2"": -0.04019410163164139, ""1-2"": 0.9735996127128601}"
4161,-0.05963149,"{""0-1"": -0.15095971524715424, ""0-2"": 0.007812255062162876, ""1-2"": -0.03574700281023979}"
4162,0.09332361,"{""0-1"": 0.09058007597923279, ""0-2"": 0.0019521310459822416, ""1-2"": 0.18743863701820374}"
4163,-0.05195605,"{""0-1"": 0.0095475222915411, ""0-2"": -0.07126930356025696, ""1-2"": -0.09414637833833694}"
4164,0.09477133,"{""0-1"": 0.044085897505283356, ""0-2"": -0.037897154688835144, ""1-2"": 0.27812525629997253}"
4165,0.01814630,"{""0-1"": 0.12720876932144165, ""0-2"": -0.06949795037508011, ""1-2"": -0.00327192316763103}"
4166,0.25132512,"{""0-1"": 0.6549177765846252, ""0-2"": 0.03725811466574669, ""1-2"": 0.06179947033524513}"
4167,-0.00745259,"{""0-1"": -0.054429974406957626, ""0-2"": -0.027688171714544296, ""1-2"": 0.059760380536317825}"
4168,-0.01214331,"{""0-1"": 0.022046804428100586, ""0-2"": 0.0020013891626149416, ""1-2"": -0.060478124767541885}"
4169,0.91318601,"{""0-1"": 0.9131860136985779}"
4170,-0.00149042,"{""0-1"": 0.0811360701918602, ""0-2"": -0.10616083443164825, ""1-2"": 0.020553501322865486}"
4171,0.00523950,"{""0-1"": 0.07135973125696182, ""0-2"": 0.028012225404381752, ""1-2"": -0.08365346491336823}"
4172,0.11601106,"{""0-1"": -0.033536143600940704, ""0-2"": 0.01583533175289631, ""1-2"": 0.3657339811325073}"
4173,-0.02244640,"{""0-1"": -0.0224464014172554}"
4174,0.33629611,"{""0-1"": 0.9912722110748291, ""0-2"": 0.016364235430955887, ""1-2"": 0.0012518855510279536}"
4175,1.00000000,"{""0-1"": 1.0}"
4176,0.02203307,"{""0-1"": 0.021498091518878937, ""0-2"": -0.0020700942259281874, ""1-2"": 0.04667121171951294}"
4177,-0.00053087,"{""0-1"": 0.016939345747232437, ""0-2"": -0.010510660707950592, ""1-2"": -0.008021288551390171}"
4178,0.46021510,"{""0-1"": 0.7886711359024048, ""0-2"": 0.06641216576099396, ""1-2"": 0.5255619883537292}"
4179,0.02937646,"{""0-1"": 0.08791741728782654, ""0-2"": -0.046407707035541534, ""1-2"": 0.046619679778814316}"
4180,0.28964626,"{""0-1"": 0.7036165595054626, ""0-2"": 0.08050255477428436, ""1-2"": 0.08481967449188232}"
4181,-0.01925509,"{""0-1"": -0.0959237590432167, ""0-2"": 0.00898597203195095, ""1-2"": 0.029172508046030998}"
4182,0.04242352,"{""0-1"": 0.04242352023720741}"
4183,-0.00436302,"{""0-1"": -0.00436302088201046}"
4184,0.99997503,"{""0-1"": 0.9999750256538391}"
4185,0.00000000,{}
4186,0.12824284,"{""0-1"": 0.1282428354024887}"
4187,0.45777112,"{""0-1"": 0.20807498693466187, ""0-2"": 0.18480229377746582, ""1-2"": 0.9804360866546631}"
4188,0.02646521,"{""0-1"": 0.056176457554101944, ""0-2"": 0.028415678068995476, ""1-2"": -0.005196497775614262}"
4189,-0.00616503,"{""0-1"": -0.0002383583487244323, ""0-2"": 0.10701104253530502, ""1-2"": -0.12526777386665344}"
4190,0.33460098,"{""0-1"": 0.04074655473232269, ""0-2"": 0.007308418862521648, ""1-2"": 0.9557479619979858}"
4191,0.52485666,"{""0-1"": 0.5932620167732239, ""0-2"": 0.8330841064453125, ""1-2"": 0.1482238471508026}"
4192,-0.00837011,"{""0-1"": 0.03127070516347885, ""0-2"": 0.03952048346400261, ""1-2"": -0.09590152651071548}"
4193,-0.02802954,"{""0-1"": 0.02231532149016857, ""0-2"": -0.013102603144943714, ""1-2"": -0.09330134093761444}"
4194,-0.05528902,"{""0-1"": 0.006910005584359169, ""0-2"": -0.20515908300876617, ""1-2"": 0.03238200768828392}"
4195,-0.06676341,"{""0-1"": -0.08650335669517517, ""0-2"": 0.11381256580352783, ""1-2"": -0.22759942710399628}"
4196,-0.02370746,"{""0-1"": -0.02370746247470379}"
4197,0.06287821,"{""0-1"": 0.06287820637226105}"
4198,0.44635964,"{""0-1"": 0.9969050288200378, ""0-2"": 0.13732728362083435, ""1-2"": 0.20484662055969238}"
4199,0.29570464,"{""0-1"": -0.03882582113146782, ""0-2"": -0.02929556928575039, ""1-2"": 0.9552353024482727}"
4200,-0.06661364,"{""0-1"": -0.06661364436149597}"
4201,0.02203307,"{""0-1"": 0.021498091518878937, ""0-2"": -0.0020700942259281874, ""1-2"": 0.04667121171951294}"
4202,0.30633972,"{""0-1"": 0.999290943145752, ""0-2"": -0.03902619704604149, ""1-2"": -0.04124559834599495}"
4203,0.14706720,"{""0-1"": 0.09920433908700943, ""0-2"": 0.40167033672332764, ""1-2"": -0.05967307463288307}"
4204,0.34899840,"{""0-1"": -0.03953428566455841, ""0-2"": 0.8455249667167664, ""1-2"": 0.24100451171398163}"
4205,0.16057871,"{""0-1"": 0.2682044208049774, ""0-2"": 0.17944402992725372, ""1-2"": 0.03408767655491829}"
4206,-0.04769360,"{""0-1"": -0.10873114317655563, ""0-2"": -0.09269366413354874, ""1-2"": 0.05834399536252022}"
4207,0.00000000,{}
4208,0.11323391,"{""0-1"": 0.11323390901088715}"
4209,-0.08299385,"{""0-1"": -0.06132476404309273, ""0-2"": -0.11442793160676956, ""1-2"": -0.07322884351015091}"
4210,0.30314471,"{""0-1"": 0.9987093806266785, ""0-2"": -0.04436745122075081, ""1-2"": -0.044907812029123306}"
4211,-0.02696336,"{""0-1"": -0.027003217488527298, ""0-2"": 0.016628850251436234, ""1-2"": -0.0705157145857811}"
4212,0.00000000,{}
4213,0.48737270,"{""0-1"": 0.4873726963996887}"
4214,-0.04283523,"{""0-1"": -0.015366614796221256, ""0-2"": 0.03175044059753418, ""1-2"": -0.14488951861858368}"
4215,0.07875238,"{""0-1"": 0.08294015377759933, ""0-2"": 0.09479102492332458, ""1-2"": 0.05852596089243889}"
4216,-0.06310578,"{""0-1"": -0.06310578435659409}"
4217,0.01530318,"{""0-1"": -0.04279575124382973, ""0-2"": 0.029323961585760117, ""1-2"": 0.05938131734728813}"
4218,-0.07531947,"{""0-1"": -0.12683135271072388, ""0-2"": -0.05949806794524193, ""1-2"": -0.03962898254394531}"
4219,0.01307912,"{""0-1"": 0.07802952826023102, ""0-2"": -0.05435962602496147, ""1-2"": 0.015567447990179062}"
4220,0.21712604,"{""0-1"": 0.2171260416507721}"
4221,0.02962083,"{""0-1"": 0.08572924137115479, ""0-2"": -0.041479941457509995, ""1-2"": 0.04461318999528885}"
4222,0.00000000,{}
4223,0.00820069,"{""0-1"": -0.03739646449685097, ""0-2"": -0.042758647352457047, ""1-2"": 0.10475718230009079}"
4224,0.02598301,"{""0-1"": 0.025983009487390518}"
4225,0.02499972,"{""0-1"": 0.003791464725509286, ""0-2"": 0.021418873220682144, ""1-2"": 0.049788810312747955}"
4226,0.29051781,"{""0-1"": 0.29051780700683594}"
4227,-0.00914516,"{""0-1"": -0.0015103202313184738, ""0-2"": 0.041898179799318314, ""1-2"": -0.06782334297895432}"
4228,0.13318554,"{""0-1"": 0.13318553566932678}"
4229,-0.06310546,"{""0-1"": -0.14724445343017578, ""0-2"": 0.013974850066006184, ""1-2"": -0.05604677274823189}"
4230,-0.04035171,"{""0-1"": -0.19951461255550385, ""0-2"": 0.0730544701218605, ""1-2"": 0.00540501344949007}"
4231,0.18537860,"{""0-1"": 0.18537859618663788}"
4232,0.02786024,"{""0-1"": 0.027860239148139954}"
4233,0.28755984,"{""0-1"": 0.28755983710289}"
4234,-0.01173210,"{""0-1"": -0.018793771043419838, ""0-2"": -0.05974424630403519, ""1-2"": 0.04334171861410141}"
4235,0.02060328,"{""0-1"": -0.08813464641571045, ""0-2"": 0.2032727748155594, ""1-2"": -0.05332828685641289}"
4236,0.99999756,"{""0-1"": 0.9999975562095642}"
4237,0.07017088,"{""0-1"": 0.07017087936401367}"
4238,-0.01289804,"{""0-1"": 0.08113080263137817, ""0-2"": -0.13062946498394012, ""1-2"": 0.01080455631017685}"
4239,0.01276962,"{""0-1"": 0.06511691957712173, ""0-2"": -0.05167025700211525, ""1-2"": 0.02486218884587288}"
4240,-0.01524056,"{""0-1"": -0.005955070722848177, ""0-2"": 0.007767993025481701, ""1-2"": -0.047534603625535965}"
4241,0.28068933,"{""0-1"": 0.10988333076238632, ""0-2"": -0.01942334696650505, ""1-2"": 0.7516080141067505}"
4242,0.10047968,"{""0-1"": 0.10047967731952667}"
4243,-0.01925509,"{""0-1"": -0.0959237590432167, ""0-2"": 0.00898597203195095, ""1-2"": 0.029172508046030998}"
4244,-0.03495986,"{""0-1"": -0.019560733810067177, ""0-2"": -0.0726255252957344, ""1-2"": -0.012693327851593494}"
4245,-0.02406991,"{""0-1"": 0.007802818901836872, ""0-2"": -0.055421654134988785, ""1-2"": -0.024590900167822838}"
4246,-0.01793111,"{""0-1"": -0.07208558171987534, ""0-2"": -0.023466605693101883, ""1-2"": 0.04175885021686554}"
4247,0.00000000,{}
4248,0.02137587,"{""0-1"": -0.008457338437438011, ""0-2"": -0.018994266167283058, ""1-2"": 0.09157920628786087}"
4249,0.99609667,"{""0-1"": 0.996096670627594}"
4250,0.09342613,"{""0-1"": 0.016074202954769135, ""0-2"": -0.016768338158726692, ""1-2"": 0.28097251057624817}"
4251,0.12062626,"{""0-1"": 0.12062625586986542}"
4252,0.00000000,{}
4253,0.00858407,"{""0-1"": -0.003066661534830928, ""0-2"": 0.040715720504522324, ""1-2"": -0.011896839365363121}"
4254,0.88987345,"{""0-1"": 0.8898734450340271}"
4255,0.06762135,"{""0-1"": 0.06858319789171219, ""0-2"": 0.16893278062343597, ""1-2"": -0.03465193137526512}"
4256,0.21622025,"{""0-1"": 0.15400628745555878, ""0-2"": 0.4142338037490845, ""1-2"": 0.08042066544294357}"
4257,0.19976453,"{""0-1"": 0.02019806019961834, ""0-2"": -0.032208383083343506, ""1-2"": 0.6113039255142212}"
4258,0.22962898,"{""0-1"": 0.008275949396193027, ""0-2"": 0.46871522068977356, ""1-2"": 0.21189577877521515}"
4259,0.11684021,"{""0-1"": -0.024233074858784676, ""0-2"": 0.21149763464927673, ""1-2"": 0.16325607895851135}"
4260,-0.01094439,"{""0-1"": -0.010944394394755363}"
4261,0.10089461,"{""0-1"": 0.1825568825006485, ""0-2"": 0.0857769027352333, ""1-2"": 0.03435005620121956}"
4262,0.11718115,"{""0-1"": 0.06755448132753372, ""0-2"": 0.13926096260547638, ""1-2"": 0.14472800493240356}"
4263,1.00000000,"{""0-1"": 1.0}"
4264,0.19415693,"{""0-1"": 0.6166985630989075, ""0-2"": -0.03507775440812111, ""1-2"": 0.0008499780087731779}"
4265,0.08594151,"{""0-1"": 0.08594150841236115}"
4266,0.00000000,{}
4267,0.06274965,"{""0-1"": 0.07135288417339325, ""0-2"": 0.040688496083021164, ""1-2"": 0.07620756328105927}"
4268,-0.04257071,"{""0-1"": -0.11137359589338303, ""0-2"": -0.044211190193891525, ""1-2"": 0.027872655540704727}"
4269,-0.00499844,"{""0-1"": 0.07891669124364853, ""0-2"": 0.017521418631076813, ""1-2"": -0.11143343150615692}"
4270,0.02892973,"{""0-1"": -0.03386545181274414, ""0-2"": 0.12981246411800385, ""1-2"": -0.009157835505902767}"
4271,0.16270587,"{""0-1"": 0.5142823457717896, ""0-2"": -0.006705807521939278, ""1-2"": -0.019458916038274765}"
4272,0.32496322,"{""0-1"": 0.9654508233070374, ""0-2"": 0.006526788230985403, ""1-2"": 0.0029120389372110367}"
4273,0.77574283,"{""0-1"": 0.7757428288459778}"
4274,0.04115193,"{""0-1"": 0.11039666831493378, ""0-2"": 0.022996822372078896, ""1-2"": -0.009937713854014874}"
4275,0.00000000,{}
4276,0.01917660,"{""0-1"": 0.019176598638296127}"
4277,0.23828386,"{""0-1"": 0.6095981597900391, ""0-2"": 0.0682787224650383, ""1-2"": 0.036974694579839706}"
4278,0.47815287,"{""0-1"": 0.8436989188194275, ""0-2"": 0.3366850018501282, ""1-2"": 0.25407469272613525}"
4279,-0.04499394,"{""0-1"": -0.07800912857055664, ""0-2"": -0.02345913276076317, ""1-2"": -0.03351355344057083}"
4280,0.83168858,"{""0-1"": 0.8316885828971863}"
4281,-0.02941649,"{""0-1"": 0.0842786356806755, ""0-2"": -0.1098908856511116, ""1-2"": -0.06263721734285355}"
4282,0.99999863,"{""0-1"": 0.9999986290931702}"
4283,-0.01555117,"{""0-1"": -0.015678979456424713, ""0-2"": -0.021662719547748566, ""1-2"": -0.009311816655099392}"
4284,0.08028064,"{""0-1"": 0.08028063923120499}"
4285,0.43635216,"{""0-1"": 0.4363521635532379}"
4286,-0.00347330,"{""0-1"": 0.019384250044822693, ""0-2"": 0.024355897679924965, ""1-2"": -0.054160043597221375}"
4287,0.00000000,{}
4288,0.00626966,"{""0-1"": 0.006269661244004965}"
4289,0.01164917,"{""0-1"": 0.008003543131053448, ""0-2"": 0.04696238040924072, ""1-2"": -0.020018398761749268}"
4290,0.99999863,"{""0-1"": 0.9999986290931702}"
4291,0.43125322,"{""0-1"": 0.43125322461128235}"
4292,0.27517336,"{""0-1"": -0.01550495345145464, ""0-2"": 0.8427033424377441, ""1-2"": -0.0016782984603196383}"
4293,-0.02168793,"{""0-1"": 0.06559570133686066, ""0-2"": -0.055219583213329315, ""1-2"": -0.07543990761041641}"
4294,0.01405136,"{""0-1"": 0.04404280707240105, ""0-2"": 0.03512590005993843, ""1-2"": -0.03701461851596832}"
4295,0.34391374,"{""0-1"": 0.31724345684051514, ""0-2"": 0.539354681968689, ""1-2"": 0.17514309287071228}"
4296,0.98919135,"{""0-1"": 0.9891913533210754}"
4297,0.00000000,{}
4298,0.01789775,"{""0-1"": 0.012815524823963642, ""0-2"": -0.03184106573462486, ""1-2"": 0.0727187842130661}"
4299,0.02598301,"{""0-1"": 0.025983009487390518}"
4300,-0.04344911,"{""0-1"": -0.046535179018974304, ""0-2"": -0.11562566459178925, ""1-2"": 0.03181350603699684}"
4301,0.07421348,"{""0-1"": -0.004765660036355257, ""0-2"": 0.13418981432914734, ""1-2"": 0.09321627765893936}"
4302,0.18252017,"{""0-1"": -0.05459824576973915, ""0-2"": 0.30943843722343445, ""1-2"": 0.29272031784057617}"
4303,0.11015932,"{""0-1"": 0.16091321408748627, ""0-2"": 0.18300369381904602, ""1-2"": -0.013438942842185497}"
4304,0.44013953,"{""0-1"": 0.4401395320892334}"
4305,-0.01253099,"{""0-1"": 0.03049542009830475, ""0-2"": -0.004738485440611839, ""1-2"": -0.0633499026298523}"
4306,0.08266248,"{""0-1"": 0.08266247808933258}"
4307,0.99531054,"{""0-1"": 0.9953105449676514}"
4308,0.98919135,"{""0-1"": 0.9891913533210754}"
4309,0.73676950,"{""0-1"": 0.7367694973945618}"
4310,0.95598263,"{""0-1"": 0.9559826254844666}"
4311,0.52370173,"{""0-1"": 0.5237017273902893}"
4312,0.01276962,"{""0-1"": 0.06511691957712173, ""0-2"": -0.05167025700211525, ""1-2"": 0.02486218884587288}"
4313,0.88203639,"{""0-1"": 0.8820363879203796}"
4314,-0.00964158,"{""0-1"": -0.031599558889865875, ""0-2"": 0.08060335367918015, ""1-2"": -0.07792854309082031}"
4315,-0.07437158,"{""0-1"": -0.024451466277241707, ""0-2"": -0.05865393579006195, ""1-2"": -0.1400093287229538}"
4316,0.03828857,"{""0-1"": 0.10208430141210556, ""0-2"": 0.007207624614238739, ""1-2"": 0.005573782604187727}"
4317,0.27827975,"{""0-1"": 0.27827975153923035}"
4318,0.20511609,"{""0-1"": 0.13941329717636108, ""0-2"": 0.39906176924705505, ""1-2"": 0.07687319815158844}"
4319,-0.01522434,"{""0-1"": 0.023573270067572594, ""0-2"": -0.033060088753700256, ""1-2"": -0.03618618845939636}"
4320,0.30096820,"{""0-1"": -0.05426352843642235, ""0-2"": -0.0054767499677836895, ""1-2"": 0.9626448750495911}"
4321,0.11458579,"{""0-1"": 0.08492866158485413, ""0-2"": 0.17270435392856598, ""1-2"": 0.08612436801195145}"
4322,0.42298272,"{""0-1"": 0.42298272252082825}"
4323,-0.00391247,"{""0-1"": 0.05990615487098694, ""0-2"": -0.123868428170681, ""1-2"": 0.05222485959529877}"
4324,0.30265141,"{""0-1"": -0.03622859716415405, ""0-2"": -0.022166721522808075, ""1-2"": 0.9663495421409607}"
4325,0.28755984,"{""0-1"": 0.28755983710289}"
4326,0.12824284,"{""0-1"": 0.1282428354024887}"
4327,-0.04723182,"{""0-1"": -0.10939869284629822, ""0-2"": 0.04544035345315933, ""1-2"": -0.07773713022470474}"
4328,0.99440581,"{""0-1"": 0.9944058060646057}"
4329,0.01907229,"{""0-1"": 0.05215922370553017, ""0-2"": 0.024296781048178673, ""1-2"": -0.01923912763595581}"
4330,0.97251588,"{""0-1"": 0.972515881061554}"
4331,-0.15145947,"{""0-1"": -0.1514594703912735}"
4332,-0.02439735,"{""0-1"": -0.030335044488310814, ""0-2"": -0.0140475919470191, ""1-2"": -0.028809402137994766}"
4333,0.08134623,"{""0-1"": 0.19680078327655792, ""0-2"": 0.05569715052843094, ""1-2"": -0.00845925323665142}"
4334,0.17739540,"{""0-1"": 0.17739540338516235}"
4335,-0.04088640,"{""0-1"": -0.04088640213012695}"
4336,0.15143615,"{""0-1"": 0.15143615007400513}"
4337,0.64448822,"{""0-1"": 0.6444882154464722}"
4338,0.31011143,"{""0-1"": 0.9987244009971619, ""0-2"": -0.03030874952673912, ""1-2"": -0.038081374019384384}"
4339,-0.02862637,"{""0-1"": -0.07528399676084518, ""0-2"": 0.004968401975929737, ""1-2"": -0.015563508495688438}"
4340,0.00000000,{}
4341,-0.01017065,"{""0-1"": 0.02403276599943638, ""0-2"": -0.029266877099871635, ""1-2"": -0.025277849286794662}"
4342,0.02920233,"{""0-1"": -0.004595632199198008, ""0-2"": 0.045856498181819916, ""1-2"": 0.04634613171219826}"
4343,0.10236107,"{""0-1"": 0.10236106812953949}"
4344,0.11053854,"{""0-1"": -0.028566351160407066, ""0-2"": -0.026462657377123833, ""1-2"": 0.3866446316242218}"
4345,0.08916961,"{""0-1"": 0.08916960656642914}"
4346,0.19020566,"{""0-1"": 0.1902056634426117}"
4347,0.45165962,"{""0-1"": 0.451659619808197}"
4348,-0.03301920,"{""0-1"": -0.016377964988350868, ""0-2"": -0.04041469842195511, ""1-2"": -0.042264942079782486}"
4349,1.00000000,"{""0-1"": 1.0}"
4350,0.01332641,"{""0-1"": 0.04674263671040535, ""0-2"": -0.0076257227919995785, ""1-2"": 0.0008623290923424065}"
4351,0.17430140,"{""0-1"": 0.1743014007806778}"
4352,-0.03639103,"{""0-1"": -0.03639103099703789}"
4353,0.19963613,"{""0-1"": 0.43995121121406555, ""0-2"": 0.1352958083152771, ""1-2"": 0.023661376908421516}"
4354,0.32333323,"{""0-1"": 0.3233332335948944}"
4355,-0.02522945,"{""0-1"": 0.06368385255336761, ""0-2"": -0.18736836314201355, ""1-2"": 0.0479961596429348}"
4356,0.46051721,"{""0-1"": 0.18865160644054413, ""0-2"": 0.19491764903068542, ""1-2"": 0.997982382774353}"
4357,0.99004090,"{""0-1"": 0.9900408983230591}"
4358,0.04242352,"{""0-1"": 0.04242352023720741}"
4359,0.00684802,"{""0-1"": 0.12395339459180832, ""0-2"": -0.06451799720525742, ""1-2"": -0.03889134153723717}"
4360,0.17563598,"{""0-1"": 0.17563597857952118}"
4361,0.02597150,"{""0-1"": 0.2190517634153366, ""0-2"": -0.0646493062376976, ""1-2"": -0.0764879509806633}"
4362,0.21503790,"{""0-1"": 0.05033786967396736, ""0-2"": 0.47093719244003296, ""1-2"": 0.1238386258482933}"
4363,0.17314610,"{""0-1"": 0.09387388080358505, ""0-2"": 0.37852907180786133, ""1-2"": 0.047035351395606995}"
4364,0.08635901,"{""0-1"": -0.05023394897580147, ""0-2"": -0.023128075525164604, ""1-2"": 0.3324390649795532}"
4365,0.03036722,"{""0-1"": -0.012720462866127491, ""0-2"": 0.05091217905282974, ""1-2"": 0.05290992930531502}"
4366,-0.04088640,"{""0-1"": -0.04088640213012695}"
4367,0.62083769,"{""0-1"": 0.6208376884460449}"
4368,0.07016998,"{""0-1"": 0.07016997784376144}"
4369,0.01276962,"{""0-1"": 0.06511691957712173, ""0-2"": -0.05167025700211525, ""1-2"": 0.02486218884587288}"
4370,0.01872979,"{""0-1"": 0.05011584237217903, ""0-2"": 0.08775237947702408, ""1-2"": -0.0816788598895073}"
4371,-0.02611817,"{""0-1"": 0.06865695863962173, ""0-2"": -0.06195648014545441, ""1-2"": -0.08505497872829437}"
4372,-0.04264463,"{""0-1"": -0.01303776353597641, ""0-2"": -0.009599237702786922, ""1-2"": -0.10529690235853195}"
4373,0.58541977,"{""0-1"": 0.585419774055481}"
4374,0.18755764,"{""0-1"": 0.2410622388124466, ""0-2"": 0.14021149277687073, ""1-2"": 0.1813991814851761}"
4375,0.71405762,"{""0-1"": 0.7140576243400574}"
4376,-0.07794180,"{""0-1"": -0.06567911803722382, ""0-2"": -0.08556380867958069, ""1-2"": -0.08258248120546341}"
4377,0.05315281,"{""0-1"": 0.053152814507484436}"
4378,0.16194411,"{""0-1"": 0.5436436533927917, ""0-2"": -0.020909098908305168, ""1-2"": -0.036902233958244324}"
4379,-0.08819829,"{""0-1"": -0.10714272409677505, ""0-2"": -0.14113609492778778, ""1-2"": -0.016316043213009834}"
4380,-0.00101277,"{""0-1"": -0.04980679601430893, ""0-2"": 0.04911660775542259, ""1-2"": -0.0023481126409024}"
4381,0.01332641,"{""0-1"": 0.04674263671040535, ""0-2"": -0.0076257227919995785, ""1-2"": 0.0008623290923424065}"
4382,0.00000000,{}
4383,0.04006363,"{""0-1"": 0.016338378190994263, ""0-2"": 0.03302738815546036, ""1-2"": 0.07082513719797134}"
4384,0.99999756,"{""0-1"": 0.9999975562095642}"
4385,0.43694809,"{""0-1"": 0.43694809079170227}"
4386,0.21577785,"{""0-1"": 0.23710468411445618, ""0-2"": 0.30237624049186707, ""1-2"": 0.10785263776779175}"
4387,0.27007251,"{""0-1"": -0.020473582670092583, ""0-2"": -0.02568439021706581, ""1-2"": 0.856375515460968}"
4388,0.00000000,{}
4389,0.42298272,"{""0-1"": 0.42298272252082825}"
4390,0.93783498,"{""0-1"": 0.9378349781036377}"
4391,0.05094942,"{""0-1"": -0.033905383199453354, ""0-2"": -0.009132335893809795, ""1-2"": 0.19588597118854523}"
4392,-0.00584561,"{""0-1"": 0.05617966875433922, ""0-2"": -0.00979932677000761, ""1-2"": -0.06391718238592148}"
4393,0.01917660,"{""0-1"": 0.019176598638296127}"
4394,-0.02167723,"{""0-1"": -0.057778939604759216, ""0-2"": -0.08696690946817398, ""1-2"": 0.07971414923667908}"
4395,-0.03594864,"{""0-1"": -0.15815702080726624, ""0-2"": 0.0058870138600468636, ""1-2"": 0.04442407563328743}"
4396,0.51108575,"{""0-1"": 0.5110857486724854}"
4397,-0.00449456,"{""0-1"": -0.004494562745094299}"
4398,0.07325119,"{""0-1"": 0.07325118780136108}"
4399,0.26824077,"{""0-1"": 0.7755987644195557, ""0-2"": 0.004381842445582151, ""1-2"": 0.02474169060587883}"
4400,0.40857753,"{""0-1"": 0.4085775315761566}"
4401,-0.08016609,"{""0-1"": -0.08016608655452728}"
4402,-0.09723115,"{""0-1"": -0.09723114967346191}"
4403,0.01025649,"{""0-1"": 0.08176135271787643, ""0-2"": -0.00271242274902761, ""1-2"": -0.048279471695423126}"
4404,-0.01197288,"{""0-1"": -0.06819882988929749, ""0-2"": -0.03286847099661827, ""1-2"": 0.06514867395162582}"
4405,-0.04418293,"{""0-1"": -0.04418293386697769}"
4406,-0.07661671,"{""0-1"": -0.09432265907526016, ""0-2"": -0.046768203377723694, ""1-2"": -0.08875928074121475}"
4407,0.02499972,"{""0-1"": 0.003791464725509286, ""0-2"": 0.021418873220682144, ""1-2"": 0.049788810312747955}"
4408,0.10971384,"{""0-1"": 0.2237400859594345, ""0-2"": -0.00901068840175867, ""1-2"": 0.11441213637590408}"
4409,0.26298320,"{""0-1"": 0.26298320293426514}"
4410,0.99999863,"{""0-1"": 0.9999986290931702}"
4411,0.99621558,"{""0-1"": 0.9962155818939209}"
4412,-0.06621332,"{""0-1"": -0.127024307847023, ""0-2"": -0.1407441645860672, ""1-2"": 0.06912850588560104}"
4413,0.14300944,"{""0-1"": 0.057237330824136734, ""0-2"": 0.3278612494468689, ""1-2"": 0.04392974451184273}"
4414,0.72147042,"{""0-1"": 0.7214704155921936}"
4415,-0.00643820,"{""0-1"": 0.020881203934550285, ""0-2"": -0.03180566057562828, ""1-2"": -0.008390131406486034}"
4416,0.01059868,"{""0-1"": -0.08975210785865784, ""0-2"": -0.004259252920746803, ""1-2"": 0.12580738961696625}"
4417,0.98134559,"{""0-1"": 0.9813455939292908}"
4418,-0.03856967,"{""0-1"": -0.10359024256467819, ""0-2"": -0.03781244158744812, ""1-2"": 0.025693688541650772}"
4419,0.01167738,"{""0-1"": -0.039401598274707794, ""0-2"": 0.08864651620388031, ""1-2"": -0.014212777838110924}"
4420,0.13880879,"{""0-1"": 0.044236380606889725, ""0-2"": 0.28516310453414917, ""1-2"": 0.08702687174081802}"
4421,0.04802978,"{""0-1"": 0.09267076104879379, ""0-2"": -0.1674276888370514, ""1-2"": 0.21884626150131226}"
4422,-0.09723115,"{""0-1"": -0.09723114967346191}"
4423,0.15947139,"{""0-1"": 0.5666820406913757, ""0-2"": -0.04078235477209091, ""1-2"": -0.04748552292585373}"
4424,0.93962389,"{""0-1"": 0.9396238923072815}"
4425,0.01917660,"{""0-1"": 0.019176598638296127}"
4426,0.02521203,"{""0-1"": 0.0247119702398777, ""0-2"": -0.018030215054750443, ""1-2"": 0.06895434111356735}"
4427,0.06412173,"{""0-1"": 0.030388977378606796, ""0-2"": 0.014832744374871254, ""1-2"": 0.14714348316192627}"
4428,0.02872189,"{""0-1"": 0.02021242491900921, ""0-2"": 0.02246673032641411, ""1-2"": 0.043486516922712326}"
4429,0.21067846,"{""0-1"": 0.32370126247406006, ""0-2"": 0.0438629575073719, ""1-2"": 0.264471173286438}"
4430,-0.10893410,"{""0-1"": -0.22586528956890106, ""0-2"": -0.1582576483488083, ""1-2"": 0.05732063576579094}"
4431,-0.02163193,"{""0-1"": -0.021631931886076927}"
4432,0.07180101,"{""0-1"": 0.27758777141571045, ""0-2"": 0.059395529329776764, ""1-2"": -0.12158028036355972}"
4433,0.05887129,"{""0-1"": 0.21073505282402039, ""0-2"": 0.00733428169041872, ""1-2"": -0.0414554588496685}"
4434,0.01460912,"{""0-1"": 0.05808192864060402, ""0-2"": -0.010450482368469238, ""1-2"": -0.0038040827494114637}"
4435,0.40855224,"{""0-1"": 0.40120741724967957, ""0-2"": 0.8007489442825317, ""1-2"": 0.023700354620814323}"
4436,0.86043853,"{""0-1"": 0.8604385256767273}"
4437,0.03368021,"{""0-1"": -0.0044745225459337234, ""0-2"": 0.2335578054189682, ""1-2"": -0.12804263830184937}"
4438,-0.09257290,"{""0-1"": -0.08244002610445023, ""0-2"": -0.24929063022136688, ""1-2"": 0.05401196703314781}"
4439,0.04881985,"{""0-1"": 0.06165891885757446, ""0-2"": 0.043758995831012726, ""1-2"": 0.041041623800992966}"
4440,0.45305897,"{""0-1"": 0.9963677525520325, ""0-2"": 0.14321285486221313, ""1-2"": 0.21959629654884338}"
4441,0.46157071,"{""0-1"": 0.46157070994377136}"
4442,0.01256643,"{""0-1"": 0.06918124109506607, ""0-2"": -0.014813538640737534, ""1-2"": -0.01666841097176075}"
4443,0.96959001,"{""0-1"": 0.9695900082588196}"
4444,0.11458579,"{""0-1"": 0.08492866158485413, ""0-2"": 0.17270435392856598, ""1-2"": 0.08612436801195145}"
4445,0.32490083,"{""0-1"": 0.18118983507156372, ""0-2"": -0.039545513689517975, ""1-2"": 0.8330581784248352}"
4446,0.36215132,"{""0-1"": 0.3621513247489929}"
4447,0.18333687,"{""0-1"": -0.17812135815620422, ""0-2"": -0.08244691044092178, ""1-2"": 0.8105788826942444}"
4448,0.02937095,"{""0-1"": 0.029370950534939766}"
4449,0.27964589,"{""0-1"": 0.2796458899974823}"
4450,-0.03067670,"{""0-1"": -0.010756807401776314, ""0-2"": -0.05871719494462013, ""1-2"": -0.022556107491254807}"
4451,-0.00149042,"{""0-1"": 0.0811360701918602, ""0-2"": -0.10616083443164825, ""1-2"": 0.020553501322865486}"
4452,-0.01631316,"{""0-1"": -0.09592366218566895, ""0-2"": -0.09885707497596741, ""1-2"": 0.14584125578403473}"
4453,0.01369740,"{""0-1"": 0.04724990949034691, ""0-2"": 0.08438864350318909, ""1-2"": -0.09054634720087051}"
4454,-0.01006074,"{""0-1"": 0.08129680901765823, ""0-2"": -0.09054885059595108, ""1-2"": -0.020930176600813866}"
4455,0.00000000,{}
4456,0.04701566,"{""0-1"": 0.04701566323637962}"
4457,-0.04822643,"{""0-1"": -0.07441751658916473, ""0-2"": -0.0076039512641727924, ""1-2"": -0.06265783309936523}"
4458,0.32614774,"{""0-1"": 0.32614773511886597}"
4459,0.04701566,"{""0-1"": 0.04701566323637962}"
4460,-0.06310578,"{""0-1"": -0.06310578435659409}"
4461,0.00491119,"{""0-1"": -0.05246651545166969, ""0-2"": 0.18153992295265198, ""1-2"": -0.11433983594179153}"
4462,0.02637284,"{""0-1"": -0.03220796957612038, ""0-2"": 0.08986569941043854, ""1-2"": 0.021460775285959244}"
4463,0.02790298,"{""0-1"": 0.02790297567844391}"
4464,0.01509016,"{""0-1"": 0.0032239200081676245, ""0-2"": -0.005506556015461683, ""1-2"": 0.04755310341715813}"
4465,0.31467265,"{""0-1"": 0.31467264890670776}"
4466,0.00095390,"{""0-1"": -0.17856840789318085, ""0-2"": 0.07614967226982117, ""1-2"": 0.10528042912483215}"
4467,0.04680609,"{""0-1"": 0.04680608585476875}"
4468,-0.05589066,"{""0-1"": -0.0882120430469513, ""0-2"": -0.056195735931396484, ""1-2"": -0.0232642013579607}"
4469,0.23757636,"{""0-1"": 0.7057321071624756, ""0-2"": -0.022707108408212662, ""1-2"": 0.029704077169299126}"
4470,0.08070680,"{""0-1"": 0.11082692444324493, ""0-2"": 0.004073312971740961, ""1-2"": 0.12722015380859375}"
4471,0.02048416,"{""0-1"": 0.09712547063827515, ""0-2"": -0.06562232226133347, ""1-2"": 0.029949337244033813}"
4472,0.04659053,"{""0-1"": 0.19716091454029083, ""0-2"": -0.05078282579779625, ""1-2"": -0.006606510374695063}"
4473,0.00000000,{}
4474,0.30077374,"{""0-1"": 0.3007737398147583}"
4475,0.05940343,"{""0-1"": 0.07474026083946228, ""0-2"": 0.01599259115755558, ""1-2"": 0.0874774381518364}"
4476,0.05156806,"{""0-1"": 0.14915241301059723, ""0-2"": -0.01647442951798439, ""1-2"": 0.022026194259524345}"
4477,-0.00794318,"{""0-1"": -0.007943184114992619}"
4478,-0.03965759,"{""0-1"": -0.0396575853228569}"
4479,0.00672636,"{""0-1"": 0.02632453665137291, ""0-2"": 0.019289158284664154, ""1-2"": -0.025434622541069984}"
4480,0.07325119,"{""0-1"": 0.07325118780136108}"
4481,0.06731228,"{""0-1"": 0.25046226382255554, ""0-2"": -0.09199339151382446, ""1-2"": 0.04346797615289688}"
4482,0.04780066,"{""0-1"": -0.008849285542964935, ""0-2"": 0.0506012924015522, ""1-2"": 0.10164996236562729}"
4483,0.01902221,"{""0-1"": -0.04955414682626724, ""0-2"": 0.053765617311000824, ""1-2"": 0.05285516008734703}"
4484,-0.08083845,"{""0-1"": -0.10986346751451492, ""0-2"": -0.09398820251226425, ""1-2"": -0.03866366669535637}"
4485,0.99999994,"{""0-1"": 0.9999999403953552}"
4486,0.00519385,"{""0-1"": -0.03700726479291916, ""0-2"": -0.027153458446264267, ""1-2"": 0.07974228262901306}"
4487,-0.03191228,"{""0-1"": -0.04893403872847557, ""0-2"": -0.011225026100873947, ""1-2"": -0.035577788949012756}"
4488,0.05551314,"{""0-1"": 0.04136792942881584, ""0-2"": 0.1080365851521492, ""1-2"": 0.017134912312030792}"
4489,0.21712604,"{""0-1"": 0.2171260416507721}"
4490,0.04266961,"{""0-1"": 0.12172382324934006, ""0-2"": -0.0846172422170639, ""1-2"": 0.09090223908424377}"
4491,0.06412173,"{""0-1"": 0.030388977378606796, ""0-2"": 0.014832744374871254, ""1-2"": 0.14714348316192627}"
4492,-0.00867654,"{""0-1"": -0.008676544763147831}"
4493,0.03178204,"{""0-1"": -0.11496064066886902, ""0-2"": 0.09832782298326492, ""1-2"": 0.1119789257645607}"
4494,0.00000000,{}
4495,0.34482601,"{""0-1"": 0.34482601284980774}"
4496,0.00884398,"{""0-1"": 0.062394797801971436, ""0-2"": -0.0010147122666239738, ""1-2"": -0.034848153591156006}"
4497,0.10756234,"{""0-1"": 0.2158709466457367, ""0-2"": 0.050549186766147614, ""1-2"": 0.05626688897609711}"
4498,-0.02163193,"{""0-1"": -0.021631931886076927}"
4499,0.28437867,"{""0-1"": 0.0352899394929409, ""0-2"": 0.33297210931777954, ""1-2"": 0.4848739504814148}"
4500,0.07814754,"{""0-1"": -0.153609037399292, ""0-2"": 0.19031554460525513, ""1-2"": 0.19773609936237335}"
4501,0.48467598,"{""0-1"": 0.8786155581474304, ""0-2"": 0.31578075885772705, ""1-2"": 0.2596316337585449}"
4502,0.92620581,"{""0-1"": 0.9262058138847351}"
4503,0.00000000,{}
4504,0.28560278,"{""0-1"": 0.00812966376543045, ""0-2"": -0.0791991725564003, ""1-2"": 0.9278778433799744}"
4505,0.01235755,"{""0-1"": 0.04647556692361832, ""0-2"": -0.04335644468665123, ""1-2"": 0.033953532576560974}"
4506,0.00000000,{}
4507,0.06287821,"{""0-1"": 0.06287820637226105}"
4508,0.99999815,"{""0-1"": 0.999998152256012}"
4509,0.15516020,"{""0-1"": -0.06762123852968216, ""0-2"": 0.16110193729400635, ""1-2"": 0.3719998896121979}"
4510,0.15143615,"{""0-1"": 0.15143615007400513}"
4511,0.07088431,"{""0-1"": 0.020287729799747467, ""0-2"": -0.04262969270348549, ""1-2"": 0.23499490320682526}"
4512,-0.04188413,"{""0-1"": -0.07438869029283524, ""0-2"": -0.028288086876273155, ""1-2"": -0.022975610569119453}"
4513,0.00000000,{}
4514,-0.11181067,"{""0-1"": -0.19756095111370087, ""0-2"": -0.18820059299468994, ""1-2"": 0.0503295436501503}"
4515,-0.06310578,"{""0-1"": -0.06310578435659409}"
4516,0.64717758,"{""0-1"": 0.6471775770187378}"
4517,0.04224203,"{""0-1"": 0.05595490708947182, ""0-2"": 0.09943411499261856, ""1-2"": -0.028662940487265587}"
4518,0.12338047,"{""0-1"": 0.1680203378200531, ""0-2"": 0.09284329414367676, ""1-2"": 0.10927778482437134}"
4519,-0.00835656,"{""0-1"": 0.0746394470334053, ""0-2"": -0.015926418825984, ""1-2"": -0.08378269523382187}"
4520,-0.01442056,"{""0-1"": -0.03176753595471382, ""0-2"": -0.0020581551361829042, ""1-2"": -0.009435978718101978}"
4521,-0.00450247,"{""0-1"": -0.04631243646144867, ""0-2"": 0.039554327726364136, ""1-2"": -0.006749290507286787}"
4522,-0.02045680,"{""0-1"": -0.09770820289850235, ""0-2"": -0.004311205819249153, ""1-2"": 0.04064902290701866}"
4523,0.34514860,"{""0-1"": -0.011173499748110771, ""0-2"": 0.09600402414798737, ""1-2"": 0.9506152868270874}"
4524,0.35785840,"{""0-1"": 0.10736818611621857, ""0-2"": 0.8070151209831238, ""1-2"": 0.15919189155101776}"
4525,-0.06616064,"{""0-1"": -0.0661606416106224}"
4526,0.09976852,"{""0-1"": -0.005124909803271294, ""0-2"": -0.01886308752000332, ""1-2"": 0.3232935667037964}"
4527,-0.01976755,"{""0-1"": -0.014895251952111721, ""0-2"": -0.025541024282574654, ""1-2"": -0.01886637695133686}"
4528,0.21156618,"{""0-1"": 0.21156617999076843}"
4529,0.26673108,"{""0-1"": 0.2667310833930969}"
4530,-0.06616793,"{""0-1"": -0.07329349964857101, ""0-2"": -0.07703892141580582, ""1-2"": -0.04817136377096176}"
4531,0.45296173,"{""0-1"": 0.9979535341262817, ""0-2"": 0.1556817591190338, ""1-2"": 0.20524990558624268}"
4532,0.01235755,"{""0-1"": 0.04647556692361832, ""0-2"": -0.04335644468665123, ""1-2"": 0.033953532576560974}"
4533,0.04520572,"{""0-1"": 0.04520571976900101}"
4534,-0.06724747,"{""0-1"": -0.03789054974913597, ""0-2"": 0.007864902727305889, ""1-2"": -0.17171676456928253}"
4535,0.05298371,"{""0-1"": 0.25524356961250305, ""0-2"": -0.045712910592556, ""1-2"": -0.05057951807975769}"
4536,-0.01799018,"{""0-1"": -0.027498412877321243, ""0-2"": -0.02167864330112934, ""1-2"": -0.004793493542820215}"
4537,-0.02244640,"{""0-1"": -0.0224464014172554}"
4538,-0.09024804,"{""0-1"": -0.04189097881317139, ""0-2"": -0.1648952215909958, ""1-2"": -0.06395792216062546}"
4539,0.00000000,{}
4540,0.21067846,"{""0-1"": 0.32370126247406006, ""0-2"": 0.0438629575073719, ""1-2"": 0.264471173286438}"
4541,0.00000000,{}
4542,-0.09171940,"{""0-1"": -0.06008965149521828, ""0-2"": -0.3498387634754181, ""1-2"": 0.1347702145576477}"
4543,-0.06380374,"{""0-1"": -0.059515587985515594, ""0-2"": 0.01067457813769579, ""1-2"": -0.14257019758224487}"
4544,0.30585295,"{""0-1"": 0.9988039135932922, ""0-2"": -0.039433080703020096, ""1-2"": -0.0418119803071022}"
4545,-0.03899116,"{""0-1"": -0.04875790700316429, ""0-2"": -0.028779426589608192, ""1-2"": -0.03943614661693573}"
4546,0.38121290,"{""0-1"": 0.06972678005695343, ""0-2"": 0.07580960541963577, ""1-2"": 0.9981023073196411}"
4547,0.14527887,"{""0-1"": -0.04071887955069542, ""0-2"": -0.037082720547914505, ""1-2"": 0.5136381983757019}"
4548,-0.02136401,"{""0-1"": -0.01999984122812748, ""0-2"": 0.01513642631471157, ""1-2"": -0.059228602796792984}"
4549,0.20511609,"{""0-1"": 0.13941329717636108, ""0-2"": 0.39906176924705505, ""1-2"": 0.07687319815158844}"
4550,-0.02865183,"{""0-1"": -0.02430398389697075, ""0-2"": -0.0835551843047142, ""1-2"": 0.021903669461607933}"
4551,0.25132512,"{""0-1"": 0.6549177765846252, ""0-2"": 0.03725811466574669, ""1-2"": 0.06179947033524513}"
4552,-0.04653354,"{""0-1"": -0.04453105106949806, ""0-2"": -0.035633914172649384, ""1-2"": -0.059435658156871796}"
4553,-0.06380374,"{""0-1"": -0.059515587985515594, ""0-2"": 0.01067457813769579, ""1-2"": -0.14257019758224487}"
4554,0.06122039,"{""0-1"": 0.07069146633148193, ""0-2"": 0.09732785075902939, ""1-2"": 0.015641851350665092}"
4555,-0.27589065,"{""0-1"": -0.27589064836502075}"
4556,0.08110666,"{""0-1"": 0.08110666275024414}"
4557,0.00000000,{}
4558,0.00000000,{}
4559,0.04802978,"{""0-1"": 0.09267076104879379, ""0-2"": -0.1674276888370514, ""1-2"": 0.21884626150131226}"
4560,0.01412563,"{""0-1"": 0.014125628396868706}"
4561,0.60252392,"{""0-1"": 0.602523922920227}"
4562,0.05935542,"{""0-1"": 0.02853531576693058, ""0-2"": -0.005970592610538006, ""1-2"": 0.15550154447555542}"
4563,0.52905453,"{""0-1"": 0.7001527547836304, ""0-2"": 0.23009122908115387, ""1-2"": 0.6569195985794067}"
4564,-0.03276382,"{""0-1"": -0.017917349934577942, ""0-2"": -0.048499174416065216, ""1-2"": -0.031874947249889374}"
4565,0.99372476,"{""0-1"": 0.9937247633934021}"
4566,0.03869475,"{""0-1"": 0.03869474679231644}"
4567,0.06428303,"{""0-1"": -0.040716059505939484, ""0-2"": 0.15570177137851715, ""1-2"": 0.07786338776350021}"
4568,0.00000000,{}
4569,0.15825172,"{""0-1"": 0.15825171768665314}"
4570,0.01239975,"{""0-1"": 0.031183306127786636, ""0-2"": 0.038053661584854126, ""1-2"": -0.032037727534770966}"
4571,0.33629611,"{""0-1"": 0.9912722110748291, ""0-2"": 0.016364235430955887, ""1-2"": 0.0012518855510279536}"
4572,0.05940630,"{""0-1"": 0.13494089245796204, ""0-2"": 0.03352845460176468, ""1-2"": 0.009749541990458965}"
4573,0.01786314,"{""0-1"": 0.05811662599444389, ""0-2"": -0.036785390228033066, ""1-2"": 0.03225819766521454}"
4574,0.60622519,"{""0-1"": 0.5090961456298828, ""0-2"": 0.3434889316558838, ""1-2"": 0.9660905003547668}"
4575,0.15864381,"{""0-1"": 0.15864381194114685}"
4576,0.03900851,"{""0-1"": 0.006324100773781538, ""0-2"": 0.171563521027565, ""1-2"": -0.06086207926273346}"
4577,-0.14862279,"{""0-1"": -0.31561169028282166, ""0-2"": -0.11711595952510834, ""1-2"": -0.013140715658664703}"
4578,0.03750775,"{""0-1"": 0.12395071983337402, ""0-2"": -0.0023380580823868513, ""1-2"": -0.009089401923120022}"
4579,0.05122793,"{""0-1"": -0.09500747174024582, ""0-2"": 0.18210597336292267, ""1-2"": 0.06658528745174408}"
4580,-0.01656840,"{""0-1"": -0.052659012377262115, ""0-2"": -0.023557143285870552, ""1-2"": 0.02651095762848854}"
4581,0.02033602,"{""0-1"": 0.02033601701259613}"
4582,-0.05911082,"{""0-1"": -0.009357921779155731, ""0-2"": -0.13159878551959991, ""1-2"": -0.0363757498562336}"
4583,0.06342447,"{""0-1"": -0.035278331488370895, ""0-2"": 0.24915844202041626, ""1-2"": -0.023606695234775543}"
4584,0.07312672,"{""0-1"": 0.13944457471370697, ""0-2"": 0.06541398912668228, ""1-2"": 0.014521597884595394}"
4585,0.07017088,"{""0-1"": 0.07017087936401367}"
4586,0.73676950,"{""0-1"": 0.7367694973945618}"
4587,-0.03856967,"{""0-1"": -0.10359024256467819, ""0-2"": -0.03781244158744812, ""1-2"": 0.025693688541650772}"
4588,0.15155004,"{""0-1"": 0.1515500396490097}"
4589,0.93112403,"{""0-1"": 0.9311240315437317}"
4590,-0.10558538,"{""0-1"": -0.1868242472410202, ""0-2"": -0.01681513339281082, ""1-2"": -0.11311676353216171}"
4591,-0.02864281,"{""0-1"": -0.05976927652955055, ""0-2"": -0.06430422514677048, ""1-2"": 0.03814508393406868}"
4592,0.36215132,"{""0-1"": 0.3621513247489929}"
4593,0.43125322,"{""0-1"": 0.43125322461128235}"
4594,0.99982178,"{""0-1"": 0.9998217821121216}"
4595,0.08158797,"{""0-1"": -0.013305713422596455, ""0-2"": -0.04392284154891968, ""1-2"": 0.3019924759864807}"
4596,1.00000000,"{""0-1"": 1.0}"
4597,0.00000000,{}
4598,-0.09723115,"{""0-1"": -0.09723114967346191}"
4599,0.04230528,"{""0-1"": 0.033227771520614624, ""0-2"": 0.117915078997612, ""1-2"": -0.024227000772953033}"
4600,0.51108575,"{""0-1"": 0.5110857486724854}"
4601,0.37766831,"{""0-1"": 0.14151079952716827, ""0-2"": 0.01591498777270317, ""1-2"": 0.9755791425704956}"
4602,0.15803719,"{""0-1"": 0.5418835878372192, ""0-2"": 0.004837177228182554, ""1-2"": -0.07260920852422714}"
4603,0.11284895,"{""0-1"": 0.11284895241260529}"
4604,0.17016210,"{""0-1"": 0.29760226607322693, ""0-2"": -0.029636012390255928, ""1-2"": 0.2425200343132019}"
4605,0.12633457,"{""0-1"": 0.13681276142597198, ""0-2"": 0.09873554110527039, ""1-2"": 0.1434554159641266}"
4606,0.06844599,"{""0-1"": 0.06844598799943924}"
4607,-0.07781933,"{""0-1"": -0.042241137474775314, ""0-2"": -0.14195844531059265, ""1-2"": -0.04925840348005295}"
4608,0.00058575,"{""0-1"": 0.03857741504907608, ""0-2"": -0.044666968286037445, ""1-2"": 0.007846803404390812}"
4609,0.26091556,"{""0-1"": -0.07258269190788269, ""0-2"": -0.11691811680793762, ""1-2"": 0.9722474813461304}"
4610,0.16463484,"{""0-1"": 0.0009950589155778289, ""0-2"": 0.04307848587632179, ""1-2"": 0.4498309791088104}"
4611,0.13840054,"{""0-1"": 0.06958911567926407, ""0-2"": -0.014495758339762688, ""1-2"": 0.36010825634002686}"
4612,0.02954550,"{""0-1"": 0.06541873514652252, ""0-2"": 0.033022839576005936, ""1-2"": -0.009805059991776943}"
4613,0.32896637,"{""0-1"": 0.8850867748260498, ""0-2"": 0.00854187086224556, ""1-2"": 0.09327045828104019}"
4614,-0.04236950,"{""0-1"": -0.02504000999033451, ""0-2"": 0.01999777927994728, ""1-2"": -0.12206626683473587}"
4615,0.02126967,"{""0-1"": 0.021269669756293297}"
4616,-0.03214182,"{""0-1"": -0.04442218691110611, ""0-2"": -0.06193002313375473, ""1-2"": 0.009926754981279373}"
4617,0.00530021,"{""0-1"": -0.009009136818349361, ""0-2"": -0.02178436890244484, ""1-2"": 0.04669412970542908}"
4618,-0.04248902,"{""0-1"": -0.04044947400689125, ""0-2"": -0.178477942943573, ""1-2"": 0.09146035462617874}"
4619,0.01276962,"{""0-1"": 0.06511691957712173, ""0-2"": -0.05167025700211525, ""1-2"": 0.02486218884587288}"
4620,0.33976993,"{""0-1"": 0.9859154224395752, ""0-2"": 0.028192084282636642, ""1-2"": 0.00520229060202837}"
4621,0.99999756,"{""0-1"": 0.9999975562095642}"
4622,0.44635964,"{""0-1"": 0.9969050288200378, ""0-2"": 0.13732728362083435, ""1-2"": 0.20484662055969238}"
4623,0.30060228,"{""0-1"": 0.9667420387268066, ""0-2"": -0.028719455003738403, ""1-2"": -0.036215733736753464}"
4624,0.27684054,"{""0-1"": 0.27684053778648376}"
4625,-0.08918652,"{""0-1"": -0.04554351046681404, ""0-2"": -0.35655421018600464, ""1-2"": 0.13453815877437592}"
4626,0.10418452,"{""0-1"": 0.15167856216430664, ""0-2"": 0.0323043093085289, ""1-2"": 0.12857067584991455}"
4627,0.20350090,"{""0-1"": -0.1048857644200325, ""0-2"": -0.09089434146881104, ""1-2"": 0.8062828183174133}"
4628,0.64004469,"{""0-1"": 0.6400446891784668}"
4629,0.09024696,"{""0-1"": 0.09024696052074432}"
4630,0.12187810,"{""0-1"": -0.007858110591769218, ""0-2"": -0.07978979498147964, ""1-2"": 0.4532822072505951}"
4631,0.07920593,"{""0-1"": 0.22720971703529358, ""0-2"": 0.039032913744449615, ""1-2"": -0.028624828904867172}"
4632,0.25451770,"{""0-1"": 0.16352836787700653, ""0-2"": 0.5282850861549377, ""1-2"": 0.07173965871334076}"
4633,-0.02237005,"{""0-1"": -0.022370051592588425}"
4634,0.99999756,"{""0-1"": 0.9999975562095642}"
4635,0.00000000,{}
4636,0.02203307,"{""0-1"": 0.021498091518878937, ""0-2"": -0.0020700942259281874, ""1-2"": 0.04667121171951294}"
4637,0.15410690,"{""0-1"": 0.399952232837677, ""0-2"": 0.09180546551942825, ""1-2"": -0.029437007382512093}"
4638,0.19535097,"{""0-1"": 0.4085264801979065, ""0-2"": 0.09065710753202438, ""1-2"": 0.08686932921409607}"
4639,0.08465854,"{""0-1"": 0.19236792623996735, ""0-2"": 0.009616890922188759, ""1-2"": 0.05199079215526581}"
4640,0.22192144,"{""0-1"": 0.22192144393920898}"
4641,0.07001658,"{""0-1"": 0.031154649332165718, ""0-2"": 0.018239663913846016, ""1-2"": 0.1606554388999939}"
4642,-0.02368837,"{""0-1"": -0.02294131927192211, ""0-2"": -0.03462837636470795, ""1-2"": -0.013495421968400478}"
4643,0.23611612,"{""0-1"": -0.022478176280856133, ""0-2"": -0.0438653938472271, ""1-2"": 0.7746919393539429}"
4644,1.00000000,"{""0-1"": 1.0}"
4645,-0.03797396,"{""0-1"": -0.03797396272420883}"
4646,-0.03943649,"{""0-1"": -0.09905228763818741, ""0-2"": -0.03951527923345566, ""1-2"": 0.0202580988407135}"
4647,0.82942486,"{""0-1"": 0.8294248580932617}"
4648,0.21712604,"{""0-1"": 0.2171260416507721}"
4649,0.07385743,"{""0-1"": 0.07385742664337158}"
4650,0.08110666,"{""0-1"": 0.08110666275024414}"
4651,-0.01099158,"{""0-1"": 0.03470444679260254, ""0-2"": -0.03254574537277222, ""1-2"": -0.035133443772792816}"
4652,0.09092276,"{""0-1"": 0.0985259935259819, ""0-2"": 0.1537519097328186, ""1-2"": 0.020490368828177452}"
4653,0.50649940,"{""0-1"": 0.761612594127655, ""0-2"": 0.5520284175872803, ""1-2"": 0.20585718750953674}"
4654,0.01509016,"{""0-1"": 0.0032239200081676245, ""0-2"": -0.005506556015461683, ""1-2"": 0.04755310341715813}"
4655,0.25291705,"{""0-1"": -0.09729878604412079, ""0-2"": -0.0683368593454361, ""1-2"": 0.9243867993354797}"
4656,0.00000000,{}
4657,-0.09607637,"{""0-1"": -0.010146095417439938, ""0-2"": -0.10532118380069733, ""1-2"": -0.17276184260845184}"
4658,0.02561319,"{""0-1"": 0.02442004159092903, ""0-2"": -0.0191118735820055, ""1-2"": 0.07153141498565674}"
4659,0.04743452,"{""0-1"": -0.1801295280456543, ""0-2"": 0.022913705557584763, ""1-2"": 0.2995193898677826}"
4660,-0.01774920,"{""0-1"": -0.04618210718035698, ""0-2"": -0.14024394750595093, ""1-2"": 0.1331784576177597}"
4661,1.00000000,"{""0-1"": 1.0}"
4662,-0.04653354,"{""0-1"": -0.04453105106949806, ""0-2"": -0.035633914172649384, ""1-2"": -0.059435658156871796}"
4663,-0.06382340,"{""0-1"": -0.11506710201501846, ""0-2"": -0.008737421594560146, ""1-2"": -0.06766566634178162}"
4664,0.01176731,"{""0-1"": -0.00251540495082736, ""0-2"": 0.02704765647649765, ""1-2"": 0.010769689455628395}"
4665,0.02849920,"{""0-1"": 0.09515553712844849, ""0-2"": 0.01584876887500286, ""1-2"": -0.02550670877099037}"
4666,-0.06926865,"{""0-1"": -0.05988769233226776, ""0-2"": -0.08840635418891907, ""1-2"": -0.05951189994812012}"
4667,0.01861550,"{""0-1"": -0.0478624626994133, ""0-2"": 0.03982114419341087, ""1-2"": 0.06388780474662781}"
4668,-0.03113614,"{""0-1"": -0.004621651954948902, ""0-2"": -0.01199669111520052, ""1-2"": -0.07679008692502975}"
4669,-0.10530972,"{""0-1"": -0.06302807480096817, ""0-2"": -0.38397544622421265, ""1-2"": 0.13107435405254364}"
4670,0.01187291,"{""0-1"": 0.011872912757098675}"
4671,-0.04064031,"{""0-1"": -0.06720181554555893, ""0-2"": -0.01882122829556465, ""1-2"": -0.035897888243198395}"
4672,0.94015378,"{""0-1"": 0.9401537775993347}"
4673,0.05629023,"{""0-1"": 0.05629022791981697}"
4674,0.00339651,"{""0-1"": 0.028517113998532295, ""0-2"": -0.02931973524391651, ""1-2"": 0.010992159135639668}"
4675,0.97035390,"{""0-1"": 0.970353901386261}"
4676,0.26690986,"{""0-1"": 0.4606209099292755, ""0-2"": 0.1629609912633896, ""1-2"": 0.17714768648147583}"
4677,0.47568891,"{""0-1"": 0.9102770090103149, ""0-2"": 0.27884969115257263, ""1-2"": 0.23794002830982208}"
4678,0.02203307,"{""0-1"": 0.021498091518878937, ""0-2"": -0.0020700942259281874, ""1-2"": 0.04667121171951294}"
4679,-0.01428412,"{""0-1"": 0.02526543103158474, ""0-2"": -0.043031543493270874, ""1-2"": -0.02508624829351902}"
4680,0.01741757,"{""0-1"": 0.05294213816523552, ""0-2"": 0.023802844807505608, ""1-2"": -0.024492260068655014}"
4681,0.06741525,"{""0-1"": 0.04228132963180542, ""0-2"": 0.11924158036708832, ""1-2"": 0.04072282835841179}"
4682,0.95963824,"{""0-1"": 0.959638237953186}"
4684,0.23406565,"{""0-1"": 0.01545586995780468, ""0-2"": 0.5484506487846375, ""1-2"": 0.1382904201745987}"
4685,0.33976993,"{""0-1"": 0.9859154224395752, ""0-2"": 0.028192084282636642, ""1-2"": 0.00520229060202837}"
4686,0.39976654,"{""0-1"": 0.31256720423698425, ""0-2"": 0.48731207847595215, ""1-2"": 0.3994203507900238}"
4687,-0.00590738,"{""0-1"": -0.005907384213060141}"
4688,0.00000000,{}
4689,0.94036436,"{""0-1"": 0.9403643608093262}"
4690,-0.00801695,"{""0-1"": -0.05687282234430313, ""0-2"": -0.10190044343471527, ""1-2"": 0.13472241163253784}"
4691,0.24966225,"{""0-1"": -0.04103930667042732, ""0-2"": -0.008125132881104946, ""1-2"": 0.7981511950492859}"
4692,1.00000000,"{""0-1"": 1.0}"
4693,0.18755764,"{""0-1"": 0.2410622388124466, ""0-2"": 0.14021149277687073, ""1-2"": 0.1813991814851761}"
4694,0.06494152,"{""0-1"": 0.06494151800870895}"
4695,0.02329762,"{""0-1"": -0.021294541656970978, ""0-2"": 0.029505563899874687, ""1-2"": 0.061681851744651794}"
4696,0.00546103,"{""0-1"": 0.030642544850707054, ""0-2"": 0.0033247305545955896, ""1-2"": -0.01758418045938015}"
4697,0.56970691,"{""0-1"": 0.9476874470710754, ""0-2"": 0.38501885533332825, ""1-2"": 0.37641441822052}"
4698,0.21399157,"{""0-1"": 0.6044348478317261, ""0-2"": 0.005553994793444872, ""1-2"": 0.031985871493816376}"
4699,0.04610623,"{""0-1"": 0.017625518143177032, ""0-2"": 0.10067138820886612, ""1-2"": 0.020021796226501465}"
4700,0.69751352,"{""0-1"": 0.6975135207176208}"
4701,0.03607979,"{""0-1"": 0.03607979416847229}"
4702,0.97078598,"{""0-1"": 0.9707859754562378}"
4703,0.16189872,"{""0-1"": 0.4167623519897461, ""0-2"": 0.04496860131621361, ""1-2"": 0.023965200409293175}"
4704,0.04273189,"{""0-1"": 0.006920290179550648, ""0-2"": 0.05068633332848549, ""1-2"": 0.07058903574943542}"
4705,0.00557928,"{""0-1"": 0.0007485566893592477, ""0-2"": -0.018170595169067383, ""1-2"": 0.03415986895561218}"
4706,0.27175826,"{""0-1"": 0.2717582583427429}"
4707,-0.01179600,"{""0-1"": -0.03127837926149368, ""0-2"": -0.010725259780883789, ""1-2"": 0.00661562941968441}"
4708,0.00000000,{}
4709,0.05199708,"{""0-1"": 0.10734131187200546, ""0-2"": 0.04205354303121567, ""1-2"": 0.0065963915549218655}"
4710,-0.04420429,"{""0-1"": 0.014843384735286236, ""0-2"": -0.17541615664958954, ""1-2"": 0.027959903702139854}"
4711,0.09442181,"{""0-1"": 0.20941530168056488, ""0-2"": 0.02576049417257309, ""1-2"": 0.0480896420776844}"
4712,0.00459544,"{""0-1"": -0.015722274780273438, ""0-2"": -0.05350034311413765, ""1-2"": 0.08300894498825073}"
4713,0.07334579,"{""0-1"": -0.014377845451235771, ""0-2"": 0.1820525825023651, ""1-2"": 0.05236263945698738}"
4714,0.39188399,"{""0-1"": 0.0880463570356369, ""0-2"": 0.09186991304159164, ""1-2"": 0.9957357048988342}"
4715,-0.02685463,"{""0-1"": 0.004062416031956673, ""0-2"": -0.03976188227534294, ""1-2"": -0.044864438474178314}"
4716,0.34607144,"{""0-1"": 0.12427956610918045, ""0-2"": 0.1379808783531189, ""1-2"": 0.7759538888931274}"
4717,0.21771165,"{""0-1"": 0.10463210195302963, ""0-2"": 0.5010022521018982, ""1-2"": 0.04750058427453041}"
4718,0.05251070,"{""0-1"": 0.09949202835559845, ""0-2"": 0.0736478939652443, ""1-2"": -0.015607834793627262}"
4719,0.00000000,{}
4720,0.14020054,"{""0-1"": 0.3592403531074524, ""0-2"": 0.05903620272874832, ""1-2"": 0.0023250500671565533}"
4721,0.98865843,"{""0-1"": 0.9886584281921387}"
4722,0.06899536,"{""0-1"": 0.25599297881126404, ""0-2"": 0.011280552484095097, ""1-2"": -0.06028745323419571}"
4723,0.48872625,"{""0-1"": 0.9595023393630981, ""0-2"": 0.22934629023075104, ""1-2"": 0.2773301303386688}"
4724,0.08587620,"{""0-1"": -0.0677466094493866, ""0-2"": 0.024351632222533226, ""1-2"": 0.30102357268333435}"
4725,0.31446044,"{""0-1"": 0.24428321421146393, ""0-2"": 0.5398358106613159, ""1-2"": 0.1592622995376587}"
4726,0.57327271,"{""0-1"": 0.573272705078125}"
4727,0.00858236,"{""0-1"": 0.036079391837120056, ""0-2"": 0.08619853109121323, ""1-2"": -0.09653083980083466}"
4728,-0.04831130,"{""0-1"": -0.12357450276613235, ""0-2"": -0.03102959506213665, ""1-2"": 0.00967020820826292}"
4729,0.13243525,"{""0-1"": 0.4621430039405823, ""0-2"": -0.03338782116770744, ""1-2"": -0.03144942596554756}"
4730,-0.01921895,"{""0-1"": -0.023149749264121056, ""0-2"": 0.020586464554071426, ""1-2"": -0.05509357154369354}"
4731,-0.03203319,"{""0-1"": -0.017677640542387962, ""0-2"": -0.030321255326271057, ""1-2"": -0.048100680112838745}"
4732,0.02486725,"{""0-1"": -0.0067226579412817955, ""0-2"": 0.13485997915267944, ""1-2"": -0.0535355843603611}"
4733,0.80956817,"{""0-1"": 0.8095681667327881}"
4734,0.00000000,{}
4735,0.24417199,"{""0-1"": 0.24417199194431305}"
4736,0.06474477,"{""0-1"": 0.030302071943879128, ""0-2"": 0.060988567769527435, ""1-2"": 0.10294366627931595}"
4737,0.79352945,"{""0-1"": 0.7935294508934021}"
4738,0.73676950,"{""0-1"": 0.7367694973945618}"
4739,0.99999988,"{""0-1"": 0.9999998807907104}"
4740,-0.04239565,"{""0-1"": -0.11138741672039032, ""0-2"": -0.05096791684627533, ""1-2"": 0.03516838327050209}"
4741,-0.04420429,"{""0-1"": 0.014843384735286236, ""0-2"": -0.17541615664958954, ""1-2"": 0.027959903702139854}"
4742,0.01738575,"{""0-1"": 0.07674814015626907, ""0-2"": 0.030156640335917473, ""1-2"": -0.05474754422903061}"
4743,0.32100856,"{""0-1"": 0.321008563041687}"
4744,-0.00713905,"{""0-1"": -0.007139049936085939}"
4745,-0.02008070,"{""0-1"": -0.022575052455067635, ""0-2"": 0.0033053397201001644, ""1-2"": -0.040972378104925156}"
4746,-0.04209987,"{""0-1"": -0.016787083819508553, ""0-2"": -0.07012107968330383, ""1-2"": -0.03939145803451538}"
4747,0.03267184,"{""0-1"": -0.04279709979891777, ""0-2"": 0.11279275268316269, ""1-2"": 0.028019864112138748}"
4748,0.81793624,"{""0-1"": 0.8179362416267395}"
4749,-0.04635689,"{""0-1"": -0.0036501390859484673, ""0-2"": -0.16078011691570282, ""1-2"": 0.02535957843065262}"
4750,0.00000000,{}
4751,0.33066930,"{""0-1"": 0.018385326489806175, ""0-2"": 0.04361969232559204, ""1-2"": 0.9300028681755066}"
4752,-0.02394239,"{""0-1"": -0.1089654415845871, ""0-2"": -0.05104188248515129, ""1-2"": 0.08818015456199646}"
4753,-0.02039378,"{""0-1"": -0.03920857235789299, ""0-2"": -0.001379562309011817, ""1-2"": -0.020593203604221344}"
4754,-0.02306953,"{""0-1"": -0.17693296074867249, ""0-2"": 0.05285985395312309, ""1-2"": 0.054864514619112015}"
4755,0.07097783,"{""0-1"": 0.2385391891002655, ""0-2"": -0.021554386243224144, ""1-2"": -0.0040513258427381516}"
4756,0.06162368,"{""0-1"": -0.004564542323350906, ""0-2"": -0.00040850514778867364, ""1-2"": 0.18984408676624298}"
4757,0.00000000,{}
4758,-0.06520240,"{""0-1"": -0.2366102784872055, ""0-2"": 0.03630630671977997, ""1-2"": 0.004696759395301342}"
4759,-0.05963149,"{""0-1"": -0.15095971524715424, ""0-2"": 0.007812255062162876, ""1-2"": -0.03574700281023979}"
4760,0.71295065,"{""0-1"": 0.7129506468772888}"
4761,0.16685114,"{""0-1"": 0.31191307306289673, ""0-2"": -0.012174091301858425, ""1-2"": 0.20081444084644318}"
4762,0.01203713,"{""0-1"": 0.012037125416100025}"
4763,0.99999863,"{""0-1"": 0.9999986290931702}"
4764,0.99083602,"{""0-1"": 0.9908360242843628}"
4765,0.36711841,"{""0-1"": 0.9682717323303223, ""0-2"": 0.051187239587306976, ""1-2"": 0.08189626783132553}"
4766,0.04871972,"{""0-1"": 0.06398209184408188, ""0-2"": 0.04749349504709244, ""1-2"": 0.03468358516693115}"
4767,0.01829129,"{""0-1"": -0.027813881635665894, ""0-2"": 0.006401827558875084, ""1-2"": 0.07628592848777771}"
4768,0.22192144,"{""0-1"": 0.22192144393920898}"
4769,0.08028064,"{""0-1"": 0.08028063923120499}"
4770,0.26856179,"{""0-1"": 0.4752872586250305, ""0-2"": -0.04810290411114693, ""1-2"": 0.3785010278224945}"
4771,-0.04418293,"{""0-1"": -0.04418293386697769}"
4772,-0.00650572,"{""0-1"": 0.07316679507493973, ""0-2"": -0.10686313360929489, ""1-2"": 0.014179164543747902}"
4773,-0.00590738,"{""0-1"": -0.005907384213060141}"
4774,0.09563508,"{""0-1"": 0.002243142342194915, ""0-2"": 0.21862292289733887, ""1-2"": 0.06603915989398956}"
4775,0.10455966,"{""0-1"": 0.1715707927942276, ""0-2"": -0.019761281087994576, ""1-2"": 0.16186946630477905}"
4776,0.18697242,"{""0-1"": 0.2990981340408325, ""0-2"": -0.036233559250831604, ""1-2"": 0.29805269837379456}"
4777,0.06080194,"{""0-1"": 0.0570707805454731, ""0-2"": 0.1504456251859665, ""1-2"": -0.025110594928264618}"
4778,0.99999815,"{""0-1"": 0.999998152256012}"
4779,0.19816069,"{""0-1"": 0.19816069304943085}"
4780,-0.02862637,"{""0-1"": -0.07528399676084518, ""0-2"": 0.004968401975929737, ""1-2"": -0.015563508495688438}"
4781,-0.04951405,"{""0-1"": -0.10292064398527145, ""0-2"": -0.036637283861637115, ""1-2"": -0.008984220214188099}"
4782,0.01356181,"{""0-1"": 0.20495650172233582, ""0-2"": -0.1163983941078186, ""1-2"": -0.04787268489599228}"
4783,0.10047968,"{""0-1"": 0.10047967731952667}"
4784,0.42899442,"{""0-1"": 0.42899441719055176}"
4785,0.03423736,"{""0-1"": 0.0085779819637537, ""0-2"": 0.06745650619268417, ""1-2"": 0.026677578687667847}"
4786,0.06731228,"{""0-1"": 0.25046226382255554, ""0-2"": -0.09199339151382446, ""1-2"": 0.04346797615289688}"
4787,0.24105691,"{""0-1"": -0.1050986796617508, ""0-2"": -0.13701611757278442, ""1-2"": 0.9652855396270752}"
4788,0.04977708,"{""0-1"": 0.061690136790275574, ""0-2"": 0.12679490447044373, ""1-2"": -0.03915378823876381}"
4789,0.08543982,"{""0-1"": -0.0980905294418335, ""0-2"": -0.011876977048814297, ""1-2"": 0.366286963224411}"
4790,0.04001573,"{""0-1"": -0.16820524632930756, ""0-2"": -0.004814246203750372, ""1-2"": 0.29306668043136597}"
4791,0.25383335,"{""0-1"": 0.2538333535194397}"
4792,0.02007442,"{""0-1"": -0.04707365855574608, ""0-2"": 0.1399465799331665, ""1-2"": -0.03264967352151871}"
4793,0.43125322,"{""0-1"": 0.43125322461128235}"
4794,-0.04418293,"{""0-1"": -0.04418293386697769}"
4795,0.17430140,"{""0-1"": 0.1743014007806778}"
4796,0.02598301,"{""0-1"": 0.025983009487390518}"
4797,0.02598301,"{""0-1"": 0.025983009487390518}"
4798,0.99999756,"{""0-1"": 0.9999975562095642}"
4799,0.40657991,"{""0-1"": 0.4065799117088318}"
4800,0.10882892,"{""0-1"": 0.41486459970474243, ""0-2"": -0.059974461793899536, ""1-2"": -0.02840336598455906}"
4801,-0.00227347,"{""0-1"": -0.0022734710946679115}"
4802,0.02812114,"{""0-1"": -0.2569628059864044, ""0-2"": 0.03092280775308609, ""1-2"": 0.31040340662002563}"
4803,-0.03454666,"{""0-1"": -0.024371128529310226, ""0-2"": -0.072356678545475, ""1-2"": -0.006912184879183769}"
4804,0.09533095,"{""0-1"": -0.18800505995750427, ""0-2"": 0.606103777885437, ""1-2"": -0.13210587203502655}"
4805,0.01714333,"{""0-1"": 0.052420079708099365, ""0-2"": 0.05240584909915924, ""1-2"": -0.05339593440294266}"
4806,0.13079348,"{""0-1"": 0.1307934820652008}"
4807,0.56741583,"{""0-1"": 0.5674158334732056}"
4808,0.21712604,"{""0-1"": 0.2171260416507721}"
4809,-0.00130216,"{""0-1"": -0.053538836538791656, ""0-2"": 0.0988982617855072, ""1-2"": -0.04926590994000435}"
4810,-0.02989060,"{""0-1"": -0.06533817201852798, ""0-2"": -0.0456872284412384, ""1-2"": 0.02135360799729824}"
4811,0.00000000,{}
4812,0.08712522,"{""0-1"": 0.09714695811271667, ""0-2"": 0.031608112156391144, ""1-2"": 0.13262058794498444}"
4813,0.13387948,"{""0-1"": 0.46081382036209106, ""0-2"": -0.05211007222533226, ""1-2"": -0.007065320387482643}"
4814,0.02872189,"{""0-1"": 0.02021242491900921, ""0-2"": 0.02246673032641411, ""1-2"": 0.043486516922712326}"
4815,0.23133645,"{""0-1"": -0.058858491480350494, ""0-2"": -0.03391227871179581, ""1-2"": 0.7867801189422607}"
4816,-0.03136589,"{""0-1"": -0.10739807039499283, ""0-2"": -0.040639013051986694, ""1-2"": 0.05393942818045616}"
4817,-0.04308720,"{""0-1"": -0.09137330204248428, ""0-2"": -0.06242220476269722, ""1-2"": 0.024533919990062714}"
4818,0.04165122,"{""0-1"": 0.0015932689420878887, ""0-2"": 0.017878035083413124, ""1-2"": 0.10548235476016998}"
4819,0.02041739,"{""0-1"": 0.03495457023382187, ""0-2"": -0.044830188155174255, ""1-2"": 0.07112780213356018}"
4820,0.06679898,"{""0-1"": 0.02996271848678589, ""0-2"": 0.22860880196094513, ""1-2"": -0.05817457661032677}"
4821,0.27111089,"{""0-1"": 0.2711108922958374}"
4822,0.01718824,"{""0-1"": 0.017188243567943573}"
4823,0.48467598,"{""0-1"": 0.8786155581474304, ""0-2"": 0.31578075885772705, ""1-2"": 0.2596316337585449}"
4824,0.04271410,"{""0-1"": 0.011963280849158764, ""0-2"": 0.04566427692770958, ""1-2"": 0.0705147534608841}"
4825,0.27507740,"{""0-1"": -0.00694305868819356, ""0-2"": -0.008722585625946522, ""1-2"": 0.8408978581428528}"
4826,0.27175826,"{""0-1"": 0.2717582583427429}"
4827,0.37197420,"{""0-1"": 0.9513289928436279, ""0-2"": 0.040358975529670715, ""1-2"": 0.124234639108181}"
4828,0.32127397,"{""0-1"": 0.9776449203491211, ""0-2"": -0.012070433236658573, ""1-2"": -0.0017525837756693363}"
4829,0.07262363,"{""0-1"": 0.07262363284826279}"
4830,-0.01577418,"{""0-1"": -0.016064049676060677, ""0-2"": 0.023616973310709, ""1-2"": -0.05487547442317009}"
4831,0.04190227,"{""0-1"": 0.04190227389335632}"
4832,0.80150604,"{""0-1"": 0.8015060424804688}"
4833,0.99456763,"{""0-1"": 0.9945676326751709}"
4834,0.07334579,"{""0-1"": -0.014377845451235771, ""0-2"": 0.1820525825023651, ""1-2"": 0.05236263945698738}"
4835,0.07623178,"{""0-1"": -0.013323444873094559, ""0-2"": 0.03063858486711979, ""1-2"": 0.2113802134990692}"
4836,0.06702898,"{""0-1"": 0.30728062987327576, ""0-2"": -0.04338587075471878, ""1-2"": -0.06280780583620071}"
4837,-0.01921813,"{""0-1"": -0.03363598510622978, ""0-2"": -0.03521036356687546, ""1-2"": 0.011191965080797672}"
4838,0.03104256,"{""0-1"": 0.06059182062745094, ""0-2"": 0.032239608466625214, ""1-2"": 0.00029625074239447713}"
4839,0.03607979,"{""0-1"": 0.03607979416847229}"
4840,0.22239551,"{""0-1"": 0.22239550948143005}"
4841,0.10907798,"{""0-1"": 0.10907797515392303}"
4842,-0.01194264,"{""0-1"": -0.04672040417790413, ""0-2"": 0.06029675900936127, ""1-2"": -0.049404289573431015}"
4843,0.18755764,"{""0-1"": 0.2410622388124466, ""0-2"": 0.14021149277687073, ""1-2"": 0.1813991814851761}"
4844,-0.02615598,"{""0-1"": -0.16566304862499237, ""0-2"": -0.054834648966789246, ""1-2"": 0.1420297473669052}"
4845,0.05629023,"{""0-1"": 0.05629022791981697}"
4846,0.29285181,"{""0-1"": 0.2928518056869507}"
4847,0.27479008,"{""0-1"": 0.27479007840156555}"
4848,-0.00590738,"{""0-1"": -0.005907384213060141}"
4849,0.04271410,"{""0-1"": 0.011963280849158764, ""0-2"": 0.04566427692770958, ""1-2"": 0.0705147534608841}"
4850,0.19683059,"{""0-1"": 0.19683058559894562}"
4851,0.36425692,"{""0-1"": 0.07241947948932648, ""0-2"": 0.9023370742797852, ""1-2"": 0.11801420152187347}"
4852,-0.04247395,"{""0-1"": -0.0052137477323412895, ""0-2"": -0.002798059955239296, ""1-2"": -0.11941003799438477}"
4853,0.55059028,"{""0-1"": 0.5505902767181396}"
4854,0.03103506,"{""0-1"": -0.0012569136451929808, ""0-2"": 0.012925941497087479, ""1-2"": 0.0814361572265625}"
4855,0.27260444,"{""0-1"": 0.0873161181807518, ""0-2"": 0.6824617385864258, ""1-2"": 0.04803546518087387}"
4856,0.16664067,"{""0-1"": 0.10242434591054916, ""0-2"": 0.3557482063770294, ""1-2"": 0.04174946993589401}"
4857,0.04520572,"{""0-1"": 0.04520571976900101}"
4858,-0.01964760,"{""0-1"": -0.005055674351751804, ""0-2"": -0.03983377665281296, ""1-2"": -0.014053335413336754}"
4859,0.01276962,"{""0-1"": 0.06511691957712173, ""0-2"": -0.05167025700211525, ""1-2"": 0.02486218884587288}"
4860,-0.06310578,"{""0-1"": -0.06310578435659409}"
4861,0.00406503,"{""0-1"": 0.023317359387874603, ""0-2"": -0.033652231097221375, ""1-2"": 0.022529955953359604}"
4862,-0.06763478,"{""0-1"": -0.10462114959955215, ""0-2"": -0.05425793677568436, ""1-2"": -0.0440252460539341}"
4863,0.02429820,"{""0-1"": 0.07414963841438293, ""0-2"": 0.03438997641205788, ""1-2"": -0.0356450118124485}"
4864,0.00921680,"{""0-1"": -0.03949664160609245, ""0-2"": 0.007758860941976309, ""1-2"": 0.059388168156147}"
4865,0.19387259,"{""0-1"": 0.1261427402496338, ""0-2"": 0.4049810767173767, ""1-2"": 0.05049395188689232}"
4866,0.16057871,"{""0-1"": 0.2682044208049774, ""0-2"": 0.17944402992725372, ""1-2"": 0.03408767655491829}"
4867,0.10856531,"{""0-1"": 0.24061371386051178, ""0-2"": 0.03389342874288559, ""1-2"": 0.05118878185749054}"
4868,0.02872189,"{""0-1"": 0.02021242491900921, ""0-2"": 0.02246673032641411, ""1-2"": 0.043486516922712326}"
4869,0.00675045,"{""0-1"": 0.024522658437490463, ""0-2"": 0.033556632697582245, ""1-2"": -0.037827953696250916}"
4870,0.10907879,"{""0-1"": 0.1090787947177887}"
4871,-0.06520240,"{""0-1"": -0.2366102784872055, ""0-2"": 0.03630630671977997, ""1-2"": 0.004696759395301342}"
4872,0.00000000,{}
4873,0.08840100,"{""0-1"": -0.0040479074232280254, ""0-2"": 0.11205102503299713, ""1-2"": 0.15719987452030182}"
4874,-0.01902944,"{""0-1"": 0.012965480796992779, ""0-2"": -0.006988415028899908, ""1-2"": -0.06306539475917816}"
4875,0.32713689,"{""0-1"": 0.9858962893486023, ""0-2"": -0.00737830949947238, ""1-2"": 0.0028926965314894915}"
4876,0.11323391,"{""0-1"": 0.11323390901088715}"
4877,-0.01786309,"{""0-1"": 0.012171253561973572, ""0-2"": -0.023324301466345787, ""1-2"": -0.04243623465299606}"
4878,0.03900851,"{""0-1"": 0.006324100773781538, ""0-2"": 0.171563521027565, ""1-2"": -0.06086207926273346}"
4879,0.14300944,"{""0-1"": 0.057237330824136734, ""0-2"": 0.3278612494468689, ""1-2"": 0.04392974451184273}"
4880,0.35800154,"{""0-1"": 0.0778772383928299, ""0-2"": 0.8898074626922607, ""1-2"": 0.10631990432739258}"
4881,0.06092375,"{""0-1"": 0.0609237477183342}"
4882,0.09990543,"{""0-1"": 0.09990543127059937}"
4883,0.47490305,"{""0-1"": 0.47490304708480835}"
4884,0.08382074,"{""0-1"": -0.03327763453125954, ""0-2"": 0.24982768297195435, ""1-2"": 0.034912168979644775}"
4885,0.16074297,"{""0-1"": 0.16074296832084656}"
4886,0.10098458,"{""0-1"": 0.10098458081483841}"
4887,0.00921680,"{""0-1"": -0.03949664160609245, ""0-2"": 0.007758860941976309, ""1-2"": 0.059388168156147}"
4888,1.00000012,"{""0-1"": 1.0000001192092896}"
4889,-0.00571498,"{""0-1"": -0.005714979022741318}"
4890,0.13880879,"{""0-1"": 0.044236380606889725, ""0-2"": 0.28516310453414917, ""1-2"": 0.08702687174081802}"
4891,0.01832755,"{""0-1"": 0.01832755096256733}"
4892,-0.02167723,"{""0-1"": -0.057778939604759216, ""0-2"": -0.08696690946817398, ""1-2"": 0.07971414923667908}"
4893,0.07325119,"{""0-1"": 0.07325118780136108}"
4894,0.00121423,"{""0-1"": 0.001214231364428997}"
4895,0.02917537,"{""0-1"": 0.02288629673421383, ""0-2"": 0.01991925574839115, ""1-2"": 0.04472056031227112}"
4896,0.12669964,"{""0-1"": -0.03985286131501198, ""0-2"": 0.49203208088874817, ""1-2"": -0.07208029180765152}"
4897,-0.00836200,"{""0-1"": -0.037825681269168854, ""0-2"": 0.00879662949591875, ""1-2"": 0.003943047486245632}"
4898,0.17939671,"{""0-1"": -0.0408177450299263, ""0-2"": -0.06897363811731339, ""1-2"": 0.6479815244674683}"
4899,0.97732103,"{""0-1"": 0.9773210287094116}"
4900,0.07748226,"{""0-1"": 0.23875737190246582, ""0-2"": 0.007172748912125826, ""1-2"": -0.013483346439898014}"
4901,0.00000000,{}
4902,0.02497534,"{""0-1"": 0.02497534453868866}"
4903,0.02790298,"{""0-1"": 0.02790297567844391}"
4904,0.00000000,{}
4905,-0.07693711,"{""0-1"": -0.10993412882089615, ""0-2"": -0.08447308838367462, ""1-2"": -0.03640410304069519}"
4906,0.08028064,"{""0-1"": 0.08028063923120499}"
4907,0.02219479,"{""0-1"": 0.029658464714884758, ""0-2"": -0.03820418566465378, ""1-2"": 0.07513008266687393}"
4908,0.85181552,"{""0-1"": 0.8518155217170715}"
4909,0.01470665,"{""0-1"": 0.014706654474139214}"
4910,-0.03639103,"{""0-1"": -0.03639103099703789}"
4911,0.01826908,"{""0-1"": 0.008339343592524529, ""0-2"": 0.00023088841408025473, ""1-2"": 0.04623700678348541}"
4912,0.49563109,"{""0-1"": 0.9336045980453491, ""0-2"": 0.11349283903837204, ""1-2"": 0.4397958219051361}"
4913,-0.00755771,"{""0-1"": -0.03730934113264084, ""0-2"": -0.0012232136214151978, ""1-2"": 0.015859434381127357}"
4914,-0.00899868,"{""0-1"": -0.08417483419179916, ""0-2"": -0.003278780961409211, ""1-2"": 0.06045757979154587}"
4915,0.99647075,"{""0-1"": 0.9964707493782043}"
4916,0.00141979,"{""0-1"": -0.11056894809007645, ""0-2"": -0.008654872886836529, ""1-2"": 0.12348318845033646}"
4917,0.00000000,{}
4918,-0.13036285,"{""0-1"": -0.1303628534078598}"
4919,0.00106077,"{""0-1"": 0.001060767681337893}"
4920,0.02350202,"{""0-1"": -0.04541093856096268, ""0-2"": 0.1138758435845375, ""1-2"": 0.0020411533769220114}"
4921,0.03214547,"{""0-1"": 0.03886381909251213, ""0-2"": -0.04193573072552681, ""1-2"": 0.09950831532478333}"
4922,0.00447898,"{""0-1"": -0.03142513707280159, ""0-2"": -0.06501087546348572, ""1-2"": 0.10987294465303421}"
4923,0.04229213,"{""0-1"": 0.04229212552309036}"
4924,-0.03566638,"{""0-1"": -0.02781943790614605, ""0-2"": -0.06564550846815109, ""1-2"": -0.013534190133213997}"
4925,0.27479008,"{""0-1"": 0.27479007840156555}"
4926,-0.01115172,"{""0-1"": -0.011151719838380814}"
4927,-0.00854030,"{""0-1"": -0.12974053621292114, ""0-2"": 0.053006041795015335, ""1-2"": 0.051113586872816086}"
4928,-0.04956101,"{""0-1"": -0.03131333738565445, ""0-2"": -0.006260843016207218, ""1-2"": -0.11110884696245193}"
4929,-0.01340542,"{""0-1"": -0.10097447782754898, ""0-2"": -0.0871969610452652, ""1-2"": 0.14795517921447754}"
4930,-0.01505227,"{""0-1"": 0.02033889666199684, ""0-2"": -0.019816778600215912, ""1-2"": -0.04567893221974373}"
4931,0.30263140,"{""0-1"": 0.7981000542640686, ""0-2"": 0.14637663960456848, ""1-2"": -0.03658250346779823}"
4932,0.00000000,{}
4933,0.04241088,"{""0-1"": 0.011705858632922173, ""0-2"": 0.15546062588691711, ""1-2"": -0.03993385657668114}"
4934,0.32090201,"{""0-1"": 0.9212024211883545, ""0-2"": -0.01221114955842495, ""1-2"": 0.05371474847197533}"
4935,-0.03639103,"{""0-1"": -0.03639103099703789}"
4936,0.30612464,"{""0-1"": 0.9986584186553955, ""0-2"": -0.04005962982773781, ""1-2"": -0.040224868804216385}"
4937,-0.04653354,"{""0-1"": -0.04453105106949806, ""0-2"": -0.035633914172649384, ""1-2"": -0.059435658156871796}"
4938,0.04610623,"{""0-1"": 0.017625518143177032, ""0-2"": 0.10067138820886612, ""1-2"": 0.020021796226501465}"
4939,0.63396621,"{""0-1"": 0.6339662075042725}"
4940,0.02790298,"{""0-1"": 0.02790297567844391}"
4941,0.08715290,"{""0-1"": -0.09179369360208511, ""0-2"": 0.028750991448760033, ""1-2"": 0.3245013952255249}"
4942,0.50348735,"{""0-1"": 0.5034873485565186}"
4943,0.36215132,"{""0-1"": 0.3621513247489929}"
4944,-0.07331622,"{""0-1"": -0.07608853280544281, ""0-2"": -0.1073915883898735, ""1-2"": -0.03646855056285858}"
4945,-0.01956325,"{""0-1"": -0.0517541728913784, ""0-2"": -0.0183351319283247, ""1-2"": 0.011399554088711739}"
4946,0.05403778,"{""0-1"": 0.005652316380292177, ""0-2"": 0.07268090546131134, ""1-2"": 0.08378011733293533}"
4947,-0.03097092,"{""0-1"": -0.030970923602581024}"
4948,0.07773345,"{""0-1"": 0.3186166286468506, ""0-2"": -0.052321430295705795, ""1-2"": -0.0330948568880558}"
4949,0.39677128,"{""0-1"": 0.15249063074588776, ""0-2"": 0.09892147779464722, ""1-2"": 0.9389017224311829}"
4950,-0.05687267,"{""0-1"": -0.056872669607400894}"
4951,0.01690802,"{""0-1"": 0.051811035722494125, ""0-2"": 0.09143612533807755, ""1-2"": -0.09252310544252396}"
4952,-0.05448316,"{""0-1"": -0.08070536702871323, ""0-2"": -0.07154683768749237, ""1-2"": -0.011197278276085854}"
4953,0.00360431,"{""0-1"": 0.07960618287324905, ""0-2"": -0.04861913621425629, ""1-2"": -0.020174112170934677}"
4954,0.08465854,"{""0-1"": 0.19236792623996735, ""0-2"": 0.009616890922188759, ""1-2"": 0.05199079215526581}"
4955,-0.00644565,"{""0-1"": 0.020968299359083176, ""0-2"": -0.03549033775925636, ""1-2"": -0.004814925603568554}"
4956,0.92566705,"{""0-1"": 0.9256670475006104}"
4957,0.01036923,"{""0-1"": 0.04174920544028282, ""0-2"": -0.007031005807220936, ""1-2"": -0.0036105213221162558}"
4958,-0.04112083,"{""0-1"": -0.11414860934019089, ""0-2"": -0.03899043798446655, ""1-2"": 0.029776563867926598}"
4959,0.30219402,"{""0-1"": 0.003205295652151108, ""0-2"": 0.002630762057378888, ""1-2"": 0.9007459878921509}"
4960,0.05287196,"{""0-1"": -0.1848926842212677, ""0-2"": 0.011861884035170078, ""1-2"": 0.3316466808319092}"
4961,-0.04173777,"{""0-1"": -0.06266575306653976, ""0-2"": -0.017516756430268288, ""1-2"": -0.045030806213617325}"
4962,0.47568891,"{""0-1"": 0.9102770090103149, ""0-2"": 0.27884969115257263, ""1-2"": 0.23794002830982208}"
4963,0.29937425,"{""0-1"": -0.05779562145471573, ""0-2"": -0.010584170930087566, ""1-2"": 0.9665025472640991}"
4964,0.00000000,{}
4965,0.31448215,"{""0-1"": 0.9987649917602539, ""0-2"": -0.025860963389277458, ""1-2"": -0.029457565397024155}"
4966,0.04881985,"{""0-1"": 0.06165891885757446, ""0-2"": 0.043758995831012726, ""1-2"": 0.041041623800992966}"
4967,-0.02328157,"{""0-1"": -0.07198114693164825, ""0-2"": 0.07228866964578629, ""1-2"": -0.07015223056077957}"
4968,0.00000000,{}
4969,0.00963803,"{""0-1"": 0.04848921671509743, ""0-2"": -0.01593964733183384, ""1-2"": -0.003635469125583768}"
4970,0.01168637,"{""0-1"": -0.02229759283363819, ""0-2"": 0.03220198303461075, ""1-2"": 0.025154728442430496}"
4971,0.01826908,"{""0-1"": 0.008339343592524529, ""0-2"": 0.00023088841408025473, ""1-2"": 0.04623700678348541}"
4972,0.00045831,"{""0-1"": -0.008778886869549751, ""0-2"": 0.0730961337685585, ""1-2"": -0.06294231861829758}"
4973,-0.01730918,"{""0-1"": 0.0069124531000852585, ""0-2"": -0.018290448933839798, ""1-2"": -0.04054954648017883}"
4974,0.15435058,"{""0-1"": 0.5477848649024963, ""0-2"": 0.006275754421949387, ""1-2"": -0.09100888669490814}"
4975,0.06092375,"{""0-1"": 0.0609237477183342}"
4976,0.22239551,"{""0-1"": 0.22239550948143005}"
4977,0.33976993,"{""0-1"": 0.9859154224395752, ""0-2"": 0.028192084282636642, ""1-2"": 0.00520229060202837}"
4978,-0.09074750,"{""0-1"": -0.09875474870204926, ""0-2"": -0.1516122817993164, ""1-2"": -0.021875470876693726}"
4979,0.12643366,"{""0-1"": -0.023391319438815117, ""0-2"": -0.05677204579114914, ""1-2"": 0.45946434140205383}"
4980,0.03238411,"{""0-1"": -0.013553304597735405, ""0-2"": 0.05159296840429306, ""1-2"": 0.05911267548799515}"
4981,0.00000000,{}
4982,0.00724195,"{""0-1"": 0.009301234968006611, ""0-2"": 0.01320270262658596, ""1-2"": -0.0007780998130328953}"
4983,0.13079348,"{""0-1"": 0.1307934820652008}"
4984,-0.02567637,"{""0-1"": -0.025676365941762924}"
4985,0.53036457,"{""0-1"": 0.5303645730018616}"
4986,0.05438212,"{""0-1"": -0.1751355677843094, ""0-2"": 0.030784454196691513, ""1-2"": 0.30749747157096863}"
4987,0.04881985,"{""0-1"": 0.06165891885757446, ""0-2"": 0.043758995831012726, ""1-2"": 0.041041623800992966}"
4988,-0.02743087,"{""0-1"": 0.02935103140771389, ""0-2"": -0.09780292212963104, ""1-2"": -0.013840725645422935}"
4989,0.02739815,"{""0-1"": 0.02739814668893814}"
4990,-0.00868363,"{""0-1"": -0.008683632127940655}"
4991,0.05492955,"{""0-1"": 0.10287661105394363, ""0-2"": -0.000289736723061651, ""1-2"": 0.06220176815986633}"
4992,0.50423893,"{""0-1"": 0.9820528030395508, ""0-2"": 0.24554479122161865, ""1-2"": 0.2851192057132721}"
4993,0.18182913,"{""0-1"": 0.009923815727233887, ""0-2"": 0.004468600265681744, ""1-2"": 0.5310949683189392}"
4994,0.18647658,"{""0-1"": 0.27623221278190613, ""0-2"": 0.13103917241096497, ""1-2"": 0.15215836465358734}"
4995,-0.13629630,"{""0-1"": -0.18761859834194183, ""0-2"": 0.0033328388817608356, ""1-2"": -0.22460313141345978}"
4996,-0.00383607,"{""0-1"": 0.06742655485868454, ""0-2"": 0.01296431478112936, ""1-2"": -0.0918990895152092}"
4997,0.01787203,"{""0-1"": 0.06143822893500328, ""0-2"": -0.18359939754009247, ""1-2"": 0.17577727138996124}"
4998,0.34542124,"{""0-1"": 0.3544176518917084, ""0-2"": 0.5350863933563232, ""1-2"": 0.14675968885421753}"
4999,0.04275948,"{""0-1"": 0.11782053112983704, ""0-2"": -0.24059677124023438, ""1-2"": 0.25105467438697815}"
5000,-0.01294591,"{""0-1"": -0.012945912778377533}"
5001,0.08283874,"{""0-1"": -0.06269071251153946, ""0-2"": 0.04418117552995682, ""1-2"": 0.26702576875686646}"
5002,-0.07379463,"{""0-1"": -0.042849477380514145, ""0-2"": 0.006396763492375612, ""1-2"": -0.1849311888217926}"
5003,0.00596484,"{""0-1"": 0.005964838899672031}"
5004,0.02290823,"{""0-1"": -0.0289701446890831, ""0-2"": 0.008091345429420471, ""1-2"": 0.0896034836769104}"
5005,0.62380493,"{""0-1"": 0.6238049268722534}"
5006,-0.03164853,"{""0-1"": -0.031648531556129456}"
5007,0.55620545,"{""0-1"": 0.5562054514884949}"
