patient_index,candidate,score,rank
0,disease|MONDO|5737,-0.67567873,1
0,disease|MONDO|1444,-0.82984442,2
0,disease|MONDO|18076,-0.96045053,3
0,disease|MONDO|19338,-1.13628066,4
0,disease|MONDO|2465,-1.41078216,5
0,disease|MONDO|5002,-1.50922492,6
0,disease|MONDO|5070,-1.94350478,7
0,disease|MONDO|16218,-2.03727388,8
0,disease|MONDO|9688,-2.23232383,9
0,disease|MONDO|5077,-2.25741050,10
0,disease|MONDO|4867,-2.56370208,11
1,disease|MONDO|18076,-0.83584356,1
1,disease|MONDO|5737,-0.94111687,2
1,disease|MONDO|1444,-0.97406030,3
1,disease|MONDO|43537,-1.23215014,4
1,disease|MONDO|19338,-1.31604648,5
1,disease|MONDO|2465,-1.41753361,6
1,disease|MONDO|9688,-1.72630894,7
1,disease|MONDO|4822,-2.09717602,8
1,disease|MONDO|16218,-2.20022240,9
1,disease|MONDO|5249,-3.11838868,10
2,disease|MONDO|43537,-0.67344207,1
2,disease|MONDO|16218,-1.45515808,2
3,disease|MONDO|18076,-0.76451832,1
3,disease|MONDO|1444,-0.80954528,2
3,disease|MONDO|5737,-0.84167749,3
3,disease|MONDO|43537,-1.02632499,4
3,disease|MONDO|19338,-1.17808759,5
3,disease|MONDO|2465,-1.32902884,6
3,disease|MONDO|16218,-1.93298972,7
3,disease|MONDO|5249,-2.80671078,8
4,disease|MONDO|1444,-0.54043603,1
4,disease|MONDO|43537,-0.64833626,2
4,disease|MONDO|18076,-0.66381204,3
4,disease|MONDO|19338,-0.87790215,4
4,disease|MONDO|5737,-0.90325093,5
4,disease|MONDO|5070,-1.24750036,6
4,disease|MONDO|2280,-2.12052520,7
5,disease|MONDO|1444,-0.80203015,1
5,disease|MONDO|18076,-0.86735988,2
5,disease|MONDO|5737,-1.11030936,3
5,disease|MONDO|19338,-1.22861171,4
5,disease|MONDO|5070,-1.72700727,5
5,disease|MONDO|9688,-2.34093565,6
6,disease|MONDO|1444,-0.87253106,1
6,disease|MONDO|19562,-1.00682044,2
6,disease|MONDO|2465,-1.17196915,3
6,disease|MONDO|29000,-1.59499067,4
6,disease|MONDO|16218,-1.76150659,5
6,disease|MONDO|4979,-1.80792558,6
6,disease|MONDO|5249,-2.86044171,7
6,disease|MONDO|19338,-2.94375515,8
7,disease|MONDO|8259,0.09497654,1
7,disease|MONDO|5737,-0.73900145,2
7,disease|MONDO|1444,-0.76941735,3
7,disease|MONDO|43537,-0.83912629,4
7,disease|MONDO|19338,-0.97335470,5
7,disease|MONDO|9688,-1.01575804,6
7,effect/phenotype|HPO|1681,-1.59422693,7
7,disease|MONDO|19562,-1.59850937,8
8,disease|MONDO|18076,-0.85334927,1
8,disease|MONDO|5737,-0.94935226,2
8,disease|MONDO|1444,-0.95157850,3
8,disease|MONDO|43537,-1.20236862,4
8,disease|MONDO|19338,-1.34733891,5
8,disease|MONDO|2465,-1.47620314,6
8,disease|MONDO|4822,-2.08233625,7
8,disease|MONDO|16218,-2.28291428,8
8,disease|MONDO|5249,-3.20186454,9
9,disease|MONDO|5737,-0.67948806,1
9,disease|MONDO|1444,-0.84548050,2
9,disease|MONDO|18076,-0.98693204,3
9,disease|MONDO|19338,-1.16552043,4
9,disease|MONDO|2465,-1.43002588,5
9,disease|MONDO|5002,-1.53018755,6
9,disease|MONDO|16218,-2.02563891,7
9,disease|MONDO|9688,-2.26765999,8
9,disease|MONDO|5077,-2.35026520,9
9,disease|MONDO|4867,-2.64307138,10
10,disease|MONDO|1444,-1.02029371,1
10,disease|MONDO|18076,-1.05257130,2
10,disease|MONDO|5737,-1.16424704,3
10,disease|MONDO|43537,-1.26977670,4
10,disease|MONDO|19338,-1.36567056,5
10,disease|MONDO|9688,-1.53120863,6
10,disease|MONDO|2465,-1.66180122,7
10,disease|MONDO|5070,-2.18832028,8
10,disease|MONDO|4867,-2.37141028,9
10,disease|MONDO|4781,-3.21995226,10
11,disease|MONDO|18076,-0.84936279,1
11,disease|MONDO|5737,-0.94919300,2
11,disease|MONDO|1444,-0.96382439,3
11,disease|MONDO|43537,-1.20032871,4
11,disease|MONDO|19338,-1.32770467,5
11,disease|MONDO|2465,-1.45706341,6
11,disease|MONDO|9688,-1.70478070,7
11,disease|MONDO|4822,-2.09440082,8
11,disease|MONDO|16218,-2.25985697,9
11,disease|MONDO|5070,-2.78308338,10
11,disease|MONDO|5249,-3.16569540,11
12,disease|MONDO|1444,-0.54230309,1
12,disease|MONDO|43537,-0.65292072,2
12,disease|MONDO|18076,-0.66926306,3
12,disease|MONDO|19338,-0.88020599,4
12,disease|MONDO|5737,-0.90241146,5
12,disease|MONDO|2280,-2.12651408,6
13,disease|MONDO|1444,-0.53936177,1
13,disease|MONDO|18076,-0.55444169,2
13,disease|MONDO|43537,-0.62424931,3
13,disease|MONDO|19338,-0.74974895,4
13,disease|MONDO|9688,-0.81837279,5
13,disease|MONDO|5737,-0.86348289,6
13,disease|MONDO|5070,-0.92223418,7
13,disease|MONDO|29000,-0.95905173,8
13,disease|MONDO|5279,-1.55280864,9
15,disease|MONDO|1444,-0.54805052,1
15,disease|MONDO|43537,-0.65070888,2
15,disease|MONDO|18076,-0.66903836,3
15,disease|MONDO|19338,-0.88337350,4
15,disease|MONDO|5737,-0.89610666,5
15,disease|MONDO|2280,-2.15193853,6
16,disease|MONDO|1444,-0.79519242,1
16,disease|MONDO|18076,-0.85984814,2
16,disease|MONDO|43537,-0.95892051,3
16,disease|MONDO|5737,-1.10885501,4
16,disease|MONDO|19338,-1.22628284,5
16,disease|MONDO|29000,-1.85703921,6
16,disease|MONDO|5070,-2.20092893,7
16,disease|MONDO|4979,-2.34943211,8
17,disease|MONDO|5737,-0.73996693,1
17,disease|MONDO|1444,-0.77194536,2
17,disease|MONDO|18076,-0.81121165,3
17,disease|MONDO|19562,-0.95521104,4
17,disease|MONDO|19338,-0.99518186,5
17,disease|MONDO|7186,-1.03223944,6
17,disease|MONDO|3441,-2.18081886,7
18,disease|MONDO|1444,-0.69408530,1
18,disease|MONDO|18076,-0.85214621,2
18,disease|MONDO|5737,-0.88963461,3
18,disease|MONDO|43537,-0.93045792,4
18,disease|MONDO|19338,-1.10734141,5
18,disease|MONDO|9688,-1.25874555,6
18,disease|MONDO|5070,-1.84364408,7
18,disease|MONDO|2280,-3.08527458,8
19,disease|MONDO|5737,-0.74744731,1
19,disease|MONDO|1444,-0.83788455,2
19,disease|MONDO|19338,-1.03220534,3
19,disease|MONDO|9688,-1.03707743,4
19,disease|MONDO|19562,-1.13256228,5
20,disease|MONDO|1444,-0.67333287,1
20,disease|MONDO|43537,-0.75573063,2
20,disease|MONDO|5737,-0.86240470,3
20,disease|MONDO|9688,-0.95423830,4
20,disease|MONDO|19338,-0.99130118,5
20,disease|MONDO|5279,-1.15874800,6
20,disease|MONDO|5070,-1.43079755,7
20,disease|MONDO|19562,-1.72157726,8
21,disease|MONDO|8259,0.09689260,1
21,disease|MONDO|5737,-0.73345858,2
21,disease|MONDO|43537,-0.83289206,3
21,disease|MONDO|19338,-0.97190714,4
21,disease|MONDO|19562,-1.60783821,5
22,disease|MONDO|5737,-0.67515218,1
22,disease|MONDO|18076,-0.77058101,2
22,disease|MONDO|1444,-0.78582340,3
22,disease|MONDO|19562,-0.84486854,4
22,disease|MONDO|19338,-1.02896845,5
23,disease|MONDO|5383,-0.63587257,1
23,disease|MONDO|5737,-0.75414240,2
23,disease|MONDO|1444,-0.85523814,3
23,disease|MONDO|19338,-1.03917503,4
23,disease|MONDO|9688,-1.04432940,5
23,effect/phenotype|HPO|25425,-1.63859761,6
23,disease|MONDO|3441,-2.08956310,7
24,disease|MONDO|5737,-0.67710149,1
24,disease|MONDO|18076,-0.76868641,2
24,disease|MONDO|1444,-0.77657247,3
24,disease|MONDO|19562,-0.84723657,4
24,disease|MONDO|19338,-1.02108359,5
25,disease|MONDO|43537,-1.70028505,1
25,disease|MONDO|5070,-2.38376835,2
26,disease|MONDO|5737,-0.79332078,1
26,disease|MONDO|1444,-0.82968980,2
26,disease|MONDO|18076,-1.10036564,3
26,disease|MONDO|19338,-1.17557335,4
26,disease|MONDO|2465,-1.75637096,5
26,disease|MONDO|9688,-1.89557391,6
26,disease|MONDO|19562,-3.11216438,7
27,disease|MONDO|1444,-0.67333287,1
27,disease|MONDO|43537,-0.75573063,2
27,disease|MONDO|5737,-0.86240470,3
27,disease|MONDO|9688,-0.95423830,4
27,disease|MONDO|19338,-0.99130118,5
27,disease|MONDO|5279,-1.15874800,6
27,disease|MONDO|5070,-1.43079755,7
27,disease|MONDO|19562,-1.72157726,8
28,disease|MONDO|1444,-0.48469651,1
28,disease|MONDO|18076,-0.58328199,2
28,disease|MONDO|43537,-0.65645772,3
28,disease|MONDO|19338,-0.88997650,4
28,disease|MONDO|5737,-0.95174706,5
28,disease|MONDO|29000,-0.95414224,6
29,disease|MONDO|43537,-0.69960099,1
29,disease|MONDO|5737,-0.71842766,2
29,disease|MONDO|19338,-0.85570455,3
29,disease|MONDO|4981,-1.21795747,4
29,disease|MONDO|29000,-1.25540349,5
29,effect/phenotype|HPO|1681,-1.42549619,6
29,disease|MONDO|4496,-1.83635107,7
30,disease|MONDO|1444,-0.56064212,1
30,disease|MONDO|18076,-0.59630656,2
30,disease|MONDO|19562,-0.75651729,3
30,disease|MONDO|19338,-0.86692619,4
30,disease|MONDO|5737,-0.96744829,5
30,disease|MONDO|5070,-1.55022058,6
31,disease|MONDO|1444,-0.64531291,1
31,disease|MONDO|5737,-0.94724667,2
31,disease|MONDO|19338,-1.08705163,3
31,disease|MONDO|9688,-1.34962094,4
31,effect/phenotype|HPO|25425,-1.53061420,5
31,disease|MONDO|4781,-2.61568788,6
31,disease|MONDO|3441,-2.65402547,7
32,disease|MONDO|1444,-0.54055262,1
32,disease|MONDO|18076,-0.54885656,2
32,disease|MONDO|43537,-0.61758876,3
32,disease|MONDO|19338,-0.74980837,4
32,disease|MONDO|9688,-0.81607848,5
32,disease|MONDO|5737,-0.85575557,6
32,disease|MONDO|5070,-0.91401809,7
32,disease|MONDO|29000,-0.95896894,8
32,disease|MONDO|5279,-1.54466112,9
33,disease|MONDO|43537,-0.96163380,1
33,disease|MONDO|29000,-1.85612720,2
33,disease|MONDO|4979,-2.35976815,3
34,disease|MONDO|5737,-0.67362106,1
34,disease|MONDO|19338,-1.12695980,2
34,disease|MONDO|2465,-1.42741886,3
34,disease|MONDO|5070,-1.93333745,4
34,disease|MONDO|16218,-2.03576028,5
34,disease|MONDO|9688,-2.19983050,6
35,disease|MONDO|1444,-0.51257586,1
35,disease|MONDO|18076,-0.71271610,2
35,disease|MONDO|5737,-0.74617457,3
35,disease|MONDO|19338,-0.85214728,4
35,disease|MONDO|5070,-1.31454638,5
36,disease|MONDO|1444,-0.86800551,1
36,disease|MONDO|5737,-0.88175434,2
36,disease|MONDO|18076,-0.88260728,3
36,disease|MONDO|19338,-1.31572914,4
36,disease|MONDO|2465,-1.49942458,5
36,disease|MONDO|16218,-2.11565673,6
36,disease|MONDO|4979,-2.42096180,7
36,disease|MONDO|5249,-3.17306519,8
37,disease|MONDO|43537,-1.22757000,1
37,disease|MONDO|2465,-1.61141449,2
37,disease|MONDO|4979,-2.04442358,3
37,disease|MONDO|16218,-2.24026954,4
37,disease|MONDO|5249,-3.35832858,5
37,disease|MONDO|5070,-3.36443633,6
37,disease|MONDO|19338,-3.48089728,7
38,disease|MONDO|1444,-0.95615852,1
38,disease|MONDO|4979,-2.45301849,2
39,disease|MONDO|1444,-0.95412582,1
39,disease|MONDO|4979,-2.44909769,2
40,disease|MONDO|5737,-0.69202858,1
40,disease|MONDO|1444,-0.84399688,2
40,disease|MONDO|18076,-0.98163706,3
40,disease|MONDO|19338,-1.16064632,4
40,disease|MONDO|2465,-1.42534211,5
40,disease|MONDO|5002,-1.53717902,6
40,disease|MONDO|16218,-2.02822307,7
40,disease|MONDO|9688,-2.25695038,8
40,disease|MONDO|5077,-2.33263224,9
40,disease|MONDO|4867,-2.61116669,10
41,disease|MONDO|1444,-0.58653069,1
41,disease|MONDO|5737,-0.75260305,2
41,disease|MONDO|43537,-0.86658323,3
41,disease|MONDO|19338,-0.92934686,4
41,disease|MONDO|9688,-1.07409394,5
42,disease|MONDO|2465,-1.17764455,1
42,disease|MONDO|43537,-1.30015236,2
42,disease|MONDO|29000,-1.57412475,3
42,disease|MONDO|16218,-1.75074193,4
42,disease|MONDO|4979,-1.80114424,5
42,disease|MONDO|5249,-2.85670665,6
42,disease|MONDO|19338,-3.41023895,7
43,disease|MONDO|1444,-0.98935461,1
43,disease|MONDO|18076,-1.06002247,2
43,disease|MONDO|5737,-1.15256715,3
43,disease|MONDO|19338,-1.36458921,4
43,disease|MONDO|5070,-2.12925681,5
44,disease|MONDO|1444,-0.99019283,1
44,disease|MONDO|19338,-1.14155877,2
44,disease|MONDO|9688,-1.29053545,3
44,disease|MONDO|4867,-1.73564565,4
44,disease|MONDO|5753,-1.83426511,5
44,disease|MONDO|5722,-2.16060239,6
44,disease|MONDO|5002,-2.20771295,7
44,disease|MONDO|5070,-2.23644477,8
44,disease|MONDO|3781,-2.66748255,9
44,disease|MONDO|8259,-2.67009512,10
44,disease|MONDO|19562,-3.14413682,11
45,disease|MONDO|1444,-0.67333287,1
45,disease|MONDO|43537,-0.75573063,2
45,disease|MONDO|5737,-0.86240470,3
45,disease|MONDO|9688,-0.95423830,4
45,disease|MONDO|19338,-0.99130118,5
45,disease|MONDO|5279,-1.15874800,6
45,disease|MONDO|5070,-1.43079755,7
45,disease|MONDO|19562,-1.72157726,8
46,disease|MONDO|43537,-0.40278891,1
46,disease|MONDO|1444,-0.50724113,2
46,disease|MONDO|18076,-0.54664314,3
46,disease|MONDO|19562,-0.75778633,4
46,disease|MONDO|19338,-0.82553339,5
46,disease|MONDO|5737,-0.89959192,6
46,disease|MONDO|5279,-1.15811092,7
46,effect/phenotype|HPO|1681,-1.59110814,8
47,disease|MONDO|1444,-0.50447136,1
47,disease|MONDO|5737,-0.69019097,2
47,disease|MONDO|43537,-0.72178918,3
47,disease|MONDO|9688,-0.97324938,4
47,disease|MONDO|19338,-1.02863312,5
47,effect/phenotype|HPO|4763,-1.57375240,6
47,disease|MONDO|5249,-1.68075934,7
48,disease|MONDO|1444,-0.79386097,1
48,disease|MONDO|19562,-0.92087632,2
48,disease|MONDO|18076,-0.98556423,3
48,disease|MONDO|19338,-1.03983295,4
48,disease|MONDO|4979,-1.57890329,5
48,disease|MONDO|5070,-1.62321019,6
48,disease|MONDO|3441,-1.84903452,7
49,disease|MONDO|18076,-0.76568091,1
49,disease|MONDO|1444,-0.79986471,2
49,disease|MONDO|5737,-0.83813119,3
49,disease|MONDO|43537,-1.01066232,4
49,disease|MONDO|19338,-1.17270517,5
49,disease|MONDO|2465,-1.31583723,6
49,disease|MONDO|16218,-1.88818395,7
49,disease|MONDO|5249,-2.79162243,8
50,disease|MONDO|1444,-0.82418913,1
50,disease|MONDO|18076,-0.89353877,2
50,disease|MONDO|19338,-0.97993183,3
50,disease|MONDO|9688,-2.18242550,4
50,disease|MONDO|5070,-2.36242652,5
51,disease|MONDO|1444,-0.75339675,1
51,disease|MONDO|5737,-0.91031390,2
51,disease|MONDO|18076,-1.02912962,3
51,disease|MONDO|19338,-1.38434744,4
51,effect/phenotype|HPO|1681,-1.90251815,5
51,disease|MONDO|7915,-2.64961442,6
51,disease|MONDO|16218,-2.65661547,7
52,disease|MONDO|1444,-0.71396154,1
52,disease|MONDO|5737,-0.78664875,2
52,disease|MONDO|18076,-1.04383337,3
52,disease|MONDO|19338,-1.22004330,4
52,disease|MONDO|5002,-1.63037264,5
52,disease|MONDO|29000,-2.13624811,6
53,disease|MONDO|1444,-0.54739863,1
53,disease|MONDO|43537,-0.61976957,2
53,disease|MONDO|19338,-0.75609690,3
53,disease|MONDO|9688,-0.82148558,4
53,disease|MONDO|29000,-0.96010435,5
54,disease|MONDO|43537,-0.55170697,1
54,disease|MONDO|29000,-1.53949857,2
54,disease|MONDO|2465,-1.73310041,3
54,disease|MONDO|3441,-2.20791340,4
54,disease|MONDO|4867,-2.58998379,5
55,disease|MONDO|19338,-0.40789127,1
55,disease|MONDO|1444,-0.63410681,2
55,disease|MONDO|43537,-0.74250564,3
55,disease|MONDO|9688,-0.86073303,4
55,disease|MONDO|29000,-0.86278605,5
56,disease|MONDO|18076,-0.81487924,1
56,disease|MONDO|1444,-0.95095384,2
56,disease|MONDO|19338,-1.07697737,3
56,disease|MONDO|9688,-1.22481787,4
56,disease|MONDO|5753,-1.62008393,5
56,disease|MONDO|4867,-1.62248182,6
56,disease|MONDO|5722,-1.93534771,7
56,disease|MONDO|5002,-2.05536062,8
56,disease|MONDO|8259,-2.42448270,9
56,disease|MONDO|3781,-2.49544328,10
56,disease|MONDO|19562,-2.91634429,11
56,disease|MONDO|5070,-2.94138438,12
56,disease|MONDO|5249,-3.08554989,13
57,disease|MONDO|1444,-0.51335621,1
57,disease|MONDO|5737,-0.69443750,2
57,disease|MONDO|43537,-0.72591150,3
57,disease|MONDO|9688,-0.98426652,4
57,disease|MONDO|19338,-1.02896535,5
58,disease|MONDO|7186,-0.84713209,1
58,disease|MONDO|19562,-0.86568463,2
58,disease|MONDO|4822,-1.20496023,3
58,disease|MONDO|5249,-1.26647550,4
58,disease|MONDO|16218,-1.28028700,5
58,effect/phenotype|HPO|4763,-1.32224979,6
58,disease|MONDO|3781,-1.34551239,7
58,disease|MONDO|9688,-1.51125649,8
58,disease|MONDO|5002,-1.60882604,9
58,disease|MONDO|5279,-1.61675370,10
59,disease|MONDO|1444,-0.83561683,1
59,disease|MONDO|18076,-1.10478711,2
59,disease|MONDO|19338,-1.17785358,3
59,disease|MONDO|2465,-1.76208776,4
59,disease|MONDO|9688,-1.89712656,5
59,disease|MONDO|19562,-3.10155731,6
60,disease|MONDO|5383,-0.64492911,1
60,disease|MONDO|19562,-1.12946713,2
60,effect/phenotype|HPO|25425,-1.60203373,3
60,disease|MONDO|3441,-2.05201173,4
61,disease|MONDO|1444,-0.64705145,1
61,disease|MONDO|5737,-0.65320587,2
61,disease|MONDO|43537,-0.80645001,3
61,disease|MONDO|9688,-1.03585052,4
61,disease|MONDO|19338,-1.04057014,5
61,disease|MONDO|29000,-1.22628301,6
61,disease|MONDO|21040,-1.77759337,7
62,disease|MONDO|1444,-0.57476908,1
62,disease|MONDO|19338,-0.89903426,2
62,disease|MONDO|9688,-1.00699806,3
62,disease|MONDO|2280,-2.27993530,4
63,disease|MONDO|1444,-0.51846051,1
63,disease|MONDO|43537,-0.69922698,2
63,disease|MONDO|5737,-0.73053253,3
63,disease|MONDO|19338,-0.85900491,4
63,disease|MONDO|9688,-0.95724130,5
63,disease|MONDO|4981,-1.19000107,6
63,effect/phenotype|HPO|1681,-1.45388931,7
63,disease|MONDO|21040,-1.52931538,8
63,disease|MONDO|4496,-1.88621092,9
64,disease|MONDO|1444,-0.56059933,1
64,disease|MONDO|18076,-0.59630293,2
64,disease|MONDO|19562,-0.75649279,3
64,disease|MONDO|19338,-0.86687648,4
64,disease|MONDO|5737,-0.96749061,5
64,disease|MONDO|9688,-1.04291260,6
64,disease|MONDO|5070,-1.55010611,7
65,disease|MONDO|1444,-0.85420859,1
65,disease|MONDO|19562,-1.00964224,2
65,disease|MONDO|2465,-1.16750595,3
65,disease|MONDO|43537,-1.26473254,4
65,disease|MONDO|29000,-1.57769173,5
65,disease|MONDO|16218,-1.77623540,6
65,disease|MONDO|4979,-1.84000361,7
65,disease|MONDO|5249,-2.82634193,8
65,disease|MONDO|19338,-2.94571227,9
66,disease|MONDO|1444,-0.56052476,1
66,disease|MONDO|18076,-0.59627050,2
66,disease|MONDO|43537,-0.71226132,3
66,disease|MONDO|19562,-0.75652778,4
66,disease|MONDO|19338,-0.86689222,5
66,disease|MONDO|5737,-0.96751797,6
66,disease|MONDO|9688,-1.04291511,7
66,disease|MONDO|5070,-1.54996681,8
67,disease|MONDO|18076,-0.91177249,1
67,disease|MONDO|1444,-0.97901034,2
67,disease|MONDO|19338,-1.13918567,3
67,disease|MONDO|9688,-1.27216685,4
68,disease|MONDO|18076,-0.87787855,1
68,disease|MONDO|5737,-0.88156408,2
68,disease|MONDO|1444,-0.96534383,3
68,disease|MONDO|43537,-1.24605906,4
68,disease|MONDO|19338,-1.42796147,5
68,disease|MONDO|2465,-1.57677287,6
68,disease|MONDO|4822,-1.84350148,7
68,disease|MONDO|16218,-2.23657173,8
68,disease|MONDO|4979,-2.59214264,9
68,disease|MONDO|5249,-3.31900668,10
68,disease|MONDO|5070,-3.34106159,11
69,disease|MONDO|1444,-0.77960515,1
69,disease|MONDO|18076,-0.84373170,2
69,disease|MONDO|43537,-0.90855378,3
69,disease|MONDO|5737,-1.11857939,4
69,disease|MONDO|19338,-1.19770300,5
69,disease|MONDO|5070,-1.66358492,6
69,disease|MONDO|29000,-1.80841714,7
69,disease|MONDO|4979,-2.29699552,8
69,disease|MONDO|9688,-2.33162291,9
70,disease|MONDO|1444,-0.54270577,1
70,disease|MONDO|43537,-0.65718743,2
70,disease|MONDO|18076,-0.67173767,3
70,disease|MONDO|19338,-0.88424999,4
70,disease|MONDO|5737,-0.89762831,5
70,disease|MONDO|2280,-2.13477486,6
71,disease|MONDO|18076,-0.87603092,1
71,disease|MONDO|1444,-0.87809837,2
71,disease|MONDO|5737,-0.88442004,3
71,disease|MONDO|19338,-1.32710195,4
71,disease|MONDO|2465,-1.50025997,5
71,disease|MONDO|4822,-1.99105617,6
71,disease|MONDO|16218,-2.13632661,7
71,disease|MONDO|4979,-2.44069576,8
71,disease|MONDO|5249,-3.17669585,9
72,disease|MONDO|1444,-0.66221392,1
72,disease|MONDO|18076,-0.73302865,2
72,disease|MONDO|5737,-0.75746393,3
72,disease|MONDO|19338,-0.91292876,4
72,disease|MONDO|5249,-1.48428321,5
72,disease|MONDO|5002,-1.54322034,6
72,disease|MONDO|4979,-1.68062907,7
72,disease|MONDO|9688,-2.39391777,8
73,disease|MONDO|5904,-1.34952211,1
73,disease|MONDO|5002,-1.67209148,2
73,effect/phenotype|HPO|1681,-1.72201240,3
73,disease|MONDO|4781,-1.76032269,4
73,disease|MONDO|4979,-1.85974228,5
73,disease|MONDO|4981,-2.10815626,6
73,disease|MONDO|3441,-2.69951551,7
74,disease|MONDO|1444,-0.79395330,1
74,disease|MONDO|18076,-0.85442775,2
74,disease|MONDO|43537,-0.93989548,3
74,disease|MONDO|5737,-1.11405027,4
74,disease|MONDO|19338,-1.21968424,5
74,disease|MONDO|29000,-1.84285828,6
74,disease|MONDO|5070,-2.18168297,7
74,disease|MONDO|4979,-2.33326909,8
75,disease|MONDO|1444,-0.67191678,1
75,disease|MONDO|43537,-0.75485426,2
75,disease|MONDO|5737,-0.85447288,3
75,disease|MONDO|9688,-0.95119023,4
75,disease|MONDO|19338,-0.99293298,5
75,disease|MONDO|5279,-1.09367731,6
75,disease|MONDO|5070,-1.43892646,7
75,disease|MONDO|19562,-1.73029575,8
76,disease|MONDO|1444,-0.62708998,1
76,disease|MONDO|5737,-0.65395969,2
76,disease|MONDO|43537,-0.78840670,3
76,disease|MONDO|9688,-0.97689748,4
76,disease|MONDO|19338,-0.99198502,5
76,disease|MONDO|5070,-1.76208159,6
76,disease|MONDO|18076,-1.78586508,7
77,disease|MONDO|5383,-0.54593247,1
77,disease|MONDO|5737,-0.82200205,2
77,disease|MONDO|1444,-0.85778183,3
77,disease|MONDO|19338,-1.09954107,4
77,disease|MONDO|19562,-1.13509405,5
77,disease|MONDO|9688,-1.22917163,6
77,disease|MONDO|43537,-2.44457147,7
78,disease|MONDO|18076,-0.87676519,1
78,disease|MONDO|5737,-0.89598221,2
78,disease|MONDO|1444,-0.90836191,3
78,disease|MONDO|43537,-1.20671248,4
78,disease|MONDO|19338,-1.35556722,5
78,disease|MONDO|2465,-1.50016865,6
78,disease|MONDO|4822,-1.94718570,7
78,disease|MONDO|4979,-1.95709729,8
78,effect/phenotype|HPO|1681,-1.98255575,9
78,disease|MONDO|16218,-2.17189634,10
79,disease|MONDO|5737,-0.71269572,1
79,disease|MONDO|1444,-0.75930703,2
79,disease|MONDO|18076,-0.89076048,3
79,disease|MONDO|9688,-1.15936708,4
79,disease|MONDO|19338,-1.23499775,5
79,disease|MONDO|5279,-2.53052175,6
80,disease|MONDO|8259,0.09541810,1
80,disease|MONDO|5737,-0.73853850,2
80,disease|MONDO|43537,-0.83591941,3
80,disease|MONDO|19338,-0.97900087,4
80,disease|MONDO|19562,-1.61460859,5
81,disease|MONDO|5002,-0.78543103,1
81,disease|MONDO|18076,-0.78925818,2
81,disease|MONDO|19562,-0.82016301,3
81,disease|MONDO|1444,-0.91842580,4
81,disease|MONDO|7186,-0.92680025,5
81,disease|MONDO|19338,-1.04953325,6
81,disease|MONDO|5737,-1.06502700,7
81,disease|MONDO|9688,-1.22224188,8
81,disease|MONDO|4822,-1.74742526,9
81,disease|MONDO|4867,-1.77823555,10
81,disease|MONDO|4981,-1.95274952,11
82,disease|MONDO|43537,-0.63883233,1
82,disease|MONDO|2465,-1.94111854,2
83,disease|MONDO|5737,-0.75260317,1
83,disease|MONDO|43537,-0.86658317,2
83,disease|MONDO|19338,-0.92934686,3
83,disease|MONDO|9688,-1.07409394,4
83,disease|MONDO|4981,-1.12852836,5
83,disease|MONDO|29000,-1.83022296,6
84,disease|MONDO|1444,-0.64060545,1
84,disease|MONDO|19338,-0.95091903,2
84,disease|MONDO|9688,-1.05407071,3
84,disease|MONDO|29000,-1.40430212,4
84,effect/phenotype|HPO|1681,-1.63276863,5
85,disease|MONDO|5383,-0.54520324,1
85,disease|MONDO|1444,-0.67521256,2
85,disease|MONDO|5737,-0.80827725,3
85,disease|MONDO|19338,-0.92167246,4
85,disease|MONDO|9688,-1.01327753,5
85,disease|MONDO|3441,-1.58218199,6
85,disease|MONDO|2280,-2.40163234,7
86,disease|MONDO|5737,-0.68383044,1
86,disease|MONDO|19338,-1.17262816,2
86,disease|MONDO|2465,-1.43988365,3
86,disease|MONDO|5070,-1.99387074,4
86,disease|MONDO|16218,-2.03452641,5
86,disease|MONDO|3441,-2.16707462,6
86,disease|MONDO|9688,-2.27880538,7
87,disease|MONDO|1444,-0.63166368,1
87,disease|MONDO|43537,-0.70537996,2
87,disease|MONDO|19338,-0.78446496,3
87,disease|MONDO|9688,-0.82581460,4
87,disease|MONDO|29000,-0.95709920,5
87,disease|MONDO|3441,-1.18753976,6
87,effect/phenotype|HPO|1681,-1.44501203,7
88,disease|MONDO|1444,-0.67190361,1
88,disease|MONDO|43537,-0.68682688,2
88,disease|MONDO|5737,-0.87535918,3
88,disease|MONDO|19338,-0.92628449,4
88,disease|MONDO|9688,-1.07029939,5
88,effect/phenotype|HPO|1681,-1.65608931,6
88,disease|MONDO|5070,-1.74129879,7
88,disease|MONDO|4981,-1.87485951,8
89,disease|MONDO|1444,-0.67805815,1
89,disease|MONDO|43537,-0.76410747,2
89,disease|MONDO|5737,-0.84628016,3
89,disease|MONDO|9688,-0.94714510,4
89,disease|MONDO|19338,-0.99677283,5
89,disease|MONDO|5279,-1.11485273,6
89,disease|MONDO|5070,-1.45113951,7
90,disease|MONDO|18076,-0.11128348,1
90,disease|MONDO|5737,-0.53203356,2
90,disease|MONDO|1444,-0.69147736,3
90,disease|MONDO|19338,-0.84484494,4
90,disease|MONDO|4777,-1.02903989,5
90,disease|MONDO|9688,-1.05540311,6
90,disease|MONDO|5904,-1.32507893,7
90,disease|MONDO|4867,-1.61603430,8
91,disease|MONDO|1444,-0.66656923,1
91,disease|MONDO|43537,-0.75820625,2
91,disease|MONDO|5737,-0.86539543,3
91,disease|MONDO|9688,-0.95058489,4
91,disease|MONDO|19338,-0.98298442,5
91,disease|MONDO|5279,-1.15172908,6
91,disease|MONDO|5070,-1.41847032,7
91,disease|MONDO|19562,-1.71745202,8
92,disease|MONDO|1444,-0.71125400,1
92,disease|MONDO|5737,-0.82779449,2
92,disease|MONDO|18076,-0.97468060,3
92,disease|MONDO|43537,-0.99680844,4
92,disease|MONDO|19338,-1.19437528,5
92,disease|MONDO|2465,-1.43350029,6
92,disease|MONDO|16218,-1.98558250,7
93,disease|MONDO|1444,-0.80143815,1
93,disease|MONDO|18076,-0.85743916,2
93,disease|MONDO|43537,-0.95221692,3
93,disease|MONDO|5737,-1.11946106,4
93,disease|MONDO|19338,-1.22503269,5
93,disease|MONDO|5070,-1.72239628,6
93,disease|MONDO|29000,-1.85607079,7
93,disease|MONDO|4979,-2.35606822,8
93,disease|MONDO|9688,-2.36143196,9
94,disease|MONDO|5737,-0.87253159,1
94,disease|MONDO|1444,-0.96997321,2
94,disease|MONDO|19338,-1.46522355,3
94,disease|MONDO|9688,-1.57872319,4
94,disease|MONDO|4979,-2.83250278,5
94,effect/phenotype|HPO|1681,-2.94629443,6
94,disease|MONDO|7915,-3.07462099,7
94,disease|MONDO|19562,-3.41585013,8
95,disease|MONDO|1444,-0.82216036,1
95,disease|MONDO|19562,-0.90015739,2
95,disease|MONDO|19338,-0.96033335,3
95,disease|MONDO|9688,-0.98541301,4
95,disease|MONDO|29000,-1.29092765,5
96,disease|MONDO|1444,-0.94560707,1
96,disease|MONDO|4979,-2.50572768,2
96,disease|MONDO|7915,-2.82606459,3
97,disease|MONDO|5383,-0.52254367,1
97,disease|MONDO|19562,-1.15162683,2
97,disease|MONDO|4781,-2.59434837,3
98,disease|MONDO|1444,-0.67627132,1
98,disease|MONDO|43537,-0.74562165,2
98,disease|MONDO|5737,-0.86073989,3
98,disease|MONDO|9688,-0.94595647,4
98,disease|MONDO|19338,-0.98774052,5
98,disease|MONDO|5279,-1.08866915,6
98,disease|MONDO|5070,-1.43164989,7
98,disease|MONDO|19562,-1.71389949,8
99,disease|MONDO|43537,-0.57003266,1
99,disease|MONDO|2465,-1.74181151,2
99,disease|MONDO|3441,-2.21563590,3
99,disease|MONDO|4867,-2.60269836,4
100,disease|MONDO|1444,-0.58653063,1
100,disease|MONDO|5737,-0.75260311,2
100,disease|MONDO|43537,-0.86658326,3
100,disease|MONDO|19338,-0.92934692,4
100,disease|MONDO|9688,-1.07409394,5
100,disease|MONDO|4981,-1.12852833,6
100,disease|MONDO|29000,-1.42842859,7
101,disease|MONDO|1444,-0.65185833,1
101,disease|MONDO|43537,-0.67340714,2
101,disease|MONDO|19338,-0.87398612,3
101,disease|MONDO|9688,-1.00472414,4
101,disease|MONDO|16218,-1.45500880,5
101,disease|MONDO|5070,-1.55940747,6
101,disease|MONDO|5279,-1.75680691,7
102,disease|MONDO|1444,-0.65971649,1
102,disease|MONDO|19338,-1.01972854,2
102,disease|MONDO|29000,-1.14900494,3
102,disease|MONDO|9688,-1.18328249,4
102,disease|MONDO|5249,-1.54503888,5
102,effect/phenotype|HPO|1681,-1.84065688,6
103,disease|MONDO|9688,-0.48448372,1
103,disease|MONDO|1444,-0.68238354,2
103,disease|MONDO|19338,-1.06728935,3
103,disease|MONDO|29000,-1.17737675,4
103,effect/phenotype|HPO|1681,-1.61723441,5
103,disease|MONDO|5279,-1.96385762,6
103,disease|MONDO|19562,-2.28863344,7
103,disease|MONDO|4981,-2.80579221,8
104,disease|MONDO|5737,-0.79241747,1
104,disease|MONDO|1444,-0.82924622,2
104,disease|MONDO|18076,-1.09790349,3
104,disease|MONDO|19338,-1.17761445,4
104,disease|MONDO|2465,-1.76369971,5
104,effect/phenotype|HPO|1681,-2.06026804,6
104,disease|MONDO|5249,-3.32771969,7
105,disease|MONDO|1444,-0.50948775,1
105,disease|MONDO|5737,-0.69272298,2
105,disease|MONDO|43537,-0.72493735,3
105,disease|MONDO|9688,-0.97262591,4
105,disease|MONDO|19338,-1.02918494,5
105,effect/phenotype|HPO|4763,-1.55592871,6
105,disease|MONDO|5249,-1.66948369,7
106,disease|MONDO|18076,-0.55326104,1
106,disease|MONDO|43537,-0.62236536,2
106,disease|MONDO|19338,-0.76178443,3
106,disease|MONDO|5737,-0.85646158,4
106,disease|MONDO|5070,-0.93241233,5
106,disease|MONDO|3441,-1.13571373,6
106,effect/phenotype|HPO|1681,-1.41249216,7
106,disease|MONDO|5279,-1.55899942,8
107,disease|MONDO|1444,-0.77053308,1
107,disease|MONDO|19562,-0.92214614,2
107,disease|MONDO|19338,-0.96486855,3
107,disease|MONDO|9688,-1.10390246,4
107,disease|MONDO|29000,-1.60809731,5
108,disease|MONDO|43537,-0.74250573,1
108,disease|MONDO|29000,-1.01728511,2
108,disease|MONDO|9688,-1.25143018,3
109,disease|MONDO|43537,-0.61137214,1
109,disease|MONDO|3441,-1.15621501,2
110,disease|MONDO|1444,-0.77600300,1
110,disease|MONDO|5737,-0.80977243,2
110,disease|MONDO|18076,-1.10983384,3
110,disease|MONDO|19338,-1.32579195,4
110,disease|MONDO|2465,-1.68689561,5
110,disease|MONDO|16218,-2.24135718,6
111,disease|MONDO|19338,-0.40789127,1
111,disease|MONDO|1444,-0.63410687,2
111,disease|MONDO|43537,-0.74250576,3
111,disease|MONDO|9688,-0.86073303,4
111,disease|MONDO|29000,-0.86278617,5
112,disease|MONDO|1444,-0.79054940,1
112,disease|MONDO|18076,-0.85037118,2
112,disease|MONDO|43537,-0.93175370,3
112,disease|MONDO|5737,-1.11541331,4
112,disease|MONDO|19338,-1.20923722,5
112,disease|MONDO|5070,-1.68108958,6
112,disease|MONDO|29000,-1.82679394,7
112,disease|MONDO|4979,-2.32174692,8
112,disease|MONDO|9688,-2.33883841,9
113,disease|MONDO|43537,-0.17114502,1
113,disease|MONDO|5383,-1.91264057,2
113,disease|MONDO|6932,-2.03735697,3
113,disease|MONDO|3781,-2.06710863,4
113,disease|MONDO|19338,-2.12437999,5
113,disease|MONDO|7915,-2.13288397,6
113,disease|MONDO|4979,-2.17184728,7
113,disease|MONDO|5002,-2.19173712,8
113,disease|MONDO|2280,-2.21014482,9
113,disease|MONDO|9688,-2.21848863,10
113,disease|MONDO|7186,-2.27193791,11
113,disease|MONDO|4781,-2.32975811,12
114,disease|MONDO|43537,-0.38412827,1
114,disease|MONDO|1444,-0.49853653,2
114,disease|MONDO|18076,-0.54032934,3
114,disease|MONDO|29000,-0.70269895,4
114,disease|MONDO|19562,-0.75619107,5
114,disease|MONDO|19338,-0.81988567,6
114,disease|MONDO|5737,-0.90368843,7
115,disease|MONDO|5737,-0.82869911,1
115,disease|MONDO|1444,-0.84978801,2
115,disease|MONDO|19338,-1.10924709,3
115,disease|MONDO|19562,-1.13320053,4
115,disease|MONDO|9688,-1.23739421,5
116,disease|MONDO|1444,-0.57475543,1
116,disease|MONDO|19338,-0.89903033,2
116,disease|MONDO|43537,-0.99567935,3
116,disease|MONDO|9688,-1.00697517,4
116,effect/phenotype|HPO|1681,-2.66821997,5
117,disease|MONDO|1444,-0.55410433,1
117,disease|MONDO|43537,-0.63113919,2
117,disease|MONDO|5070,-0.64202800,3
117,disease|MONDO|18076,-0.68136829,4
117,disease|MONDO|5737,-0.81703031,5
117,disease|MONDO|19338,-0.85859257,6
117,disease|MONDO|9688,-0.98749822,7
118,disease|MONDO|1444,-0.54324454,1
118,disease|MONDO|18076,-0.55596656,2
118,disease|MONDO|43537,-0.63175011,3
118,disease|MONDO|19338,-0.75037694,4
118,disease|MONDO|9688,-0.81686205,5
118,disease|MONDO|5737,-0.86100227,6
118,disease|MONDO|5070,-0.92485660,7
118,disease|MONDO|29000,-0.95645294,8
118,disease|MONDO|5279,-1.54961057,9
119,disease|MONDO|1444,-0.64795411,1
119,disease|MONDO|5737,-0.65379941,2
119,disease|MONDO|43537,-0.81319052,3
119,disease|MONDO|9688,-1.03518057,4
119,disease|MONDO|19338,-1.03853536,5
119,disease|MONDO|29000,-1.60590500,6
119,disease|MONDO|21040,-1.77415016,7
120,disease|MONDO|1444,-0.95615852,1
120,disease|MONDO|4979,-2.45301849,2
121,disease|MONDO|43537,-0.55997521,1
121,disease|MONDO|29000,-1.53569323,2
121,disease|MONDO|2465,-1.73147810,3
121,disease|MONDO|3441,-2.20656675,4
121,disease|MONDO|4867,-2.59531173,5
122,disease|MONDO|43537,-0.41850781,1
122,disease|MONDO|1444,-0.51634884,2
122,disease|MONDO|18076,-0.54568219,3
122,disease|MONDO|29000,-0.75821501,4
122,disease|MONDO|19562,-0.77117324,5
122,disease|MONDO|19338,-0.85282767,6
122,disease|MONDO|5249,-1.72585735,7
123,disease|MONDO|43537,-0.39326790,1
123,disease|MONDO|1444,-0.49876779,2
123,disease|MONDO|18076,-0.54068708,3
123,disease|MONDO|19562,-0.76188111,4
123,disease|MONDO|19338,-0.81354451,5
123,disease|MONDO|5737,-0.89198583,6
123,disease|MONDO|5070,-1.25542714,7
124,disease|MONDO|1444,-0.64242899,1
124,disease|MONDO|43537,-0.82696825,2
124,disease|MONDO|5737,-0.85419607,3
124,disease|MONDO|19338,-1.06348801,4
124,disease|MONDO|9688,-1.18158150,5
124,disease|MONDO|2465,-1.33768508,6
124,disease|MONDO|16218,-1.58043161,7
125,disease|MONDO|1444,-0.54557133,1
125,disease|MONDO|19562,-0.85902548,2
125,disease|MONDO|19338,-1.02630436,3
125,disease|MONDO|9688,-1.14951932,4
125,disease|MONDO|21040,-2.07220826,5
126,disease|MONDO|1444,-0.86065441,1
126,disease|MONDO|18076,-1.00282109,2
126,disease|MONDO|43537,-1.07543099,3
126,disease|MONDO|5737,-1.10750222,4
126,disease|MONDO|19338,-1.30385470,5
126,disease|MONDO|5070,-2.01404893,6
127,disease|MONDO|5737,-0.73790705,1
127,disease|MONDO|2465,-1.01044545,2
127,disease|MONDO|1444,-1.07725334,3
127,disease|MONDO|9688,-1.28999448,4
127,disease|MONDO|19338,-1.38849604,5
127,disease|MONDO|16218,-1.69727707,6
127,disease|MONDO|29000,-2.18418908,7
127,disease|MONDO|21040,-2.77564630,8
127,disease|MONDO|5249,-2.82809326,9
127,disease|MONDO|5070,-3.25472546,10
128,disease|MONDO|1444,-0.69756359,1
128,disease|MONDO|5737,-0.75988817,2
128,disease|MONDO|18076,-0.81868017,3
128,disease|MONDO|19338,-1.11581314,4
128,disease|MONDO|4867,-1.61841410,5
128,disease|MONDO|5070,-1.95515823,6
128,disease|MONDO|5002,-2.02694839,7
128,disease|MONDO|4979,-3.12585205,8
129,disease|MONDO|1444,-0.80713123,1
129,disease|MONDO|18076,-0.86550057,2
129,disease|MONDO|43537,-0.96423012,3
129,disease|MONDO|5737,-1.11782932,4
129,disease|MONDO|19338,-1.23299205,5
129,disease|MONDO|5070,-1.74589252,6
129,disease|MONDO|29000,-1.86696810,7
129,disease|MONDO|4979,-2.36595011,8
129,disease|MONDO|9688,-2.37117997,9
130,disease|MONDO|18076,-0.87408781,1
130,disease|MONDO|1444,-0.90575075,2
130,disease|MONDO|19338,-1.41986632,3
130,disease|MONDO|2465,-1.58847684,4
130,disease|MONDO|16218,-2.22799173,5
130,disease|MONDO|4979,-2.51859277,6
130,disease|MONDO|5249,-3.32965195,7
131,disease|MONDO|1444,-0.55648071,1
131,disease|MONDO|43537,-0.63043803,2
131,disease|MONDO|19338,-0.76473838,3
131,disease|MONDO|9688,-0.83169389,4
131,disease|MONDO|29000,-0.98190403,5
132,disease|MONDO|18076,-0.79057866,1
132,disease|MONDO|1444,-0.83648229,2
132,disease|MONDO|19338,-0.96444237,3
132,disease|MONDO|5737,-1.03880596,4
132,disease|MONDO|43537,-1.63656849,5
132,disease|MONDO|2280,-2.01770160,6
132,disease|MONDO|5070,-2.60772821,7
132,disease|MONDO|4979,-2.88579971,8
133,disease|MONDO|1444,-0.68787795,1
133,disease|MONDO|18076,-0.80703747,2
133,disease|MONDO|19338,-1.11071277,3
133,disease|MONDO|4867,-1.65098965,4
133,disease|MONDO|5070,-2.03578228,5
133,disease|MONDO|5002,-2.07875848,6
133,disease|MONDO|4979,-3.08364308,7
134,disease|MONDO|18076,-0.11669230,1
134,disease|MONDO|5737,-0.53157711,2
134,disease|MONDO|1444,-0.68829495,3
134,disease|MONDO|19338,-0.83715129,4
134,disease|MONDO|4777,-1.02403978,5
134,disease|MONDO|9688,-1.04803228,6
134,disease|MONDO|5904,-1.31590460,7
134,disease|MONDO|4867,-1.61506209,8
135,disease|MONDO|1444,-0.88047326,1
135,disease|MONDO|18076,-1.10335708,2
135,disease|MONDO|43537,-1.11735523,3
135,disease|MONDO|5737,-1.21244216,4
135,disease|MONDO|19338,-1.48481107,5
135,disease|MONDO|5070,-3.04337245,6
136,disease|MONDO|1444,-0.66358614,1
136,disease|MONDO|18076,-0.73127729,2
136,disease|MONDO|5737,-0.75683069,3
136,disease|MONDO|19338,-0.90550238,4
136,disease|MONDO|9688,-2.37240830,5
137,disease|MONDO|5737,-0.62584823,1
137,disease|MONDO|1444,-0.74821234,2
137,disease|MONDO|18076,-0.74890411,3
137,disease|MONDO|19338,-0.99157292,4
137,disease|MONDO|2465,-1.41877946,5
137,disease|MONDO|5002,-1.55599648,6
137,disease|MONDO|3441,-1.68237543,7
137,disease|MONDO|16218,-1.81746346,8
137,disease|MONDO|9688,-1.96601045,9
138,disease|MONDO|1444,-0.58653069,1
138,disease|MONDO|19338,-0.92934692,2
138,disease|MONDO|9688,-1.07409394,3
139,disease|MONDO|19338,-0.40789139,1
139,disease|MONDO|1444,-0.63410687,2
139,disease|MONDO|43537,-0.74250573,3
139,disease|MONDO|9688,-0.86073303,4
139,disease|MONDO|29000,-0.86278611,5
139,effect/phenotype|HPO|4763,-1.45337251,6
139,disease|MONDO|4981,-1.81516895,7
140,disease|MONDO|1444,-0.54557204,1
140,disease|MONDO|19562,-0.85902512,2
140,disease|MONDO|19338,-1.02630484,3
140,disease|MONDO|9688,-1.14951873,4
140,disease|MONDO|3441,-1.87050298,5
141,disease|MONDO|18076,-0.79029512,1
141,disease|MONDO|5002,-0.80472082,2
141,disease|MONDO|19562,-0.82659572,3
141,disease|MONDO|1444,-0.92815071,4
141,disease|MONDO|7186,-0.94525617,5
141,disease|MONDO|19338,-1.05992556,6
141,disease|MONDO|5737,-1.07794356,7
141,disease|MONDO|4867,-1.78595588,8
141,disease|MONDO|4822,-1.78621584,9
142,disease|MONDO|18076,-0.76504803,1
142,disease|MONDO|1444,-0.81213546,2
142,disease|MONDO|5737,-0.82183439,3
142,disease|MONDO|43537,-0.99713415,4
142,disease|MONDO|19338,-1.16831124,5
142,disease|MONDO|2465,-1.29356718,6
142,disease|MONDO|29000,-1.48258418,7
142,disease|MONDO|16218,-1.87785310,8
142,disease|MONDO|5249,-2.73931611,9
142,disease|MONDO|4979,-3.12546584,10
143,disease|MONDO|1444,-0.67688274,1
143,disease|MONDO|43537,-0.76339158,2
143,disease|MONDO|5737,-0.85624033,3
143,disease|MONDO|9688,-0.95737809,4
143,disease|MONDO|19338,-0.99688458,5
143,disease|MONDO|5279,-1.10772687,6
143,disease|MONDO|5070,-1.45056537,7
144,disease|MONDO|1444,-0.70578766,1
144,disease|MONDO|9688,-1.10520101,2
144,disease|MONDO|19338,-1.14507723,3
144,effect/phenotype|HPO|4763,-2.06662154,4
144,disease|MONDO|5249,-2.19045606,5
144,disease|MONDO|18076,-2.56002364,6
145,disease|MONDO|5737,-0.74077028,1
145,disease|MONDO|2465,-1.00724432,2
145,disease|MONDO|19338,-1.41108811,3
145,disease|MONDO|16218,-1.72966304,4
145,disease|MONDO|21040,-2.84952450,5
145,disease|MONDO|5249,-2.88454756,6
146,disease|MONDO|1444,-0.54557139,1
146,disease|MONDO|19562,-0.85902530,2
146,disease|MONDO|3441,-1.87050259,3
146,disease|MONDO|4867,-2.04126571,4
146,disease|MONDO|21040,-2.07220846,5
147,disease|MONDO|2465,-1.13474995,1
147,disease|MONDO|43537,-1.26057625,2
147,disease|MONDO|29000,-1.49759555,3
147,disease|MONDO|16218,-1.75746837,4
147,disease|MONDO|4979,-1.81401652,5
147,disease|MONDO|5249,-2.71468392,6
147,disease|MONDO|19338,-3.30954880,7
148,disease|MONDO|1444,-0.81681061,1
148,disease|MONDO|19562,-0.90130734,2
148,disease|MONDO|29000,-1.28093892,3
148,effect/phenotype|HPO|1681,-1.57727182,4
148,disease|MONDO|21040,-2.01011053,5
149,disease|MONDO|1444,-0.67973828,1
149,disease|MONDO|43537,-0.71206209,2
149,disease|MONDO|5737,-0.86369514,3
149,disease|MONDO|19338,-0.93197578,4
149,disease|MONDO|9688,-1.06251168,5
149,disease|MONDO|5249,-1.52909982,6
149,effect/phenotype|HPO|1681,-1.66534510,7
149,disease|MONDO|5070,-1.77353641,8
150,disease|MONDO|43537,-0.67344207,1
150,disease|MONDO|16218,-1.45515808,2
151,disease|MONDO|8259,0.09893924,1
151,disease|MONDO|5737,-0.74591678,2
151,disease|MONDO|43537,-0.83949217,3
151,disease|MONDO|19338,-0.97722709,4
151,disease|MONDO|19562,-1.61023855,5
152,disease|MONDO|1444,-0.91017312,1
152,disease|MONDO|18076,-1.01227343,2
152,disease|MONDO|43537,-1.08687294,3
152,disease|MONDO|5737,-1.12814224,4
152,disease|MONDO|19338,-1.35796642,5
152,disease|MONDO|9688,-1.50514889,6
152,disease|MONDO|4822,-2.30062860,7
153,disease|MONDO|1444,-0.65435314,1
153,disease|MONDO|18076,-0.78576159,2
153,disease|MONDO|5737,-0.94811738,3
153,disease|MONDO|19338,-1.09630704,4
153,effect/phenotype|HPO|25425,-1.54520401,5
153,disease|MONDO|3441,-2.68791845,6
154,disease|MONDO|43537,-0.42074817,1
154,disease|MONDO|1444,-0.52259547,2
154,disease|MONDO|18076,-0.55216318,3
154,disease|MONDO|19562,-0.76968312,4
154,disease|MONDO|19338,-0.85834908,5
154,disease|MONDO|5279,-1.18357000,6
154,effect/phenotype|HPO|1681,-1.63763949,7
155,disease|MONDO|1444,-0.51787126,1
155,disease|MONDO|5737,-0.69476247,2
155,disease|MONDO|43537,-0.73402658,3
155,disease|MONDO|9688,-0.97199047,4
155,disease|MONDO|19338,-1.03350222,5
155,effect/phenotype|HPO|4763,-1.57865342,6
155,disease|MONDO|5249,-1.68833306,7
156,disease|MONDO|1444,-0.62801170,1
156,disease|MONDO|5737,-0.65528059,2
156,disease|MONDO|43537,-0.79368833,3
156,disease|MONDO|9688,-0.97765946,4
156,disease|MONDO|19338,-0.99391699,5
156,disease|MONDO|5070,-1.76958290,6
157,disease|MONDO|5737,-0.68072200,1
157,disease|MONDO|18076,-0.77039546,2
157,disease|MONDO|1444,-0.78422320,3
157,disease|MONDO|19562,-0.84918439,4
157,disease|MONDO|19338,-1.03009808,5
158,disease|MONDO|1444,-0.54181391,1
158,disease|MONDO|43537,-0.63836491,2
158,disease|MONDO|18076,-0.65644497,3
158,disease|MONDO|19338,-0.87087011,4
158,disease|MONDO|5737,-0.91461992,5
158,disease|MONDO|5070,-1.23515615,6
158,disease|MONDO|2280,-2.10308120,7
159,disease|MONDO|43537,-0.41068795,1
159,disease|MONDO|1444,-0.50882387,2
159,disease|MONDO|18076,-0.55750906,3
159,disease|MONDO|29000,-0.72399139,4
159,disease|MONDO|19562,-0.76014757,5
159,disease|MONDO|19338,-0.83623207,6
159,disease|MONDO|5737,-0.90780872,7
159,disease|MONDO|5279,-1.16452476,8
159,effect/phenotype|HPO|1681,-1.61002108,9
160,disease|MONDO|1444,-0.57655716,1
160,disease|MONDO|43537,-0.69832250,2
160,disease|MONDO|5737,-0.78476262,3
160,disease|MONDO|19338,-0.97649026,4
160,disease|MONDO|9688,-1.00447297,5
160,disease|MONDO|5249,-1.58602533,6
160,effect/phenotype|HPO|4763,-1.58633959,7
160,disease|MONDO|4981,-2.46181196,8
161,disease|MONDO|8259,0.09982008,1
161,disease|MONDO|5737,-0.75206327,2
161,disease|MONDO|43537,-0.82811064,3
161,disease|MONDO|19338,-0.97796273,4
161,disease|MONDO|19562,-1.59874368,5
162,disease|MONDO|18076,-0.76985562,1
162,disease|MONDO|1444,-0.77435654,2
162,disease|MONDO|19562,-0.84432131,3
162,disease|MONDO|19338,-1.02156115,4
163,disease|MONDO|18076,-0.78862011,1
163,disease|MONDO|5002,-0.79608810,2
163,disease|MONDO|19562,-0.82111102,3
163,disease|MONDO|1444,-0.92171323,4
163,disease|MONDO|7186,-0.93792880,5
163,disease|MONDO|19338,-1.05450463,6
163,disease|MONDO|5737,-1.07625163,7
163,disease|MONDO|4867,-1.77171874,8
163,disease|MONDO|4822,-1.77682310,9
163,disease|MONDO|3781,-2.39037746,10
163,effect/phenotype|HPO|1681,-2.73435937,11
164,disease|MONDO|43537,-0.74250567,1
164,effect/phenotype|HPO|25425,-0.90771616,2
164,disease|MONDO|9688,-1.75640041,3
165,disease|MONDO|5737,-0.75260311,1
165,disease|MONDO|43537,-0.86658329,2
165,disease|MONDO|19338,-0.92934692,3
165,disease|MONDO|9688,-1.07409394,4
165,disease|MONDO|4981,-1.12852836,5
165,disease|MONDO|29000,-1.42842868,6
166,disease|MONDO|5737,-0.79536045,1
166,disease|MONDO|1444,-0.82017970,2
166,disease|MONDO|18076,-1.09135365,3
166,disease|MONDO|19338,-1.16207266,4
166,disease|MONDO|2465,-1.72423357,5
166,effect/phenotype|HPO|1681,-2.04229510,6
166,disease|MONDO|5002,-2.04862374,7
166,disease|MONDO|5249,-3.24799410,8
167,disease|MONDO|43537,-0.58516896,1
167,disease|MONDO|29000,-1.54574716,2
167,disease|MONDO|2465,-1.73328096,3
167,disease|MONDO|3441,-2.23379016,4
167,disease|MONDO|4867,-2.64020354,5
168,disease|MONDO|5737,-0.67639261,1
168,disease|MONDO|18076,-0.76856923,2
168,disease|MONDO|1444,-0.77924961,3
168,disease|MONDO|19562,-0.84653980,4
168,disease|MONDO|19338,-1.02337813,5
169,disease|MONDO|18076,-0.88121623,1
169,disease|MONDO|5737,-0.89637417,2
169,disease|MONDO|1444,-0.91083401,3
169,disease|MONDO|43537,-1.20238262,4
169,disease|MONDO|19338,-1.36304450,5
169,disease|MONDO|2465,-1.51273260,6
169,disease|MONDO|4822,-1.92568877,7
169,disease|MONDO|4979,-1.96010882,8
169,effect/phenotype|HPO|1681,-1.98262143,9
169,disease|MONDO|16218,-2.18741274,10
170,disease|MONDO|18076,-0.11380398,1
170,disease|MONDO|5737,-0.51524818,2
170,disease|MONDO|1444,-0.67119241,3
170,disease|MONDO|19338,-0.84547782,4
170,disease|MONDO|4777,-1.00041950,5
170,disease|MONDO|9688,-1.04760003,6
170,disease|MONDO|5722,-1.22841853,7
170,disease|MONDO|5904,-1.37736680,8
170,disease|MONDO|4867,-1.53110021,9
170,disease|MONDO|2646,-1.57978117,10
170,disease|MONDO|5249,-1.83875549,11
171,disease|MONDO|5737,-0.72795117,1
171,disease|MONDO|1444,-0.77881563,2
171,disease|MONDO|18076,-0.95357376,3
171,disease|MONDO|19338,-1.09399831,4
171,disease|MONDO|9688,-1.26597691,5
171,effect/phenotype|HPO|4763,-2.03574443,6
172,disease|MONDO|18076,-0.88631439,1
172,disease|MONDO|1444,-0.97864318,2
172,disease|MONDO|19338,-1.13046801,3
172,disease|MONDO|9688,-1.25691688,4
172,disease|MONDO|21040,-2.48184043,5
173,disease|MONDO|5737,-0.69944638,1
173,disease|MONDO|43537,-0.96132427,2
173,disease|MONDO|19338,-1.10480523,3
173,disease|MONDO|2465,-1.17560697,4
173,disease|MONDO|16218,-1.65012717,5
173,disease|MONDO|21040,-2.34141925,6
173,disease|MONDO|5249,-2.52771330,7
174,disease|MONDO|5737,-0.67713809,1
174,disease|MONDO|18076,-0.76457399,2
174,disease|MONDO|1444,-0.77789867,3
174,disease|MONDO|19562,-0.84752619,4
174,disease|MONDO|19338,-1.02057862,5
175,disease|MONDO|1444,-0.54151297,1
175,disease|MONDO|43537,-0.66034549,2
175,disease|MONDO|18076,-0.67965627,3
175,disease|MONDO|5737,-0.88321614,4
175,disease|MONDO|19338,-0.89506310,5
176,disease|MONDO|1444,-0.82074022,1
176,disease|MONDO|18076,-1.09793627,2
176,disease|MONDO|19338,-1.16589904,3
176,disease|MONDO|2465,-1.76359349,4
176,disease|MONDO|9688,-1.86926025,5
176,effect/phenotype|HPO|1681,-2.02939045,6
176,disease|MONDO|19562,-3.06454608,7
177,disease|MONDO|1444,-0.82625365,1
177,disease|MONDO|19562,-0.90512276,2
178,disease|MONDO|1444,-0.57936114,1
178,disease|MONDO|19338,-0.94128913,2
178,disease|MONDO|9688,-1.13205457,3
178,disease|MONDO|29000,-1.24074590,4
178,disease|MONDO|5070,-1.93898717,5
179,disease|MONDO|1444,-0.73885071,1
179,disease|MONDO|18076,-0.81836969,2
179,disease|MONDO|43537,-0.82956535,3
179,disease|MONDO|19338,-1.03757000,4
179,disease|MONDO|5737,-1.05139530,5
179,disease|MONDO|9688,-1.19820392,6
179,disease|MONDO|5002,-1.35288930,7
180,disease|MONDO|43537,-0.63597655,1
180,disease|MONDO|2465,-1.95340014,2
180,disease|MONDO|4979,-2.07830882,3
181,disease|MONDO|1444,-0.56071770,1
181,disease|MONDO|18076,-0.59636241,2
181,disease|MONDO|19562,-0.75641191,3
181,disease|MONDO|19338,-0.86682963,4
181,disease|MONDO|5737,-0.96740687,5
181,disease|MONDO|5070,-1.55037695,6
182,disease|MONDO|1444,-0.72493714,1
182,disease|MONDO|19562,-0.93828630,2
182,disease|MONDO|19338,-1.15695727,3
182,disease|MONDO|9688,-1.15862274,4
182,disease|MONDO|8259,-1.60094690,5
182,disease|MONDO|5070,-2.72856680,6
183,disease|MONDO|1444,-0.79396802,1
183,disease|MONDO|19562,-0.92080957,2
183,disease|MONDO|5070,-1.62336329,3
183,disease|MONDO|3441,-1.84920144,4
184,disease|MONDO|5737,-0.73905122,1
184,disease|MONDO|1444,-0.78044933,2
184,disease|MONDO|18076,-0.82215756,3
184,disease|MONDO|19338,-1.00842297,4
185,disease|MONDO|1444,-0.75946587,1
185,disease|MONDO|19562,-0.91881222,2
185,disease|MONDO|19338,-0.96768904,3
185,disease|MONDO|9688,-1.10446584,4
185,disease|MONDO|29000,-1.59244448,5
185,effect/phenotype|HPO|25425,-1.73755711,6
186,disease|MONDO|1444,-0.58653063,1
186,disease|MONDO|5737,-0.75260317,2
186,disease|MONDO|43537,-0.86658326,3
186,disease|MONDO|19338,-0.92934692,4
186,disease|MONDO|9688,-1.07409394,5
186,disease|MONDO|4981,-1.12852830,6
187,disease|MONDO|1444,-0.85878974,1
187,disease|MONDO|9688,-0.94065619,2
187,disease|MONDO|19338,-1.04484928,3
187,disease|MONDO|5904,-1.15544087,4
187,disease|MONDO|5002,-1.59697300,5
187,effect/phenotype|HPO|1681,-1.63895851,6
187,disease|MONDO|4979,-1.77205426,7
187,disease|MONDO|4981,-2.00058907,8
188,disease|MONDO|1444,-0.95507801,1
188,disease|MONDO|29000,-1.65307152,2
188,effect/phenotype|HPO|1681,-1.98771286,3
188,disease|MONDO|4979,-2.43271697,4
189,disease|MONDO|19562,-0.95501363,1
189,disease|MONDO|7186,-1.03861177,2
189,disease|MONDO|3441,-2.18828648,3
190,disease|MONDO|1444,-0.54557127,1
190,disease|MONDO|19562,-0.85902524,2
190,disease|MONDO|19338,-1.02630413,3
190,disease|MONDO|9688,-1.14951873,4
190,disease|MONDO|3441,-1.87050205,5
190,disease|MONDO|4867,-2.04126495,6
191,disease|MONDO|43537,-0.39532587,1
191,disease|MONDO|1444,-0.49390668,2
191,disease|MONDO|18076,-0.54409838,3
191,disease|MONDO|29000,-0.69821122,4
191,disease|MONDO|19562,-0.75883871,5
191,disease|MONDO|19338,-0.81706536,6
191,disease|MONDO|5737,-0.89445847,7
192,disease|MONDO|9688,-0.70197231,1
192,disease|MONDO|1444,-0.70723045,2
192,disease|MONDO|19338,-1.07437623,3
192,disease|MONDO|29000,-1.40750152,4
192,effect/phenotype|HPO|4763,-1.77381709,5
192,effect/phenotype|HPO|1681,-1.83827192,6
192,disease|MONDO|5279,-2.20647037,7
192,disease|MONDO|4867,-2.52808255,8
193,disease|MONDO|5737,-0.49260864,1
193,disease|MONDO|18076,-0.53569055,2
193,disease|MONDO|1444,-0.63142979,3
193,disease|MONDO|19338,-0.85891134,4
193,disease|MONDO|9688,-1.02869916,5
193,disease|MONDO|5279,-1.65254089,6
193,effect/phenotype|HPO|4763,-1.76224431,7
193,disease|MONDO|4867,-1.95399967,8
194,disease|MONDO|1444,-0.66711789,1
194,disease|MONDO|43537,-0.76359233,2
194,disease|MONDO|5737,-0.85865736,3
194,disease|MONDO|9688,-0.96540737,4
194,disease|MONDO|19338,-1.00200176,5
194,disease|MONDO|5279,-1.10859111,6
194,disease|MONDO|5070,-1.44307327,7
195,disease|MONDO|1444,-0.82446408,1
195,disease|MONDO|19562,-0.90829098,2
195,disease|MONDO|19338,-0.96524918,3
195,disease|MONDO|9688,-0.98303348,4
196,disease|MONDO|1444,-0.56054920,1
196,disease|MONDO|18076,-0.59625578,2
196,disease|MONDO|19562,-0.75650835,3
196,disease|MONDO|19338,-0.86679697,4
196,disease|MONDO|5737,-0.96748942,5
196,disease|MONDO|9688,-1.04284954,6
196,disease|MONDO|5070,-1.54992089,7
197,disease|MONDO|43537,-1.05195862,1
197,disease|MONDO|19338,-2.24557692,2
197,effect/phenotype|HPO|1681,-2.29793715,3
197,disease|MONDO|4979,-2.43128717,4
197,disease|MONDO|5070,-2.89124346,5
198,disease|MONDO|1444,-0.51335621,1
198,disease|MONDO|5737,-0.69443750,2
198,disease|MONDO|43537,-0.72591150,3
198,disease|MONDO|9688,-0.98426652,4
198,disease|MONDO|19338,-1.02896535,5
199,disease|MONDO|1444,-0.78844315,1
199,disease|MONDO|18076,-0.84890044,2
199,disease|MONDO|43537,-0.93051422,3
199,disease|MONDO|5737,-1.11350298,4
199,disease|MONDO|19338,-1.21019173,5
199,disease|MONDO|29000,-1.82360178,6
199,disease|MONDO|5070,-2.17064971,7
199,disease|MONDO|4979,-2.31741452,8
200,disease|MONDO|1444,-0.79378200,1
200,disease|MONDO|19562,-0.92092490,2
200,disease|MONDO|5737,-0.92123795,3
200,disease|MONDO|18076,-0.98559600,4
200,disease|MONDO|19338,-1.03977156,5
201,disease|MONDO|5737,-0.63896549,1
201,disease|MONDO|19338,-0.99809802,2
201,disease|MONDO|2465,-1.41959012,3
201,disease|MONDO|5070,-1.64378452,4
201,disease|MONDO|3441,-1.68832275,5
201,disease|MONDO|16218,-1.83449760,6
202,disease|MONDO|5737,-0.69023174,1
202,disease|MONDO|43537,-0.72161913,2
202,disease|MONDO|19338,-1.02782011,3
202,disease|MONDO|5249,-1.68028304,4
202,disease|MONDO|5070,-1.84172484,5
203,disease|MONDO|1444,-0.95162058,1
203,disease|MONDO|4979,-2.45001319,2
204,disease|MONDO|18076,-0.86455375,1
204,disease|MONDO|5737,-0.88321912,2
204,disease|MONDO|1444,-0.91967189,3
204,disease|MONDO|19338,-1.37127602,4
204,disease|MONDO|2465,-1.53576177,5
204,disease|MONDO|4822,-1.86470592,6
204,disease|MONDO|16218,-2.15207109,7
204,disease|MONDO|4979,-2.51316744,8
204,disease|MONDO|5249,-3.22502357,9
205,disease|MONDO|1444,-0.79373002,1
205,disease|MONDO|19562,-0.92095703,2
205,disease|MONDO|18076,-0.98561698,3
205,disease|MONDO|19338,-1.03973114,4
205,disease|MONDO|4979,-1.57875976,5
206,disease|MONDO|1444,-0.54938269,1
206,disease|MONDO|43537,-0.61307475,2
206,disease|MONDO|19338,-0.75035131,3
206,disease|MONDO|9688,-0.83130014,4
206,disease|MONDO|29000,-0.97172126,5
206,effect/phenotype|HPO|1681,-1.39367211,6
207,disease|MONDO|5737,-0.75260311,1
207,disease|MONDO|43537,-0.86658329,2
207,disease|MONDO|19338,-0.92934692,3
207,disease|MONDO|9688,-1.07409394,4
207,disease|MONDO|4981,-1.12852827,5
207,disease|MONDO|29000,-1.42842853,6
208,disease|MONDO|43537,-0.39860642,1
208,disease|MONDO|1444,-0.50459182,2
208,disease|MONDO|18076,-0.54500198,3
208,disease|MONDO|29000,-0.71650350,4
208,disease|MONDO|19562,-0.75079525,5
208,disease|MONDO|19338,-0.83533674,6
208,disease|MONDO|5737,-0.91011912,7
209,disease|MONDO|1444,-0.96374798,1
209,effect/phenotype|HPO|1681,-2.02810180,2
209,disease|MONDO|4979,-2.48106149,3
209,disease|MONDO|2280,-2.56112826,4
209,disease|MONDO|7915,-2.84719121,5
210,disease|MONDO|5737,-0.64844412,1
210,disease|MONDO|43537,-0.80363640,2
210,disease|MONDO|19338,-1.04032230,3
210,disease|MONDO|29000,-1.22447413,4
210,disease|MONDO|21040,-1.77308270,5
211,disease|MONDO|5737,-0.74244153,1
211,disease|MONDO|1444,-0.78839213,2
211,disease|MONDO|18076,-0.82005233,3
211,disease|MONDO|19338,-1.00765824,4
212,disease|MONDO|1444,-0.69408530,1
212,disease|MONDO|18076,-0.85214621,2
212,disease|MONDO|5737,-0.88963461,3
212,disease|MONDO|43537,-0.93045792,4
212,disease|MONDO|19338,-1.10734141,5
212,disease|MONDO|9688,-1.25874555,6
212,disease|MONDO|5070,-1.84364408,7
212,disease|MONDO|2280,-3.08527458,8
213,disease|MONDO|1444,-0.73167372,1
213,disease|MONDO|5737,-0.76914030,2
213,disease|MONDO|18076,-0.79241228,3
213,disease|MONDO|9688,-1.13636982,4
213,disease|MONDO|19338,-1.18331957,5
213,effect/phenotype|HPO|4763,-2.02249494,6
213,disease|MONDO|5279,-2.23484275,7
213,disease|MONDO|5070,-2.41650468,8
214,disease|MONDO|1444,-0.73167419,1
214,disease|MONDO|5737,-0.76913720,2
214,disease|MONDO|18076,-0.79241318,3
214,disease|MONDO|9688,-1.13637245,4
214,disease|MONDO|19338,-1.18332398,5
214,effect/phenotype|HPO|4763,-2.02249786,6
214,disease|MONDO|5279,-2.23485807,7
214,disease|MONDO|5070,-2.84280592,8
215,disease|MONDO|1444,-0.71188235,1
215,disease|MONDO|43537,-0.76872659,2
215,disease|MONDO|18076,-0.80629385,3
215,disease|MONDO|19338,-1.04045093,4
215,disease|MONDO|5737,-1.04660559,5
215,disease|MONDO|9688,-1.20134950,6
216,disease|MONDO|1444,-0.63812447,1
216,disease|MONDO|5737,-0.64607310,2
216,disease|MONDO|43537,-0.83387047,3
216,disease|MONDO|9688,-1.01936293,4
216,disease|MONDO|19338,-1.03766572,5
216,disease|MONDO|4867,-1.11567286,6
216,disease|MONDO|5753,-1.55381039,7
216,disease|MONDO|5002,-1.67599669,8
216,disease|MONDO|5722,-1.82530317,9
216,disease|MONDO|5077,-2.06511049,10
217,disease|MONDO|5904,-1.33848000,1
217,disease|MONDO|43537,-1.37124902,2
217,disease|MONDO|5002,-1.67800117,3
217,effect/phenotype|HPO|1681,-1.69687963,4
217,disease|MONDO|4979,-1.85103118,5
217,disease|MONDO|19562,-1.92123395,6
217,disease|MONDO|4981,-2.11519778,7
218,disease|MONDO|1444,-0.73167324,1
218,disease|MONDO|5737,-0.76914281,2
218,disease|MONDO|18076,-0.79241133,3
218,disease|MONDO|9688,-1.13636756,4
218,disease|MONDO|19338,-1.18331599,5
218,disease|MONDO|5002,-1.86384559,6
219,disease|MONDO|1444,-0.56048357,1
219,disease|MONDO|18076,-0.59625530,2
219,disease|MONDO|43537,-0.71216178,3
219,disease|MONDO|19562,-0.75655133,4
219,disease|MONDO|19338,-0.86692077,5
219,disease|MONDO|5737,-0.96753210,6
219,disease|MONDO|5070,-1.54990783,7
220,disease|MONDO|18076,-0.89063287,1
220,disease|MONDO|1444,-0.97975278,2
220,disease|MONDO|19338,-1.13597882,3
220,disease|MONDO|9688,-1.26397812,4
221,disease|MONDO|5737,-0.65210557,1
221,disease|MONDO|43537,-0.81582013,2
221,disease|MONDO|19338,-1.03721452,3
221,disease|MONDO|29000,-1.22181180,4
221,disease|MONDO|21040,-1.77508897,5
222,disease|MONDO|9688,-1.94934282,1
223,disease|MONDO|5737,-0.65966856,1
223,disease|MONDO|1444,-0.84225279,2
223,disease|MONDO|18076,-1.14695191,3
223,disease|MONDO|19338,-1.14757538,4
223,disease|MONDO|9688,-1.66876191,5
223,disease|MONDO|5002,-1.80125386,6
223,disease|MONDO|19562,-3.04764816,7
224,disease|MONDO|8259,-3.53413457,1
224,disease|MONDO|5070,-3.54075575,2
225,disease|MONDO|5737,-0.65603852,1
225,disease|MONDO|43537,-0.81312665,2
225,disease|MONDO|19338,-1.04042983,3
225,disease|MONDO|29000,-1.22593576,4
226,disease|MONDO|43537,-0.60753021,1
226,disease|MONDO|3441,-1.13925081,2
227,disease|MONDO|5737,-0.74281096,1
227,disease|MONDO|2465,-1.01046999,2
227,disease|MONDO|1444,-1.08768702,3
227,disease|MONDO|9688,-1.30203784,4
227,disease|MONDO|43537,-1.34920228,5
227,disease|MONDO|19338,-1.39545882,6
227,disease|MONDO|16218,-1.70828816,7
227,effect/phenotype|HPO|25425,-1.94759995,8
227,disease|MONDO|29000,-2.20385033,9
227,disease|MONDO|5249,-2.84082527,10
227,disease|MONDO|5070,-3.27362415,11
228,disease|MONDO|1444,-0.07909518,1
228,disease|MONDO|43537,-0.70543939,2
228,disease|MONDO|18076,-0.81789148,3
228,disease|MONDO|19338,-0.99005628,4
228,disease|MONDO|9688,-1.03164411,5
228,disease|MONDO|3441,-1.49434030,6
228,disease|MONDO|5279,-1.51804572,7
228,effect/phenotype|HPO|1681,-1.59275109,8
228,disease|MONDO|5070,-1.95895796,9
229,disease|MONDO|5737,-0.72830909,1
229,disease|MONDO|2465,-1.01065956,2
229,disease|MONDO|19338,-1.38276625,3
229,disease|MONDO|16218,-1.68317193,4
229,disease|MONDO|21040,-2.77356848,5
229,disease|MONDO|5249,-2.81130020,6
230,disease|MONDO|5737,-0.75260311,1
230,disease|MONDO|43537,-0.86658335,2
230,disease|MONDO|19338,-0.92934692,3
230,disease|MONDO|9688,-1.07409394,4
230,disease|MONDO|4981,-1.12852839,5
230,disease|MONDO|29000,-1.42842862,6
231,disease|MONDO|1444,-0.89402312,1
231,disease|MONDO|18076,-1.01873815,2
231,disease|MONDO|43537,-1.10205948,3
231,disease|MONDO|5737,-1.11712861,4
231,disease|MONDO|19338,-1.35347986,5
231,disease|MONDO|9688,-1.48846245,6
231,disease|MONDO|5070,-2.08013701,7
231,disease|MONDO|4867,-2.41204572,8
231,disease|MONDO|2280,-3.34752145,9
232,disease|MONDO|43537,-1.24327230,1
232,disease|MONDO|2465,-1.58291692,2
232,disease|MONDO|4979,-2.04635990,3
232,disease|MONDO|16218,-2.23487130,4
232,disease|MONDO|5249,-3.31551939,5
232,disease|MONDO|5070,-3.37057617,6
232,disease|MONDO|19338,-3.46546090,7
233,disease|MONDO|5737,-0.74136990,1
233,disease|MONDO|1444,-0.78060251,2
233,disease|MONDO|18076,-0.82232678,3
233,disease|MONDO|19338,-1.00882483,4
233,disease|MONDO|3441,-2.19674253,5
234,disease|MONDO|1444,-0.54055262,1
234,disease|MONDO|18076,-0.54885656,2
234,disease|MONDO|43537,-0.61758876,3
234,disease|MONDO|19338,-0.74980837,4
234,disease|MONDO|9688,-0.81607848,5
234,disease|MONDO|5737,-0.85575557,6
234,disease|MONDO|5070,-0.91401809,7
234,disease|MONDO|29000,-0.95896894,8
234,disease|MONDO|5279,-1.54466112,9
235,disease|MONDO|1444,-0.93022895,1
235,disease|MONDO|9688,-0.97345096,2
235,disease|MONDO|19338,-1.09823740,3
235,disease|MONDO|19562,-1.92916855,4
235,disease|MONDO|4981,-2.19030195,5
236,disease|MONDO|1444,-0.54557133,1
236,disease|MONDO|19562,-0.85902536,2
237,disease|MONDO|1444,-0.82196456,1
237,disease|MONDO|19562,-0.89915633,2
237,disease|MONDO|19338,-0.96092653,3
237,disease|MONDO|9688,-0.98162270,4
237,disease|MONDO|29000,-1.27830693,5
237,disease|MONDO|4981,-1.89155230,6
237,disease|MONDO|5070,-1.93348369,7
238,disease|MONDO|1444,-0.67359799,1
238,disease|MONDO|43537,-0.75464365,2
238,disease|MONDO|5737,-0.86061954,3
238,disease|MONDO|9688,-0.95256615,4
238,disease|MONDO|19338,-0.99139416,5
238,disease|MONDO|5279,-1.08585641,6
238,disease|MONDO|5070,-1.43421733,7
238,disease|MONDO|19562,-1.72347659,8
239,disease|MONDO|1444,-0.79355824,1
239,disease|MONDO|19562,-0.92106283,2
239,disease|MONDO|18076,-0.98568612,3
239,disease|MONDO|19338,-1.03959799,4
239,disease|MONDO|5070,-1.62277910,5
240,disease|MONDO|1444,-0.66965878,1
240,disease|MONDO|43537,-0.71444768,2
240,disease|MONDO|5737,-0.85862052,3
240,disease|MONDO|19338,-0.94005668,4
240,disease|MONDO|9688,-1.07004023,5
240,disease|MONDO|5249,-1.52618542,6
240,effect/phenotype|HPO|1681,-1.63933748,7
240,disease|MONDO|5070,-1.80064738,8
241,disease|MONDO|5737,-0.72794992,1
241,disease|MONDO|1444,-0.77881461,2
241,disease|MONDO|18076,-0.95357311,3
241,disease|MONDO|19338,-1.09399891,4
241,disease|MONDO|5002,-1.66555703,5
242,disease|MONDO|18076,-0.85094327,1
242,disease|MONDO|5737,-0.97064829,2
242,disease|MONDO|1444,-0.97798973,3
242,disease|MONDO|43537,-1.22300071,4
242,disease|MONDO|19338,-1.35537791,5
242,disease|MONDO|2465,-1.47454509,6
242,disease|MONDO|9688,-1.71904373,7
242,disease|MONDO|4822,-2.10100147,8
242,disease|MONDO|16218,-2.30074134,9
242,disease|MONDO|5249,-3.20352146,10
243,disease|MONDO|1444,-0.79393756,1
243,disease|MONDO|19562,-0.92082912,2
243,disease|MONDO|5737,-0.92129099,3
243,disease|MONDO|18076,-0.98553342,4
243,disease|MONDO|19338,-1.03989232,5
243,disease|MONDO|5070,-1.62331939,6
244,disease|MONDO|1444,-0.87253106,1
244,disease|MONDO|19562,-1.00682044,2
244,disease|MONDO|2465,-1.17196915,3
244,disease|MONDO|29000,-1.59499067,4
244,disease|MONDO|16218,-1.76150659,5
244,disease|MONDO|4979,-1.80792558,6
244,disease|MONDO|5249,-2.86044171,7
244,disease|MONDO|19338,-2.94375515,8
245,disease|MONDO|18076,-0.55122042,1
245,disease|MONDO|43537,-0.61066818,2
245,disease|MONDO|19338,-0.76198149,3
245,disease|MONDO|5737,-0.85943770,4
245,disease|MONDO|5070,-0.92054254,5
245,effect/phenotype|HPO|1681,-1.40802264,6
245,disease|MONDO|5279,-1.55300906,7
246,disease|MONDO|43537,-0.39553586,1
246,disease|MONDO|1444,-0.49826086,2
246,disease|MONDO|18076,-0.54615235,3
246,disease|MONDO|19562,-0.76198268,4
246,disease|MONDO|19338,-0.81885070,5
246,disease|MONDO|5737,-0.89618671,6
246,disease|MONDO|5070,-1.26931366,7
247,disease|MONDO|5904,-1.35121942,1
247,disease|MONDO|43537,-1.37773168,2
247,disease|MONDO|5002,-1.67756283,3
247,effect/phenotype|HPO|1681,-1.72117257,4
247,disease|MONDO|4979,-1.86197448,5
247,disease|MONDO|19562,-1.92347714,6
247,disease|MONDO|4981,-2.10564119,7
248,disease|MONDO|1444,-0.79397905,1
248,disease|MONDO|19562,-0.92080289,2
248,disease|MONDO|5737,-0.92130500,3
248,disease|MONDO|18076,-0.98551661,4
248,disease|MONDO|19338,-1.03992414,5
248,disease|MONDO|5070,-1.62337899,6
249,disease|MONDO|1444,-0.65185833,1
249,disease|MONDO|43537,-0.67340714,2
249,disease|MONDO|19338,-0.87398612,3
249,disease|MONDO|9688,-1.00472414,4
249,disease|MONDO|16218,-1.45500880,5
249,disease|MONDO|5070,-1.55940747,6
249,disease|MONDO|5279,-1.75680691,7
250,disease|MONDO|1444,-0.81991619,1
250,disease|MONDO|18076,-0.88039792,2
250,disease|MONDO|43537,-0.98783445,3
250,disease|MONDO|19338,-1.25504184,4
250,disease|MONDO|5070,-1.77376744,5
250,disease|MONDO|29000,-1.91572678,6
250,disease|MONDO|9688,-2.39396559,7
250,disease|MONDO|4979,-2.40650582,8
251,disease|MONDO|5737,-0.73777169,1
251,disease|MONDO|1444,-0.77897811,2
251,disease|MONDO|18076,-0.81422561,3
251,disease|MONDO|19562,-0.95286220,4
251,disease|MONDO|19338,-1.00073552,5
251,disease|MONDO|7186,-1.03744638,6
252,disease|MONDO|1444,-0.66841537,1
252,disease|MONDO|43537,-0.69572896,2
252,disease|MONDO|5737,-0.85846728,3
252,disease|MONDO|19338,-0.93266892,4
252,disease|MONDO|9688,-1.05684805,5
252,disease|MONDO|5249,-1.51181826,6
252,effect/phenotype|HPO|1681,-1.64023337,7
252,disease|MONDO|5070,-1.78814267,8
253,disease|MONDO|1444,-0.78601307,1
253,disease|MONDO|5737,-0.82225168,2
253,disease|MONDO|18076,-0.84975833,3
253,disease|MONDO|19338,-0.93199301,4
253,disease|MONDO|9688,-1.04431283,5
253,disease|MONDO|29000,-1.37944150,6
253,disease|MONDO|19562,-2.55829877,7
254,disease|MONDO|1444,-0.57219183,1
254,disease|MONDO|43537,-0.64676046,2
254,disease|MONDO|19338,-0.76339084,3
254,disease|MONDO|9688,-0.81373006,4
254,disease|MONDO|29000,-0.94745898,5
254,effect/phenotype|HPO|1681,-1.40530628,6
255,disease|MONDO|5737,-0.73536539,1
255,disease|MONDO|1444,-0.76888311,2
255,disease|MONDO|18076,-0.82263452,3
255,disease|MONDO|19562,-0.95794547,4
255,disease|MONDO|19338,-1.00569415,5
255,disease|MONDO|7186,-1.03508329,6
256,disease|MONDO|19338,-0.40789139,1
256,disease|MONDO|1444,-0.63410687,2
256,disease|MONDO|43537,-0.74250588,3
256,disease|MONDO|9688,-0.86073327,4
256,disease|MONDO|29000,-0.86278614,5
257,disease|MONDO|29000,-1.69617712,1
257,effect/phenotype|HPO|1681,-1.95805800,2
257,disease|MONDO|5249,-2.17575988,3
257,disease|MONDO|18076,-2.54709530,4
257,disease|MONDO|19338,-2.60868812,5
258,disease|MONDO|18076,-0.83798492,1
258,disease|MONDO|5737,-0.88107061,2
258,disease|MONDO|1444,-0.88242590,3
258,disease|MONDO|19562,-1.07014883,4
258,disease|MONDO|19338,-1.14534438,5
258,disease|MONDO|7186,-1.17826164,6
258,disease|MONDO|7915,-2.32768404,7
259,disease|MONDO|18076,-0.83456713,1
259,disease|MONDO|5737,-0.88279450,2
259,disease|MONDO|1444,-0.88962865,3
259,disease|MONDO|19562,-1.07403338,4
259,disease|MONDO|19338,-1.14405704,5
259,disease|MONDO|7186,-1.17733085,6
259,disease|MONDO|7915,-2.32270443,7
260,disease|MONDO|1444,-0.63320202,1
260,disease|MONDO|5737,-0.66710585,2
260,disease|MONDO|43537,-0.78390771,3
260,disease|MONDO|9688,-0.97751117,4
260,disease|MONDO|19338,-0.99812412,5
260,disease|MONDO|4867,-1.11235604,6
260,disease|MONDO|5002,-1.40595314,7
260,disease|MONDO|5753,-1.45835018,8
260,disease|MONDO|5722,-1.61874333,9
260,disease|MONDO|18076,-1.79103765,10
260,disease|MONDO|5249,-2.16604441,11
260,disease|MONDO|3781,-2.33342469,12
261,disease|MONDO|1444,-0.54224634,1
261,disease|MONDO|43537,-0.63958517,2
261,disease|MONDO|18076,-0.65866804,3
261,disease|MONDO|19338,-0.87470460,4
261,disease|MONDO|5737,-0.91440588,5
261,disease|MONDO|5070,-1.24175474,6
262,disease|MONDO|1444,-0.55644071,1
262,disease|MONDO|43537,-0.64073533,2
262,disease|MONDO|19338,-0.76547211,3
262,disease|MONDO|9688,-0.82465625,4
262,disease|MONDO|29000,-0.97022170,5
262,disease|MONDO|3441,-1.14277238,6
263,disease|MONDO|5737,-0.72380060,1
263,disease|MONDO|43537,-0.81712398,2
263,disease|MONDO|19338,-0.96322381,3
264,disease|MONDO|1444,-0.88777238,1
264,disease|MONDO|18076,-0.99157250,2
264,disease|MONDO|43537,-1.04286659,3
264,disease|MONDO|5737,-1.16431987,4
264,disease|MONDO|19338,-1.32540047,5
264,disease|MONDO|5070,-2.01138532,6
265,disease|MONDO|43537,-0.39862487,1
265,disease|MONDO|1444,-0.50554025,2
265,disease|MONDO|18076,-0.54654688,3
265,disease|MONDO|29000,-0.70951560,4
265,disease|MONDO|19562,-0.75576675,5
265,disease|MONDO|19338,-0.82516319,6
265,disease|MONDO|5737,-0.90171385,7
265,disease|MONDO|5279,-1.15165472,8
265,effect/phenotype|HPO|1681,-1.58917624,9
266,disease|MONDO|1444,-0.71090060,1
266,disease|MONDO|43537,-0.95550418,2
266,disease|MONDO|19338,-1.02037966,3
266,disease|MONDO|9688,-1.21098959,4
266,disease|MONDO|5249,-1.68944965,5
266,disease|MONDO|5070,-2.04879135,6
267,disease|MONDO|5737,-0.62023538,1
267,disease|MONDO|1444,-0.74366492,2
267,disease|MONDO|18076,-0.74679494,3
267,disease|MONDO|19338,-0.98688388,4
267,disease|MONDO|5002,-1.55270791,5
267,disease|MONDO|3441,-1.66986832,6
267,disease|MONDO|9688,-1.94395739,7
268,disease|MONDO|1444,-0.78544289,1
268,disease|MONDO|18076,-0.84704149,2
268,disease|MONDO|43537,-0.91893929,3
268,disease|MONDO|5737,-1.11842704,4
268,disease|MONDO|19338,-1.21089983,5
268,disease|MONDO|29000,-1.82859525,6
268,disease|MONDO|5070,-2.16355550,7
268,disease|MONDO|4979,-2.31765112,8
269,disease|MONDO|1444,-0.64120996,1
269,disease|MONDO|5737,-0.64897865,2
269,disease|MONDO|9688,-1.03173745,3
269,disease|MONDO|19338,-1.03899610,4
269,disease|MONDO|21040,-1.76707637,5
270,disease|MONDO|5737,-0.72566783,1
270,disease|MONDO|1444,-0.77148330,2
270,disease|MONDO|43537,-0.93972003,3
270,disease|MONDO|9688,-1.08716667,4
270,disease|MONDO|19338,-1.11619079,5
270,disease|MONDO|2465,-1.19568950,6
270,disease|MONDO|16218,-1.72332433,7
270,disease|MONDO|5249,-2.54295808,8
270,disease|MONDO|4981,-2.94298881,9
271,disease|MONDO|5383,-0.52084267,1
271,disease|MONDO|19562,-1.14487731,2
271,disease|MONDO|19338,-1.62680453,3
271,disease|MONDO|9688,-1.75839108,4
271,disease|MONDO|4781,-2.58025801,5
272,disease|MONDO|9688,-0.70197231,1
272,disease|MONDO|1444,-0.70723045,2
272,disease|MONDO|19338,-1.07437623,3
272,disease|MONDO|29000,-1.40750152,4
272,effect/phenotype|HPO|4763,-1.77381709,5
272,effect/phenotype|HPO|1681,-1.83827192,6
272,disease|MONDO|5279,-2.20647037,7
272,disease|MONDO|4867,-2.52808255,8
273,disease|MONDO|5737,-0.16250056,1
273,disease|MONDO|1444,-0.81235188,2
273,disease|MONDO|18076,-0.83803225,3
273,disease|MONDO|9688,-1.16620398,4
273,disease|MONDO|19338,-1.27207100,5
273,disease|MONDO|21040,-2.15128252,6
274,disease|MONDO|1444,-0.51561511,1
274,disease|MONDO|43537,-0.70344827,2
274,disease|MONDO|5737,-0.73090202,3
274,disease|MONDO|19338,-0.86564994,4
274,disease|MONDO|9688,-0.95981818,5
274,disease|MONDO|4981,-1.20166144,6
274,disease|MONDO|29000,-1.28589976,7
274,effect/phenotype|HPO|1681,-1.40217060,8
274,disease|MONDO|21040,-1.51709029,9
274,disease|MONDO|4496,-1.88298604,10
275,disease|MONDO|1444,-0.77783835,1
275,disease|MONDO|19562,-0.91595018,2
275,disease|MONDO|19338,-0.96311712,3
275,disease|MONDO|9688,-1.10269272,4
275,disease|MONDO|29000,-1.58885410,5
276,disease|MONDO|1444,-0.54557157,1
276,disease|MONDO|19562,-0.85902530,2
276,disease|MONDO|19338,-1.02630436,3
276,disease|MONDO|9688,-1.14951837,4
277,disease|MONDO|43537,-0.74250576,1
277,disease|MONDO|29000,-1.01728505,2
277,disease|MONDO|9688,-1.25143006,3
278,disease|MONDO|1444,-1.13083267,1
278,disease|MONDO|43537,-1.15146238,2
278,disease|MONDO|19338,-1.26220906,3
278,disease|MONDO|2465,-1.29839319,4
278,disease|MONDO|9688,-1.54223490,5
278,disease|MONDO|16218,-2.03738761,6
278,disease|MONDO|4979,-2.56663030,7
278,disease|MONDO|5249,-3.00546104,8
279,disease|MONDO|5737,-0.62698925,1
279,disease|MONDO|43537,-0.81762525,2
279,disease|MONDO|19338,-1.02818024,3
279,disease|MONDO|19562,-1.71857098,4
280,disease|MONDO|18076,-0.87787855,1
280,disease|MONDO|5737,-0.88156408,2
280,disease|MONDO|1444,-0.96534383,3
280,disease|MONDO|43537,-1.24605906,4
280,disease|MONDO|19338,-1.42796147,5
280,disease|MONDO|2465,-1.57677287,6
280,disease|MONDO|4822,-1.84350148,7
280,disease|MONDO|16218,-2.23657173,8
280,disease|MONDO|4979,-2.59214264,9
280,disease|MONDO|5249,-3.31900668,10
280,disease|MONDO|5070,-3.34106159,11
281,disease|MONDO|1444,-0.65284115,1
281,disease|MONDO|18076,-0.78033984,2
281,disease|MONDO|5737,-0.94254291,3
281,disease|MONDO|19338,-1.09225261,4
281,disease|MONDO|9688,-1.35288608,5
281,effect/phenotype|HPO|25425,-1.54213771,6
281,disease|MONDO|4781,-2.62426749,7
282,disease|MONDO|18076,-0.12193346,1
282,disease|MONDO|5737,-0.53281093,2
282,disease|MONDO|1444,-0.69242370,3
282,disease|MONDO|19338,-0.84306997,4
282,disease|MONDO|4777,-1.03681937,5
282,disease|MONDO|4979,-1.35270095,6
282,disease|MONDO|5904,-1.36737716,7
282,disease|MONDO|4867,-1.61908287,8
283,disease|MONDO|1444,-0.65185833,1
283,disease|MONDO|43537,-0.67340714,2
283,disease|MONDO|19338,-0.87398612,3
283,disease|MONDO|9688,-1.00472414,4
283,disease|MONDO|16218,-1.45500880,5
283,disease|MONDO|5070,-1.55940747,6
283,disease|MONDO|5279,-1.75680691,7
284,disease|MONDO|1444,-0.79761672,1
284,disease|MONDO|18076,-0.85839313,2
284,disease|MONDO|5737,-1.11531615,3
284,disease|MONDO|19338,-1.22290432,4
284,disease|MONDO|5070,-1.70971677,5
284,disease|MONDO|9688,-2.34375046,6
285,disease|MONDO|1444,-0.75036252,1
285,disease|MONDO|43537,-0.75967410,2
285,disease|MONDO|5737,-0.82105649,3
285,disease|MONDO|19338,-0.96653301,4
285,disease|MONDO|9688,-1.06835341,5
285,effect/phenotype|HPO|1681,-1.65069717,6
285,disease|MONDO|5070,-1.85929711,7
286,disease|MONDO|1444,-0.72677433,1
286,disease|MONDO|19562,-0.93845910,2
286,disease|MONDO|43537,-0.97761539,3
286,disease|MONDO|9688,-1.15220046,4
286,disease|MONDO|19338,-1.15326416,5
286,disease|MONDO|8259,-1.58312249,6
287,disease|MONDO|1444,-0.79617083,1
287,disease|MONDO|18076,-0.86003280,2
287,disease|MONDO|43537,-0.95036337,3
287,disease|MONDO|5737,-1.11213195,4
287,disease|MONDO|19338,-1.22348499,5
287,disease|MONDO|5070,-2.18115878,6
288,disease|MONDO|1444,-0.90094817,1
288,disease|MONDO|5737,-0.91225815,2
288,disease|MONDO|18076,-0.96705604,3
288,disease|MONDO|19338,-1.04122221,4
288,effect/phenotype|HPO|25425,-1.04914296,5
288,disease|MONDO|5070,-1.53367198,6
288,disease|MONDO|3441,-2.00441286,7
289,disease|MONDO|18076,-0.10914969,1
289,disease|MONDO|5737,-0.52999538,2
289,disease|MONDO|1444,-0.68769604,3
289,disease|MONDO|19338,-0.84307557,4
289,disease|MONDO|4777,-1.02121314,5
289,disease|MONDO|9688,-1.05117583,6
289,disease|MONDO|5904,-1.33031353,7
289,disease|MONDO|4867,-1.59823045,8
290,disease|MONDO|1444,-0.96315998,1
290,disease|MONDO|4979,-2.44695038,2
291,disease|MONDO|18076,-0.78687388,1
291,disease|MONDO|5002,-0.79933888,2
291,disease|MONDO|19562,-0.82775152,3
291,disease|MONDO|1444,-0.92159355,4
291,disease|MONDO|7186,-0.93968463,5
291,disease|MONDO|19338,-1.05781674,6
291,disease|MONDO|5737,-1.07782900,7
291,disease|MONDO|9688,-1.22265601,8
291,disease|MONDO|4867,-1.77191448,9
291,disease|MONDO|4822,-1.77379614,10
291,disease|MONDO|4981,-1.96790624,11
292,disease|MONDO|43537,-1.24327230,1
292,disease|MONDO|2465,-1.58291692,2
292,disease|MONDO|4979,-2.04635990,3
292,disease|MONDO|16218,-2.23487130,4
292,disease|MONDO|5249,-3.31551939,5
292,disease|MONDO|5070,-3.37057617,6
292,disease|MONDO|19338,-3.46546090,7
293,disease|MONDO|1444,-0.73167384,1
293,disease|MONDO|5737,-0.76913959,2
293,disease|MONDO|18076,-0.79241246,3
293,disease|MONDO|9688,-1.13637042,4
293,disease|MONDO|19338,-1.18332064,5
293,effect/phenotype|HPO|4763,-2.02249566,6
293,disease|MONDO|5279,-2.23484606,7
293,disease|MONDO|5070,-2.41650653,8
294,disease|MONDO|5737,-0.67480570,1
294,disease|MONDO|19338,-1.16585231,2
294,disease|MONDO|2465,-1.42835310,3
294,disease|MONDO|16218,-2.01759845,4
294,effect/phenotype|HPO|4763,-2.10072309,5
294,disease|MONDO|3441,-2.15957284,6
294,disease|MONDO|9688,-2.26726192,7
295,disease|MONDO|8259,0.11646938,1
295,disease|MONDO|1444,-0.79285669,2
295,disease|MONDO|43537,-0.89075020,3
295,disease|MONDO|19338,-0.90674233,4
295,disease|MONDO|9688,-1.00903761,5
295,disease|MONDO|19562,-1.45741987,6
295,effect/phenotype|HPO|1681,-1.60160100,7
296,disease|MONDO|1444,-0.50447136,1
296,disease|MONDO|5737,-0.69019097,2
296,disease|MONDO|43537,-0.72178918,3
296,disease|MONDO|9688,-0.97324938,4
296,disease|MONDO|19338,-1.02863312,5
296,effect/phenotype|HPO|4763,-1.57375240,6
296,disease|MONDO|5249,-1.68075934,7
297,disease|MONDO|1444,-0.93022895,1
297,disease|MONDO|9688,-0.97345096,2
297,disease|MONDO|19338,-1.09823740,3
297,disease|MONDO|19562,-1.92916855,4
297,disease|MONDO|4981,-2.19030195,5
298,disease|MONDO|1444,-0.70578766,1
298,disease|MONDO|9688,-1.10520101,2
298,disease|MONDO|19338,-1.14507723,3
298,effect/phenotype|HPO|4763,-2.06662154,4
298,disease|MONDO|5249,-2.19045606,5
298,disease|MONDO|18076,-2.56002364,6
299,disease|MONDO|1444,-0.57475543,1
299,disease|MONDO|19338,-0.89903033,2
299,disease|MONDO|43537,-0.99567935,3
299,disease|MONDO|9688,-1.00697517,4
299,effect/phenotype|HPO|1681,-2.66821997,5
300,disease|MONDO|1444,-0.95037472,1
300,disease|MONDO|29000,-1.65589571,2
300,disease|MONDO|4979,-2.44449377,3
301,disease|MONDO|43537,-0.41505685,1
301,disease|MONDO|1444,-0.51557386,2
301,disease|MONDO|18076,-0.54814708,3
301,disease|MONDO|29000,-0.75510520,4
301,disease|MONDO|19562,-0.76263714,5
301,disease|MONDO|19338,-0.85362017,6
301,disease|MONDO|5279,-1.15634957,7
301,effect/phenotype|HPO|1681,-1.62598610,8
302,disease|MONDO|1444,-0.64359182,1
302,disease|MONDO|5737,-0.65139109,2
302,disease|MONDO|43537,-0.81753060,3
302,disease|MONDO|9688,-1.03052831,4
302,disease|MONDO|19338,-1.04298639,5
302,disease|MONDO|21040,-1.79383993,6
303,disease|MONDO|43537,-0.40047729,1
303,disease|MONDO|1444,-0.50990164,2
303,disease|MONDO|18076,-0.54730564,3
303,disease|MONDO|29000,-0.71465081,4
303,disease|MONDO|19562,-0.75665605,5
303,disease|MONDO|19338,-0.82956129,6
303,disease|MONDO|5737,-0.90808451,7
303,disease|MONDO|5279,-1.15129671,8
303,effect/phenotype|HPO|1681,-1.59139702,9
304,disease|MONDO|9688,-1.44579995,1
304,effect/phenotype|HPO|25425,-1.53260559,2
304,disease|MONDO|29000,-1.60672462,3
304,effect/phenotype|HPO|1681,-1.84317499,4
304,disease|MONDO|16218,-1.90709519,5
304,disease|MONDO|7915,-1.97176296,6
304,disease|MONDO|7186,-2.00088489,7
304,disease|MONDO|5109,-2.01823211,8
304,disease|MONDO|4979,-2.06412733,9
304,disease|MONDO|2280,-2.11035228,10
304,disease|MONDO|4781,-2.21013701,11
304,disease|MONDO|5279,-2.46360824,12
304,disease|MONDO|5812,-2.82431178,13
305,disease|MONDO|5737,-0.84018165,1
305,disease|MONDO|1444,-0.86698401,2
305,disease|MONDO|19338,-1.10307014,3
305,disease|MONDO|9688,-1.22891998,4
305,disease|MONDO|5070,-2.73422246,5
306,disease|MONDO|1444,-0.57476908,1
306,disease|MONDO|19338,-0.89903426,2
306,disease|MONDO|9688,-1.00699806,3
306,disease|MONDO|2280,-2.27993530,4
307,disease|MONDO|18076,-0.87705582,1
307,disease|MONDO|1444,-0.88541621,2
307,disease|MONDO|19338,-1.29969084,3
307,disease|MONDO|2465,-1.46376631,4
307,effect/phenotype|HPO|1681,-1.99977350,5
307,disease|MONDO|16218,-2.10026777,6
307,disease|MONDO|4979,-2.40024725,7
307,disease|MONDO|5249,-3.14561197,8
308,disease|MONDO|43537,-0.40096295,1
308,disease|MONDO|1444,-0.50351018,2
308,disease|MONDO|18076,-0.54501075,3
308,disease|MONDO|29000,-0.70230892,4
308,disease|MONDO|19562,-0.75968367,5
308,disease|MONDO|19338,-0.82058698,6
308,disease|MONDO|5737,-0.89137447,7
308,disease|MONDO|5070,-1.27130051,8
309,disease|MONDO|1444,-0.56080592,1
309,disease|MONDO|18076,-0.59635681,2
309,disease|MONDO|19562,-0.75636548,3
309,disease|MONDO|19338,-0.86666745,4
309,disease|MONDO|5737,-0.96740949,5
309,disease|MONDO|9688,-1.04284477,6
309,disease|MONDO|5070,-1.55028978,7
310,disease|MONDO|43537,-0.41452456,1
310,disease|MONDO|1444,-0.51716226,2
310,disease|MONDO|18076,-0.54435885,3
310,disease|MONDO|29000,-0.76150066,4
310,disease|MONDO|19562,-0.76266801,5
310,disease|MONDO|19338,-0.85478544,6
310,disease|MONDO|5279,-1.15614262,7
310,effect/phenotype|HPO|1681,-1.62708485,8
311,disease|MONDO|5383,-0.52746186,1
311,disease|MONDO|5737,-0.82866651,2
311,disease|MONDO|19338,-1.10457420,3
311,disease|MONDO|19562,-1.14394331,4
311,disease|MONDO|43537,-2.45950168,5
312,disease|MONDO|19338,-0.40789145,1
312,disease|MONDO|1444,-0.63410681,2
312,disease|MONDO|43537,-0.74250576,3
312,disease|MONDO|9688,-0.86073315,4
312,disease|MONDO|29000,-0.86278605,5
312,effect/phenotype|HPO|4763,-1.45337275,6
312,disease|MONDO|4981,-1.81516889,7
313,disease|MONDO|1444,-0.64858270,1
313,disease|MONDO|5737,-0.65658772,2
313,disease|MONDO|43537,-0.81400344,3
313,disease|MONDO|19338,-1.04152477,4
313,disease|MONDO|9688,-1.04376912,5
313,disease|MONDO|21040,-2.03515199,6
314,disease|MONDO|18076,-0.78687388,1
314,disease|MONDO|5002,-0.79933888,2
314,disease|MONDO|19562,-0.82775152,3
314,disease|MONDO|1444,-0.92159355,4
314,disease|MONDO|7186,-0.93968463,5
314,disease|MONDO|19338,-1.05781674,6
314,disease|MONDO|5737,-1.07782900,7
314,disease|MONDO|9688,-1.22265601,8
314,disease|MONDO|4867,-1.77191448,9
314,disease|MONDO|4822,-1.77379614,10
314,disease|MONDO|4981,-1.96790624,11
315,disease|MONDO|43537,-0.55170697,1
315,disease|MONDO|29000,-1.53949857,2
315,disease|MONDO|2465,-1.73310041,3
315,disease|MONDO|3441,-2.20791340,4
315,disease|MONDO|4867,-2.58998379,5
316,disease|MONDO|5737,-0.72794992,1
316,disease|MONDO|1444,-0.77881461,2
316,disease|MONDO|18076,-0.95357311,3
316,disease|MONDO|19338,-1.09399891,4
316,disease|MONDO|5002,-1.66555703,5
317,disease|MONDO|18076,-0.86036855,1
317,disease|MONDO|1444,-0.91687775,2
317,disease|MONDO|19338,-1.40657949,3
317,disease|MONDO|2465,-1.57309666,4
317,disease|MONDO|16218,-2.21391287,5
317,disease|MONDO|4979,-2.50093210,6
317,disease|MONDO|5249,-3.28367540,7
317,disease|MONDO|5070,-3.35438728,8
318,disease|MONDO|18076,-0.13037109,1
318,disease|MONDO|5737,-0.52915865,2
318,disease|MONDO|1444,-0.69451666,3
318,disease|MONDO|19338,-0.85104406,4
318,disease|MONDO|4777,-1.05724832,5
318,disease|MONDO|9688,-1.06616509,6
318,disease|MONDO|5904,-1.37759721,7
318,disease|MONDO|4867,-1.65185198,8
319,disease|MONDO|5737,-0.67685312,1
319,disease|MONDO|1444,-0.83388531,2
319,disease|MONDO|18076,-0.96900344,3
319,disease|MONDO|19338,-1.14060605,4
319,disease|MONDO|2465,-1.43165901,5
319,disease|MONDO|5002,-1.50660318,6
319,disease|MONDO|5070,-1.96191895,7
319,disease|MONDO|16218,-2.03809819,8
319,disease|MONDO|9688,-2.23268929,9
319,disease|MONDO|5077,-2.27268437,10
319,disease|MONDO|4867,-2.57720792,11
320,disease|MONDO|18076,-0.87677789,1
320,disease|MONDO|5737,-0.88625914,2
320,disease|MONDO|1444,-0.94170392,3
320,disease|MONDO|43537,-1.22086954,4
320,disease|MONDO|19338,-1.43282819,5
320,disease|MONDO|2465,-1.59015596,6
320,disease|MONDO|4822,-1.85444251,7
320,disease|MONDO|16218,-2.21660829,8
320,disease|MONDO|4979,-2.56461078,9
320,disease|MONDO|5249,-3.32524425,10
320,disease|MONDO|5070,-3.33551538,11
321,disease|MONDO|9688,-1.44579995,1
321,effect/phenotype|HPO|25425,-1.53260559,2
321,disease|MONDO|29000,-1.60672462,3
321,effect/phenotype|HPO|1681,-1.84317499,4
321,disease|MONDO|16218,-1.90709519,5
321,disease|MONDO|7915,-1.97176296,6
321,disease|MONDO|7186,-2.00088489,7
321,disease|MONDO|5109,-2.01823211,8
321,disease|MONDO|4979,-2.06412733,9
321,disease|MONDO|2280,-2.11035228,10
321,disease|MONDO|4781,-2.21013701,11
321,disease|MONDO|5279,-2.46360824,12
321,disease|MONDO|5812,-2.82431178,13
322,disease|MONDO|5737,-0.69622928,1
322,disease|MONDO|19338,-1.16015124,2
322,disease|MONDO|2465,-1.43516150,3
322,disease|MONDO|5070,-1.96857476,4
322,disease|MONDO|16218,-2.03972170,5
322,disease|MONDO|9688,-2.26560444,6
323,disease|MONDO|9688,-0.43218029,1
323,disease|MONDO|1444,-0.62692893,2
323,disease|MONDO|5737,-0.67366493,3
323,disease|MONDO|18076,-0.76208156,4
323,disease|MONDO|19338,-0.80579823,5
323,disease|MONDO|5070,-1.69501315,6
324,disease|MONDO|1444,-0.07801843,1
324,disease|MONDO|43537,-0.67857030,2
324,disease|MONDO|19338,-0.96687460,3
324,disease|MONDO|9688,-0.99179602,4
324,disease|MONDO|5279,-1.42102933,5
324,effect/phenotype|HPO|1681,-1.55750021,6
325,disease|MONDO|2465,-1.71696711,1
325,effect/phenotype|HPO|1681,-2.06080604,2
325,disease|MONDO|5249,-3.25498554,3
326,disease|MONDO|1444,-0.53297830,1
326,disease|MONDO|43537,-0.70661843,2
326,disease|MONDO|5737,-0.71608961,3
326,disease|MONDO|19338,-0.86940587,4
326,disease|MONDO|9688,-0.98698062,5
326,disease|MONDO|29000,-1.06056136,6
326,disease|MONDO|21040,-1.48893842,7
326,disease|MONDO|4496,-1.89026451,8
326,disease|MONDO|4981,-1.89711624,9
327,disease|MONDO|5737,-0.87546289,1
327,disease|MONDO|1444,-0.97836292,2
327,disease|MONDO|19338,-1.46470749,3
327,disease|MONDO|9688,-1.58590066,4
327,disease|MONDO|2465,-1.61668354,5
327,disease|MONDO|16218,-2.40434179,6
327,disease|MONDO|4979,-2.86614609,7
327,effect/phenotype|HPO|1681,-2.94499111,8
327,disease|MONDO|7915,-3.07412317,9
327,disease|MONDO|19562,-3.40883520,10
327,disease|MONDO|5249,-3.46245521,11
328,disease|MONDO|9688,-0.70025498,1
328,disease|MONDO|1444,-0.70555055,2
328,disease|MONDO|19338,-0.88566482,3
328,disease|MONDO|29000,-1.27351975,4
328,effect/phenotype|HPO|4763,-1.70300829,5
328,disease|MONDO|4981,-1.85029382,6
328,disease|MONDO|5070,-1.99131364,7
328,disease|MONDO|4867,-2.00533608,8
329,disease|MONDO|1444,-0.54397637,1
329,disease|MONDO|18076,-0.55106437,2
329,disease|MONDO|43537,-0.62062693,3
329,disease|MONDO|19338,-0.75411999,4
329,disease|MONDO|9688,-0.81496406,5
329,disease|MONDO|5737,-0.85654330,6
329,disease|MONDO|5070,-0.91937515,7
329,disease|MONDO|29000,-0.95213348,8
329,disease|MONDO|5279,-1.54670185,9
330,disease|MONDO|1444,-0.67203188,1
330,disease|MONDO|18076,-0.73461723,2
330,disease|MONDO|5737,-0.77391928,3
330,disease|MONDO|19338,-0.91486394,4
330,disease|MONDO|19562,-2.06454608,5
330,disease|MONDO|5070,-2.19514346,6
330,disease|MONDO|4979,-2.55500765,7
331,disease|MONDO|1444,-0.79918605,1
331,disease|MONDO|18076,-0.85812014,2
331,disease|MONDO|43537,-0.95446828,3
331,disease|MONDO|5737,-1.11533499,4
331,disease|MONDO|19338,-1.22680902,5
331,disease|MONDO|29000,-1.85693911,6
331,disease|MONDO|5070,-2.20308629,7
331,disease|MONDO|4979,-2.35213855,8
332,disease|MONDO|9688,-0.46875447,1
332,disease|MONDO|1444,-0.67276675,2
332,disease|MONDO|5737,-0.72432280,3
332,disease|MONDO|18076,-0.83754998,4
332,disease|MONDO|19338,-1.04951632,5
332,effect/phenotype|HPO|1681,-1.59245935,6
332,disease|MONDO|5279,-1.95463204,7
332,disease|MONDO|19562,-2.25880522,8
332,disease|MONDO|4981,-2.79739723,9
333,disease|MONDO|1444,-0.57476908,1
333,disease|MONDO|19338,-0.89903426,2
333,disease|MONDO|9688,-1.00699806,3
333,disease|MONDO|2280,-2.27993530,4
334,disease|MONDO|1444,-0.64940941,1
334,disease|MONDO|5737,-0.65618026,2
334,disease|MONDO|43537,-0.81664151,3
334,disease|MONDO|9688,-1.03468132,4
334,disease|MONDO|19338,-1.04083025,5
334,disease|MONDO|29000,-1.22884071,6
335,disease|MONDO|5383,-0.50676364,1
335,disease|MONDO|4781,-2.54663408,2
336,disease|MONDO|1444,-0.54453129,1
336,disease|MONDO|43537,-0.62155792,2
336,disease|MONDO|19338,-0.75335455,3
336,disease|MONDO|9688,-0.82022965,4
336,disease|MONDO|29000,-0.95952871,5
336,effect/phenotype|HPO|1681,-1.39574772,6
337,disease|MONDO|5737,-0.83699274,1
337,disease|MONDO|1444,-0.85548133,2
337,disease|MONDO|19338,-1.10594177,3
337,disease|MONDO|19562,-1.13545883,4
337,disease|MONDO|9688,-1.23713374,5
338,disease|MONDO|43537,-0.97421157,1
338,disease|MONDO|2465,-1.29993138,2
338,disease|MONDO|29000,-1.48460114,3
338,disease|MONDO|16218,-1.87952164,4
338,disease|MONDO|19338,-2.14377421,5
338,disease|MONDO|5249,-2.74957916,6
338,disease|MONDO|4979,-3.08039576,7
339,disease|MONDO|1444,-0.65890694,1
339,disease|MONDO|43537,-0.68884557,2
339,disease|MONDO|5737,-0.87637341,3
339,disease|MONDO|19338,-0.92151809,4
339,disease|MONDO|9688,-1.06800532,5
339,effect/phenotype|HPO|1681,-1.66959164,6
339,disease|MONDO|5070,-1.74361610,7
339,disease|MONDO|4981,-1.86909968,8
340,disease|MONDO|18076,-0.88121623,1
340,disease|MONDO|5737,-0.89637417,2
340,disease|MONDO|1444,-0.91083401,3
340,disease|MONDO|43537,-1.20238262,4
340,disease|MONDO|19338,-1.36304450,5
340,disease|MONDO|2465,-1.51273260,6
340,disease|MONDO|4822,-1.92568877,7
340,disease|MONDO|4979,-1.96010882,8
340,effect/phenotype|HPO|1681,-1.98262143,9
340,disease|MONDO|16218,-2.18741274,10
341,disease|MONDO|18076,-0.75867981,1
341,disease|MONDO|1444,-0.82262659,2
341,disease|MONDO|5737,-0.84903622,3
341,disease|MONDO|43537,-1.00125432,4
341,disease|MONDO|19338,-1.18995309,5
341,disease|MONDO|2465,-1.33486971,6
341,disease|MONDO|29000,-1.51662028,7
341,disease|MONDO|16218,-1.91959316,8
341,disease|MONDO|5249,-2.79818061,9
341,disease|MONDO|4979,-3.15275261,10
342,disease|MONDO|1444,-1.02029371,1
342,disease|MONDO|18076,-1.05257130,2
342,disease|MONDO|5737,-1.16424704,3
342,disease|MONDO|43537,-1.26977670,4
342,disease|MONDO|19338,-1.36567056,5
342,disease|MONDO|9688,-1.53120863,6
342,disease|MONDO|2465,-1.66180122,7
342,disease|MONDO|5070,-2.18832028,8
342,disease|MONDO|4867,-2.37141028,9
342,disease|MONDO|4781,-3.21995226,10
343,disease|MONDO|18076,-0.87408781,1
343,disease|MONDO|1444,-0.90575075,2
343,disease|MONDO|19338,-1.41986632,3
343,disease|MONDO|2465,-1.58847684,4
343,disease|MONDO|16218,-2.22799173,5
343,disease|MONDO|4979,-2.51859277,6
343,disease|MONDO|5249,-3.32965195,7
344,disease|MONDO|9688,-1.94934282,1
345,disease|MONDO|1444,-0.97861665,1
345,disease|MONDO|2465,-1.78131431,2
345,disease|MONDO|16218,-2.28149152,3
345,disease|MONDO|4979,-2.48112443,4
345,disease|MONDO|19338,-2.49679536,5
346,disease|MONDO|1444,-0.82523572,1
346,disease|MONDO|19562,-0.90199220,2
346,disease|MONDO|19338,-0.96356648,3
346,disease|MONDO|9688,-0.98575652,4
346,disease|MONDO|5070,-1.95611295,5
347,disease|MONDO|18076,-0.89129430,1
347,disease|MONDO|5737,-0.89782709,2
347,disease|MONDO|1444,-0.92926025,3
347,disease|MONDO|43537,-1.22326320,4
347,disease|MONDO|19338,-1.40120530,5
347,disease|MONDO|2465,-1.53787604,6
347,disease|MONDO|4822,-1.90424448,7
347,effect/phenotype|HPO|1681,-2.01633823,8
347,disease|MONDO|16218,-2.22061095,9
347,disease|MONDO|4979,-2.55455059,10
347,disease|MONDO|5249,-3.27146283,11
348,disease|MONDO|5737,-0.86059743,1
348,disease|MONDO|1444,-0.99182057,2
348,disease|MONDO|19338,-1.45716453,3
348,disease|MONDO|9688,-1.56236875,4
348,effect/phenotype|HPO|1681,-2.22796685,5
348,disease|MONDO|4979,-2.83356941,6
348,disease|MONDO|7915,-3.10951331,7
348,disease|MONDO|19562,-3.42598316,8
349,disease|MONDO|1444,-0.66431707,1
349,disease|MONDO|18076,-0.72794569,2
349,disease|MONDO|5737,-0.75881541,3
349,disease|MONDO|19338,-0.89963830,4
349,disease|MONDO|19562,-2.05251333,5
349,disease|MONDO|5070,-2.15899333,6
350,disease|MONDO|1444,-0.67364246,1
350,disease|MONDO|43537,-0.75325555,2
350,disease|MONDO|5737,-0.85958099,3
350,disease|MONDO|9688,-0.94939256,4
350,disease|MONDO|19338,-0.99041134,5
350,disease|MONDO|5279,-1.08480442,6
350,disease|MONDO|5070,-1.43512943,7
350,disease|MONDO|19562,-1.72141603,8
351,disease|MONDO|1444,-0.83670908,1
351,disease|MONDO|18076,-0.89214599,2
351,disease|MONDO|7186,-0.92456806,3
351,disease|MONDO|19562,-0.95667756,4
351,disease|MONDO|19338,-0.98066020,5
351,disease|MONDO|9688,-2.17669731,6
351,disease|MONDO|5070,-2.33731711,7
352,disease|MONDO|1444,-0.54557145,1
352,disease|MONDO|19562,-0.85902548,2
353,disease|MONDO|1444,-0.87253106,1
353,disease|MONDO|19562,-1.00682044,2
353,disease|MONDO|2465,-1.17196915,3
353,disease|MONDO|29000,-1.59499067,4
353,disease|MONDO|16218,-1.76150659,5
353,disease|MONDO|4979,-1.80792558,6
353,disease|MONDO|5249,-2.86044171,7
353,disease|MONDO|19338,-2.94375515,8
354,disease|MONDO|18076,-0.76340449,1
354,disease|MONDO|5002,-0.79639727,2
354,disease|MONDO|1444,-0.91254413,3
354,disease|MONDO|19338,-1.05738056,4
354,disease|MONDO|5737,-1.07871437,5
354,disease|MONDO|9688,-1.21622550,6
354,disease|MONDO|4867,-1.73762566,7
354,disease|MONDO|4822,-1.76837611,8
354,disease|MONDO|3781,-2.37882715,9
355,disease|MONDO|1444,-0.66358614,1
355,disease|MONDO|18076,-0.73127729,2
355,disease|MONDO|5737,-0.75683069,3
355,disease|MONDO|19338,-0.90550238,4
355,disease|MONDO|9688,-2.37240830,5
356,disease|MONDO|5737,-0.66508615,1
356,disease|MONDO|43537,-0.78336641,2
356,disease|MONDO|19338,-0.99480462,3
356,disease|MONDO|5070,-1.77760738,4
356,disease|MONDO|18076,-1.78384379,5
357,disease|MONDO|1444,-0.68017727,1
357,disease|MONDO|43537,-0.69460660,2
357,disease|MONDO|5737,-0.86338133,3
357,disease|MONDO|19338,-0.93901253,4
357,disease|MONDO|9688,-1.07501972,5
357,disease|MONDO|5249,-1.50438270,6
357,effect/phenotype|HPO|1681,-1.62849978,7
357,disease|MONDO|5070,-1.80722868,8
358,disease|MONDO|1444,-0.67245930,1
358,disease|MONDO|43537,-0.75494537,2
358,disease|MONDO|5737,-0.85855472,3
358,disease|MONDO|9688,-0.94767332,4
358,disease|MONDO|19338,-0.99177694,5
358,disease|MONDO|5279,-1.09027639,6
358,disease|MONDO|5070,-1.43855491,7
358,disease|MONDO|19562,-1.72241399,8
359,disease|MONDO|18076,-0.55438393,1
359,disease|MONDO|43537,-0.61023882,2
359,disease|MONDO|19338,-0.76136386,3
359,disease|MONDO|5737,-0.86410052,4
359,disease|MONDO|5070,-0.92106783,5
359,effect/phenotype|HPO|1681,-1.41293341,6
359,disease|MONDO|5279,-1.55673301,7
360,disease|MONDO|1444,-0.88106847,1
360,disease|MONDO|19562,-1.00202608,2
360,disease|MONDO|2465,-1.16637254,3
360,disease|MONDO|29000,-1.61828601,4
360,disease|MONDO|16218,-1.79186565,5
360,disease|MONDO|4979,-1.85272729,6
360,disease|MONDO|5249,-2.85530698,7
360,disease|MONDO|19338,-2.98658156,8
361,disease|MONDO|1444,-0.62421668,1
361,disease|MONDO|43537,-0.65367556,2
361,disease|MONDO|5737,-0.89578217,3
361,disease|MONDO|19338,-0.98652792,4
361,disease|MONDO|9688,-1.05530441,5
361,disease|MONDO|18076,-1.54261744,6
362,disease|MONDO|1444,-0.64521837,1
362,disease|MONDO|5737,-0.65561366,2
362,disease|MONDO|43537,-0.82181701,3
362,disease|MONDO|9688,-1.02995479,4
362,disease|MONDO|19338,-1.04407787,5
363,disease|MONDO|1444,-0.65275317,1
363,disease|MONDO|5737,-0.65892291,2
363,disease|MONDO|43537,-0.82268664,3
363,disease|MONDO|9688,-1.04121089,4
363,disease|MONDO|19338,-1.04244018,5
363,disease|MONDO|29000,-1.62348530,6
363,disease|MONDO|21040,-1.79409599,7
364,disease|MONDO|5383,-0.63507578,1
364,disease|MONDO|19562,-1.13520706,2
364,effect/phenotype|HPO|25425,-1.56892428,3
364,disease|MONDO|3441,-2.01980871,4
365,disease|MONDO|1444,-0.78792375,1
365,disease|MONDO|18076,-0.85078979,2
365,disease|MONDO|43537,-0.92824689,3
365,disease|MONDO|5737,-1.11428356,4
365,disease|MONDO|19338,-1.21086931,5
365,disease|MONDO|5070,-1.67920321,6
366,disease|MONDO|1444,-0.65185833,1
366,disease|MONDO|43537,-0.67340714,2
366,disease|MONDO|19338,-0.87398612,3
366,disease|MONDO|9688,-1.00472414,4
366,disease|MONDO|16218,-1.45500880,5
366,disease|MONDO|5070,-1.55940747,6
366,disease|MONDO|5279,-1.75680691,7
367,disease|MONDO|1444,-0.63351274,1
367,disease|MONDO|5737,-0.66589546,2
367,disease|MONDO|43537,-0.79296046,3
367,disease|MONDO|9688,-0.97772515,4
367,disease|MONDO|19338,-0.99882787,5
367,effect/phenotype|HPO|1681,-1.55652210,6
367,disease|MONDO|5070,-1.78581646,7
368,disease|MONDO|1444,-0.57655716,1
368,disease|MONDO|43537,-0.69832250,2
368,disease|MONDO|5737,-0.78476262,3
368,disease|MONDO|19338,-0.97649026,4
368,disease|MONDO|9688,-1.00447297,5
368,disease|MONDO|5249,-1.58602533,6
368,effect/phenotype|HPO|4763,-1.58633959,7
368,disease|MONDO|4981,-2.46181196,8
369,disease|MONDO|5737,-0.65155065,1
369,disease|MONDO|43537,-0.82256997,2
369,disease|MONDO|19338,-1.03954339,3
369,disease|MONDO|4867,-1.12005153,4
369,disease|MONDO|5753,-1.56953651,5
369,disease|MONDO|5002,-1.68185517,6
369,disease|MONDO|21040,-1.79135492,7
370,disease|MONDO|5737,-0.16250056,1
370,disease|MONDO|1444,-0.81235188,2
370,disease|MONDO|18076,-0.83803225,3
370,disease|MONDO|9688,-1.16620398,4
370,disease|MONDO|19338,-1.27207100,5
370,disease|MONDO|21040,-2.15128252,6
371,disease|MONDO|18076,-0.55302763,1
371,disease|MONDO|43537,-0.61621413,2
371,disease|MONDO|19338,-0.76479042,3
371,disease|MONDO|5737,-0.85966551,4
371,disease|MONDO|5070,-0.92764744,5
371,effect/phenotype|HPO|1681,-1.41339394,6
371,disease|MONDO|5279,-1.55538565,7
372,disease|MONDO|5737,-0.74322736,1
372,disease|MONDO|1444,-0.78653592,2
372,disease|MONDO|18076,-0.82463247,3
372,disease|MONDO|19562,-0.95577997,4
372,disease|MONDO|19338,-1.01182473,5
372,disease|MONDO|7186,-1.03918564,6
373,disease|MONDO|1444,-0.67345870,1
373,disease|MONDO|43537,-0.75512165,2
373,disease|MONDO|5737,-0.85959119,3
373,disease|MONDO|19338,-0.99139512,4
373,disease|MONDO|5279,-1.08609462,5
373,disease|MONDO|5070,-1.43480983,6
373,disease|MONDO|19562,-1.72327197,7
374,disease|MONDO|1444,-0.77476871,1
374,disease|MONDO|18076,-0.83831561,2
374,disease|MONDO|5737,-1.11389685,3
374,disease|MONDO|19338,-1.19074714,4
374,disease|MONDO|5070,-1.65538004,5
374,disease|MONDO|29000,-1.79120773,6
375,disease|MONDO|5737,-0.68300056,1
375,disease|MONDO|19338,-1.14371359,2
375,disease|MONDO|2465,-1.44003704,3
375,disease|MONDO|5070,-1.94460467,4
375,disease|MONDO|16218,-2.04919782,5
375,disease|MONDO|9688,-2.23737741,6
376,disease|MONDO|5737,-0.69383830,1
376,disease|MONDO|43537,-0.71532911,2
376,disease|MONDO|19338,-1.02152634,3
376,effect/phenotype|HPO|1681,-1.60696983,4
376,disease|MONDO|5249,-1.64698508,5
377,disease|MONDO|2465,-1.85208309,1
377,effect/phenotype|HPO|1681,-2.10707724,2
378,disease|MONDO|1444,-0.54557157,1
378,disease|MONDO|19562,-0.85902494,2
378,disease|MONDO|3441,-1.87050295,3
378,disease|MONDO|4867,-2.04126552,4
378,disease|MONDO|19338,-2.04302603,5
379,disease|MONDO|1444,-0.67333412,1
379,disease|MONDO|43537,-0.75467151,2
379,disease|MONDO|5737,-0.86020875,3
379,disease|MONDO|9688,-0.95223129,4
379,disease|MONDO|19338,-0.99089241,5
379,disease|MONDO|5279,-1.08445546,6
379,disease|MONDO|5070,-1.43273145,7
379,disease|MONDO|19562,-1.72234362,8
380,disease|MONDO|9688,-0.43561286,1
380,disease|MONDO|1444,-0.62733316,2
380,disease|MONDO|5737,-0.66725808,3
380,disease|MONDO|18076,-0.76544940,4
380,disease|MONDO|19338,-0.81092095,5
380,disease|MONDO|5070,-1.70479576,6
381,disease|MONDO|43537,-1.23490578,1
381,disease|MONDO|2465,-1.56388810,2
381,disease|MONDO|4979,-2.06135267,3
381,disease|MONDO|16218,-2.21405190,4
381,disease|MONDO|5249,-3.27955386,5
381,disease|MONDO|5070,-3.35526961,6
381,disease|MONDO|19338,-3.45729038,7
382,disease|MONDO|1444,-0.63701642,1
382,disease|MONDO|5737,-0.64607394,2
382,disease|MONDO|9688,-1.03562582,3
382,disease|MONDO|19338,-1.03606534,4
382,disease|MONDO|21040,-1.74936908,5
383,disease|MONDO|1444,-0.54557133,1
383,disease|MONDO|19562,-0.85902524,2
383,disease|MONDO|19338,-1.02630424,3
383,disease|MONDO|9688,-1.14951885,4
383,disease|MONDO|3441,-1.87050235,5
383,disease|MONDO|4867,-2.04126497,6
383,disease|MONDO|21040,-2.07220826,7
384,disease|MONDO|1444,-0.81406742,1
384,disease|MONDO|5737,-0.91562861,2
384,disease|MONDO|18076,-0.92039156,3
384,disease|MONDO|7186,-0.94332290,4
384,disease|MONDO|19562,-0.94347423,5
384,disease|MONDO|19338,-1.00943923,6
384,disease|MONDO|5070,-2.44252691,7
385,disease|MONDO|1444,-0.58653057,1
385,disease|MONDO|19338,-0.92934686,2
385,disease|MONDO|9688,-1.07409394,3
385,disease|MONDO|29000,-1.42842859,4
385,effect/phenotype|HPO|1681,-1.51401436,5
386,disease|MONDO|43537,-0.71915996,1
386,disease|MONDO|5737,-0.86609799,2
386,disease|MONDO|19338,-0.93370968,3
386,disease|MONDO|5249,-1.53491649,4
386,disease|MONDO|4981,-1.89010015,5
387,disease|MONDO|5737,-0.72794950,1
387,disease|MONDO|1444,-0.77881414,2
387,disease|MONDO|18076,-0.95357269,3
387,disease|MONDO|19338,-1.09399879,4
387,disease|MONDO|9688,-1.26597679,5
387,effect/phenotype|HPO|4763,-2.03574863,6
388,disease|MONDO|1444,-0.88106847,1
388,disease|MONDO|19562,-1.00202608,2
388,disease|MONDO|2465,-1.16637254,3
388,disease|MONDO|29000,-1.61828601,4
388,disease|MONDO|16218,-1.79186565,5
388,disease|MONDO|4979,-1.85272729,6
388,disease|MONDO|5249,-2.85530698,7
388,disease|MONDO|19338,-2.98658156,8
389,disease|MONDO|1444,-0.63313311,1
389,disease|MONDO|5737,-0.66474420,2
389,disease|MONDO|43537,-0.78566775,3
389,disease|MONDO|9688,-0.97622299,4
389,disease|MONDO|19338,-0.99826181,5
389,disease|MONDO|5070,-1.77885178,6
389,disease|MONDO|18076,-1.79524666,7
390,disease|MONDO|1444,-0.57471764,1
390,disease|MONDO|19338,-0.89902246,2
390,disease|MONDO|43537,-0.99567178,3
390,disease|MONDO|9688,-1.00691772,4
390,disease|MONDO|5109,-2.15776964,5
390,effect/phenotype|HPO|1681,-2.66808808,6
391,disease|MONDO|5383,-0.54612595,1
391,disease|MONDO|5737,-0.81649685,2
391,disease|MONDO|1444,-0.86529690,3
391,disease|MONDO|19338,-1.10689783,4
391,disease|MONDO|19562,-1.14250684,5
391,disease|MONDO|9688,-1.23396134,6
391,disease|MONDO|43537,-2.47831547,7
392,disease|MONDO|18076,-0.89568365,1
392,disease|MONDO|5737,-0.90790343,2
392,disease|MONDO|1444,-0.91739208,3
392,disease|MONDO|43537,-1.19789463,4
392,disease|MONDO|19338,-1.39754593,5
392,disease|MONDO|2465,-1.53327185,6
392,disease|MONDO|4822,-1.92287147,7
392,effect/phenotype|HPO|1681,-2.00942028,8
392,disease|MONDO|16218,-2.19545817,9
392,disease|MONDO|4979,-2.53949314,10
392,disease|MONDO|5249,-3.26327610,11
393,disease|MONDO|1444,-0.64534891,1
393,disease|MONDO|5737,-0.65431422,2
393,disease|MONDO|43537,-0.81090653,3
393,disease|MONDO|9688,-1.03563750,4
393,disease|MONDO|19338,-1.03724349,5
393,disease|MONDO|21040,-1.76856452,6
394,disease|MONDO|1444,-0.81796813,1
394,disease|MONDO|5737,-0.86987597,2
394,disease|MONDO|18076,-0.89364719,3
394,disease|MONDO|7186,-0.93312085,4
394,disease|MONDO|19562,-0.96191168,5
394,disease|MONDO|19338,-0.98966426,6
394,disease|MONDO|9688,-2.19088694,7
394,disease|MONDO|5070,-2.38917553,8
395,disease|MONDO|1444,-0.88106847,1
395,disease|MONDO|19562,-1.00202608,2
395,disease|MONDO|2465,-1.16637254,3
395,disease|MONDO|29000,-1.61828601,4
395,disease|MONDO|16218,-1.79186565,5
395,disease|MONDO|4979,-1.85272729,6
395,disease|MONDO|5249,-2.85530698,7
395,disease|MONDO|19338,-2.98658156,8
396,disease|MONDO|1444,-0.77655953,1
396,disease|MONDO|18076,-1.14162207,2
396,disease|MONDO|19338,-1.39546502,3
397,disease|MONDO|1444,-0.70910186,1
397,disease|MONDO|5737,-0.80575413,2
397,disease|MONDO|18076,-0.84077764,3
397,disease|MONDO|19338,-1.13665795,4
397,disease|MONDO|4867,-1.66421270,5
397,disease|MONDO|5070,-2.01430994,6
397,disease|MONDO|5002,-2.06043190,7
397,disease|MONDO|4979,-2.29165319,8
398,disease|MONDO|1444,-0.54557133,1
398,disease|MONDO|19562,-0.85902536,2
398,disease|MONDO|19338,-1.02630424,3
398,disease|MONDO|9688,-1.14951861,4
398,disease|MONDO|21040,-2.07220799,5
399,disease|MONDO|1444,-0.67343259,1
399,disease|MONDO|43537,-0.75460142,2
399,disease|MONDO|5737,-0.86185402,3
399,disease|MONDO|9688,-0.95285547,4
399,disease|MONDO|19338,-0.99090946,5
399,disease|MONDO|5279,-1.08281335,6
399,disease|MONDO|5070,-1.43142447,7
399,disease|MONDO|19562,-1.72140169,8
400,disease|MONDO|5737,-0.66496050,1
400,disease|MONDO|1444,-0.85238558,2
400,disease|MONDO|18076,-0.98654813,3
400,disease|MONDO|19338,-1.16360235,4
400,disease|MONDO|2465,-1.41542581,5
400,disease|MONDO|5002,-1.53835791,6
400,disease|MONDO|16218,-2.02280033,7
400,disease|MONDO|9688,-2.26676744,8
400,disease|MONDO|5077,-2.33441190,9
400,disease|MONDO|4867,-2.64517693,10
401,disease|MONDO|2465,-1.76817799,1
401,effect/phenotype|HPO|1681,-2.03985369,2
401,disease|MONDO|5249,-3.33250028,3
402,disease|MONDO|18076,-0.85176730,1
402,disease|MONDO|5737,-0.96606398,2
402,disease|MONDO|1444,-0.98908830,3
402,disease|MONDO|43537,-1.24058431,4
402,disease|MONDO|19338,-1.34413397,5
402,disease|MONDO|2465,-1.46135315,6
402,disease|MONDO|4822,-2.11024618,7
402,disease|MONDO|16218,-2.27735069,8
402,disease|MONDO|5249,-3.19467267,9
403,disease|MONDO|18076,-0.87632930,1
403,disease|MONDO|1444,-0.95582998,2
403,disease|MONDO|19338,-1.15061331,3
403,disease|MONDO|9688,-1.25762773,4
404,disease|MONDO|1444,-0.73167312,1
404,disease|MONDO|5737,-0.76914340,2
404,disease|MONDO|18076,-0.79241121,3
404,disease|MONDO|9688,-1.13636696,4
404,disease|MONDO|19338,-1.18331492,5
404,effect/phenotype|HPO|4763,-2.02249184,6
404,disease|MONDO|5279,-2.23482600,7
404,disease|MONDO|5070,-2.41649568,8
405,disease|MONDO|18076,-0.85017097,1
405,disease|MONDO|5737,-0.94216454,2
405,disease|MONDO|1444,-0.98912871,3
405,disease|MONDO|43537,-1.23950374,4
405,disease|MONDO|19338,-1.33753967,5
405,disease|MONDO|2465,-1.47455651,6
405,disease|MONDO|9688,-1.72012830,7
405,disease|MONDO|4822,-2.11920246,8
405,disease|MONDO|16218,-2.27761745,9
405,disease|MONDO|5249,-3.19606763,10
406,disease|MONDO|1444,-0.69594592,1
406,disease|MONDO|5737,-0.78200841,2
406,disease|MONDO|19338,-1.38767147,3
406,disease|MONDO|9688,-1.42713857,4
406,effect/phenotype|HPO|25425,-1.72568554,5
406,disease|MONDO|4979,-2.46660981,6
406,disease|MONDO|19562,-3.04968333,7
407,disease|MONDO|1444,-0.67388356,1
407,disease|MONDO|43537,-0.75501150,2
407,disease|MONDO|5737,-0.85993367,3
407,disease|MONDO|19338,-0.99210507,4
407,disease|MONDO|5279,-1.08833203,5
407,disease|MONDO|5070,-1.43735865,6
407,disease|MONDO|19562,-1.72462928,7
408,disease|MONDO|1444,-0.90707850,1
408,disease|MONDO|9688,-0.96878248,2
408,disease|MONDO|19338,-1.11012650,3
408,disease|MONDO|29000,-1.27235973,4
408,disease|MONDO|4981,-2.21139413,5
409,disease|MONDO|1444,-0.68110698,1
409,disease|MONDO|43537,-0.74631065,2
409,disease|MONDO|5737,-0.83972561,3
409,disease|MONDO|9688,-0.92177367,4
409,disease|MONDO|19338,-0.98418683,5
409,disease|MONDO|5279,-1.10785306,6
409,disease|MONDO|5070,-1.41546106,7
410,disease|MONDO|1444,-0.56057376,1
410,disease|MONDO|18076,-0.59626675,2
410,disease|MONDO|43537,-0.71235740,3
410,disease|MONDO|19562,-0.75653267,4
410,disease|MONDO|19338,-0.86686063,5
410,disease|MONDO|5737,-0.96746880,6
410,disease|MONDO|5070,-1.55002934,7
411,disease|MONDO|43537,-0.94208151,1
411,disease|MONDO|29000,-1.83730131,2
411,disease|MONDO|4979,-2.33445358,3
412,disease|MONDO|1444,-0.68530905,1
412,disease|MONDO|43537,-0.77854186,2
412,disease|MONDO|5737,-0.85658598,3
412,disease|MONDO|9688,-0.97164732,4
412,disease|MONDO|19338,-1.00712919,5
412,disease|MONDO|5279,-1.13826537,6
412,disease|MONDO|5070,-1.47204503,7
413,disease|MONDO|1444,-0.64554620,1
413,disease|MONDO|5737,-0.65269506,2
413,disease|MONDO|43537,-0.81832170,3
413,disease|MONDO|9688,-1.03133869,4
413,disease|MONDO|19338,-1.04108489,5
413,disease|MONDO|4867,-1.11735457,6
413,disease|MONDO|5753,-1.57808983,7
413,disease|MONDO|5002,-1.67971653,8
413,disease|MONDO|21040,-1.78588602,9
413,disease|MONDO|5722,-1.82952818,10
414,disease|MONDO|1444,-0.54198515,1
414,disease|MONDO|18076,-0.55559510,2
414,disease|MONDO|43537,-0.62693620,3
414,disease|MONDO|19338,-0.75180948,4
414,disease|MONDO|9688,-0.81901336,5
414,disease|MONDO|5737,-0.85841364,6
414,disease|MONDO|5070,-0.92156470,7
414,disease|MONDO|29000,-0.96133971,8
414,effect/phenotype|HPO|1681,-1.40138584,9
414,disease|MONDO|5279,-1.54694065,10
415,disease|MONDO|5737,-0.84785885,1
415,disease|MONDO|1444,-0.98366058,2
415,disease|MONDO|19338,-1.46821117,3
415,disease|MONDO|9688,-1.56907654,4
415,disease|MONDO|2465,-1.61511931,5
415,effect/phenotype|HPO|1681,-2.22792798,6
415,disease|MONDO|16218,-2.42739916,7
415,disease|MONDO|4979,-2.80646861,8
415,disease|MONDO|7915,-3.11249807,9
415,disease|MONDO|19562,-3.42818406,10
415,disease|MONDO|5249,-3.46981868,11
416,disease|MONDO|18076,-0.87442017,1
416,disease|MONDO|1444,-0.88001645,2
416,disease|MONDO|19338,-1.31532049,3
416,disease|MONDO|2465,-1.48385820,4
416,effect/phenotype|HPO|1681,-2.00717807,5
416,disease|MONDO|16218,-2.10877633,6
416,disease|MONDO|4979,-2.42790788,7
416,disease|MONDO|5249,-3.15898773,8
417,disease|MONDO|43537,-0.38915524,1
417,disease|MONDO|1444,-0.50329959,2
417,disease|MONDO|18076,-0.54230958,3
417,disease|MONDO|19562,-0.75895417,4
417,disease|MONDO|19338,-0.82597339,5
417,disease|MONDO|5737,-0.90810913,6
418,disease|MONDO|5737,-0.68284613,1
418,disease|MONDO|1444,-0.84402549,2
418,disease|MONDO|18076,-0.97733760,3
418,disease|MONDO|19338,-1.15640581,4
418,disease|MONDO|2465,-1.42088750,5
418,disease|MONDO|5002,-1.52161217,6
418,disease|MONDO|16218,-2.01842222,7
418,disease|MONDO|9688,-2.25023815,8
418,disease|MONDO|5077,-2.32304192,9
418,disease|MONDO|4867,-2.60682625,10
419,disease|MONDO|8259,0.10369486,1
419,disease|MONDO|5737,-0.74618345,2
419,disease|MONDO|1444,-0.76743168,3
419,disease|MONDO|43537,-0.83114451,4
419,disease|MONDO|19338,-0.96370649,5
419,disease|MONDO|9688,-1.00039136,6
419,effect/phenotype|HPO|1681,-1.57502675,7
419,disease|MONDO|19562,-1.57911825,8
420,disease|MONDO|43537,-0.67353755,1
420,disease|MONDO|2280,-1.05611956,2
420,disease|MONDO|3441,-1.16078508,3
420,disease|MONDO|5737,-1.49772918,4
420,disease|MONDO|4979,-1.54674512,5
421,disease|MONDO|5737,-0.91087836,1
421,disease|MONDO|1444,-0.91656578,2
421,disease|MONDO|18076,-1.10675216,3
421,disease|MONDO|19338,-1.25983477,4
421,effect/phenotype|HPO|4763,-2.30628723,5
421,disease|MONDO|9688,-2.65142429,6
422,disease|MONDO|5737,-0.85459226,1
422,disease|MONDO|1444,-0.98727024,2
422,disease|MONDO|19338,-1.45812154,3
422,disease|MONDO|9688,-1.57513380,4
422,disease|MONDO|2465,-1.62935740,5
422,disease|MONDO|16218,-2.43349349,6
422,disease|MONDO|4979,-2.82559225,7
422,effect/phenotype|HPO|1681,-2.95114267,8
422,disease|MONDO|7915,-3.10474470,9
422,disease|MONDO|19562,-3.41462818,10
422,disease|MONDO|5249,-3.49995804,11
423,disease|MONDO|43537,-0.39462692,1
423,disease|MONDO|1444,-0.50617528,2
423,disease|MONDO|18076,-0.54550177,3
423,disease|MONDO|19562,-0.75933647,4
423,disease|MONDO|19338,-0.82877839,5
423,disease|MONDO|5737,-0.90793324,6
424,disease|MONDO|1444,-0.54795420,1
424,disease|MONDO|19562,-0.86978883,2
424,disease|MONDO|3441,-1.87743652,3
424,disease|MONDO|4867,-2.04009004,4
425,disease|MONDO|1444,-0.55749059,1
425,disease|MONDO|43537,-0.64797249,2
425,disease|MONDO|19338,-0.75846142,3
425,disease|MONDO|9688,-0.83310163,4
425,disease|MONDO|29000,-0.97459087,5
425,disease|MONDO|3441,-1.15052703,6
425,effect/phenotype|HPO|1681,-1.41287732,7
426,disease|MONDO|1444,-0.56058693,1
426,disease|MONDO|18076,-0.59629583,2
426,disease|MONDO|19562,-0.75649917,3
426,disease|MONDO|19338,-0.86688161,4
426,disease|MONDO|5737,-0.96750373,5
426,disease|MONDO|9688,-1.04290223,6
426,disease|MONDO|5070,-1.55007634,7
427,disease|MONDO|1444,-0.56057668,1
427,disease|MONDO|18076,-0.59628838,2
427,disease|MONDO|19562,-0.75650406,3
427,disease|MONDO|19338,-0.86687952,4
427,disease|MONDO|5737,-0.96748173,5
427,disease|MONDO|5070,-1.55007935,6
429,disease|MONDO|29000,-1.69617712,1
429,effect/phenotype|HPO|1681,-1.95805800,2
429,disease|MONDO|5249,-2.17575988,3
429,disease|MONDO|18076,-2.54709530,4
429,disease|MONDO|19338,-2.60868812,5
430,disease|MONDO|19562,-0.96942085,1
430,disease|MONDO|7186,-1.05961025,2
430,disease|MONDO|5249,-1.67478287,3
430,disease|MONDO|21040,-2.96552220,4
431,disease|MONDO|19562,-1.08353782,1
431,disease|MONDO|7186,-1.17028069,2
431,disease|MONDO|19338,-2.16023514,3
431,disease|MONDO|7915,-2.29944170,4
432,disease|MONDO|1444,-0.81743371,1
432,disease|MONDO|18076,-1.11154425,2
432,disease|MONDO|19338,-1.18359244,3
432,disease|MONDO|2465,-1.77316487,4
432,disease|MONDO|9688,-1.88214290,5
432,disease|MONDO|19562,-3.11040533,6
433,disease|MONDO|1444,-0.77881563,1
433,disease|MONDO|19338,-1.09399819,2
433,disease|MONDO|9688,-1.26597679,3
433,disease|MONDO|5002,-1.66555649,4
433,disease|MONDO|4822,-1.94363314,5
433,effect/phenotype|HPO|4763,-2.03574434,6
434,disease|MONDO|5737,-0.67466521,1
434,disease|MONDO|1444,-0.84642875,2
434,disease|MONDO|18076,-1.13780999,3
434,disease|MONDO|19338,-1.15169287,4
434,disease|MONDO|5002,-1.79588139,5
435,disease|MONDO|1444,-0.83239853,1
435,disease|MONDO|18076,-0.90260410,2
435,disease|MONDO|5737,-1.00887179,3
435,disease|MONDO|19338,-1.26902270,4
435,disease|MONDO|5070,-1.80240762,5
435,disease|MONDO|9688,-2.33136961,6
436,disease|MONDO|1444,-0.81660146,1
436,disease|MONDO|5737,-0.86137617,2
436,disease|MONDO|18076,-0.90991932,3
436,disease|MONDO|7186,-0.94662762,4
436,disease|MONDO|19562,-0.97379011,5
436,disease|MONDO|19338,-1.00845766,6
436,disease|MONDO|9688,-2.24689376,7
436,disease|MONDO|5070,-2.46672270,8
437,disease|MONDO|19338,-0.40789139,1
437,disease|MONDO|1444,-0.63410687,2
437,disease|MONDO|43537,-0.74250576,3
437,disease|MONDO|9688,-0.86073297,4
437,disease|MONDO|29000,-0.86278614,5
438,disease|MONDO|1444,-0.90055585,1
438,disease|MONDO|5737,-0.91816890,2
438,disease|MONDO|18076,-0.96435058,3
438,disease|MONDO|19338,-1.03858995,4
438,disease|MONDO|21040,-1.38851786,5
438,disease|MONDO|3441,-1.99713287,6
438,disease|MONDO|7915,-2.14025092,7
439,disease|MONDO|5737,-0.74084628,1
439,disease|MONDO|2465,-1.04918337,2
439,disease|MONDO|1444,-1.10850108,3
439,disease|MONDO|9688,-1.27658129,4
439,disease|MONDO|19338,-1.38882971,5
439,disease|MONDO|16218,-1.76356331,6
439,disease|MONDO|29000,-2.16318917,7
439,disease|MONDO|21040,-2.78798655,8
439,disease|MONDO|5249,-2.88386554,9
440,disease|MONDO|5737,-0.66734993,1
440,disease|MONDO|18076,-0.76550645,2
440,disease|MONDO|1444,-0.78060234,3
440,disease|MONDO|19562,-0.85048246,4
440,disease|MONDO|19338,-1.02344155,5
441,disease|MONDO|43537,-0.41754076,1
441,disease|MONDO|1444,-0.51813614,2
441,disease|MONDO|18076,-0.54936111,3
441,disease|MONDO|19562,-0.75404036,4
441,disease|MONDO|19338,-0.83795083,5
441,disease|MONDO|5737,-0.90672696,6
441,disease|MONDO|5279,-1.16764346,7
441,effect/phenotype|HPO|1681,-1.60532996,8
442,disease|MONDO|43537,-0.42309403,1
442,disease|MONDO|1444,-0.51947969,2
442,disease|MONDO|18076,-0.55316591,3
442,disease|MONDO|29000,-0.76180792,4
442,disease|MONDO|19562,-0.77245945,5
442,disease|MONDO|19338,-0.85391051,6
442,disease|MONDO|5279,-1.17552948,7
442,effect/phenotype|HPO|1681,-1.63137171,8
442,disease|MONDO|5249,-1.73713017,9
443,disease|MONDO|1444,-0.82695270,1
443,disease|MONDO|19562,-0.90171438,2
443,disease|MONDO|4981,-1.91036025,3
444,disease|MONDO|1444,-0.90416312,1
444,disease|MONDO|5737,-0.91327071,2
444,disease|MONDO|18076,-1.11148715,3
444,disease|MONDO|19338,-1.25315797,4
444,disease|MONDO|9688,-1.37378526,5
444,effect/phenotype|HPO|4763,-2.32419091,6
445,disease|MONDO|1444,-0.95265365,1
445,disease|MONDO|29000,-1.66049206,2
445,disease|MONDO|4979,-2.45110440,3
446,disease|MONDO|1444,-0.64327466,1
446,disease|MONDO|5737,-0.64951622,2
446,disease|MONDO|43537,-0.81668505,3
446,disease|MONDO|9688,-1.02652478,4
446,disease|MONDO|19338,-1.03797030,5
446,disease|MONDO|21040,-1.77848744,6
447,disease|MONDO|1444,-0.55593890,1
447,disease|MONDO|43537,-0.63898569,2
447,disease|MONDO|5070,-0.65443000,3
447,disease|MONDO|18076,-0.68577600,4
447,disease|MONDO|5737,-0.81558126,5
447,disease|MONDO|19338,-0.85866833,6
447,disease|MONDO|9688,-0.99246299,7
448,disease|MONDO|5383,-0.53840607,1
448,disease|MONDO|5737,-0.82472676,2
448,disease|MONDO|19338,-1.10553396,3
449,disease|MONDO|18076,-0.75683385,1
449,disease|MONDO|1444,-0.81135607,2
449,disease|MONDO|5737,-0.84128654,3
449,disease|MONDO|43537,-0.99005276,4
449,disease|MONDO|19338,-1.15922177,5
449,disease|MONDO|2465,-1.31203505,6
449,disease|MONDO|29000,-1.48162270,7
449,disease|MONDO|16218,-1.89150828,8
449,disease|MONDO|5249,-2.77388337,9
450,disease|MONDO|1444,-0.63408464,1
450,disease|MONDO|5737,-0.66739994,2
450,disease|MONDO|43537,-0.78922117,3
450,disease|MONDO|9688,-0.97791564,4
450,disease|MONDO|19338,-0.99751592,5
450,effect/phenotype|HPO|1681,-1.55046430,6
450,disease|MONDO|5070,-1.77077684,7
451,disease|MONDO|1444,-0.56058156,1
451,disease|MONDO|18076,-0.59626126,2
451,disease|MONDO|43537,-0.71231937,3
451,disease|MONDO|19562,-0.75650513,4
451,disease|MONDO|19338,-0.86678910,5
451,disease|MONDO|5737,-0.96749651,6
451,disease|MONDO|9688,-1.04281271,7
451,disease|MONDO|5070,-1.54995081,8
452,disease|MONDO|1444,-0.76367456,1
452,disease|MONDO|19562,-0.92243040,2
452,disease|MONDO|19338,-0.96740556,3
452,disease|MONDO|9688,-1.10470819,4
452,disease|MONDO|29000,-1.59356540,5
453,disease|MONDO|19338,-2.22474062,1
454,disease|MONDO|1444,-0.56052911,1
454,disease|MONDO|18076,-0.59626025,2
454,disease|MONDO|43537,-0.71225420,3
454,disease|MONDO|19562,-0.75653267,4
454,disease|MONDO|19338,-0.86686116,5
454,disease|MONDO|5737,-0.96750760,6
454,disease|MONDO|9688,-1.04287696,7
454,disease|MONDO|5070,-1.54994130,8
455,disease|MONDO|5737,-0.67966777,1
455,disease|MONDO|1444,-0.86197180,2
455,disease|MONDO|18076,-1.13544631,3
455,disease|MONDO|19338,-1.15353882,4
455,disease|MONDO|5002,-1.79369283,5
456,disease|MONDO|1444,-0.57471764,1
456,disease|MONDO|19338,-0.89902246,2
456,disease|MONDO|43537,-0.99567178,3
456,disease|MONDO|9688,-1.00691772,4
456,disease|MONDO|5109,-2.15776964,5
456,effect/phenotype|HPO|1681,-2.66808808,6
457,disease|MONDO|18076,-0.76977575,1
457,disease|MONDO|1444,-1.14719009,2
457,disease|MONDO|19338,-1.26180029,3
457,disease|MONDO|2465,-1.32229441,4
457,disease|MONDO|9688,-1.53735983,5
457,disease|MONDO|4867,-2.02670914,6
457,disease|MONDO|16218,-2.05321026,7
457,disease|MONDO|5002,-2.20538890,8
457,disease|MONDO|4979,-2.56936574,9
457,disease|MONDO|5249,-3.06405044,10
458,disease|MONDO|1444,-0.64943731,1
458,disease|MONDO|5737,-0.65465665,2
458,disease|MONDO|43537,-0.82565412,3
458,disease|MONDO|9688,-1.03177667,4
458,disease|MONDO|19338,-1.04935825,5
458,disease|MONDO|4867,-1.12883508,6
458,disease|MONDO|29000,-1.23621851,7
458,disease|MONDO|5753,-1.57614756,8
458,disease|MONDO|5002,-1.69593018,9
458,disease|MONDO|5722,-1.83136681,10
459,disease|MONDO|19562,-0.87434953,1
459,disease|MONDO|1444,-0.93290430,2
459,disease|MONDO|19338,-0.99415952,3
459,disease|MONDO|9688,-1.04746079,4
459,disease|MONDO|43537,-1.11697090,5
459,effect/phenotype|HPO|25425,-1.81554520,6
460,disease|MONDO|5737,-0.71269584,1
460,disease|MONDO|1444,-0.75930703,2
460,disease|MONDO|18076,-0.89076066,3
460,disease|MONDO|9688,-1.15936685,4
460,disease|MONDO|19338,-1.23499799,5
460,disease|MONDO|5279,-2.53052303,6
461,disease|MONDO|19562,-0.87933385,1
461,disease|MONDO|1444,-0.90432674,2
461,disease|MONDO|19338,-1.00012946,3
461,disease|MONDO|9688,-1.05641198,4
461,disease|MONDO|43537,-1.12303638,5
461,effect/phenotype|HPO|25425,-1.82045597,6
462,disease|MONDO|1444,-0.70578766,1
462,disease|MONDO|9688,-1.10520101,2
462,disease|MONDO|19338,-1.14507723,3
462,effect/phenotype|HPO|4763,-2.06662154,4
462,disease|MONDO|5249,-2.19045606,5
462,disease|MONDO|18076,-2.56002364,6
463,disease|MONDO|1444,-0.64542890,1
463,disease|MONDO|5737,-0.65414560,2
463,disease|MONDO|43537,-0.81029019,3
463,disease|MONDO|9688,-1.03674018,4
463,disease|MONDO|19338,-1.03911173,5
463,disease|MONDO|4867,-1.10802856,6
463,disease|MONDO|5753,-1.57032922,7
463,disease|MONDO|29000,-1.60562772,8
463,disease|MONDO|5002,-1.67397943,9
463,disease|MONDO|21040,-1.77157420,10
463,disease|MONDO|5722,-1.80848610,11
464,disease|MONDO|43537,-0.55170697,1
464,disease|MONDO|29000,-1.53949857,2
464,disease|MONDO|2465,-1.73310041,3
464,disease|MONDO|3441,-2.20791340,4
464,disease|MONDO|4867,-2.58998379,5
465,disease|MONDO|5737,-0.85088742,1
465,disease|MONDO|1444,-0.95809186,2
465,disease|MONDO|19338,-1.47626293,3
465,disease|MONDO|9688,-1.57659602,4
465,effect/phenotype|HPO|1681,-2.20571321,5
465,disease|MONDO|4979,-2.79353759,6
465,disease|MONDO|7915,-3.10160694,7
465,disease|MONDO|19562,-3.42555723,8
466,disease|MONDO|1444,-0.56059235,1
466,disease|MONDO|18076,-0.59630656,2
466,disease|MONDO|19562,-0.75648099,3
466,disease|MONDO|19338,-0.86687052,4
466,disease|MONDO|5737,-0.96747869,5
466,disease|MONDO|9688,-1.04293036,6
466,disease|MONDO|5070,-1.55011985,7
467,disease|MONDO|1444,-0.77492237,1
467,disease|MONDO|5737,-0.79567409,2
467,disease|MONDO|18076,-1.14059758,3
467,disease|MONDO|19338,-1.37408531,4
467,disease|MONDO|2465,-1.74807733,5
467,disease|MONDO|5812,-1.84220243,6
467,disease|MONDO|5002,-1.86184287,7
467,disease|MONDO|16218,-2.32960156,8
468,disease|MONDO|9688,-1.44579995,1
468,effect/phenotype|HPO|25425,-1.53260559,2
468,disease|MONDO|29000,-1.60672462,3
468,effect/phenotype|HPO|1681,-1.84317499,4
468,disease|MONDO|16218,-1.90709519,5
468,disease|MONDO|7915,-1.97176296,6
468,disease|MONDO|7186,-2.00088489,7
468,disease|MONDO|5109,-2.01823211,8
468,disease|MONDO|4979,-2.06412733,9
468,disease|MONDO|2280,-2.11035228,10
468,disease|MONDO|4781,-2.21013701,11
468,disease|MONDO|5279,-2.46360824,12
468,disease|MONDO|5812,-2.82431178,13
469,disease|MONDO|1444,-0.52350307,1
469,disease|MONDO|43537,-0.70326483,2
469,disease|MONDO|5737,-0.72765875,3
469,disease|MONDO|19338,-0.85616940,4
469,disease|MONDO|9688,-0.95371300,5
469,disease|MONDO|4981,-1.17646930,6
469,effect/phenotype|HPO|1681,-1.44326329,7
469,disease|MONDO|21040,-1.52730405,8
469,disease|MONDO|4496,-1.88044006,9
470,disease|MONDO|18076,-0.55190665,1
470,disease|MONDO|43537,-0.61446288,2
470,disease|MONDO|19338,-0.76363242,3
470,disease|MONDO|5737,-0.86119550,4
470,disease|MONDO|5070,-0.92569268,5
470,effect/phenotype|HPO|1681,-1.41229600,6
470,disease|MONDO|5279,-1.55707759,7
471,disease|MONDO|1444,-0.77362365,1
471,disease|MONDO|19562,-0.92511016,2
471,disease|MONDO|19338,-0.96859765,3
471,disease|MONDO|9688,-1.10704482,4
471,disease|MONDO|29000,-1.61597008,5
472,disease|MONDO|1444,-0.72051537,1
472,disease|MONDO|5737,-0.82891142,2
472,disease|MONDO|18076,-0.86263651,3
472,disease|MONDO|19338,-1.16035593,4
472,disease|MONDO|4867,-1.73903906,5
472,disease|MONDO|5070,-2.05553257,6
472,disease|MONDO|5002,-2.12472910,7
472,disease|MONDO|4979,-2.33536640,8
473,disease|MONDO|1444,-0.95659000,1
473,disease|MONDO|4979,-2.45288080,2
474,disease|MONDO|5737,-0.62845933,1
474,disease|MONDO|1444,-0.63783753,2
474,disease|MONDO|43537,-0.81526884,3
474,disease|MONDO|9688,-1.01305473,4
474,disease|MONDO|19338,-1.03080714,5
474,disease|MONDO|4981,-1.78454503,6
475,disease|MONDO|1444,-0.57476908,1
475,disease|MONDO|19338,-0.89903426,2
475,disease|MONDO|9688,-1.00699806,3
475,disease|MONDO|2280,-2.27993530,4
476,disease|MONDO|5737,-0.73996693,1
476,disease|MONDO|1444,-0.77194536,2
476,disease|MONDO|18076,-0.81121165,3
476,disease|MONDO|19562,-0.95521104,4
476,disease|MONDO|19338,-0.99518186,5
476,disease|MONDO|7186,-1.03223944,6
476,disease|MONDO|3441,-2.18081886,7
477,disease|MONDO|1444,-0.51883578,1
477,disease|MONDO|5737,-0.68474418,2
477,disease|MONDO|43537,-0.72342119,3
477,disease|MONDO|9688,-0.98887348,4
477,disease|MONDO|19338,-1.02644968,5
477,effect/phenotype|HPO|4763,-1.57267556,6
478,disease|MONDO|5737,-0.71639502,1
478,disease|MONDO|1444,-0.85814309,2
478,disease|MONDO|18076,-0.99013782,3
478,disease|MONDO|19338,-1.17944705,4
478,disease|MONDO|2465,-1.40303230,5
478,disease|MONDO|5002,-1.53419143,6
478,disease|MONDO|16218,-2.05279890,7
478,disease|MONDO|5077,-2.38679338,8
478,disease|MONDO|4867,-2.67179155,9
479,disease|MONDO|43537,-1.08895963,1
479,disease|MONDO|100053,-1.45923907,2
479,disease|MONDO|5249,-1.47663277,3
479,disease|MONDO|5002,-1.56046814,4
479,disease|MONDO|3781,-1.56174904,5
479,disease|MONDO|4979,-1.69652206,6
479,disease|MONDO|9688,-1.70234966,7
479,disease|MONDO|2280,-1.73930866,8
479,disease|MONDO|29000,-1.74976993,9
479,effect/phenotype|HPO|1681,-1.85367191,10
479,disease|MONDO|19338,-2.49708188,11
480,disease|MONDO|1444,-0.54074705,1
480,disease|MONDO|18076,-0.55054486,2
480,disease|MONDO|43537,-0.61860839,3
480,disease|MONDO|19338,-0.75374413,4
480,disease|MONDO|9688,-0.81562400,5
480,disease|MONDO|5737,-0.85722154,6
480,disease|MONDO|5070,-0.91880113,7
480,disease|MONDO|29000,-0.95187539,8
480,disease|MONDO|5279,-1.54891473,9
481,disease|MONDO|5737,-0.71269572,1
481,disease|MONDO|1444,-0.75930703,2
481,disease|MONDO|18076,-0.89076072,3
481,disease|MONDO|9688,-1.15936673,4
481,disease|MONDO|19338,-1.23499799,5
481,disease|MONDO|5249,-1.84132236,6
481,disease|MONDO|4981,-2.42512083,7
481,disease|MONDO|5279,-2.53052315,8
482,disease|MONDO|18076,-0.55654055,1
482,disease|MONDO|43537,-0.62351450,2
482,disease|MONDO|19338,-0.76503921,3
482,disease|MONDO|5737,-0.86557019,4
482,disease|MONDO|5070,-0.92956617,5
482,disease|MONDO|5279,-1.55857390,6
483,disease|MONDO|43537,-0.58084780,1
483,disease|MONDO|29000,-1.56643933,2
483,disease|MONDO|2465,-1.73497593,3
483,disease|MONDO|4979,-1.90538943,4
483,disease|MONDO|3441,-2.24627370,5
483,disease|MONDO|4981,-2.47097832,6
483,disease|MONDO|4867,-2.64223972,7
484,disease|MONDO|1444,-0.79399347,1
484,disease|MONDO|19562,-0.92079425,2
484,disease|MONDO|4979,-1.57904923,3
485,disease|MONDO|43537,-0.95228708,1
485,disease|MONDO|29000,-1.44279438,2
485,disease|MONDO|2465,-1.45136654,3
485,disease|MONDO|16218,-2.00449991,4
486,disease|MONDO|43537,-0.39947903,1
486,disease|MONDO|1444,-0.51069862,2
486,disease|MONDO|18076,-0.54463780,3
486,disease|MONDO|29000,-0.72630978,4
486,disease|MONDO|19562,-0.75173378,5
486,disease|MONDO|19338,-0.83796000,6
486,disease|MONDO|5737,-0.91833669,7
486,disease|MONDO|5279,-1.15103170,8
486,effect/phenotype|HPO|1681,-1.60058504,9
487,disease|MONDO|18076,-0.10491216,1
487,disease|MONDO|5737,-0.52975374,2
487,disease|MONDO|1444,-0.69180387,3
487,disease|MONDO|19338,-0.83914411,4
487,disease|MONDO|4777,-1.02012995,5
487,disease|MONDO|9688,-1.04055142,6
487,disease|MONDO|5904,-1.34069002,7
487,disease|MONDO|4867,-1.55834141,8
488,disease|MONDO|43537,-0.99567753,1
488,disease|MONDO|9688,-1.94933897,2
488,disease|MONDO|5109,-2.15781650,3
488,disease|MONDO|5737,-2.36881337,4
489,disease|MONDO|5383,-0.55259019,1
489,disease|MONDO|5737,-0.80951518,2
489,disease|MONDO|19338,-1.10444331,3
489,disease|MONDO|43537,-2.48935562,4
490,disease|MONDO|1444,-0.95967460,1
490,disease|MONDO|29000,-1.65660858,2
490,disease|MONDO|4979,-2.44702217,3
491,disease|MONDO|19338,-1.61675137,1
491,disease|MONDO|9688,-1.73548740,2
492,disease|MONDO|100053,-1.50059164,1
492,disease|MONDO|5904,-1.51595050,2
492,disease|MONDO|5249,-1.52924323,3
492,disease|MONDO|5109,-1.54457104,4
492,disease|MONDO|4822,-1.56261045,5
492,disease|MONDO|3781,-1.69109976,6
492,disease|MONDO|7915,-1.70972800,7
492,disease|MONDO|5002,-1.73754525,8
492,disease|MONDO|4781,-1.85693485,9
492,disease|MONDO|9688,-1.85743415,10
492,disease|MONDO|4981,-1.93949270,11
492,disease|MONDO|2280,-1.94990045,12
493,disease|MONDO|5383,-0.52964011,1
493,disease|MONDO|5737,-0.82049316,2
493,disease|MONDO|1444,-0.86530972,3
493,disease|MONDO|19338,-1.09979284,4
493,disease|MONDO|19562,-1.14236712,5
493,disease|MONDO|9688,-1.22720385,6
494,disease|MONDO|8259,0.10369486,1
494,disease|MONDO|5737,-0.74618345,2
494,disease|MONDO|1444,-0.76743168,3
494,disease|MONDO|43537,-0.83114451,4
494,disease|MONDO|19338,-0.96370649,5
494,disease|MONDO|9688,-1.00039136,6
494,effect/phenotype|HPO|1681,-1.57502675,7
494,disease|MONDO|19562,-1.57911825,8
495,disease|MONDO|1444,-0.70578766,1
495,disease|MONDO|9688,-1.10520101,2
495,disease|MONDO|19338,-1.14507723,3
495,effect/phenotype|HPO|4763,-2.06662154,4
495,disease|MONDO|5249,-2.19045606,5
495,disease|MONDO|18076,-2.56002364,6
496,disease|MONDO|9688,-0.46875447,1
496,disease|MONDO|1444,-0.67276675,2
496,disease|MONDO|5737,-0.72432280,3
496,disease|MONDO|18076,-0.83754998,4
496,disease|MONDO|19338,-1.04951632,5
496,effect/phenotype|HPO|1681,-1.59245935,6
496,disease|MONDO|5279,-1.95463204,7
496,disease|MONDO|19562,-2.25880522,8
496,disease|MONDO|4981,-2.79739723,9
497,disease|MONDO|1444,-0.50743097,1
497,disease|MONDO|5737,-0.69470447,2
497,disease|MONDO|43537,-0.72082159,3
497,disease|MONDO|9688,-0.97785783,4
497,disease|MONDO|19338,-1.02762318,5
497,effect/phenotype|HPO|4763,-1.57999843,6
498,disease|MONDO|1444,-0.95749462,1
498,disease|MONDO|4979,-2.45644403,2
499,disease|MONDO|1444,-0.58653063,1
499,disease|MONDO|5737,-0.75260305,2
499,disease|MONDO|43537,-0.86658326,3
499,disease|MONDO|19338,-0.92934680,4
499,disease|MONDO|9688,-1.07409394,5
499,disease|MONDO|4981,-1.12852830,6
499,disease|MONDO|29000,-1.42842871,7
500,disease|MONDO|18076,-0.88552374,1
500,disease|MONDO|1444,-0.95120257,2
500,disease|MONDO|19338,-1.14856601,3
500,disease|MONDO|9688,-1.26269031,4
